# Created by FreeCAD <https://www.freecad.org>
v 0.000000 0.000000 25.000000
v 0.000000 0.000000 1720.000000
v 0.000000 30.000000 25.000000
v 0.000000 30.000000 1720.000000
v 30.000000 0.000000 1720.000000
v 30.000000 0.000000 25.000000
v 30.000000 30.000000 25.000000
v 30.000000 30.000000 1720.000000
v 27.000000 15.000000 0.000000
v 26.883217 16.670076 0.000000
v 27.000000 15.000000 40.000000
v 26.883217 16.670076 40.000000
v 26.535141 18.307648 0.000000
v 26.535141 18.307648 40.000000
v 25.962545 19.880840 0.000000
v 25.962545 19.880840 40.000000
v 25.176577 21.359032 0.000000
v 25.176577 21.359032 40.000000
v 24.192533 22.713451 0.000000
v 24.192533 22.713451 40.000000
v 23.029568 23.917738 0.000000
v 23.029568 23.917738 40.000000
v 21.710316 24.948450 0.000000
v 21.710316 24.948450 40.000000
v 20.260454 25.785528 0.000000
v 20.260454 25.785528 40.000000
v 18.708204 26.412678 0.000000
v 18.708204 26.412678 40.000000
v 17.083778 26.817694 40.000000
v 17.083778 26.817694 0.000000
v 15.418794 26.992689 0.000000
v 15.418794 26.992689 40.000000
v 13.745659 26.934263 0.000000
v 13.745659 26.934263 40.000000
v 12.096937 26.643549 0.000000
v 12.096937 26.643549 40.000000
v 10.504721 26.126205 0.000000
v 10.504721 26.126205 40.000000
v 9.000000 25.392305 0.000000
v 9.000000 25.392305 40.000000
v 7.612062 24.456129 0.000000
v 7.612062 24.456129 40.000000
v 6.367922 23.335901 0.000000
v 6.367922 23.335901 40.000000
v 5.291796 22.053423 0.000000
v 5.291796 22.053423 40.000000
v 4.404629 20.633659 0.000000
v 4.404629 20.633659 40.000000
v 3.723689 19.104242 0.000000
v 3.723689 19.104242 40.000000
v 3.262229 17.494940 40.000000
v 3.262229 17.494940 0.000000
v 3.029231 15.837078 0.000000
v 3.029231 15.837078 40.000000
v 3.029231 14.162922 0.000000
v 3.029231 14.162922 40.000000
v 3.262229 12.505059 0.000000
v 3.262229 12.505059 40.000000
v 3.723689 10.895759 0.000000
v 3.723689 10.895759 40.000000
v 4.404629 9.366342 0.000000
v 4.404629 9.366342 40.000000
v 5.291796 7.946577 0.000000
v 5.291796 7.946577 40.000000
v 6.367922 6.664100 0.000000
v 6.367922 6.664100 40.000000
v 7.612062 5.543871 40.000000
v 7.612062 5.543871 0.000000
v 9.000000 4.607695 0.000000
v 9.000000 4.607695 40.000000
v 10.504721 3.873794 0.000000
v 10.504721 3.873794 40.000000
v 12.096937 3.356451 0.000000
v 12.096937 3.356451 40.000000
v 13.745659 3.065737 40.000000
v 13.745659 3.065737 0.000000
v 15.418794 3.007310 0.000000
v 15.418794 3.007310 40.000000
v 17.083778 3.182307 0.000000
v 17.083778 3.182307 40.000000
v 18.708204 3.587322 40.000000
v 18.708204 3.587322 0.000000
v 20.260454 4.214471 0.000000
v 20.260454 4.214471 40.000000
v 21.710316 5.051549 40.000000
v 21.710316 5.051549 0.000000
v 23.029568 6.082262 0.000000
v 23.029568 6.082262 40.000000
v 24.192533 7.286549 40.000000
v 24.192533 7.286549 0.000000
v 25.176577 8.640969 40.000000
v 25.176577 8.640969 0.000000
v 25.962545 10.119161 0.000000
v 25.962545 10.119161 40.000000
v 26.535141 11.692351 0.000000
v 26.535141 11.692351 40.000000
v 26.883217 13.329923 40.000000
v 26.883217 13.329923 0.000000
v 0.000000 520.000000 25.000000
v 0.000000 520.000000 1720.000000
v 0.000000 550.000000 25.000000
v 0.000000 550.000000 1720.000000
v 30.000000 520.000000 1720.000000
v 30.000000 520.000000 25.000000
v 30.000000 550.000000 25.000000
v 30.000000 550.000000 1720.000000
v 27.000000 535.000000 0.000000
v 26.883217 536.670105 0.000000
v 27.000000 535.000000 40.000000
v 26.883217 536.670105 40.000000
v 26.535141 538.307678 0.000000
v 26.535141 538.307678 40.000000
v 25.962545 539.880859 0.000000
v 25.962545 539.880859 40.000000
v 25.176577 541.359009 0.000000
v 25.176577 541.359009 40.000000
v 24.192533 542.713440 0.000000
v 24.192533 542.713440 40.000000
v 23.029568 543.917725 0.000000
v 23.029568 543.917725 40.000000
v 21.710316 544.948425 0.000000
v 21.710316 544.948425 40.000000
v 20.260454 545.785522 0.000000
v 20.260454 545.785522 40.000000
v 18.708204 546.412659 0.000000
v 18.708204 546.412659 40.000000
v 17.083778 546.817688 40.000000
v 17.083778 546.817688 0.000000
v 15.418794 546.992676 0.000000
v 15.418794 546.992676 40.000000
v 13.745659 546.934265 0.000000
v 13.745659 546.934265 40.000000
v 12.096937 546.643555 0.000000
v 12.096937 546.643555 40.000000
v 10.504721 546.126221 0.000000
v 10.504721 546.126221 40.000000
v 9.000000 545.392334 0.000000
v 9.000000 545.392334 40.000000
v 7.612062 544.456116 0.000000
v 7.612062 544.456116 40.000000
v 6.367922 543.335876 0.000000
v 6.367922 543.335876 40.000000
v 5.291796 542.053406 0.000000
v 5.291796 542.053406 40.000000
v 4.404629 540.633667 0.000000
v 4.404629 540.633667 40.000000
v 3.723689 539.104248 0.000000
v 3.723689 539.104248 40.000000
v 3.262229 537.494934 40.000000
v 3.262229 537.494934 0.000000
v 3.029231 535.837097 0.000000
v 3.029231 535.837097 40.000000
v 3.029231 534.162903 0.000000
v 3.029231 534.162903 40.000000
v 3.262229 532.505066 0.000000
v 3.262229 532.505066 40.000000
v 3.723689 530.895752 0.000000
v 3.723689 530.895752 40.000000
v 4.404629 529.366333 0.000000
v 4.404629 529.366333 40.000000
v 5.291796 527.946594 0.000000
v 5.291796 527.946594 40.000000
v 6.367922 526.664124 0.000000
v 6.367922 526.664124 40.000000
v 7.612062 525.543884 40.000000
v 7.612062 525.543884 0.000000
v 9.000000 524.607666 0.000000
v 9.000000 524.607666 40.000000
v 10.504721 523.873779 0.000000
v 10.504721 523.873779 40.000000
v 12.096937 523.356445 0.000000
v 12.096937 523.356445 40.000000
v 13.745659 523.065735 40.000000
v 13.745659 523.065735 0.000000
v 15.418794 523.007324 0.000000
v 15.418794 523.007324 40.000000
v 17.083778 523.182312 0.000000
v 17.083778 523.182312 40.000000
v 18.708204 523.587341 40.000000
v 18.708204 523.587341 0.000000
v 20.260454 524.214478 0.000000
v 20.260454 524.214478 40.000000
v 21.710316 525.051575 40.000000
v 21.710316 525.051575 0.000000
v 23.029568 526.082275 0.000000
v 23.029568 526.082275 40.000000
v 24.192533 527.286560 40.000000
v 24.192533 527.286560 0.000000
v 25.176577 528.640991 40.000000
v 25.176577 528.640991 0.000000
v 25.962545 530.119141 0.000000
v 25.962545 530.119141 40.000000
v 26.535141 531.692322 0.000000
v 26.535141 531.692322 40.000000
v 26.883217 533.329895 40.000000
v 26.883217 533.329895 0.000000
v 484.000000 0.000000 25.000000
v 484.000000 0.000000 1720.000000
v 484.000000 30.000000 25.000000
v 484.000000 30.000000 1720.000000
v 514.000000 0.000000 1720.000000
v 514.000000 0.000000 25.000000
v 514.000000 30.000000 25.000000
v 514.000000 30.000000 1720.000000
v 511.000000 15.000000 0.000000
v 510.883209 16.670076 0.000000
v 511.000000 15.000000 40.000000
v 510.883209 16.670076 40.000000
v 510.535126 18.307648 0.000000
v 510.535126 18.307648 40.000000
v 509.962555 19.880840 0.000000
v 509.962555 19.880840 40.000000
v 509.176575 21.359032 0.000000
v 509.176575 21.359032 40.000000
v 508.192535 22.713451 0.000000
v 508.192535 22.713451 40.000000
v 507.029572 23.917738 0.000000
v 507.029572 23.917738 40.000000
v 505.710327 24.948450 0.000000
v 505.710327 24.948450 40.000000
v 504.260468 25.785528 0.000000
v 504.260468 25.785528 40.000000
v 502.708191 26.412678 0.000000
v 502.708191 26.412678 40.000000
v 501.083771 26.817694 40.000000
v 501.083771 26.817694 0.000000
v 499.418793 26.992689 0.000000
v 499.418793 26.992689 40.000000
v 497.745667 26.934263 0.000000
v 497.745667 26.934263 40.000000
v 496.096924 26.643549 0.000000
v 496.096924 26.643549 40.000000
v 494.504730 26.126205 0.000000
v 494.504730 26.126205 40.000000
v 493.000000 25.392305 0.000000
v 493.000000 25.392305 40.000000
v 491.612061 24.456129 0.000000
v 491.612061 24.456129 40.000000
v 490.367920 23.335901 0.000000
v 490.367920 23.335901 40.000000
v 489.291809 22.053423 0.000000
v 489.291809 22.053423 40.000000
v 488.404633 20.633659 0.000000
v 488.404633 20.633659 40.000000
v 487.723694 19.104242 0.000000
v 487.723694 19.104242 40.000000
v 487.262238 17.494940 40.000000
v 487.262238 17.494940 0.000000
v 487.029236 15.837078 0.000000
v 487.029236 15.837078 40.000000
v 487.029236 14.162922 0.000000
v 487.029236 14.162922 40.000000
v 487.262238 12.505059 0.000000
v 487.262238 12.505059 40.000000
v 487.723694 10.895759 0.000000
v 487.723694 10.895759 40.000000
v 488.404633 9.366342 0.000000
v 488.404633 9.366342 40.000000
v 489.291809 7.946577 0.000000
v 489.291809 7.946577 40.000000
v 490.367920 6.664100 0.000000
v 490.367920 6.664100 40.000000
v 491.612061 5.543871 40.000000
v 491.612061 5.543871 0.000000
v 493.000000 4.607695 0.000000
v 493.000000 4.607695 40.000000
v 494.504730 3.873794 0.000000
v 494.504730 3.873794 40.000000
v 496.096924 3.356451 0.000000
v 496.096924 3.356451 40.000000
v 497.745667 3.065737 40.000000
v 497.745667 3.065737 0.000000
v 499.418793 3.007310 0.000000
v 499.418793 3.007310 40.000000
v 501.083771 3.182307 0.000000
v 501.083771 3.182307 40.000000
v 502.708191 3.587322 40.000000
v 502.708191 3.587322 0.000000
v 504.260468 4.214471 0.000000
v 504.260468 4.214471 40.000000
v 505.710327 5.051549 40.000000
v 505.710327 5.051549 0.000000
v 507.029572 6.082262 0.000000
v 507.029572 6.082262 40.000000
v 508.192535 7.286549 40.000000
v 508.192535 7.286549 0.000000
v 509.176575 8.640969 40.000000
v 509.176575 8.640969 0.000000
v 509.962555 10.119161 0.000000
v 509.962555 10.119161 40.000000
v 510.535126 11.692351 0.000000
v 510.535126 11.692351 40.000000
v 510.883209 13.329923 40.000000
v 510.883209 13.329923 0.000000
v 484.000000 520.000000 25.000000
v 484.000000 520.000000 1720.000000
v 484.000000 550.000000 25.000000
v 484.000000 550.000000 1720.000000
v 514.000000 520.000000 1720.000000
v 514.000000 520.000000 25.000000
v 514.000000 550.000000 25.000000
v 514.000000 550.000000 1720.000000
v 511.000000 535.000000 0.000000
v 510.883209 536.670105 0.000000
v 511.000000 535.000000 40.000000
v 510.883209 536.670105 40.000000
v 510.535126 538.307678 0.000000
v 510.535126 538.307678 40.000000
v 509.962555 539.880859 0.000000
v 509.962555 539.880859 40.000000
v 509.176575 541.359009 0.000000
v 509.176575 541.359009 40.000000
v 508.192535 542.713440 0.000000
v 508.192535 542.713440 40.000000
v 507.029572 543.917725 0.000000
v 507.029572 543.917725 40.000000
v 505.710327 544.948425 0.000000
v 505.710327 544.948425 40.000000
v 504.260468 545.785522 0.000000
v 504.260468 545.785522 40.000000
v 502.708191 546.412659 0.000000
v 502.708191 546.412659 40.000000
v 501.083771 546.817688 40.000000
v 501.083771 546.817688 0.000000
v 499.418793 546.992676 0.000000
v 499.418793 546.992676 40.000000
v 497.745667 546.934265 0.000000
v 497.745667 546.934265 40.000000
v 496.096924 546.643555 0.000000
v 496.096924 546.643555 40.000000
v 494.504730 546.126221 0.000000
v 494.504730 546.126221 40.000000
v 493.000000 545.392334 0.000000
v 493.000000 545.392334 40.000000
v 491.612061 544.456116 0.000000
v 491.612061 544.456116 40.000000
v 490.367920 543.335876 0.000000
v 490.367920 543.335876 40.000000
v 489.291809 542.053406 0.000000
v 489.291809 542.053406 40.000000
v 488.404633 540.633667 0.000000
v 488.404633 540.633667 40.000000
v 487.723694 539.104248 0.000000
v 487.723694 539.104248 40.000000
v 487.262238 537.494934 40.000000
v 487.262238 537.494934 0.000000
v 487.029236 535.837097 0.000000
v 487.029236 535.837097 40.000000
v 487.029236 534.162903 0.000000
v 487.029236 534.162903 40.000000
v 487.262238 532.505066 0.000000
v 487.262238 532.505066 40.000000
v 487.723694 530.895752 0.000000
v 487.723694 530.895752 40.000000
v 488.404633 529.366333 0.000000
v 488.404633 529.366333 40.000000
v 489.291809 527.946594 0.000000
v 489.291809 527.946594 40.000000
v 490.367920 526.664124 0.000000
v 490.367920 526.664124 40.000000
v 491.612061 525.543884 40.000000
v 491.612061 525.543884 0.000000
v 493.000000 524.607666 0.000000
v 493.000000 524.607666 40.000000
v 494.504730 523.873779 0.000000
v 494.504730 523.873779 40.000000
v 496.096924 523.356445 0.000000
v 496.096924 523.356445 40.000000
v 497.745667 523.065735 40.000000
v 497.745667 523.065735 0.000000
v 499.418793 523.007324 0.000000
v 499.418793 523.007324 40.000000
v 501.083771 523.182312 0.000000
v 501.083771 523.182312 40.000000
v 502.708191 523.587341 40.000000
v 502.708191 523.587341 0.000000
v 504.260468 524.214478 0.000000
v 504.260468 524.214478 40.000000
v 505.710327 525.051575 40.000000
v 505.710327 525.051575 0.000000
v 507.029572 526.082275 0.000000
v 507.029572 526.082275 40.000000
v 508.192535 527.286560 40.000000
v 508.192535 527.286560 0.000000
v 509.176575 528.640991 40.000000
v 509.176575 528.640991 0.000000
v 509.962555 530.119141 0.000000
v 509.962555 530.119141 40.000000
v 510.535126 531.692322 0.000000
v 510.535126 531.692322 40.000000
v 510.883209 533.329895 40.000000
v 510.883209 533.329895 0.000000
v 30.000000 0.000000 55.000000
v 30.000000 30.000000 55.000000
v 484.000000 0.000000 55.000000
v 484.000000 30.000000 55.000000
v 30.000000 520.000000 55.000000
v 30.000000 550.000000 55.000000
v 484.000000 520.000000 55.000000
v 484.000000 550.000000 55.000000
v 0.000000 30.000000 55.000000
v 0.000000 520.000000 55.000000
v 514.000000 30.000000 55.000000
v 514.000000 520.000000 55.000000
v 30.000000 0.000000 60.000000
v 30.000000 0.000000 90.000000
v 30.000000 30.000000 60.000000
v 30.000000 30.000000 90.000000
v 484.000000 0.000000 90.000000
v 484.000000 0.000000 60.000000
v 484.000000 30.000000 60.000000
v 484.000000 30.000000 90.000000
v 30.000000 520.000000 60.000000
v 30.000000 520.000000 90.000000
v 30.000000 550.000000 60.000000
v 30.000000 550.000000 90.000000
v 484.000000 520.000000 90.000000
v 484.000000 520.000000 60.000000
v 484.000000 550.000000 60.000000
v 484.000000 550.000000 90.000000
v 0.000000 30.000000 60.000000
v 0.000000 30.000000 90.000000
v 0.000000 520.000000 60.000000
v 0.000000 520.000000 90.000000
v 514.000000 30.000000 90.000000
v 514.000000 30.000000 60.000000
v 514.000000 520.000000 60.000000
v 514.000000 520.000000 90.000000
v 30.000000 0.000000 460.000000
v 30.000000 0.000000 490.000000
v 30.000000 30.000000 460.000000
v 30.000000 30.000000 490.000000
v 484.000000 0.000000 490.000000
v 484.000000 0.000000 460.000000
v 484.000000 30.000000 460.000000
v 484.000000 30.000000 490.000000
v 30.000000 520.000000 460.000000
v 30.000000 520.000000 490.000000
v 30.000000 550.000000 460.000000
v 30.000000 550.000000 490.000000
v 484.000000 520.000000 490.000000
v 484.000000 520.000000 460.000000
v 484.000000 550.000000 460.000000
v 484.000000 550.000000 490.000000
v 0.000000 30.000000 460.000000
v 0.000000 30.000000 490.000000
v 0.000000 520.000000 460.000000
v 0.000000 520.000000 490.000000
v 514.000000 30.000000 490.000000
v 514.000000 30.000000 460.000000
v 514.000000 520.000000 460.000000
v 514.000000 520.000000 490.000000
v 30.000000 0.000000 860.000000
v 30.000000 0.000000 890.000000
v 30.000000 30.000000 860.000000
v 30.000000 30.000000 890.000000
v 484.000000 0.000000 890.000000
v 484.000000 0.000000 860.000000
v 484.000000 30.000000 860.000000
v 484.000000 30.000000 890.000000
v 30.000000 520.000000 860.000000
v 30.000000 520.000000 890.000000
v 30.000000 550.000000 860.000000
v 30.000000 550.000000 890.000000
v 484.000000 520.000000 890.000000
v 484.000000 520.000000 860.000000
v 484.000000 550.000000 860.000000
v 484.000000 550.000000 890.000000
v 0.000000 30.000000 860.000000
v 0.000000 30.000000 890.000000
v 0.000000 520.000000 860.000000
v 0.000000 520.000000 890.000000
v 514.000000 30.000000 890.000000
v 514.000000 30.000000 860.000000
v 514.000000 520.000000 860.000000
v 514.000000 520.000000 890.000000
v 30.000000 0.000000 1260.000000
v 30.000000 0.000000 1290.000000
v 30.000000 30.000000 1260.000000
v 30.000000 30.000000 1290.000000
v 484.000000 0.000000 1290.000000
v 484.000000 0.000000 1260.000000
v 484.000000 30.000000 1260.000000
v 484.000000 30.000000 1290.000000
v 30.000000 520.000000 1260.000000
v 30.000000 520.000000 1290.000000
v 30.000000 550.000000 1260.000000
v 30.000000 550.000000 1290.000000
v 484.000000 520.000000 1290.000000
v 484.000000 520.000000 1260.000000
v 484.000000 550.000000 1260.000000
v 484.000000 550.000000 1290.000000
v 0.000000 30.000000 1260.000000
v 0.000000 30.000000 1290.000000
v 0.000000 520.000000 1260.000000
v 0.000000 520.000000 1290.000000
v 514.000000 30.000000 1290.000000
v 514.000000 30.000000 1260.000000
v 514.000000 520.000000 1260.000000
v 514.000000 520.000000 1290.000000
v 30.000000 0.000000 1690.000000
v 30.000000 30.000000 1690.000000
v 484.000000 0.000000 1690.000000
v 484.000000 30.000000 1690.000000
v 30.000000 520.000000 1690.000000
v 30.000000 550.000000 1690.000000
v 484.000000 520.000000 1690.000000
v 484.000000 550.000000 1690.000000
v 0.000000 30.000000 1690.000000
v 0.000000 520.000000 1690.000000
v 514.000000 30.000000 1690.000000
v 514.000000 520.000000 1690.000000
v 0.000000 550.000000 1640.000000
v 0.000000 550.000000 1643.000000
v 0.000000 610.000000 1640.000000
v 0.000000 610.000000 1643.000000
v 30.000000 550.000000 1643.000000
v 30.000000 550.000000 1640.000000
v 30.000000 610.000000 1640.000000
v 30.000000 610.000000 1643.000000
v 0.000000 610.000000 1720.000000
v 0.000000 613.000000 1640.000000
v 0.000000 613.000000 1720.000000
v 30.000000 610.000000 1720.000000
v 30.000000 613.000000 1640.000000
v 30.000000 613.000000 1720.000000
v 484.000000 550.000000 1640.000000
v 484.000000 550.000000 1643.000000
v 484.000000 610.000000 1640.000000
v 484.000000 610.000000 1643.000000
v 514.000000 550.000000 1643.000000
v 514.000000 550.000000 1640.000000
v 514.000000 610.000000 1640.000000
v 514.000000 610.000000 1643.000000
v 484.000000 610.000000 1720.000000
v 484.000000 613.000000 1640.000000
v 484.000000 613.000000 1720.000000
v 514.000000 610.000000 1720.000000
v 514.000000 613.000000 1640.000000
v 514.000000 613.000000 1720.000000
v 714.000000 0.000000 1420.000000
v 714.000000 0.000000 1720.000000
v 714.000000 150.000000 1420.000000
v 714.000000 150.000000 1720.000000
v 1014.000000 0.000000 1420.000000
v 1014.000000 0.000000 1720.000000
v 1014.000000 150.000000 1720.000000
v 1014.000000 150.000000 1420.000000
v 715.000000 1.000000 1719.000000
v 715.000000 1.000000 1421.000000
v 715.000000 149.000000 1421.000000
v 715.000000 149.000000 1719.000000
v 1013.000000 1.000000 1719.000000
v 1013.000000 1.000000 1421.000000
v 1013.000000 149.000000 1719.000000
v 1013.000000 149.000000 1421.000000
v 714.000000 0.000000 0.000000
v 714.000000 0.000000 300.000000
v 714.000000 200.000000 0.000000
v 714.000000 200.000000 300.000000
v 1014.000000 0.000000 0.000000
v 1014.000000 0.000000 300.000000
v 1014.000000 200.000000 300.000000
v 1014.000000 200.000000 0.000000
v 715.000000 1.000000 299.000000
v 715.000000 1.000000 1.000000
v 715.000000 199.000000 1.000000
v 715.000000 199.000000 299.000000
v 1013.000000 1.000000 299.000000
v 1013.000000 1.000000 1.000000
v 1013.000000 199.000000 299.000000
v 1013.000000 199.000000 1.000000
v 715.000000 199.000000 181.000000
v 715.000000 1.000000 181.000000
v 1013.000000 199.000000 181.000000
v 1013.000000 1.000000 181.000000
v 798.000000 200.000000 195.000000
v 797.935730 200.000000 194.285767
v 798.000000 235.000000 195.000000
v 797.935730 235.000000 194.285767
v 797.744934 200.000000 193.594498
v 797.744934 235.000000 193.594498
v 797.433777 200.000000 192.948410
v 797.433777 235.000000 192.948410
v 797.012268 200.000000 192.368240
v 797.012268 235.000000 192.368240
v 796.493958 200.000000 191.872681
v 796.493958 235.000000 191.872681
v 795.895447 235.000000 191.477615
v 795.895447 200.000000 191.477615
v 795.236084 200.000000 191.195770
v 795.236084 235.000000 191.195770
v 794.536926 235.000000 191.036194
v 794.536926 200.000000 191.036194
v 793.820557 200.000000 191.004028
v 793.820557 235.000000 191.004028
v 793.109924 200.000000 191.100281
v 793.109924 235.000000 191.100281
v 792.427917 235.000000 191.321884
v 792.427917 200.000000 191.321884
v 791.796387 200.000000 191.661713
v 791.796387 235.000000 191.661713
v 791.235779 200.000000 192.108826
v 791.235779 235.000000 192.108826
v 790.763916 200.000000 192.648865
v 790.763916 235.000000 192.648865
v 790.396118 200.000000 193.264465
v 790.396118 235.000000 193.264465
v 790.144165 235.000000 193.935852
v 790.144165 200.000000 193.935852
v 790.016113 200.000000 194.641449
v 790.016113 235.000000 194.641449
v 790.016113 200.000000 195.358551
v 790.016113 235.000000 195.358551
v 790.144165 235.000000 196.064148
v 790.144165 200.000000 196.064148
v 790.396118 200.000000 196.735535
v 790.396118 235.000000 196.735535
v 790.763916 235.000000 197.351135
v 790.763916 200.000000 197.351135
v 791.235779 200.000000 197.891174
v 791.235779 235.000000 197.891174
v 791.796387 200.000000 198.338287
v 791.796387 235.000000 198.338287
v 792.427917 200.000000 198.678116
v 792.427917 235.000000 198.678116
v 793.109924 235.000000 198.899719
v 793.109924 200.000000 198.899719
v 793.820557 200.000000 198.995972
v 793.820557 235.000000 198.995972
v 794.536926 200.000000 198.963806
v 794.536926 235.000000 198.963806
v 795.236084 200.000000 198.804230
v 795.236084 235.000000 198.804230
v 795.895447 200.000000 198.522385
v 795.895447 235.000000 198.522385
v 796.493958 200.000000 198.127319
v 796.493958 235.000000 198.127319
v 797.012268 235.000000 197.631760
v 797.012268 200.000000 197.631760
v 797.433777 200.000000 197.051590
v 797.433777 235.000000 197.051590
v 797.744934 200.000000 196.405502
v 797.744934 235.000000 196.405502
v 797.935730 235.000000 195.714233
v 797.935730 200.000000 195.714233
v 922.000000 200.000000 255.000000
v 921.914734 200.000000 253.835190
v 922.000000 235.000000 255.000000
v 921.914734 235.000000 253.835190
v 921.660828 200.000000 252.695206
v 921.660828 235.000000 252.695206
v 921.243591 200.000000 251.604340
v 921.243591 235.000000 251.604340
v 920.671997 235.000000 250.585861
v 920.671997 200.000000 250.585861
v 919.958191 200.000000 249.661453
v 919.958191 235.000000 249.661453
v 919.117371 200.000000 248.850830
v 919.117371 235.000000 248.850830
v 918.167542 200.000000 248.171249
v 918.167542 235.000000 248.171249
v 917.128845 200.000000 247.637238
v 917.128845 235.000000 247.637238
v 916.023438 200.000000 247.260132
v 916.023438 235.000000 247.260132
v 914.875000 235.000000 247.047989
v 914.875000 200.000000 247.047989
v 913.707825 200.000000 247.005341
v 913.707825 235.000000 247.005341
v 912.546875 200.000000 247.133072
v 912.546875 235.000000 247.133072
v 911.416931 200.000000 247.428482
v 911.416931 235.000000 247.428482
v 910.342041 200.000000 247.885269
v 910.342041 235.000000 247.885269
v 909.345154 200.000000 248.493683
v 909.345154 235.000000 248.493683
v 908.447388 200.000000 249.240768
v 908.447388 235.000000 249.240768
v 907.668030 200.000000 250.110611
v 907.668030 235.000000 250.110611
v 907.023621 200.000000 251.084656
v 907.023621 235.000000 251.084656
v 906.527893 200.000000 252.142151
v 906.527893 235.000000 252.142151
v 906.191406 200.000000 253.260559
v 906.191406 235.000000 253.260559
v 906.021362 200.000000 254.416031
v 906.021362 235.000000 254.416031
v 906.021362 235.000000 255.583969
v 906.021362 200.000000 255.583969
v 906.191406 235.000000 256.739441
v 906.191406 200.000000 256.739441
v 906.527893 200.000000 257.857849
v 906.527893 235.000000 257.857849
v 907.023621 235.000000 258.915344
v 907.023621 200.000000 258.915344
v 907.668030 200.000000 259.889404
v 907.668030 235.000000 259.889404
v 908.447388 200.000000 260.759216
v 908.447388 235.000000 260.759216
v 909.345154 235.000000 261.506317
v 909.345154 200.000000 261.506317
v 910.342041 200.000000 262.114746
v 910.342041 235.000000 262.114746
v 911.416931 235.000000 262.571533
v 911.416931 200.000000 262.571533
v 912.546875 200.000000 262.866913
v 912.546875 235.000000 262.866913
v 913.707825 200.000000 262.994659
v 913.707825 235.000000 262.994659
v 914.875000 200.000000 262.951996
v 914.875000 235.000000 262.951996
v 916.023438 235.000000 262.739868
v 916.023438 200.000000 262.739868
v 917.128845 200.000000 262.362762
v 917.128845 235.000000 262.362762
v 918.167542 200.000000 261.828735
v 918.167542 235.000000 261.828735
v 919.117371 235.000000 261.149170
v 919.117371 200.000000 261.149170
v 919.958191 200.000000 260.338562
v 919.958191 235.000000 260.338562
v 920.671997 200.000000 259.414154
v 920.671997 235.000000 259.414154
v 921.243591 235.000000 258.395660
v 921.243591 200.000000 258.395660
v 921.660828 200.000000 257.304779
v 921.660828 235.000000 257.304779
v 921.914734 200.000000 256.164795
v 921.914734 235.000000 256.164795
v 874.000000 75.000000 1395.000000
v 873.914429 76.305260 1395.000000
v 874.000000 75.000000 1420.000000
v 873.914429 76.305260 1420.000000
v 873.659241 77.588188 1395.000000
v 873.659241 77.588188 1420.000000
v 873.238770 78.826836 1395.000000
v 873.238770 78.826836 1420.000000
v 872.660278 80.000000 1395.000000
v 872.660278 80.000000 1420.000000
v 871.933533 81.087616 1420.000000
v 871.933533 81.087616 1395.000000
v 871.071045 82.071068 1395.000000
v 871.071045 82.071068 1420.000000
v 870.087585 82.933533 1395.000000
v 870.087585 82.933533 1420.000000
v 869.000000 83.660255 1395.000000
v 869.000000 83.660255 1420.000000
v 867.826843 84.238792 1395.000000
v 867.826843 84.238792 1420.000000
v 866.588196 84.659256 1420.000000
v 866.588196 84.659256 1395.000000
v 865.305237 84.914452 1395.000000
v 865.305237 84.914452 1420.000000
v 864.000000 85.000000 1420.000000
v 864.000000 85.000000 1395.000000
v 862.694763 84.914452 1395.000000
v 862.694763 84.914452 1420.000000
v 861.411804 84.659256 1395.000000
v 861.411804 84.659256 1420.000000
v 860.173157 84.238792 1395.000000
v 860.173157 84.238792 1420.000000
v 859.000000 83.660255 1420.000000
v 859.000000 83.660255 1395.000000
v 857.912415 82.933533 1395.000000
v 857.912415 82.933533 1420.000000
v 856.928955 82.071068 1395.000000
v 856.928955 82.071068 1420.000000
v 856.066467 81.087616 1395.000000
v 856.066467 81.087616 1420.000000
v 855.339722 80.000000 1420.000000
v 855.339722 80.000000 1395.000000
v 854.761230 78.826836 1395.000000
v 854.761230 78.826836 1420.000000
v 854.340759 77.588188 1420.000000
v 854.340759 77.588188 1395.000000
v 854.085571 76.305260 1395.000000
v 854.085571 76.305260 1420.000000
v 854.000000 75.000000 1395.000000
v 854.000000 75.000000 1420.000000
v 854.085571 73.694740 1420.000000
v 854.085571 73.694740 1395.000000
v 854.340759 72.411812 1395.000000
v 854.340759 72.411812 1420.000000
v 854.761230 71.173164 1395.000000
v 854.761230 71.173164 1420.000000
v 855.339722 70.000000 1395.000000
v 855.339722 70.000000 1420.000000
v 856.066467 68.912384 1395.000000
v 856.066467 68.912384 1420.000000
v 856.928955 67.928932 1420.000000
v 856.928955 67.928932 1395.000000
v 857.912415 67.066467 1395.000000
v 857.912415 67.066467 1420.000000
v 859.000000 66.339745 1395.000000
v 859.000000 66.339745 1420.000000
v 860.173157 65.761208 1395.000000
v 860.173157 65.761208 1420.000000
v 861.411804 65.340744 1395.000000
v 861.411804 65.340744 1420.000000
v 862.694763 65.085548 1395.000000
v 862.694763 65.085548 1420.000000
v 864.000000 65.000000 1395.000000
v 864.000000 65.000000 1420.000000
v 865.305237 65.085548 1395.000000
v 865.305237 65.085548 1420.000000
v 866.588196 65.340744 1395.000000
v 866.588196 65.340744 1420.000000
v 867.826843 65.761208 1395.000000
v 867.826843 65.761208 1420.000000
v 869.000000 66.339745 1395.000000
v 869.000000 66.339745 1420.000000
v 870.087585 67.066467 1395.000000
v 870.087585 67.066467 1420.000000
v 871.071045 67.928932 1420.000000
v 871.071045 67.928932 1395.000000
v 871.933533 68.912384 1420.000000
v 871.933533 68.912384 1395.000000
v 872.660278 70.000000 1395.000000
v 872.660278 70.000000 1420.000000
v 873.238770 71.173164 1420.000000
v 873.238770 71.173164 1395.000000
v 873.659241 72.411812 1395.000000
v 873.659241 72.411812 1420.000000
v 873.914429 73.694740 1395.000000
v 873.914429 73.694740 1420.000000
v 153.000000 505.000000 60.000000
v 152.990051 505.398773 60.000000
v 153.000000 505.000000 1690.000000
v 152.990051 505.398773 1690.000000
v 152.960251 505.796539 60.000000
v 152.960251 505.796539 1690.000000
v 152.910645 506.192352 60.000000
v 152.910645 506.192352 1690.000000
v 152.841385 506.585175 60.000000
v 152.841385 506.585175 1690.000000
v 152.752625 506.974060 60.000000
v 152.752625 506.974060 1690.000000
v 152.644577 507.358032 1690.000000
v 152.644577 507.358032 60.000000
v 152.517548 507.736176 60.000000
v 152.517548 507.736176 1690.000000
v 152.371811 508.107483 1690.000000
v 152.371811 508.107483 60.000000
v 152.207748 508.471069 60.000000
v 152.207748 508.471069 1690.000000
v 152.025772 508.826019 1690.000000
v 152.025772 508.826019 60.000000
v 151.826324 509.171478 60.000000
v 151.826324 509.171478 1690.000000
v 151.609909 509.506561 60.000000
v 151.609909 509.506561 1690.000000
v 151.377060 509.830444 1690.000000
v 151.377060 509.830444 60.000000
v 151.128357 510.142303 60.000000
v 151.128357 510.142303 1690.000000
v 150.864410 510.441376 60.000000
v 150.864410 510.441376 1690.000000
v 150.585892 510.726929 1690.000000
v 150.585892 510.726929 60.000000
v 150.293488 510.998260 60.000000
v 150.293488 510.998260 1690.000000
v 149.987915 511.254639 60.000000
v 149.987915 511.254639 1690.000000
v 149.669952 511.495514 60.000000
v 149.669952 511.495514 1690.000000
v 149.340363 511.720215 1690.000000
v 149.340363 511.720215 60.000000
v 149.000000 511.928192 1690.000000
v 149.000000 511.928192 60.000000
v 148.649689 512.118958 60.000000
v 148.649689 512.118958 1690.000000
v 148.290298 512.292053 60.000000
v 148.290298 512.292053 1690.000000
v 147.922729 512.446960 60.000000
v 147.922729 512.446960 1690.000000
v 147.547897 512.583435 60.000000
v 147.547897 512.583435 1690.000000
v 147.166718 512.700989 60.000000
v 147.166718 512.700989 1690.000000
v 146.780167 512.799438 1690.000000
v 146.780167 512.799438 60.000000
v 146.389191 512.878479 1690.000000
v 146.389191 512.878479 60.000000
v 145.994751 512.937927 60.000000
v 145.994751 512.937927 1690.000000
v 145.597839 512.977600 1690.000000
v 145.597839 512.977600 60.000000
v 145.199448 512.997498 60.000000
v 145.199448 512.997498 1690.000000
v 144.800552 512.997498 60.000000
v 144.800552 512.997498 1690.000000
v 144.402161 512.977600 1690.000000
v 144.402161 512.977600 60.000000
v 144.005249 512.937927 60.000000
v 144.005249 512.937927 1690.000000
v 143.610809 512.878479 1690.000000
v 143.610809 512.878479 60.000000
v 143.219833 512.799438 60.000000
v 143.219833 512.799438 1690.000000
v 142.833282 512.700989 60.000000
v 142.833282 512.700989 1690.000000
v 142.452103 512.583435 1690.000000
v 142.452103 512.583435 60.000000
v 142.077271 512.446960 60.000000
v 142.077271 512.446960 1690.000000
v 141.709702 512.292053 1690.000000
v 141.709702 512.292053 60.000000
v 141.350311 512.118958 1690.000000
v 141.350311 512.118958 60.000000
v 141.000000 511.928192 1690.000000
v 141.000000 511.928192 60.000000
v 140.659637 511.720215 60.000000
v 140.659637 511.720215 1690.000000
v 140.330048 511.495514 1690.000000
v 140.330048 511.495514 60.000000
v 140.012085 511.254639 60.000000
v 140.012085 511.254639 1690.000000
v 139.706512 510.998260 60.000000
v 139.706512 510.998260 1690.000000
v 139.414108 510.726929 1690.000000
v 139.414108 510.726929 60.000000
v 139.135590 510.441376 60.000000
v 139.135590 510.441376 1690.000000
v 138.871643 510.142303 1690.000000
v 138.871643 510.142303 60.000000
v 138.622940 509.830444 60.000000
v 138.622940 509.830444 1690.000000
v 138.390091 509.506561 1690.000000
v 138.390091 509.506561 60.000000
v 138.173676 509.171478 60.000000
v 138.173676 509.171478 1690.000000
v 137.974228 508.826019 60.000000
v 137.974228 508.826019 1690.000000
v 137.792252 508.471069 1690.000000
v 137.792252 508.471069 60.000000
v 137.628189 508.107483 60.000000
v 137.628189 508.107483 1690.000000
v 137.482452 507.736176 60.000000
v 137.482452 507.736176 1690.000000
v 137.355423 507.358032 1690.000000
v 137.355423 507.358032 60.000000
v 137.247375 506.974060 60.000000
v 137.247375 506.974060 1690.000000
v 137.158615 506.585175 60.000000
v 137.158615 506.585175 1690.000000
v 137.089355 506.192352 1690.000000
v 137.089355 506.192352 60.000000
v 137.039749 505.796539 1690.000000
v 137.039749 505.796539 60.000000
v 137.009949 505.398773 60.000000
v 137.009949 505.398773 1690.000000
v 137.000000 505.000000 1690.000000
v 137.000000 505.000000 60.000000
v 137.009949 504.601227 1690.000000
v 137.009949 504.601227 60.000000
v 137.039749 504.203461 60.000000
v 137.039749 504.203461 1690.000000
v 137.089355 503.807648 1690.000000
v 137.089355 503.807648 60.000000
v 137.158615 503.414825 60.000000
v 137.158615 503.414825 1690.000000
v 137.247375 503.025940 60.000000
v 137.247375 503.025940 1690.000000
v 137.355423 502.641968 1690.000000
v 137.355423 502.641968 60.000000
v 137.482452 502.263824 60.000000
v 137.482452 502.263824 1690.000000
v 137.628189 501.892517 60.000000
v 137.628189 501.892517 1690.000000
v 137.792252 501.528931 1690.000000
v 137.792252 501.528931 60.000000
v 137.974228 501.173981 60.000000
v 137.974228 501.173981 1690.000000
v 138.173676 500.828522 1690.000000
v 138.173676 500.828522 60.000000
v 138.390091 500.493439 1690.000000
v 138.390091 500.493439 60.000000
v 138.622940 500.169556 60.000000
v 138.622940 500.169556 1690.000000
v 138.871643 499.857697 60.000000
v 138.871643 499.857697 1690.000000
v 139.135590 499.558624 1690.000000
v 139.135590 499.558624 60.000000
v 139.414108 499.273071 60.000000
v 139.414108 499.273071 1690.000000
v 139.706512 499.001740 60.000000
v 139.706512 499.001740 1690.000000
v 140.012085 498.745361 60.000000
v 140.012085 498.745361 1690.000000
v 140.330048 498.504486 1690.000000
v 140.330048 498.504486 60.000000
v 140.659637 498.279785 60.000000
v 140.659637 498.279785 1690.000000
v 141.000000 498.071808 1690.000000
v 141.000000 498.071808 60.000000
v 141.350311 497.881012 60.000000
v 141.350311 497.881012 1690.000000
v 141.709702 497.707947 1690.000000
v 141.709702 497.707947 60.000000
v 142.077271 497.553009 60.000000
v 142.077271 497.553009 1690.000000
v 142.452103 497.416595 1690.000000
v 142.452103 497.416595 60.000000
v 142.833282 497.299011 60.000000
v 142.833282 497.299011 1690.000000
v 143.219833 497.200562 1690.000000
v 143.219833 497.200562 60.000000
v 143.610809 497.121552 60.000000
v 143.610809 497.121552 1690.000000
v 144.005249 497.062073 60.000000
v 144.005249 497.062073 1690.000000
v 144.402161 497.022369 1690.000000
v 144.402161 497.022369 60.000000
v 144.800552 497.002472 60.000000
v 144.800552 497.002472 1690.000000
v 145.199448 497.002472 60.000000
v 145.199448 497.002472 1690.000000
v 145.597839 497.022369 60.000000
v 145.597839 497.022369 1690.000000
v 145.994751 497.062073 1690.000000
v 145.994751 497.062073 60.000000
v 146.389191 497.121552 60.000000
v 146.389191 497.121552 1690.000000
v 146.780167 497.200562 60.000000
v 146.780167 497.200562 1690.000000
v 147.166718 497.299011 60.000000
v 147.166718 497.299011 1690.000000
v 147.547897 497.416595 60.000000
v 147.547897 497.416595 1690.000000
v 147.922729 497.553009 60.000000
v 147.922729 497.553009 1690.000000
v 148.290298 497.707947 60.000000
v 148.290298 497.707947 1690.000000
v 148.649689 497.881012 60.000000
v 148.649689 497.881012 1690.000000
v 149.000000 498.071808 1690.000000
v 149.000000 498.071808 60.000000
v 149.340363 498.279785 60.000000
v 149.340363 498.279785 1690.000000
v 149.669952 498.504486 60.000000
v 149.669952 498.504486 1690.000000
v 149.987915 498.745361 60.000000
v 149.987915 498.745361 1690.000000
v 150.293488 499.001740 60.000000
v 150.293488 499.001740 1690.000000
v 150.585892 499.273071 60.000000
v 150.585892 499.273071 1690.000000
v 150.864410 499.558624 60.000000
v 150.864410 499.558624 1690.000000
v 151.128357 499.857697 60.000000
v 151.128357 499.857697 1690.000000
v 151.377060 500.169556 60.000000
v 151.377060 500.169556 1690.000000
v 151.609909 500.493439 60.000000
v 151.609909 500.493439 1690.000000
v 151.826324 500.828522 60.000000
v 151.826324 500.828522 1690.000000
v 152.025772 501.173981 60.000000
v 152.025772 501.173981 1690.000000
v 152.207748 501.528931 1690.000000
v 152.207748 501.528931 60.000000
v 152.371811 501.892517 60.000000
v 152.371811 501.892517 1690.000000
v 152.517548 502.263824 60.000000
v 152.517548 502.263824 1690.000000
v 152.644577 502.641968 1690.000000
v 152.644577 502.641968 60.000000
v 152.752625 503.025940 60.000000
v 152.752625 503.025940 1690.000000
v 152.841385 503.414825 60.000000
v 152.841385 503.414825 1690.000000
v 152.910645 503.807648 60.000000
v 152.910645 503.807648 1690.000000
v 152.960251 504.203461 60.000000
v 152.960251 504.203461 1690.000000
v 152.990051 504.601227 1690.000000
v 152.990051 504.601227 60.000000
v 441.500000 505.000000 60.000000
v 441.484467 505.623077 60.000000
v 441.500000 505.000000 1690.000000
v 441.484467 505.623077 1690.000000
v 441.437897 506.244598 60.000000
v 441.437897 506.244598 1690.000000
v 441.360382 506.863037 60.000000
v 441.360382 506.863037 1690.000000
v 441.252167 507.476837 60.000000
v 441.252167 507.476837 1690.000000
v 441.113464 508.084473 60.000000
v 441.113464 508.084473 1690.000000
v 440.944672 508.684448 1690.000000
v 440.944672 508.684448 60.000000
v 440.746155 509.275238 60.000000
v 440.746155 509.275238 1690.000000
v 440.518463 509.855438 1690.000000
v 440.518463 509.855438 60.000000
v 440.262115 510.423553 60.000000
v 440.262115 510.423553 1690.000000
v 439.977783 510.978180 1690.000000
v 439.977783 510.978180 60.000000
v 439.666138 511.517944 60.000000
v 439.666138 511.517944 1690.000000
v 439.327972 512.041504 60.000000
v 439.327972 512.041504 1690.000000
v 438.964142 512.547546 1690.000000
v 438.964142 512.547546 60.000000
v 438.575562 513.034851 60.000000
v 438.575562 513.034851 1690.000000
v 438.163147 513.502136 60.000000
v 438.163147 513.502136 1690.000000
v 437.727966 513.948364 1690.000000
v 437.727966 513.948364 60.000000
v 437.271088 514.372253 60.000000
v 437.271088 514.372253 1690.000000
v 436.793610 514.772888 60.000000
v 436.793610 514.772888 1690.000000
v 436.296783 515.149231 60.000000
v 436.296783 515.149231 1690.000000
v 435.781830 515.500305 1690.000000
v 435.781830 515.500305 60.000000
v 435.250000 515.825317 1690.000000
v 435.250000 515.825317 60.000000
v 434.702637 516.123413 60.000000
v 434.702637 516.123413 1690.000000
v 434.141083 516.393799 60.000000
v 434.141083 516.393799 1690.000000
v 433.566772 516.635925 60.000000
v 433.566772 516.635925 1690.000000
v 432.981079 516.849121 60.000000
v 432.981079 516.849121 1690.000000
v 432.385498 517.032776 60.000000
v 432.385498 517.032776 1690.000000
v 431.781525 517.186584 1690.000000
v 431.781525 517.186584 60.000000
v 431.170593 517.310120 1690.000000
v 431.170593 517.310120 60.000000
v 430.554291 517.403015 60.000000
v 430.554291 517.403015 1690.000000
v 429.934113 517.465027 1690.000000
v 429.934113 517.465027 60.000000
v 429.311646 517.496094 60.000000
v 429.311646 517.496094 1690.000000
v 428.688354 517.496094 60.000000
v 428.688354 517.496094 1690.000000
v 428.065887 517.465027 1690.000000
v 428.065887 517.465027 60.000000
v 427.445709 517.403015 60.000000
v 427.445709 517.403015 1690.000000
v 426.829407 517.310120 1690.000000
v 426.829407 517.310120 60.000000
v 426.218475 517.186584 60.000000
v 426.218475 517.186584 1690.000000
v 425.614502 517.032776 60.000000
v 425.614502 517.032776 1690.000000
v 425.018921 516.849121 1690.000000
v 425.018921 516.849121 60.000000
v 424.433228 516.635925 60.000000
v 424.433228 516.635925 1690.000000
v 423.858917 516.393799 1690.000000
v 423.858917 516.393799 60.000000
v 423.297363 516.123413 1690.000000
v 423.297363 516.123413 60.000000
v 422.750000 515.825317 1690.000000
v 422.750000 515.825317 60.000000
v 422.218170 515.500305 60.000000
v 422.218170 515.500305 1690.000000
v 421.703217 515.149231 1690.000000
v 421.703217 515.149231 60.000000
v 421.206390 514.772888 60.000000
v 421.206390 514.772888 1690.000000
v 420.728912 514.372253 60.000000
v 420.728912 514.372253 1690.000000
v 420.272034 513.948364 1690.000000
v 420.272034 513.948364 60.000000
v 419.836853 513.502136 60.000000
v 419.836853 513.502136 1690.000000
v 419.424438 513.034851 1690.000000
v 419.424438 513.034851 60.000000
v 419.035858 512.547546 60.000000
v 419.035858 512.547546 1690.000000
v 418.672028 512.041504 1690.000000
v 418.672028 512.041504 60.000000
v 418.333862 511.517944 60.000000
v 418.333862 511.517944 1690.000000
v 418.022217 510.978180 60.000000
v 418.022217 510.978180 1690.000000
v 417.737885 510.423553 1690.000000
v 417.737885 510.423553 60.000000
v 417.481537 509.855438 60.000000
v 417.481537 509.855438 1690.000000
v 417.253845 509.275238 60.000000
v 417.253845 509.275238 1690.000000
v 417.055328 508.684448 1690.000000
v 417.055328 508.684448 60.000000
v 416.886536 508.084473 60.000000
v 416.886536 508.084473 1690.000000
v 416.747833 507.476837 60.000000
v 416.747833 507.476837 1690.000000
v 416.639618 506.863037 1690.000000
v 416.639618 506.863037 60.000000
v 416.562103 506.244598 1690.000000
v 416.562103 506.244598 60.000000
v 416.515533 505.623077 60.000000
v 416.515533 505.623077 1690.000000
v 416.500000 505.000000 1690.000000
v 416.500000 505.000000 60.000000
v 416.515533 504.376923 1690.000000
v 416.515533 504.376923 60.000000
v 416.562103 503.755402 60.000000
v 416.562103 503.755402 1690.000000
v 416.639618 503.136963 1690.000000
v 416.639618 503.136963 60.000000
v 416.747833 502.523163 60.000000
v 416.747833 502.523163 1690.000000
v 416.886536 501.915527 60.000000
v 416.886536 501.915527 1690.000000
v 417.055328 501.315552 1690.000000
v 417.055328 501.315552 60.000000
v 417.253845 500.724762 60.000000
v 417.253845 500.724762 1690.000000
v 417.481537 500.144562 60.000000
v 417.481537 500.144562 1690.000000
v 417.737885 499.576447 1690.000000
v 417.737885 499.576447 60.000000
v 418.022217 499.021820 60.000000
v 418.022217 499.021820 1690.000000
v 418.333862 498.482056 1690.000000
v 418.333862 498.482056 60.000000
v 418.672028 497.958496 1690.000000
v 418.672028 497.958496 60.000000
v 419.035858 497.452454 60.000000
v 419.035858 497.452454 1690.000000
v 419.424438 496.965149 60.000000
v 419.424438 496.965149 1690.000000
v 419.836853 496.497833 1690.000000
v 419.836853 496.497833 60.000000
v 420.272034 496.051666 60.000000
v 420.272034 496.051666 1690.000000
v 420.728912 495.627747 60.000000
v 420.728912 495.627747 1690.000000
v 421.206390 495.227112 60.000000
v 421.206390 495.227112 1690.000000
v 421.703217 494.850769 1690.000000
v 421.703217 494.850769 60.000000
v 422.218170 494.499664 60.000000
v 422.218170 494.499664 1690.000000
v 422.750000 494.174683 1690.000000
v 422.750000 494.174683 60.000000
v 423.297363 493.876617 60.000000
v 423.297363 493.876617 1690.000000
v 423.858917 493.606171 1690.000000
v 423.858917 493.606171 60.000000
v 424.433228 493.364075 60.000000
v 424.433228 493.364075 1690.000000
v 425.018921 493.150909 1690.000000
v 425.018921 493.150909 60.000000
v 425.614502 492.967194 60.000000
v 425.614502 492.967194 1690.000000
v 426.218475 492.813416 1690.000000
v 426.218475 492.813416 60.000000
v 426.829407 492.689911 60.000000
v 426.829407 492.689911 1690.000000
v 427.445709 492.597015 60.000000
v 427.445709 492.597015 1690.000000
v 428.065887 492.534943 1690.000000
v 428.065887 492.534943 60.000000
v 428.688354 492.503876 60.000000
v 428.688354 492.503876 1690.000000
v 429.311646 492.503876 60.000000
v 429.311646 492.503876 1690.000000
v 429.934113 492.534943 60.000000
v 429.934113 492.534943 1690.000000
v 430.554291 492.597015 1690.000000
v 430.554291 492.597015 60.000000
v 431.170593 492.689911 60.000000
v 431.170593 492.689911 1690.000000
v 431.781525 492.813416 60.000000
v 431.781525 492.813416 1690.000000
v 432.385498 492.967194 60.000000
v 432.385498 492.967194 1690.000000
v 432.981079 493.150909 60.000000
v 432.981079 493.150909 1690.000000
v 433.566772 493.364075 60.000000
v 433.566772 493.364075 1690.000000
v 434.141083 493.606171 60.000000
v 434.141083 493.606171 1690.000000
v 434.702637 493.876617 60.000000
v 434.702637 493.876617 1690.000000
v 435.250000 494.174683 1690.000000
v 435.250000 494.174683 60.000000
v 435.781830 494.499664 60.000000
v 435.781830 494.499664 1690.000000
v 436.296783 494.850769 60.000000
v 436.296783 494.850769 1690.000000
v 436.793610 495.227112 60.000000
v 436.793610 495.227112 1690.000000
v 437.271088 495.627747 60.000000
v 437.271088 495.627747 1690.000000
v 437.727966 496.051666 60.000000
v 437.727966 496.051666 1690.000000
v 438.163147 496.497833 60.000000
v 438.163147 496.497833 1690.000000
v 438.575562 496.965149 60.000000
v 438.575562 496.965149 1690.000000
v 438.964142 497.452454 60.000000
v 438.964142 497.452454 1690.000000
v 439.327972 497.958496 60.000000
v 439.327972 497.958496 1690.000000
v 439.666138 498.482056 60.000000
v 439.666138 498.482056 1690.000000
v 439.977783 499.021820 60.000000
v 439.977783 499.021820 1690.000000
v 440.262115 499.576447 1690.000000
v 440.262115 499.576447 60.000000
v 440.518463 500.144562 60.000000
v 440.518463 500.144562 1690.000000
v 440.746155 500.724762 60.000000
v 440.746155 500.724762 1690.000000
v 440.944672 501.315552 1690.000000
v 440.944672 501.315552 60.000000
v 441.113464 501.915527 60.000000
v 441.113464 501.915527 1690.000000
v 441.252167 502.523163 60.000000
v 441.252167 502.523163 1690.000000
v 441.360382 503.136963 60.000000
v 441.360382 503.136963 1690.000000
v 441.437897 503.755402 60.000000
v 441.437897 503.755402 1690.000000
v 441.484467 504.376923 1690.000000
v 441.484467 504.376923 60.000000
v 347.000000 490.000000 60.000000
v 347.000000 520.000000 1690.000000
v 347.000000 520.000000 60.000000
v 347.000000 490.000000 1690.000000
v 392.000000 520.000000 1690.000000
v 392.000000 490.000000 60.000000
v 392.000000 520.000000 60.000000
v 392.000000 490.000000 1690.000000
v 154.000000 502.000000 285.000000
v 154.000000 490.000000 285.000000
v 153.936829 502.000000 283.935547
v 153.936829 490.000000 283.935547
v 153.748199 502.000000 282.886017
v 153.748199 490.000000 282.886017
v 153.436783 490.000000 281.866180
v 153.436783 502.000000 281.866180
v 153.006912 502.000000 280.890350
v 153.006912 490.000000 280.890350
v 152.464645 490.000000 279.972168
v 152.464645 502.000000 279.972168
v 151.817596 490.000000 279.124603
v 151.817596 502.000000 279.124603
v 151.074844 490.000000 278.359497
v 151.074844 502.000000 278.359497
v 150.246811 502.000000 277.687622
v 150.246811 490.000000 277.687622
v 149.345123 490.000000 277.118378
v 149.345123 502.000000 277.118378
v 148.382446 490.000000 276.659790
v 148.382446 502.000000 276.659790
v 147.372284 490.000000 276.318268
v 147.372284 502.000000 276.318268
v 146.328812 490.000000 276.098633
v 146.328812 502.000000 276.098633
v 145.266693 490.000000 276.003967
v 145.266693 502.000000 276.003967
v 144.200836 490.000000 276.035553
v 144.200836 502.000000 276.035553
v 143.146194 490.000000 276.192993
v 143.146194 502.000000 276.192993
v 142.117569 490.000000 276.474060
v 142.117569 502.000000 276.474060
v 141.129410 502.000000 276.874817
v 141.129410 490.000000 276.874817
v 140.195587 490.000000 277.389648
v 140.195587 502.000000 277.389648
v 139.329208 490.000000 278.011292
v 139.329208 502.000000 278.011292
v 138.542435 490.000000 278.731049
v 138.542435 502.000000 278.731049
v 137.846313 490.000000 279.538788
v 137.846313 502.000000 279.538788
v 137.250610 490.000000 280.423218
v 137.250610 502.000000 280.423218
v 136.763687 490.000000 281.371887
v 136.763687 502.000000 281.371887
v 136.392395 490.000000 282.371490
v 136.392395 502.000000 282.371490
v 136.141922 490.000000 283.407990
v 136.141922 502.000000 283.407990
v 136.015808 490.000000 284.466827
v 136.015808 502.000000 284.466827
v 136.015808 490.000000 285.533173
v 136.015808 502.000000 285.533173
v 136.141922 490.000000 286.592010
v 136.141922 502.000000 286.592010
v 136.392395 490.000000 287.628510
v 136.392395 502.000000 287.628510
v 136.763687 490.000000 288.628113
v 136.763687 502.000000 288.628113
v 137.250610 490.000000 289.576782
v 137.250610 502.000000 289.576782
v 137.846313 490.000000 290.461212
v 137.846313 502.000000 290.461212
v 138.542435 502.000000 291.268951
v 138.542435 490.000000 291.268951
v 139.329208 502.000000 291.988708
v 139.329208 490.000000 291.988708
v 140.195587 490.000000 292.610352
v 140.195587 502.000000 292.610352
v 141.129410 502.000000 293.125183
v 141.129410 490.000000 293.125183
v 142.117569 490.000000 293.525940
v 142.117569 502.000000 293.525940
v 143.146194 502.000000 293.807007
v 143.146194 490.000000 293.807007
v 144.200836 502.000000 293.964447
v 144.200836 490.000000 293.964447
v 145.266693 490.000000 293.996033
v 145.266693 502.000000 293.996033
v 146.328812 490.000000 293.901367
v 146.328812 502.000000 293.901367
v 147.372284 490.000000 293.681732
v 147.372284 502.000000 293.681732
v 148.382446 490.000000 293.340210
v 148.382446 502.000000 293.340210
v 149.345123 502.000000 292.881622
v 149.345123 490.000000 292.881622
v 150.246811 502.000000 292.312378
v 150.246811 490.000000 292.312378
v 151.074844 490.000000 291.640503
v 151.074844 502.000000 291.640503
v 151.817596 502.000000 290.875397
v 151.817596 490.000000 290.875397
v 152.464645 490.000000 290.027832
v 152.464645 502.000000 290.027832
v 153.006912 502.000000 289.109650
v 153.006912 490.000000 289.109650
v 153.436783 490.000000 288.133820
v 153.436783 502.000000 288.133820
v 153.748199 502.000000 287.113983
v 153.748199 490.000000 287.113983
v 153.936829 490.000000 286.064453
v 153.936829 502.000000 286.064453
v 379.000000 490.000000 285.000000
v 378.932373 490.000000 283.839081
v 379.000000 502.000000 285.000000
v 378.932373 502.000000 283.839081
v 378.730438 490.000000 282.693848
v 378.730438 502.000000 282.693848
v 378.396912 490.000000 281.579803
v 378.396912 502.000000 281.579803
v 377.936340 490.000000 280.511993
v 377.936340 502.000000 280.511993
v 377.354889 490.000000 279.504913
v 377.354889 502.000000 279.504913
v 376.660431 490.000000 278.572113
v 376.660431 502.000000 278.572113
v 375.862427 490.000000 277.726257
v 375.862427 502.000000 277.726257
v 374.971588 490.000000 276.978760
v 374.971588 502.000000 276.978760
v 374.000000 490.000000 276.339752
v 374.000000 502.000000 276.339752
v 372.960785 490.000000 275.817841
v 372.960785 502.000000 275.817841
v 371.868042 502.000000 275.420105
v 371.868042 490.000000 275.420105
v 370.736481 490.000000 275.151917
v 370.736481 502.000000 275.151917
v 369.581451 490.000000 275.016907
v 369.581451 502.000000 275.016907
v 368.418549 502.000000 275.016907
v 368.418549 490.000000 275.016907
v 367.263519 502.000000 275.151917
v 367.263519 490.000000 275.151917
v 366.131958 490.000000 275.420105
v 366.131958 502.000000 275.420105
v 365.039215 490.000000 275.817841
v 365.039215 502.000000 275.817841
v 364.000000 502.000000 276.339752
v 364.000000 490.000000 276.339752
v 363.028412 490.000000 276.978760
v 363.028412 502.000000 276.978760
v 362.137573 490.000000 277.726257
v 362.137573 502.000000 277.726257
v 361.339569 490.000000 278.572113
v 361.339569 502.000000 278.572113
v 360.645111 490.000000 279.504913
v 360.645111 502.000000 279.504913
v 360.063660 490.000000 280.511993
v 360.063660 502.000000 280.511993
v 359.603088 502.000000 281.579803
v 359.603088 490.000000 281.579803
v 359.269562 490.000000 282.693848
v 359.269562 502.000000 282.693848
v 359.067627 490.000000 283.839081
v 359.067627 502.000000 283.839081
v 359.000000 502.000000 285.000000
v 359.000000 490.000000 285.000000
v 359.067627 490.000000 286.160919
v 359.067627 502.000000 286.160919
v 359.269562 490.000000 287.306152
v 359.269562 502.000000 287.306152
v 359.603088 502.000000 288.420197
v 359.603088 490.000000 288.420197
v 360.063660 490.000000 289.488007
v 360.063660 502.000000 289.488007
v 360.645111 490.000000 290.495087
v 360.645111 502.000000 290.495087
v 361.339569 490.000000 291.427887
v 361.339569 502.000000 291.427887
v 362.137573 490.000000 292.273743
v 362.137573 502.000000 292.273743
v 363.028412 490.000000 293.021240
v 363.028412 502.000000 293.021240
v 364.000000 502.000000 293.660248
v 364.000000 490.000000 293.660248
v 365.039215 490.000000 294.182159
v 365.039215 502.000000 294.182159
v 366.131958 490.000000 294.579895
v 366.131958 502.000000 294.579895
v 367.263519 490.000000 294.848083
v 367.263519 502.000000 294.848083
v 368.418549 502.000000 294.983093
v 368.418549 490.000000 294.983093
v 369.581451 490.000000 294.983093
v 369.581451 502.000000 294.983093
v 370.736481 490.000000 294.848083
v 370.736481 502.000000 294.848083
v 371.868042 502.000000 294.579895
v 371.868042 490.000000 294.579895
v 372.960785 490.000000 294.182159
v 372.960785 502.000000 294.182159
v 374.000000 490.000000 293.660248
v 374.000000 502.000000 293.660248
v 374.971588 490.000000 293.021240
v 374.971588 502.000000 293.021240
v 375.862427 502.000000 292.273743
v 375.862427 490.000000 292.273743
v 376.660431 502.000000 291.427887
v 376.660431 490.000000 291.427887
v 377.354889 490.000000 290.495087
v 377.354889 502.000000 290.495087
v 377.936340 502.000000 289.488007
v 377.936340 490.000000 289.488007
v 378.396912 502.000000 288.420197
v 378.396912 490.000000 288.420197
v 378.730438 490.000000 287.306152
v 378.730438 502.000000 287.306152
v 378.932373 490.000000 286.160919
v 378.932373 502.000000 286.160919
v 440.000000 490.000000 106.000000
v 439.925629 490.000000 104.722977
v 440.000000 502.000000 106.000000
v 439.925629 502.000000 104.722977
v 439.703491 490.000000 103.463226
v 439.703491 502.000000 103.463226
v 439.336609 490.000000 102.237778
v 439.336609 502.000000 102.237778
v 438.829956 502.000000 101.063210
v 438.829956 490.000000 101.063210
v 438.190369 490.000000 99.955399
v 438.190369 502.000000 99.955399
v 437.426483 490.000000 98.929337
v 437.426483 502.000000 98.929337
v 436.548645 502.000000 97.998894
v 436.548645 490.000000 97.998894
v 435.568756 490.000000 97.176643
v 435.568756 502.000000 97.176643
v 434.500000 502.000000 96.473724
v 434.500000 490.000000 96.473724
v 433.356873 490.000000 95.899620
v 433.356873 502.000000 95.899620
v 432.154846 490.000000 95.462112
v 432.154846 502.000000 95.462112
v 430.910126 490.000000 95.167114
v 430.910126 502.000000 95.167114
v 429.639587 490.000000 95.018608
v 429.639587 502.000000 95.018608
v 428.360413 502.000000 95.018608
v 428.360413 490.000000 95.018608
v 427.089874 490.000000 95.167114
v 427.089874 502.000000 95.167114
v 425.845154 502.000000 95.462112
v 425.845154 490.000000 95.462112
v 424.643127 502.000000 95.899620
v 424.643127 490.000000 95.899620
v 423.500000 502.000000 96.473724
v 423.500000 490.000000 96.473724
v 422.431244 490.000000 97.176643
v 422.431244 502.000000 97.176643
v 421.451355 490.000000 97.998894
v 421.451355 502.000000 97.998894
v 420.573517 502.000000 98.929337
v 420.573517 490.000000 98.929337
v 419.809631 490.000000 99.955399
v 419.809631 502.000000 99.955399
v 419.170044 490.000000 101.063210
v 419.170044 502.000000 101.063210
v 418.663391 502.000000 102.237778
v 418.663391 490.000000 102.237778
v 418.296509 502.000000 103.463226
v 418.296509 490.000000 103.463226
v 418.074371 490.000000 104.722977
v 418.074371 502.000000 104.722977
v 418.000000 490.000000 106.000000
v 418.000000 502.000000 106.000000
v 418.074371 490.000000 107.277023
v 418.074371 502.000000 107.277023
v 418.296509 490.000000 108.536774
v 418.296509 502.000000 108.536774
v 418.663391 490.000000 109.762222
v 418.663391 502.000000 109.762222
v 419.170044 502.000000 110.936790
v 419.170044 490.000000 110.936790
v 419.809631 490.000000 112.044601
v 419.809631 502.000000 112.044601
v 420.573517 490.000000 113.070663
v 420.573517 502.000000 113.070663
v 421.451355 502.000000 114.001106
v 421.451355 490.000000 114.001106
v 422.431244 490.000000 114.823357
v 422.431244 502.000000 114.823357
v 423.500000 502.000000 115.526276
v 423.500000 490.000000 115.526276
v 424.643127 490.000000 116.100380
v 424.643127 502.000000 116.100380
v 425.845154 490.000000 116.537888
v 425.845154 502.000000 116.537888
v 427.089874 490.000000 116.832886
v 427.089874 502.000000 116.832886
v 428.360413 490.000000 116.981392
v 428.360413 502.000000 116.981392
v 429.639587 490.000000 116.981392
v 429.639587 502.000000 116.981392
v 430.910126 502.000000 116.832886
v 430.910126 490.000000 116.832886
v 432.154846 490.000000 116.537888
v 432.154846 502.000000 116.537888
v 433.356873 490.000000 116.100380
v 433.356873 502.000000 116.100380
v 434.500000 490.000000 115.526276
v 434.500000 502.000000 115.526276
v 435.568756 490.000000 114.823357
v 435.568756 502.000000 114.823357
v 436.548645 490.000000 114.001106
v 436.548645 502.000000 114.001106
v 437.426483 490.000000 113.070663
v 437.426483 502.000000 113.070663
v 438.190369 490.000000 112.044601
v 438.190369 502.000000 112.044601
v 438.829956 490.000000 110.936790
v 438.829956 502.000000 110.936790
v 439.336609 490.000000 109.762222
v 439.336609 502.000000 109.762222
v 439.703491 490.000000 108.536774
v 439.703491 502.000000 108.536774
v 439.925629 490.000000 107.277023
v 439.925629 502.000000 107.277023
v 154.000000 502.000000 685.000000
v 154.000000 490.000000 685.000000
v 153.936829 502.000000 683.935547
v 153.936829 490.000000 683.935547
v 153.748199 502.000000 682.886047
v 153.748199 490.000000 682.886047
v 153.436783 490.000000 681.866211
v 153.436783 502.000000 681.866211
v 153.006912 502.000000 680.890320
v 153.006912 490.000000 680.890320
v 152.464645 490.000000 679.972168
v 152.464645 502.000000 679.972168
v 151.817596 490.000000 679.124573
v 151.817596 502.000000 679.124573
v 151.074844 490.000000 678.359497
v 151.074844 502.000000 678.359497
v 150.246811 502.000000 677.687622
v 150.246811 490.000000 677.687622
v 149.345123 490.000000 677.118408
v 149.345123 502.000000 677.118408
v 148.382446 490.000000 676.659790
v 148.382446 502.000000 676.659790
v 147.372284 490.000000 676.318298
v 147.372284 502.000000 676.318298
v 146.328812 490.000000 676.098633
v 146.328812 502.000000 676.098633
v 145.266693 490.000000 676.003967
v 145.266693 502.000000 676.003967
v 144.200836 490.000000 676.035522
v 144.200836 502.000000 676.035522
v 143.146194 490.000000 676.192993
v 143.146194 502.000000 676.192993
v 142.117569 490.000000 676.474060
v 142.117569 502.000000 676.474060
v 141.129410 502.000000 676.874817
v 141.129410 490.000000 676.874817
v 140.195587 490.000000 677.389648
v 140.195587 502.000000 677.389648
v 139.329208 490.000000 678.011292
v 139.329208 502.000000 678.011292
v 138.542435 490.000000 678.731018
v 138.542435 502.000000 678.731018
v 137.846313 490.000000 679.538818
v 137.846313 502.000000 679.538818
v 137.250610 490.000000 680.423218
v 137.250610 502.000000 680.423218
v 136.763687 490.000000 681.371887
v 136.763687 502.000000 681.371887
v 136.392395 490.000000 682.371460
v 136.392395 502.000000 682.371460
v 136.141922 490.000000 683.407959
v 136.141922 502.000000 683.407959
v 136.015808 490.000000 684.466858
v 136.015808 502.000000 684.466858
v 136.015808 490.000000 685.533142
v 136.015808 502.000000 685.533142
v 136.141922 490.000000 686.592041
v 136.141922 502.000000 686.592041
v 136.392395 490.000000 687.628540
v 136.392395 502.000000 687.628540
v 136.763687 490.000000 688.628113
v 136.763687 502.000000 688.628113
v 137.250610 490.000000 689.576782
v 137.250610 502.000000 689.576782
v 137.846313 490.000000 690.461182
v 137.846313 502.000000 690.461182
v 138.542435 502.000000 691.268982
v 138.542435 490.000000 691.268982
v 139.329208 502.000000 691.988708
v 139.329208 490.000000 691.988708
v 140.195587 490.000000 692.610352
v 140.195587 502.000000 692.610352
v 141.129410 502.000000 693.125183
v 141.129410 490.000000 693.125183
v 142.117569 490.000000 693.525940
v 142.117569 502.000000 693.525940
v 143.146194 502.000000 693.807007
v 143.146194 490.000000 693.807007
v 144.200836 502.000000 693.964478
v 144.200836 490.000000 693.964478
v 145.266693 490.000000 693.996033
v 145.266693 502.000000 693.996033
v 146.328812 490.000000 693.901367
v 146.328812 502.000000 693.901367
v 147.372284 490.000000 693.681702
v 147.372284 502.000000 693.681702
v 148.382446 490.000000 693.340210
v 148.382446 502.000000 693.340210
v 149.345123 502.000000 692.881592
v 149.345123 490.000000 692.881592
v 150.246811 502.000000 692.312378
v 150.246811 490.000000 692.312378
v 151.074844 490.000000 691.640503
v 151.074844 502.000000 691.640503
v 151.817596 502.000000 690.875427
v 151.817596 490.000000 690.875427
v 152.464645 490.000000 690.027832
v 152.464645 502.000000 690.027832
v 153.006912 502.000000 689.109680
v 153.006912 490.000000 689.109680
v 153.436783 490.000000 688.133789
v 153.436783 502.000000 688.133789
v 153.748199 502.000000 687.113953
v 153.748199 490.000000 687.113953
v 153.936829 490.000000 686.064453
v 153.936829 502.000000 686.064453
v 379.000000 490.000000 685.000000
v 378.932373 490.000000 683.839050
v 379.000000 502.000000 685.000000
v 378.932373 502.000000 683.839050
v 378.730438 490.000000 682.693848
v 378.730438 502.000000 682.693848
v 378.396912 490.000000 681.579773
v 378.396912 502.000000 681.579773
v 377.936340 490.000000 680.512024
v 377.936340 502.000000 680.512024
v 377.354889 490.000000 679.504883
v 377.354889 502.000000 679.504883
v 376.660431 490.000000 678.572144
v 376.660431 502.000000 678.572144
v 375.862427 490.000000 677.726257
v 375.862427 502.000000 677.726257
v 374.971588 490.000000 676.978760
v 374.971588 502.000000 676.978760
v 374.000000 490.000000 676.339722
v 374.000000 502.000000 676.339722
v 372.960785 490.000000 675.817810
v 372.960785 502.000000 675.817810
v 371.868042 502.000000 675.420105
v 371.868042 490.000000 675.420105
v 370.736481 490.000000 675.151917
v 370.736481 502.000000 675.151917
v 369.581451 490.000000 675.016907
v 369.581451 502.000000 675.016907
v 368.418549 502.000000 675.016907
v 368.418549 490.000000 675.016907
v 367.263519 502.000000 675.151917
v 367.263519 490.000000 675.151917
v 366.131958 490.000000 675.420105
v 366.131958 502.000000 675.420105
v 365.039215 490.000000 675.817810
v 365.039215 502.000000 675.817810
v 364.000000 502.000000 676.339722
v 364.000000 490.000000 676.339722
v 363.028412 490.000000 676.978760
v 363.028412 502.000000 676.978760
v 362.137573 490.000000 677.726257
v 362.137573 502.000000 677.726257
v 361.339569 490.000000 678.572144
v 361.339569 502.000000 678.572144
v 360.645111 490.000000 679.504883
v 360.645111 502.000000 679.504883
v 360.063660 490.000000 680.512024
v 360.063660 502.000000 680.512024
v 359.603088 502.000000 681.579773
v 359.603088 490.000000 681.579773
v 359.269562 490.000000 682.693848
v 359.269562 502.000000 682.693848
v 359.067627 490.000000 683.839050
v 359.067627 502.000000 683.839050
v 359.000000 502.000000 685.000000
v 359.000000 490.000000 685.000000
v 359.067627 490.000000 686.160950
v 359.067627 502.000000 686.160950
v 359.269562 490.000000 687.306152
v 359.269562 502.000000 687.306152
v 359.603088 502.000000 688.420227
v 359.603088 490.000000 688.420227
v 360.063660 490.000000 689.487976
v 360.063660 502.000000 689.487976
v 360.645111 490.000000 690.495117
v 360.645111 502.000000 690.495117
v 361.339569 490.000000 691.427856
v 361.339569 502.000000 691.427856
v 362.137573 490.000000 692.273743
v 362.137573 502.000000 692.273743
v 363.028412 490.000000 693.021240
v 363.028412 502.000000 693.021240
v 364.000000 502.000000 693.660278
v 364.000000 490.000000 693.660278
v 365.039215 490.000000 694.182190
v 365.039215 502.000000 694.182190
v 366.131958 490.000000 694.579895
v 366.131958 502.000000 694.579895
v 367.263519 490.000000 694.848083
v 367.263519 502.000000 694.848083
v 368.418549 502.000000 694.983093
v 368.418549 490.000000 694.983093
v 369.581451 490.000000 694.983093
v 369.581451 502.000000 694.983093
v 370.736481 490.000000 694.848083
v 370.736481 502.000000 694.848083
v 371.868042 502.000000 694.579895
v 371.868042 490.000000 694.579895
v 372.960785 490.000000 694.182190
v 372.960785 502.000000 694.182190
v 374.000000 490.000000 693.660278
v 374.000000 502.000000 693.660278
v 374.971588 490.000000 693.021240
v 374.971588 502.000000 693.021240
v 375.862427 502.000000 692.273743
v 375.862427 490.000000 692.273743
v 376.660431 502.000000 691.427856
v 376.660431 490.000000 691.427856
v 377.354889 490.000000 690.495117
v 377.354889 502.000000 690.495117
v 377.936340 502.000000 689.487976
v 377.936340 490.000000 689.487976
v 378.396912 502.000000 688.420227
v 378.396912 490.000000 688.420227
v 378.730438 490.000000 687.306152
v 378.730438 502.000000 687.306152
v 378.932373 490.000000 686.160950
v 378.932373 502.000000 686.160950
v 440.000000 490.000000 506.000000
v 439.925629 490.000000 504.722992
v 440.000000 502.000000 506.000000
v 439.925629 502.000000 504.722992
v 439.703491 490.000000 503.463226
v 439.703491 502.000000 503.463226
v 439.336609 490.000000 502.237793
v 439.336609 502.000000 502.237793
v 438.829956 502.000000 501.063202
v 438.829956 490.000000 501.063202
v 438.190369 490.000000 499.955414
v 438.190369 502.000000 499.955414
v 437.426483 490.000000 498.929321
v 437.426483 502.000000 498.929321
v 436.548645 502.000000 497.998901
v 436.548645 490.000000 497.998901
v 435.568756 490.000000 497.176636
v 435.568756 502.000000 497.176636
v 434.500000 502.000000 496.473724
v 434.500000 490.000000 496.473724
v 433.356873 490.000000 495.899628
v 433.356873 502.000000 495.899628
v 432.154846 490.000000 495.462128
v 432.154846 502.000000 495.462128
v 430.910126 490.000000 495.167114
v 430.910126 502.000000 495.167114
v 429.639587 490.000000 495.018616
v 429.639587 502.000000 495.018616
v 428.360413 502.000000 495.018616
v 428.360413 490.000000 495.018616
v 427.089874 490.000000 495.167114
v 427.089874 502.000000 495.167114
v 425.845154 502.000000 495.462128
v 425.845154 490.000000 495.462128
v 424.643127 502.000000 495.899628
v 424.643127 490.000000 495.899628
v 423.500000 502.000000 496.473724
v 423.500000 490.000000 496.473724
v 422.431244 490.000000 497.176636
v 422.431244 502.000000 497.176636
v 421.451355 490.000000 497.998901
v 421.451355 502.000000 497.998901
v 420.573517 502.000000 498.929321
v 420.573517 490.000000 498.929321
v 419.809631 490.000000 499.955414
v 419.809631 502.000000 499.955414
v 419.170044 490.000000 501.063202
v 419.170044 502.000000 501.063202
v 418.663391 502.000000 502.237793
v 418.663391 490.000000 502.237793
v 418.296509 502.000000 503.463226
v 418.296509 490.000000 503.463226
v 418.074371 490.000000 504.722992
v 418.074371 502.000000 504.722992
v 418.000000 490.000000 506.000000
v 418.000000 502.000000 506.000000
v 418.074371 490.000000 507.277008
v 418.074371 502.000000 507.277008
v 418.296509 490.000000 508.536774
v 418.296509 502.000000 508.536774
v 418.663391 490.000000 509.762207
v 418.663391 502.000000 509.762207
v 419.170044 502.000000 510.936798
v 419.170044 490.000000 510.936798
v 419.809631 490.000000 512.044617
v 419.809631 502.000000 512.044617
v 420.573517 490.000000 513.070679
v 420.573517 502.000000 513.070679
v 421.451355 502.000000 514.001099
v 421.451355 490.000000 514.001099
v 422.431244 490.000000 514.823364
v 422.431244 502.000000 514.823364
v 423.500000 502.000000 515.526306
v 423.500000 490.000000 515.526306
v 424.643127 490.000000 516.100403
v 424.643127 502.000000 516.100403
v 425.845154 490.000000 516.537903
v 425.845154 502.000000 516.537903
v 427.089874 490.000000 516.832886
v 427.089874 502.000000 516.832886
v 428.360413 490.000000 516.981384
v 428.360413 502.000000 516.981384
v 429.639587 490.000000 516.981384
v 429.639587 502.000000 516.981384
v 430.910126 502.000000 516.832886
v 430.910126 490.000000 516.832886
v 432.154846 490.000000 516.537903
v 432.154846 502.000000 516.537903
v 433.356873 490.000000 516.100403
v 433.356873 502.000000 516.100403
v 434.500000 490.000000 515.526306
v 434.500000 502.000000 515.526306
v 435.568756 490.000000 514.823364
v 435.568756 502.000000 514.823364
v 436.548645 490.000000 514.001099
v 436.548645 502.000000 514.001099
v 437.426483 490.000000 513.070679
v 437.426483 502.000000 513.070679
v 438.190369 490.000000 512.044617
v 438.190369 502.000000 512.044617
v 438.829956 490.000000 510.936798
v 438.829956 502.000000 510.936798
v 439.336609 490.000000 509.762207
v 439.336609 502.000000 509.762207
v 439.703491 490.000000 508.536774
v 439.703491 502.000000 508.536774
v 439.925629 490.000000 507.277008
v 439.925629 502.000000 507.277008
v 154.000000 502.000000 1085.000000
v 154.000000 490.000000 1085.000000
v 153.936829 502.000000 1083.935547
v 153.936829 490.000000 1083.935547
v 153.748199 502.000000 1082.885986
v 153.748199 490.000000 1082.885986
v 153.436783 490.000000 1081.866211
v 153.436783 502.000000 1081.866211
v 153.006912 502.000000 1080.890381
v 153.006912 490.000000 1080.890381
v 152.464645 490.000000 1079.972168
v 152.464645 502.000000 1079.972168
v 151.817596 490.000000 1079.124634
v 151.817596 502.000000 1079.124634
v 151.074844 490.000000 1078.359497
v 151.074844 502.000000 1078.359497
v 150.246811 502.000000 1077.687622
v 150.246811 490.000000 1077.687622
v 149.345123 490.000000 1077.118408
v 149.345123 502.000000 1077.118408
v 148.382446 490.000000 1076.659790
v 148.382446 502.000000 1076.659790
v 147.372284 490.000000 1076.318237
v 147.372284 502.000000 1076.318237
v 146.328812 490.000000 1076.098633
v 146.328812 502.000000 1076.098633
v 145.266693 490.000000 1076.003906
v 145.266693 502.000000 1076.003906
v 144.200836 490.000000 1076.035522
v 144.200836 502.000000 1076.035522
v 143.146194 490.000000 1076.192993
v 143.146194 502.000000 1076.192993
v 142.117569 490.000000 1076.474121
v 142.117569 502.000000 1076.474121
v 141.129410 502.000000 1076.874878
v 141.129410 490.000000 1076.874878
v 140.195587 490.000000 1077.389648
v 140.195587 502.000000 1077.389648
v 139.329208 490.000000 1078.011230
v 139.329208 502.000000 1078.011230
v 138.542435 490.000000 1078.731079
v 138.542435 502.000000 1078.731079
v 137.846313 490.000000 1079.538818
v 137.846313 502.000000 1079.538818
v 137.250610 490.000000 1080.423218
v 137.250610 502.000000 1080.423218
v 136.763687 490.000000 1081.371948
v 136.763687 502.000000 1081.371948
v 136.392395 490.000000 1082.371460
v 136.392395 502.000000 1082.371460
v 136.141922 490.000000 1083.407959
v 136.141922 502.000000 1083.407959
v 136.015808 490.000000 1084.466797
v 136.015808 502.000000 1084.466797
v 136.015808 490.000000 1085.533203
v 136.015808 502.000000 1085.533203
v 136.141922 490.000000 1086.592041
v 136.141922 502.000000 1086.592041
v 136.392395 490.000000 1087.628540
v 136.392395 502.000000 1087.628540
v 136.763687 490.000000 1088.628052
v 136.763687 502.000000 1088.628052
v 137.250610 490.000000 1089.576782
v 137.250610 502.000000 1089.576782
v 137.846313 490.000000 1090.461182
v 137.846313 502.000000 1090.461182
v 138.542435 502.000000 1091.268921
v 138.542435 490.000000 1091.268921
v 139.329208 502.000000 1091.988770
v 139.329208 490.000000 1091.988770
v 140.195587 490.000000 1092.610352
v 140.195587 502.000000 1092.610352
v 141.129410 502.000000 1093.125122
v 141.129410 490.000000 1093.125122
v 142.117569 490.000000 1093.525879
v 142.117569 502.000000 1093.525879
v 143.146194 502.000000 1093.807007
v 143.146194 490.000000 1093.807007
v 144.200836 502.000000 1093.964478
v 144.200836 490.000000 1093.964478
v 145.266693 490.000000 1093.996094
v 145.266693 502.000000 1093.996094
v 146.328812 490.000000 1093.901367
v 146.328812 502.000000 1093.901367
v 147.372284 490.000000 1093.681763
v 147.372284 502.000000 1093.681763
v 148.382446 490.000000 1093.340210
v 148.382446 502.000000 1093.340210
v 149.345123 502.000000 1092.881592
v 149.345123 490.000000 1092.881592
v 150.246811 502.000000 1092.312378
v 150.246811 490.000000 1092.312378
v 151.074844 490.000000 1091.640503
v 151.074844 502.000000 1091.640503
v 151.817596 502.000000 1090.875366
v 151.817596 490.000000 1090.875366
v 152.464645 490.000000 1090.027832
v 152.464645 502.000000 1090.027832
v 153.006912 502.000000 1089.109619
v 153.006912 490.000000 1089.109619
v 153.436783 490.000000 1088.133789
v 153.436783 502.000000 1088.133789
v 153.748199 502.000000 1087.114014
v 153.748199 490.000000 1087.114014
v 153.936829 490.000000 1086.064453
v 153.936829 502.000000 1086.064453
v 379.000000 490.000000 1085.000000
v 378.932373 490.000000 1083.839111
v 379.000000 502.000000 1085.000000
v 378.932373 502.000000 1083.839111
v 378.730438 490.000000 1082.693848
v 378.730438 502.000000 1082.693848
v 378.396912 490.000000 1081.579834
v 378.396912 502.000000 1081.579834
v 377.936340 490.000000 1080.511963
v 377.936340 502.000000 1080.511963
v 377.354889 490.000000 1079.504883
v 377.354889 502.000000 1079.504883
v 376.660431 490.000000 1078.572144
v 376.660431 502.000000 1078.572144
v 375.862427 490.000000 1077.726318
v 375.862427 502.000000 1077.726318
v 374.971588 490.000000 1076.978760
v 374.971588 502.000000 1076.978760
v 374.000000 490.000000 1076.339722
v 374.000000 502.000000 1076.339722
v 372.960785 490.000000 1075.817871
v 372.960785 502.000000 1075.817871
v 371.868042 502.000000 1075.420044
v 371.868042 490.000000 1075.420044
v 370.736481 490.000000 1075.151978
v 370.736481 502.000000 1075.151978
v 369.581451 490.000000 1075.016968
v 369.581451 502.000000 1075.016968
v 368.418549 502.000000 1075.016968
v 368.418549 490.000000 1075.016968
v 367.263519 502.000000 1075.151978
v 367.263519 490.000000 1075.151978
v 366.131958 490.000000 1075.420044
v 366.131958 502.000000 1075.420044
v 365.039215 490.000000 1075.817871
v 365.039215 502.000000 1075.817871
v 364.000000 502.000000 1076.339722
v 364.000000 490.000000 1076.339722
v 363.028412 490.000000 1076.978760
v 363.028412 502.000000 1076.978760
v 362.137573 490.000000 1077.726318
v 362.137573 502.000000 1077.726318
v 361.339569 490.000000 1078.572144
v 361.339569 502.000000 1078.572144
v 360.645111 490.000000 1079.504883
v 360.645111 502.000000 1079.504883
v 360.063660 490.000000 1080.511963
v 360.063660 502.000000 1080.511963
v 359.603088 502.000000 1081.579834
v 359.603088 490.000000 1081.579834
v 359.269562 490.000000 1082.693848
v 359.269562 502.000000 1082.693848
v 359.067627 490.000000 1083.839111
v 359.067627 502.000000 1083.839111
v 359.000000 502.000000 1085.000000
v 359.000000 490.000000 1085.000000
v 359.067627 490.000000 1086.160889
v 359.067627 502.000000 1086.160889
v 359.269562 490.000000 1087.306152
v 359.269562 502.000000 1087.306152
v 359.603088 502.000000 1088.420166
v 359.603088 490.000000 1088.420166
v 360.063660 490.000000 1089.488037
v 360.063660 502.000000 1089.488037
v 360.645111 490.000000 1090.495117
v 360.645111 502.000000 1090.495117
v 361.339569 490.000000 1091.427856
v 361.339569 502.000000 1091.427856
v 362.137573 490.000000 1092.273682
v 362.137573 502.000000 1092.273682
v 363.028412 490.000000 1093.021240
v 363.028412 502.000000 1093.021240
v 364.000000 502.000000 1093.660278
v 364.000000 490.000000 1093.660278
v 365.039215 490.000000 1094.182129
v 365.039215 502.000000 1094.182129
v 366.131958 490.000000 1094.579956
v 366.131958 502.000000 1094.579956
v 367.263519 490.000000 1094.848022
v 367.263519 502.000000 1094.848022
v 368.418549 502.000000 1094.983032
v 368.418549 490.000000 1094.983032
v 369.581451 490.000000 1094.983032
v 369.581451 502.000000 1094.983032
v 370.736481 490.000000 1094.848022
v 370.736481 502.000000 1094.848022
v 371.868042 502.000000 1094.579956
v 371.868042 490.000000 1094.579956
v 372.960785 490.000000 1094.182129
v 372.960785 502.000000 1094.182129
v 374.000000 490.000000 1093.660278
v 374.000000 502.000000 1093.660278
v 374.971588 490.000000 1093.021240
v 374.971588 502.000000 1093.021240
v 375.862427 502.000000 1092.273682
v 375.862427 490.000000 1092.273682
v 376.660431 502.000000 1091.427856
v 376.660431 490.000000 1091.427856
v 377.354889 490.000000 1090.495117
v 377.354889 502.000000 1090.495117
v 377.936340 502.000000 1089.488037
v 377.936340 490.000000 1089.488037
v 378.396912 502.000000 1088.420166
v 378.396912 490.000000 1088.420166
v 378.730438 490.000000 1087.306152
v 378.730438 502.000000 1087.306152
v 378.932373 490.000000 1086.160889
v 378.932373 502.000000 1086.160889
v 440.000000 490.000000 906.000000
v 439.925629 490.000000 904.722961
v 440.000000 502.000000 906.000000
v 439.925629 502.000000 904.722961
v 439.703491 490.000000 903.463196
v 439.703491 502.000000 903.463196
v 439.336609 490.000000 902.237793
v 439.336609 502.000000 902.237793
v 438.829956 502.000000 901.063232
v 438.829956 490.000000 901.063232
v 438.190369 490.000000 899.955383
v 438.190369 502.000000 899.955383
v 437.426483 490.000000 898.929321
v 437.426483 502.000000 898.929321
v 436.548645 502.000000 897.998901
v 436.548645 490.000000 897.998901
v 435.568756 490.000000 897.176636
v 435.568756 502.000000 897.176636
v 434.500000 502.000000 896.473694
v 434.500000 490.000000 896.473694
v 433.356873 490.000000 895.899597
v 433.356873 502.000000 895.899597
v 432.154846 490.000000 895.462097
v 432.154846 502.000000 895.462097
v 430.910126 490.000000 895.167114
v 430.910126 502.000000 895.167114
v 429.639587 490.000000 895.018616
v 429.639587 502.000000 895.018616
v 428.360413 502.000000 895.018616
v 428.360413 490.000000 895.018616
v 427.089874 490.000000 895.167114
v 427.089874 502.000000 895.167114
v 425.845154 502.000000 895.462097
v 425.845154 490.000000 895.462097
v 424.643127 502.000000 895.899597
v 424.643127 490.000000 895.899597
v 423.500000 502.000000 896.473694
v 423.500000 490.000000 896.473694
v 422.431244 490.000000 897.176636
v 422.431244 502.000000 897.176636
v 421.451355 490.000000 897.998901
v 421.451355 502.000000 897.998901
v 420.573517 502.000000 898.929321
v 420.573517 490.000000 898.929321
v 419.809631 490.000000 899.955383
v 419.809631 502.000000 899.955383
v 419.170044 490.000000 901.063232
v 419.170044 502.000000 901.063232
v 418.663391 502.000000 902.237793
v 418.663391 490.000000 902.237793
v 418.296509 502.000000 903.463196
v 418.296509 490.000000 903.463196
v 418.074371 490.000000 904.722961
v 418.074371 502.000000 904.722961
v 418.000000 490.000000 906.000000
v 418.000000 502.000000 906.000000
v 418.074371 490.000000 907.277039
v 418.074371 502.000000 907.277039
v 418.296509 490.000000 908.536804
v 418.296509 502.000000 908.536804
v 418.663391 490.000000 909.762207
v 418.663391 502.000000 909.762207
v 419.170044 502.000000 910.936768
v 419.170044 490.000000 910.936768
v 419.809631 490.000000 912.044617
v 419.809631 502.000000 912.044617
v 420.573517 490.000000 913.070679
v 420.573517 502.000000 913.070679
v 421.451355 502.000000 914.001099
v 421.451355 490.000000 914.001099
v 422.431244 490.000000 914.823364
v 422.431244 502.000000 914.823364
v 423.500000 502.000000 915.526306
v 423.500000 490.000000 915.526306
v 424.643127 490.000000 916.100403
v 424.643127 502.000000 916.100403
v 425.845154 490.000000 916.537903
v 425.845154 502.000000 916.537903
v 427.089874 490.000000 916.832886
v 427.089874 502.000000 916.832886
v 428.360413 490.000000 916.981384
v 428.360413 502.000000 916.981384
v 429.639587 490.000000 916.981384
v 429.639587 502.000000 916.981384
v 430.910126 502.000000 916.832886
v 430.910126 490.000000 916.832886
v 432.154846 490.000000 916.537903
v 432.154846 502.000000 916.537903
v 433.356873 490.000000 916.100403
v 433.356873 502.000000 916.100403
v 434.500000 490.000000 915.526306
v 434.500000 502.000000 915.526306
v 435.568756 490.000000 914.823364
v 435.568756 502.000000 914.823364
v 436.548645 490.000000 914.001099
v 436.548645 502.000000 914.001099
v 437.426483 490.000000 913.070679
v 437.426483 502.000000 913.070679
v 438.190369 490.000000 912.044617
v 438.190369 502.000000 912.044617
v 438.829956 490.000000 910.936768
v 438.829956 502.000000 910.936768
v 439.336609 490.000000 909.762207
v 439.336609 502.000000 909.762207
v 439.703491 490.000000 908.536804
v 439.703491 502.000000 908.536804
v 439.925629 490.000000 907.277039
v 439.925629 502.000000 907.277039
v 154.000000 502.000000 1485.000000
v 154.000000 490.000000 1485.000000
v 153.936829 502.000000 1483.935547
v 153.936829 490.000000 1483.935547
v 153.748199 502.000000 1482.885986
v 153.748199 490.000000 1482.885986
v 153.436783 490.000000 1481.866211
v 153.436783 502.000000 1481.866211
v 153.006912 502.000000 1480.890381
v 153.006912 490.000000 1480.890381
v 152.464645 490.000000 1479.972168
v 152.464645 502.000000 1479.972168
v 151.817596 490.000000 1479.124634
v 151.817596 502.000000 1479.124634
v 151.074844 490.000000 1478.359497
v 151.074844 502.000000 1478.359497
v 150.246811 502.000000 1477.687622
v 150.246811 490.000000 1477.687622
v 149.345123 490.000000 1477.118408
v 149.345123 502.000000 1477.118408
v 148.382446 490.000000 1476.659790
v 148.382446 502.000000 1476.659790
v 147.372284 490.000000 1476.318237
v 147.372284 502.000000 1476.318237
v 146.328812 490.000000 1476.098633
v 146.328812 502.000000 1476.098633
v 145.266693 490.000000 1476.003906
v 145.266693 502.000000 1476.003906
v 144.200836 490.000000 1476.035522
v 144.200836 502.000000 1476.035522
v 143.146194 490.000000 1476.192993
v 143.146194 502.000000 1476.192993
v 142.117569 490.000000 1476.474121
v 142.117569 502.000000 1476.474121
v 141.129410 502.000000 1476.874878
v 141.129410 490.000000 1476.874878
v 140.195587 490.000000 1477.389648
v 140.195587 502.000000 1477.389648
v 139.329208 490.000000 1478.011230
v 139.329208 502.000000 1478.011230
v 138.542435 490.000000 1478.731079
v 138.542435 502.000000 1478.731079
v 137.846313 490.000000 1479.538818
v 137.846313 502.000000 1479.538818
v 137.250610 490.000000 1480.423218
v 137.250610 502.000000 1480.423218
v 136.763687 490.000000 1481.371948
v 136.763687 502.000000 1481.371948
v 136.392395 490.000000 1482.371460
v 136.392395 502.000000 1482.371460
v 136.141922 490.000000 1483.407959
v 136.141922 502.000000 1483.407959
v 136.015808 490.000000 1484.466797
v 136.015808 502.000000 1484.466797
v 136.015808 490.000000 1485.533203
v 136.015808 502.000000 1485.533203
v 136.141922 490.000000 1486.592041
v 136.141922 502.000000 1486.592041
v 136.392395 490.000000 1487.628540
v 136.392395 502.000000 1487.628540
v 136.763687 490.000000 1488.628052
v 136.763687 502.000000 1488.628052
v 137.250610 490.000000 1489.576782
v 137.250610 502.000000 1489.576782
v 137.846313 490.000000 1490.461182
v 137.846313 502.000000 1490.461182
v 138.542435 502.000000 1491.268921
v 138.542435 490.000000 1491.268921
v 139.329208 502.000000 1491.988770
v 139.329208 490.000000 1491.988770
v 140.195587 490.000000 1492.610352
v 140.195587 502.000000 1492.610352
v 141.129410 502.000000 1493.125122
v 141.129410 490.000000 1493.125122
v 142.117569 490.000000 1493.525879
v 142.117569 502.000000 1493.525879
v 143.146194 502.000000 1493.807007
v 143.146194 490.000000 1493.807007
v 144.200836 502.000000 1493.964478
v 144.200836 490.000000 1493.964478
v 145.266693 490.000000 1493.996094
v 145.266693 502.000000 1493.996094
v 146.328812 490.000000 1493.901367
v 146.328812 502.000000 1493.901367
v 147.372284 490.000000 1493.681763
v 147.372284 502.000000 1493.681763
v 148.382446 490.000000 1493.340210
v 148.382446 502.000000 1493.340210
v 149.345123 502.000000 1492.881592
v 149.345123 490.000000 1492.881592
v 150.246811 502.000000 1492.312378
v 150.246811 490.000000 1492.312378
v 151.074844 490.000000 1491.640503
v 151.074844 502.000000 1491.640503
v 151.817596 502.000000 1490.875366
v 151.817596 490.000000 1490.875366
v 152.464645 490.000000 1490.027832
v 152.464645 502.000000 1490.027832
v 153.006912 502.000000 1489.109619
v 153.006912 490.000000 1489.109619
v 153.436783 490.000000 1488.133789
v 153.436783 502.000000 1488.133789
v 153.748199 502.000000 1487.114014
v 153.748199 490.000000 1487.114014
v 153.936829 490.000000 1486.064453
v 153.936829 502.000000 1486.064453
v 379.000000 490.000000 1485.000000
v 378.932373 490.000000 1483.839111
v 379.000000 502.000000 1485.000000
v 378.932373 502.000000 1483.839111
v 378.730438 490.000000 1482.693848
v 378.730438 502.000000 1482.693848
v 378.396912 490.000000 1481.579834
v 378.396912 502.000000 1481.579834
v 377.936340 490.000000 1480.511963
v 377.936340 502.000000 1480.511963
v 377.354889 490.000000 1479.504883
v 377.354889 502.000000 1479.504883
v 376.660431 490.000000 1478.572144
v 376.660431 502.000000 1478.572144
v 375.862427 490.000000 1477.726318
v 375.862427 502.000000 1477.726318
v 374.971588 490.000000 1476.978760
v 374.971588 502.000000 1476.978760
v 374.000000 490.000000 1476.339722
v 374.000000 502.000000 1476.339722
v 372.960785 490.000000 1475.817871
v 372.960785 502.000000 1475.817871
v 371.868042 502.000000 1475.420044
v 371.868042 490.000000 1475.420044
v 370.736481 490.000000 1475.151978
v 370.736481 502.000000 1475.151978
v 369.581451 490.000000 1475.016968
v 369.581451 502.000000 1475.016968
v 368.418549 502.000000 1475.016968
v 368.418549 490.000000 1475.016968
v 367.263519 502.000000 1475.151978
v 367.263519 490.000000 1475.151978
v 366.131958 490.000000 1475.420044
v 366.131958 502.000000 1475.420044
v 365.039215 490.000000 1475.817871
v 365.039215 502.000000 1475.817871
v 364.000000 502.000000 1476.339722
v 364.000000 490.000000 1476.339722
v 363.028412 490.000000 1476.978760
v 363.028412 502.000000 1476.978760
v 362.137573 490.000000 1477.726318
v 362.137573 502.000000 1477.726318
v 361.339569 490.000000 1478.572144
v 361.339569 502.000000 1478.572144
v 360.645111 490.000000 1479.504883
v 360.645111 502.000000 1479.504883
v 360.063660 490.000000 1480.511963
v 360.063660 502.000000 1480.511963
v 359.603088 502.000000 1481.579834
v 359.603088 490.000000 1481.579834
v 359.269562 490.000000 1482.693848
v 359.269562 502.000000 1482.693848
v 359.067627 490.000000 1483.839111
v 359.067627 502.000000 1483.839111
v 359.000000 502.000000 1485.000000
v 359.000000 490.000000 1485.000000
v 359.067627 490.000000 1486.160889
v 359.067627 502.000000 1486.160889
v 359.269562 490.000000 1487.306152
v 359.269562 502.000000 1487.306152
v 359.603088 502.000000 1488.420166
v 359.603088 490.000000 1488.420166
v 360.063660 490.000000 1489.488037
v 360.063660 502.000000 1489.488037
v 360.645111 490.000000 1490.495117
v 360.645111 502.000000 1490.495117
v 361.339569 490.000000 1491.427856
v 361.339569 502.000000 1491.427856
v 362.137573 490.000000 1492.273682
v 362.137573 502.000000 1492.273682
v 363.028412 490.000000 1493.021240
v 363.028412 502.000000 1493.021240
v 364.000000 502.000000 1493.660278
v 364.000000 490.000000 1493.660278
v 365.039215 490.000000 1494.182129
v 365.039215 502.000000 1494.182129
v 366.131958 490.000000 1494.579956
v 366.131958 502.000000 1494.579956
v 367.263519 490.000000 1494.848022
v 367.263519 502.000000 1494.848022
v 368.418549 502.000000 1494.983032
v 368.418549 490.000000 1494.983032
v 369.581451 490.000000 1494.983032
v 369.581451 502.000000 1494.983032
v 370.736481 490.000000 1494.848022
v 370.736481 502.000000 1494.848022
v 371.868042 502.000000 1494.579956
v 371.868042 490.000000 1494.579956
v 372.960785 490.000000 1494.182129
v 372.960785 502.000000 1494.182129
v 374.000000 490.000000 1493.660278
v 374.000000 502.000000 1493.660278
v 374.971588 490.000000 1493.021240
v 374.971588 502.000000 1493.021240
v 375.862427 502.000000 1492.273682
v 375.862427 490.000000 1492.273682
v 376.660431 502.000000 1491.427856
v 376.660431 490.000000 1491.427856
v 377.354889 490.000000 1490.495117
v 377.354889 502.000000 1490.495117
v 377.936340 502.000000 1489.488037
v 377.936340 490.000000 1489.488037
v 378.396912 502.000000 1488.420166
v 378.396912 490.000000 1488.420166
v 378.730438 490.000000 1487.306152
v 378.730438 502.000000 1487.306152
v 378.932373 490.000000 1486.160889
v 378.932373 502.000000 1486.160889
v 440.000000 490.000000 1306.000000
v 439.925629 490.000000 1304.723022
v 440.000000 502.000000 1306.000000
v 439.925629 502.000000 1304.723022
v 439.703491 490.000000 1303.463257
v 439.703491 502.000000 1303.463257
v 439.336609 490.000000 1302.237793
v 439.336609 502.000000 1302.237793
v 438.829956 502.000000 1301.063232
v 438.829956 490.000000 1301.063232
v 438.190369 490.000000 1299.955444
v 438.190369 502.000000 1299.955444
v 437.426483 490.000000 1298.929321
v 437.426483 502.000000 1298.929321
v 436.548645 502.000000 1297.998901
v 436.548645 490.000000 1297.998901
v 435.568756 490.000000 1297.176636
v 435.568756 502.000000 1297.176636
v 434.500000 502.000000 1296.473755
v 434.500000 490.000000 1296.473755
v 433.356873 490.000000 1295.899658
v 433.356873 502.000000 1295.899658
v 432.154846 490.000000 1295.462158
v 432.154846 502.000000 1295.462158
v 430.910126 490.000000 1295.167114
v 430.910126 502.000000 1295.167114
v 429.639587 490.000000 1295.018555
v 429.639587 502.000000 1295.018555
v 428.360413 502.000000 1295.018555
v 428.360413 490.000000 1295.018555
v 427.089874 490.000000 1295.167114
v 427.089874 502.000000 1295.167114
v 425.845154 502.000000 1295.462158
v 425.845154 490.000000 1295.462158
v 424.643127 502.000000 1295.899658
v 424.643127 490.000000 1295.899658
v 423.500000 502.000000 1296.473755
v 423.500000 490.000000 1296.473755
v 422.431244 490.000000 1297.176636
v 422.431244 502.000000 1297.176636
v 421.451355 490.000000 1297.998901
v 421.451355 502.000000 1297.998901
v 420.573517 502.000000 1298.929321
v 420.573517 490.000000 1298.929321
v 419.809631 490.000000 1299.955444
v 419.809631 502.000000 1299.955444
v 419.170044 490.000000 1301.063232
v 419.170044 502.000000 1301.063232
v 418.663391 502.000000 1302.237793
v 418.663391 490.000000 1302.237793
v 418.296509 502.000000 1303.463257
v 418.296509 490.000000 1303.463257
v 418.074371 490.000000 1304.723022
v 418.074371 502.000000 1304.723022
v 418.000000 490.000000 1306.000000
v 418.000000 502.000000 1306.000000
v 418.074371 490.000000 1307.276978
v 418.074371 502.000000 1307.276978
v 418.296509 490.000000 1308.536743
v 418.296509 502.000000 1308.536743
v 418.663391 490.000000 1309.762207
v 418.663391 502.000000 1309.762207
v 419.170044 502.000000 1310.936768
v 419.170044 490.000000 1310.936768
v 419.809631 490.000000 1312.044556
v 419.809631 502.000000 1312.044556
v 420.573517 490.000000 1313.070679
v 420.573517 502.000000 1313.070679
v 421.451355 502.000000 1314.001099
v 421.451355 490.000000 1314.001099
v 422.431244 490.000000 1314.823364
v 422.431244 502.000000 1314.823364
v 423.500000 502.000000 1315.526245
v 423.500000 490.000000 1315.526245
v 424.643127 490.000000 1316.100342
v 424.643127 502.000000 1316.100342
v 425.845154 490.000000 1316.537842
v 425.845154 502.000000 1316.537842
v 427.089874 490.000000 1316.832886
v 427.089874 502.000000 1316.832886
v 428.360413 490.000000 1316.981445
v 428.360413 502.000000 1316.981445
v 429.639587 490.000000 1316.981445
v 429.639587 502.000000 1316.981445
v 430.910126 502.000000 1316.832886
v 430.910126 490.000000 1316.832886
v 432.154846 490.000000 1316.537842
v 432.154846 502.000000 1316.537842
v 433.356873 490.000000 1316.100342
v 433.356873 502.000000 1316.100342
v 434.500000 490.000000 1315.526245
v 434.500000 502.000000 1315.526245
v 435.568756 490.000000 1314.823364
v 435.568756 502.000000 1314.823364
v 436.548645 490.000000 1314.001099
v 436.548645 502.000000 1314.001099
v 437.426483 490.000000 1313.070679
v 437.426483 502.000000 1313.070679
v 438.190369 490.000000 1312.044556
v 438.190369 502.000000 1312.044556
v 438.829956 490.000000 1310.936768
v 438.829956 502.000000 1310.936768
v 439.336609 490.000000 1309.762207
v 439.336609 502.000000 1309.762207
v 439.703491 490.000000 1308.536743
v 439.703491 502.000000 1308.536743
v 439.925629 490.000000 1307.276978
v 439.925629 502.000000 1307.276978
v 88.000000 88.000000 130.000000
v 88.000000 88.000000 167.000000
v 88.000000 180.000000 130.000000
v 88.000000 180.000000 167.000000
v 248.000000 88.000000 167.000000
v 248.000000 88.000000 130.000000
v 248.000000 180.000000 130.000000
v 248.000000 180.000000 167.000000
v 80.000000 188.000000 167.000000
v 80.000000 80.000000 167.000000
v 80.000000 188.000000 170.000000
v 80.000000 80.000000 170.000000
v 256.000000 80.000000 167.000000
v 256.000000 188.000000 167.000000
v 256.000000 188.000000 170.000000
v 256.000000 80.000000 170.000000
v 89.000000 89.000000 131.000000
v 89.000000 89.000000 156.000000
v 89.000000 179.000000 131.000000
v 89.000000 179.000000 156.000000
v 247.000000 89.000000 156.000000
v 247.000000 89.000000 131.000000
v 247.000000 179.000000 131.000000
v 247.000000 179.000000 156.000000
v 89.000000 89.000000 196.000000
v 89.000000 179.000000 196.000000
v 247.000000 89.000000 196.000000
v 247.000000 179.000000 196.000000
v 266.000000 88.000000 130.000000
v 266.000000 88.000000 167.000000
v 266.000000 180.000000 130.000000
v 266.000000 180.000000 167.000000
v 426.000000 88.000000 167.000000
v 426.000000 88.000000 130.000000
v 426.000000 180.000000 130.000000
v 426.000000 180.000000 167.000000
v 258.000000 188.000000 167.000000
v 258.000000 80.000000 167.000000
v 258.000000 188.000000 170.000000
v 258.000000 80.000000 170.000000
v 434.000000 80.000000 167.000000
v 434.000000 188.000000 167.000000
v 434.000000 188.000000 170.000000
v 434.000000 80.000000 170.000000
v 267.000000 89.000000 131.000000
v 267.000000 89.000000 156.000000
v 267.000000 179.000000 131.000000
v 267.000000 179.000000 156.000000
v 425.000000 89.000000 156.000000
v 425.000000 89.000000 131.000000
v 425.000000 179.000000 131.000000
v 425.000000 179.000000 156.000000
v 267.000000 89.000000 196.000000
v 267.000000 179.000000 196.000000
v 425.000000 89.000000 196.000000
v 425.000000 179.000000 196.000000
v 88.000000 198.000000 130.000000
v 88.000000 198.000000 167.000000
v 88.000000 290.000000 130.000000
v 88.000000 290.000000 167.000000
v 248.000000 198.000000 167.000000
v 248.000000 198.000000 130.000000
v 248.000000 290.000000 130.000000
v 248.000000 290.000000 167.000000
v 80.000000 298.000000 167.000000
v 80.000000 190.000000 167.000000
v 80.000000 298.000000 170.000000
v 80.000000 190.000000 170.000000
v 256.000000 190.000000 167.000000
v 256.000000 298.000000 167.000000
v 256.000000 298.000000 170.000000
v 256.000000 190.000000 170.000000
v 89.000000 199.000000 131.000000
v 89.000000 199.000000 156.000000
v 89.000000 289.000000 131.000000
v 89.000000 289.000000 156.000000
v 247.000000 199.000000 156.000000
v 247.000000 199.000000 131.000000
v 247.000000 289.000000 131.000000
v 247.000000 289.000000 156.000000
v 89.000000 199.000000 196.000000
v 89.000000 289.000000 196.000000
v 247.000000 199.000000 196.000000
v 247.000000 289.000000 196.000000
v 266.000000 198.000000 130.000000
v 266.000000 198.000000 167.000000
v 266.000000 290.000000 130.000000
v 266.000000 290.000000 167.000000
v 426.000000 198.000000 167.000000
v 426.000000 198.000000 130.000000
v 426.000000 290.000000 130.000000
v 426.000000 290.000000 167.000000
v 258.000000 298.000000 167.000000
v 258.000000 190.000000 167.000000
v 258.000000 298.000000 170.000000
v 258.000000 190.000000 170.000000
v 434.000000 190.000000 167.000000
v 434.000000 298.000000 167.000000
v 434.000000 298.000000 170.000000
v 434.000000 190.000000 170.000000
v 267.000000 199.000000 131.000000
v 267.000000 199.000000 156.000000
v 267.000000 289.000000 131.000000
v 267.000000 289.000000 156.000000
v 425.000000 199.000000 156.000000
v 425.000000 199.000000 131.000000
v 425.000000 289.000000 131.000000
v 425.000000 289.000000 156.000000
v 267.000000 199.000000 196.000000
v 267.000000 289.000000 196.000000
v 425.000000 199.000000 196.000000
v 425.000000 289.000000 196.000000
v 88.000000 308.000000 130.000000
v 88.000000 308.000000 167.000000
v 88.000000 400.000000 130.000000
v 88.000000 400.000000 167.000000
v 248.000000 308.000000 167.000000
v 248.000000 308.000000 130.000000
v 248.000000 400.000000 130.000000
v 248.000000 400.000000 167.000000
v 80.000000 408.000000 167.000000
v 80.000000 300.000000 167.000000
v 80.000000 408.000000 170.000000
v 80.000000 300.000000 170.000000
v 256.000000 300.000000 167.000000
v 256.000000 408.000000 167.000000
v 256.000000 408.000000 170.000000
v 256.000000 300.000000 170.000000
v 89.000000 309.000000 131.000000
v 89.000000 309.000000 156.000000
v 89.000000 399.000000 131.000000
v 89.000000 399.000000 156.000000
v 247.000000 309.000000 156.000000
v 247.000000 309.000000 131.000000
v 247.000000 399.000000 131.000000
v 247.000000 399.000000 156.000000
v 89.000000 309.000000 196.000000
v 89.000000 399.000000 196.000000
v 247.000000 309.000000 196.000000
v 247.000000 399.000000 196.000000
v 266.000000 308.000000 130.000000
v 266.000000 308.000000 167.000000
v 266.000000 400.000000 130.000000
v 266.000000 400.000000 167.000000
v 426.000000 308.000000 167.000000
v 426.000000 308.000000 130.000000
v 426.000000 400.000000 130.000000
v 426.000000 400.000000 167.000000
v 258.000000 408.000000 167.000000
v 258.000000 300.000000 167.000000
v 258.000000 408.000000 170.000000
v 258.000000 300.000000 170.000000
v 434.000000 300.000000 167.000000
v 434.000000 408.000000 167.000000
v 434.000000 408.000000 170.000000
v 434.000000 300.000000 170.000000
v 267.000000 309.000000 131.000000
v 267.000000 309.000000 156.000000
v 267.000000 399.000000 131.000000
v 267.000000 399.000000 156.000000
v 425.000000 309.000000 156.000000
v 425.000000 309.000000 131.000000
v 425.000000 399.000000 131.000000
v 425.000000 399.000000 156.000000
v 267.000000 309.000000 196.000000
v 267.000000 399.000000 196.000000
v 425.000000 309.000000 196.000000
v 425.000000 399.000000 196.000000
v 80.000000 124.000000 420.000000
v 80.000000 124.000000 435.000000
v 80.000000 144.000000 420.000000
v 80.000000 144.000000 435.000000
v 434.000000 124.000000 435.000000
v 434.000000 124.000000 420.000000
v 434.000000 144.000000 420.000000
v 434.000000 144.000000 435.000000
v 80.000000 126.000000 419.000000
v 80.000000 126.000000 420.000000
v 80.000000 142.000000 419.000000
v 80.000000 142.000000 420.000000
v 434.000000 126.000000 420.000000
v 434.000000 126.000000 419.000000
v 434.000000 142.000000 419.000000
v 434.000000 142.000000 420.000000
v 80.000000 234.000000 420.000000
v 80.000000 234.000000 435.000000
v 80.000000 254.000000 420.000000
v 80.000000 254.000000 435.000000
v 434.000000 234.000000 435.000000
v 434.000000 234.000000 420.000000
v 434.000000 254.000000 420.000000
v 434.000000 254.000000 435.000000
v 80.000000 236.000000 419.000000
v 80.000000 236.000000 420.000000
v 80.000000 252.000000 419.000000
v 80.000000 252.000000 420.000000
v 434.000000 236.000000 420.000000
v 434.000000 236.000000 419.000000
v 434.000000 252.000000 419.000000
v 434.000000 252.000000 420.000000
v 80.000000 344.000000 420.000000
v 80.000000 344.000000 435.000000
v 80.000000 364.000000 420.000000
v 80.000000 364.000000 435.000000
v 434.000000 344.000000 435.000000
v 434.000000 344.000000 420.000000
v 434.000000 364.000000 420.000000
v 434.000000 364.000000 435.000000
v 80.000000 346.000000 419.000000
v 80.000000 346.000000 420.000000
v 80.000000 362.000000 419.000000
v 80.000000 362.000000 420.000000
v 434.000000 346.000000 420.000000
v 434.000000 346.000000 419.000000
v 434.000000 362.000000 419.000000
v 434.000000 362.000000 420.000000
v 80.000000 244.000000 435.000000
v 80.000000 245.435898 435.174347
v 434.000000 245.435898 435.174347
v 80.000000 246.788345 435.687256
v 80.000000 247.978729 436.508942
v 80.000000 248.937897 437.591614
v 434.000000 248.937897 437.591614
v 80.000000 249.610092 438.872375
v 434.000000 249.610092 438.872375
v 80.000000 249.956253 440.276794
v 434.000000 249.956253 440.276794
v 434.000000 249.956253 441.723206
v 80.000000 249.956253 441.723206
v 80.000000 249.610092 443.127625
v 434.000000 249.610092 443.127625
v 80.000000 248.937897 444.408386
v 80.000000 247.978729 445.491058
v 80.000000 246.788345 446.312744
v 80.000000 245.435898 446.825653
v 80.000000 244.000000 447.000000
v 434.000000 244.000000 447.000000
v 434.000000 242.564102 446.825653
v 80.000000 242.564102 446.825653
v 80.000000 241.211655 446.312744
v 434.000000 241.211655 446.312744
v 80.000000 240.021271 445.491058
v 80.000000 239.062103 444.408386
v 80.000000 238.389908 443.127625
v 80.000000 238.043747 441.723206
v 434.000000 238.043747 441.723206
v 80.000000 238.043747 440.276794
v 80.000000 238.389908 438.872375
v 434.000000 239.062103 437.591614
v 80.000000 239.062103 437.591614
v 80.000000 240.021271 436.508942
v 80.000000 241.211655 435.687256
v 434.000000 241.211655 435.687256
v 80.000000 242.564102 435.174347
v 434.000000 238.043747 440.276794
v 434.000000 238.389908 443.127625
v 434.000000 245.435898 446.825653
v 434.000000 238.389908 438.872375
v 434.000000 240.021271 445.491058
v 434.000000 239.062103 444.408386
v 434.000000 240.021271 436.508942
v 434.000000 248.937897 444.408386
v 434.000000 247.978729 445.491058
v 434.000000 246.788345 446.312744
v 434.000000 242.564102 435.174347
v 434.000000 244.000000 435.000000
v 434.000000 247.978729 436.508942
v 434.000000 246.788345 435.687256
v 171.000000 244.000000 427.000000
v 170.966492 244.447128 427.000000
v 171.000000 244.000000 441.000000
v 170.966492 244.447128 441.000000
v 170.866714 244.884262 427.000000
v 170.866714 244.884262 441.000000
v 170.702911 245.301651 427.000000
v 170.702911 245.301651 441.000000
v 170.478714 245.689957 427.000000
v 170.478714 245.689957 441.000000
v 170.199158 246.040512 427.000000
v 170.199158 246.040512 441.000000
v 169.870468 246.345490 441.000000
v 169.870468 246.345490 427.000000
v 169.500000 246.598083 441.000000
v 169.500000 246.598083 427.000000
v 169.096024 246.792618 441.000000
v 169.096024 246.792618 427.000000
v 168.667557 246.924789 427.000000
v 168.667557 246.924789 441.000000
v 168.224197 246.991608 427.000000
v 168.224197 246.991608 441.000000
v 167.775803 246.991608 427.000000
v 167.775803 246.991608 441.000000
v 167.332443 246.924789 427.000000
v 167.332443 246.924789 441.000000
v 166.903976 246.792618 441.000000
v 166.903976 246.792618 427.000000
v 166.500000 246.598083 427.000000
v 166.500000 246.598083 441.000000
v 166.129532 246.345490 427.000000
v 166.129532 246.345490 441.000000
v 165.800842 246.040512 441.000000
v 165.800842 246.040512 427.000000
v 165.521286 245.689957 427.000000
v 165.521286 245.689957 441.000000
v 165.297089 245.301651 441.000000
v 165.297089 245.301651 427.000000
v 165.133286 244.884262 441.000000
v 165.133286 244.884262 427.000000
v 165.033508 244.447128 427.000000
v 165.033508 244.447128 441.000000
v 165.000000 244.000000 427.000000
v 165.000000 244.000000 441.000000
v 165.033508 243.552872 441.000000
v 165.033508 243.552872 427.000000
v 165.133286 243.115738 427.000000
v 165.133286 243.115738 441.000000
v 165.297089 242.698349 441.000000
v 165.297089 242.698349 427.000000
v 165.521286 242.310043 441.000000
v 165.521286 242.310043 427.000000
v 165.800842 241.959488 427.000000
v 165.800842 241.959488 441.000000
v 166.129532 241.654510 441.000000
v 166.129532 241.654510 427.000000
v 166.500000 241.401917 441.000000
v 166.500000 241.401917 427.000000
v 166.903976 241.207382 427.000000
v 166.903976 241.207382 441.000000
v 167.332443 241.075211 427.000000
v 167.332443 241.075211 441.000000
v 167.775803 241.008392 427.000000
v 167.775803 241.008392 441.000000
v 168.224197 241.008392 441.000000
v 168.224197 241.008392 427.000000
v 168.667557 241.075211 427.000000
v 168.667557 241.075211 441.000000
v 169.096024 241.207382 441.000000
v 169.096024 241.207382 427.000000
v 169.500000 241.401917 427.000000
v 169.500000 241.401917 441.000000
v 169.870468 241.654510 441.000000
v 169.870468 241.654510 427.000000
v 170.199158 241.959488 427.000000
v 170.199158 241.959488 441.000000
v 170.478714 242.310043 441.000000
v 170.478714 242.310043 427.000000
v 170.702911 242.698349 427.000000
v 170.702911 242.698349 441.000000
v 170.866714 243.115738 441.000000
v 170.866714 243.115738 427.000000
v 170.966492 243.552872 427.000000
v 170.966492 243.552872 441.000000
v 349.000000 244.000000 427.000000
v 348.966492 244.447128 427.000000
v 349.000000 244.000000 441.000000
v 348.966492 244.447128 441.000000
v 348.866730 244.884262 427.000000
v 348.866730 244.884262 441.000000
v 348.702911 245.301651 427.000000
v 348.702911 245.301651 441.000000
v 348.478729 245.689957 427.000000
v 348.478729 245.689957 441.000000
v 348.199158 246.040512 427.000000
v 348.199158 246.040512 441.000000
v 347.870483 246.345490 441.000000
v 347.870483 246.345490 427.000000
v 347.500000 246.598083 441.000000
v 347.500000 246.598083 427.000000
v 347.096008 246.792618 441.000000
v 347.096008 246.792618 427.000000
v 346.667572 246.924789 427.000000
v 346.667572 246.924789 441.000000
v 346.224182 246.991608 427.000000
v 346.224182 246.991608 441.000000
v 345.775818 246.991608 427.000000
v 345.775818 246.991608 441.000000
v 345.332428 246.924789 427.000000
v 345.332428 246.924789 441.000000
v 344.903992 246.792618 441.000000
v 344.903992 246.792618 427.000000
v 344.500000 246.598083 427.000000
v 344.500000 246.598083 441.000000
v 344.129517 246.345490 427.000000
v 344.129517 246.345490 441.000000
v 343.800842 246.040512 441.000000
v 343.800842 246.040512 427.000000
v 343.521271 245.689957 427.000000
v 343.521271 245.689957 441.000000
v 343.297089 245.301651 441.000000
v 343.297089 245.301651 427.000000
v 343.133270 244.884262 441.000000
v 343.133270 244.884262 427.000000
v 343.033508 244.447128 427.000000
v 343.033508 244.447128 441.000000
v 343.000000 244.000000 427.000000
v 343.000000 244.000000 441.000000
v 343.033508 243.552872 441.000000
v 343.033508 243.552872 427.000000
v 343.133270 243.115738 427.000000
v 343.133270 243.115738 441.000000
v 343.297089 242.698349 441.000000
v 343.297089 242.698349 427.000000
v 343.521271 242.310043 441.000000
v 343.521271 242.310043 427.000000
v 343.800842 241.959488 427.000000
v 343.800842 241.959488 441.000000
v 344.129517 241.654510 441.000000
v 344.129517 241.654510 427.000000
v 344.500000 241.401917 441.000000
v 344.500000 241.401917 427.000000
v 344.903992 241.207382 427.000000
v 344.903992 241.207382 441.000000
v 345.332428 241.075211 427.000000
v 345.332428 241.075211 441.000000
v 345.775818 241.008392 427.000000
v 345.775818 241.008392 441.000000
v 346.224182 241.008392 441.000000
v 346.224182 241.008392 427.000000
v 346.667572 241.075211 427.000000
v 346.667572 241.075211 441.000000
v 347.096008 241.207382 441.000000
v 347.096008 241.207382 427.000000
v 347.500000 241.401917 427.000000
v 347.500000 241.401917 441.000000
v 347.870483 241.654510 441.000000
v 347.870483 241.654510 427.000000
v 348.199158 241.959488 427.000000
v 348.199158 241.959488 441.000000
v 348.478729 242.310043 441.000000
v 348.478729 242.310043 427.000000
v 348.702911 242.698349 427.000000
v 348.702911 242.698349 441.000000
v 348.866730 243.115738 441.000000
v 348.866730 243.115738 427.000000
v 348.966492 243.552872 427.000000
v 348.966492 243.552872 441.000000
v 217.000000 429.000000 245.000000
v 217.000000 429.000000 325.000000
v 217.000000 455.000000 245.000000
v 217.000000 455.000000 325.000000
v 297.000000 429.000000 325.000000
v 297.000000 429.000000 245.000000
v 297.000000 455.000000 245.000000
v 297.000000 455.000000 325.000000
v 152.000000 455.000000 285.000000
v 151.917969 455.000000 283.931458
v 152.000000 490.000000 285.000000
v 151.917969 490.000000 283.931458
v 151.673782 455.000000 282.887970
v 151.673782 490.000000 282.887970
v 151.273163 455.000000 281.893951
v 150.725510 455.000000 280.972778
v 150.725510 490.000000 280.972778
v 150.043655 455.000000 280.145966
v 150.043655 490.000000 280.145966
v 149.243576 455.000000 279.432953
v 148.344040 455.000000 278.850403
v 148.344040 490.000000 278.850403
v 147.366119 455.000000 278.412018
v 147.366119 490.000000 278.412018
v 146.332733 490.000000 278.128052
v 146.332733 455.000000 278.128052
v 145.268112 455.000000 278.005127
v 145.268112 490.000000 278.005127
v 144.197220 490.000000 278.046173
v 144.197220 455.000000 278.046173
v 143.145126 455.000000 278.250214
v 143.145126 490.000000 278.250214
v 142.136520 490.000000 278.612488
v 142.136520 455.000000 278.612488
v 141.195023 455.000000 279.124451
v 141.195023 490.000000 279.124451
v 140.342728 455.000000 279.774139
v 140.342728 490.000000 279.774139
v 139.599579 455.000000 280.546295
v 139.599579 490.000000 280.546295
v 138.983017 455.000000 281.422882
v 138.507477 455.000000 282.383270
v 138.184128 455.000000 283.405029
v 138.184128 490.000000 283.405029
v 138.020538 490.000000 284.464142
v 138.020538 455.000000 284.464142
v 138.020538 455.000000 285.535858
v 138.184128 455.000000 286.594971
v 138.184128 490.000000 286.594971
v 138.507477 455.000000 287.616730
v 138.507477 490.000000 287.616730
v 138.983017 455.000000 288.577118
v 138.983017 490.000000 288.577118
v 139.599579 455.000000 289.453705
v 139.599579 490.000000 289.453705
v 140.342728 455.000000 290.225861
v 141.195023 455.000000 290.875549
v 142.136520 490.000000 291.387512
v 142.136520 455.000000 291.387512
v 143.145126 455.000000 291.749786
v 144.197220 490.000000 291.953827
v 144.197220 455.000000 291.953827
v 145.268112 455.000000 291.994873
v 145.268112 490.000000 291.994873
v 146.332733 490.000000 291.871948
v 146.332733 455.000000 291.871948
v 147.366119 455.000000 291.587982
v 147.366119 490.000000 291.587982
v 148.344040 490.000000 291.149597
v 148.344040 455.000000 291.149597
v 149.243576 455.000000 290.567047
v 149.243576 490.000000 290.567047
v 150.043655 455.000000 289.854034
v 150.043655 490.000000 289.854034
v 150.725510 455.000000 289.027222
v 151.273163 490.000000 288.106049
v 151.273163 455.000000 288.106049
v 151.673782 455.000000 287.112030
v 151.673782 490.000000 287.112030
v 151.917969 490.000000 286.068542
v 151.917969 455.000000 286.068542
v 140.342728 490.000000 290.225861
v 141.195023 490.000000 290.875549
v 138.020538 490.000000 285.535858
v 143.145126 490.000000 291.749786
v 138.507477 490.000000 282.383270
v 138.983017 490.000000 281.422882
v 150.725510 490.000000 289.027222
v 151.273163 490.000000 281.893951
v 149.243576 490.000000 279.432953
v 377.000000 485.000000 285.000000
v 377.000000 455.000000 285.000000
v 376.918579 485.000000 283.861481
v 376.918579 455.000000 283.861481
v 376.675934 485.000000 282.746155
v 376.675934 455.000000 282.746155
v 376.277069 485.000000 281.676666
v 376.277069 455.000000 281.676666
v 375.730042 455.000000 280.674866
v 375.730042 485.000000 280.674866
v 375.045990 455.000000 279.761108
v 375.045990 485.000000 279.761108
v 374.238892 455.000000 278.954010
v 374.238892 485.000000 278.954010
v 373.325134 455.000000 278.269958
v 373.325134 485.000000 278.269958
v 372.323334 455.000000 277.722931
v 372.323334 485.000000 277.722931
v 371.253845 485.000000 277.324066
v 371.253845 455.000000 277.324066
v 370.138519 455.000000 277.081421
v 369.000000 455.000000 277.000000
v 369.000000 485.000000 277.000000
v 367.861481 455.000000 277.081421
v 367.861481 485.000000 277.081421
v 366.746155 485.000000 277.324066
v 366.746155 455.000000 277.324066
v 365.676666 485.000000 277.722931
v 365.676666 455.000000 277.722931
v 364.674866 455.000000 278.269958
v 364.674866 485.000000 278.269958
v 363.761108 485.000000 278.954010
v 363.761108 455.000000 278.954010
v 362.954010 485.000000 279.761108
v 362.954010 455.000000 279.761108
v 362.269958 485.000000 280.674866
v 362.269958 455.000000 280.674866
v 361.722931 455.000000 281.676666
v 361.324066 455.000000 282.746155
v 361.081421 485.000000 283.861481
v 361.081421 455.000000 283.861481
v 361.000000 455.000000 285.000000
v 361.000000 485.000000 285.000000
v 361.081421 455.000000 286.138519
v 361.324066 485.000000 287.253845
v 361.324066 455.000000 287.253845
v 361.722931 455.000000 288.323334
v 361.722931 485.000000 288.323334
v 362.269958 485.000000 289.325134
v 362.269958 455.000000 289.325134
v 362.954010 455.000000 290.238892
v 362.954010 485.000000 290.238892
v 363.761108 485.000000 291.045990
v 363.761108 455.000000 291.045990
v 364.674866 455.000000 291.730042
v 364.674866 485.000000 291.730042
v 365.676666 455.000000 292.277069
v 365.676666 485.000000 292.277069
v 366.746155 455.000000 292.675934
v 366.746155 485.000000 292.675934
v 367.861481 485.000000 292.918579
v 367.861481 455.000000 292.918579
v 369.000000 455.000000 293.000000
v 369.000000 485.000000 293.000000
v 370.138519 485.000000 292.918579
v 370.138519 455.000000 292.918579
v 371.253845 485.000000 292.675934
v 371.253845 455.000000 292.675934
v 372.323334 455.000000 292.277069
v 373.325134 485.000000 291.730042
v 373.325134 455.000000 291.730042
v 374.238892 455.000000 291.045990
v 375.045990 455.000000 290.238892
v 375.730042 455.000000 289.325134
v 376.277069 455.000000 288.323334
v 376.277069 485.000000 288.323334
v 376.675934 485.000000 287.253845
v 376.675934 455.000000 287.253845
v 376.918579 485.000000 286.138519
v 376.918579 455.000000 286.138519
v 361.081421 485.000000 286.138519
v 372.323334 485.000000 292.277069
v 361.722931 485.000000 281.676666
v 361.324066 485.000000 282.746155
v 375.730042 485.000000 289.325134
v 374.238892 485.000000 291.045990
v 375.045990 485.000000 290.238892
v 370.138519 485.000000 277.081421
v 34.000000 34.000000 116.451683
v 34.017441 34.034901 117.450920
v 33.744030 454.000000 101.787193
v 33.761471 454.034912 102.786430
v 480.017456 34.034901 109.665962
v 480.000000 34.000000 108.666725
v 479.744019 454.000000 94.002235
v 479.761475 454.034912 95.001472
v 439.000000 455.000000 106.000000
v 438.910767 455.000000 104.667130
v 439.000000 483.000000 106.000000
v 438.910767 483.000000 104.667130
v 438.644684 455.000000 103.358047
v 438.206512 455.000000 102.096107
v 438.206512 483.000000 102.096107
v 437.604004 483.000000 100.903831
v 437.604004 455.000000 100.903831
v 436.847992 455.000000 99.802498
v 436.847992 483.000000 99.802498
v 435.951935 455.000000 98.811760
v 434.931793 455.000000 97.949303
v 433.805817 455.000000 97.230499
v 432.594086 455.000000 96.668198
v 431.318207 455.000000 96.272415
v 431.318207 483.000000 96.272415
v 430.000946 483.000000 96.050224
v 430.000946 455.000000 96.050224
v 428.665863 455.000000 96.005585
v 428.665863 483.000000 96.005585
v 427.336700 483.000000 96.139297
v 427.336700 455.000000 96.139297
v 426.037231 455.000000 96.448975
v 426.037231 483.000000 96.448975
v 424.790649 455.000000 96.929092
v 423.619171 455.000000 97.571075
v 422.543732 455.000000 98.363480
v 422.543732 483.000000 98.363480
v 421.583466 483.000000 99.292152
v 421.583466 455.000000 99.292152
v 420.755585 455.000000 100.340530
v 420.074799 455.000000 101.489899
v 420.074799 483.000000 101.489899
v 419.553314 455.000000 102.719749
v 419.200378 483.000000 104.008141
v 419.200378 455.000000 104.008141
v 419.022339 455.000000 105.332077
v 419.022339 483.000000 105.332077
v 419.022339 455.000000 106.667923
v 419.022339 483.000000 106.667923
v 419.200378 455.000000 107.991859
v 419.553314 455.000000 109.280251
v 420.074799 455.000000 110.510101
v 420.755585 455.000000 111.659470
v 421.583466 455.000000 112.707848
v 421.583466 483.000000 112.707848
v 422.543732 483.000000 113.636520
v 422.543732 455.000000 113.636520
v 423.619171 483.000000 114.428925
v 423.619171 455.000000 114.428925
v 424.790649 455.000000 115.070908
v 424.790649 483.000000 115.070908
v 426.037231 455.000000 115.551025
v 427.336700 483.000000 115.860703
v 427.336700 455.000000 115.860703
v 428.665863 483.000000 115.994415
v 428.665863 455.000000 115.994415
v 430.000946 483.000000 115.949776
v 430.000946 455.000000 115.949776
v 431.318207 455.000000 115.727585
v 431.318207 483.000000 115.727585
v 432.594086 483.000000 115.331802
v 432.594086 455.000000 115.331802
v 433.805817 455.000000 114.769501
v 433.805817 483.000000 114.769501
v 434.931793 483.000000 114.050697
v 434.931793 455.000000 114.050697
v 435.951935 455.000000 113.188240
v 436.847992 455.000000 112.197502
v 437.604004 455.000000 111.096169
v 437.604004 483.000000 111.096169
v 438.206512 455.000000 109.903893
v 438.206512 483.000000 109.903893
v 438.644684 455.000000 108.641953
v 438.910767 455.000000 107.332870
v 420.755585 483.000000 111.659470
v 426.037231 483.000000 115.551025
v 419.200378 483.000000 107.991859
v 419.553314 483.000000 109.280251
v 420.074799 483.000000 110.510101
v 419.553314 483.000000 102.719749
v 420.755585 483.000000 100.340530
v 436.847992 483.000000 112.197502
v 435.951935 483.000000 113.188240
v 438.644684 483.000000 108.641953
v 424.790649 483.000000 96.929092
v 432.594086 483.000000 96.668198
v 423.619171 483.000000 97.571075
v 438.644684 483.000000 103.358047
v 438.910767 483.000000 107.332870
v 435.951935 483.000000 98.811760
v 434.931793 483.000000 97.949303
v 433.805817 483.000000 97.230499
v 79.000000 55.000000 167.000000
v 79.000000 55.000000 175.000000
v 79.000000 433.000000 167.000000
v 79.000000 433.000000 175.000000
v 80.000000 55.000000 175.000000
v 80.000000 55.000000 167.000000
v 80.000000 433.000000 167.000000
v 80.000000 433.000000 175.000000
v 434.000000 55.000000 167.000000
v 434.000000 55.000000 175.000000
v 434.000000 433.000000 167.000000
v 434.000000 433.000000 175.000000
v 435.000000 55.000000 175.000000
v 435.000000 55.000000 167.000000
v 435.000000 433.000000 167.000000
v 435.000000 433.000000 175.000000
v 80.000000 409.000000 175.000000
v 80.000000 409.000000 167.000000
v 80.000000 408.000000 175.000000
v 434.000000 409.000000 175.000000
v 434.000000 409.000000 167.000000
v 434.000000 408.000000 175.000000
v 33.000000 455.000000 93.000000
v 33.000000 33.000000 93.000000
v 33.000000 455.000000 477.000000
v 33.000000 33.000000 477.000000
v 55.000000 33.000000 455.000000
v 55.000000 33.000000 115.000000
v 481.000000 33.000000 93.000000
v 459.000000 33.000000 115.000000
v 459.000000 33.000000 455.000000
v 481.000000 33.000000 477.000000
v 481.000000 455.000000 477.000000
v 421.669495 455.000000 99.198273
v 422.017639 455.000000 98.841331
v 422.383148 455.000000 98.502190
v 421.339569 455.000000 99.572121
v 422.765106 455.000000 98.181686
v 421.028687 455.000000 99.961952
v 423.162567 455.000000 97.880623
v 420.737610 455.000000 100.366798
v 423.574524 455.000000 97.599739
v 420.467102 455.000000 100.785645
v 424.000000 455.000000 97.339745
v 420.217773 455.000000 101.217461
v 424.437897 455.000000 97.101280
v 419.990326 455.000000 101.661163
v 424.887115 455.000000 96.884941
v 419.785248 455.000000 102.115654
v 425.346588 455.000000 96.691261
v 419.603088 455.000000 102.579796
v 425.815125 455.000000 96.520729
v 419.444275 455.000000 103.052444
v 419.309235 455.000000 103.532425
v 419.198273 455.000000 104.018539
v 419.111694 455.000000 104.509575
v 419.049683 455.000000 105.004318
v 419.012421 455.000000 105.501541
v 419.000000 455.000000 106.000000
v 419.012421 455.000000 106.498459
v 419.049683 455.000000 106.995682
v 419.111694 455.000000 107.490425
v 419.198273 455.000000 107.981461
v 419.309235 455.000000 108.467575
v 419.444275 455.000000 108.947556
v 419.603088 455.000000 109.420204
v 419.785248 455.000000 109.884346
v 419.990326 455.000000 110.338837
v 420.217773 455.000000 110.782539
v 420.467102 455.000000 111.214355
v 420.737610 455.000000 111.633202
v 421.028687 455.000000 112.038048
v 421.339569 455.000000 112.427879
v 421.669495 455.000000 112.801727
v 422.017639 455.000000 113.158669
v 422.383148 455.000000 113.497810
v 422.765106 455.000000 113.818314
v 481.000000 455.000000 93.000000
v 429.747314 455.000000 96.027962
v 430.243439 455.000000 96.077606
v 430.736481 455.000000 96.151924
v 431.225220 455.000000 96.250717
v 431.708405 455.000000 96.373756
v 432.184875 455.000000 96.520729
v 432.653412 455.000000 96.691261
v 438.987579 455.000000 106.498459
v 433.112885 455.000000 96.884941
v 438.950317 455.000000 106.995682
v 433.562103 455.000000 97.101280
v 438.888306 455.000000 107.490425
v 434.000000 455.000000 97.339745
v 438.801727 455.000000 107.981461
v 438.690765 455.000000 108.467575
v 434.425476 455.000000 97.599739
v 438.555725 455.000000 108.947556
v 434.837433 455.000000 97.880623
v 438.396912 455.000000 109.420204
v 435.234894 455.000000 98.181686
v 438.214752 455.000000 109.884346
v 435.616852 455.000000 98.502190
v 438.009674 455.000000 110.338837
v 435.982361 455.000000 98.841331
v 437.782227 455.000000 110.782539
v 436.330505 455.000000 99.198273
v 437.532898 455.000000 111.214355
v 436.660431 455.000000 99.572121
v 437.262390 455.000000 111.633202
v 436.971313 455.000000 99.961952
v 436.971313 455.000000 112.038048
v 437.262390 455.000000 100.366798
v 436.660431 455.000000 112.427879
v 437.532898 455.000000 100.785645
v 436.330505 455.000000 112.801727
v 437.782227 455.000000 101.217461
v 435.982361 455.000000 113.158669
v 438.009674 455.000000 101.661163
v 435.616852 455.000000 113.497810
v 438.214752 455.000000 102.115654
v 435.234894 455.000000 113.818314
v 438.396912 455.000000 102.579796
v 434.837433 455.000000 114.119377
v 438.555725 455.000000 103.052444
v 434.425476 455.000000 114.400261
v 438.690765 455.000000 103.532425
v 438.801727 455.000000 104.018539
v 438.888306 455.000000 104.509575
v 438.950317 455.000000 105.004318
v 438.987579 455.000000 105.501541
v 428.750702 455.000000 96.003105
v 429.249298 455.000000 96.003105
v 434.000000 455.000000 114.660255
v 433.562103 455.000000 114.898720
v 433.112885 455.000000 115.115059
v 432.653412 455.000000 115.308739
v 432.184875 455.000000 115.479271
v 431.708405 455.000000 115.626244
v 431.225220 455.000000 115.749283
v 430.736481 455.000000 115.848076
v 430.243439 455.000000 115.922394
v 429.747314 455.000000 115.972038
v 429.249298 455.000000 115.996895
v 428.750702 455.000000 115.996895
v 428.252686 455.000000 115.972038
v 427.756561 455.000000 115.922394
v 427.263519 455.000000 115.848076
v 426.774780 455.000000 115.749283
v 426.291595 455.000000 115.626244
v 425.815125 455.000000 115.479271
v 425.346588 455.000000 115.308739
v 424.887115 455.000000 115.115059
v 424.437897 455.000000 114.898720
v 424.000000 455.000000 114.660255
v 423.574524 455.000000 114.400261
v 423.162567 455.000000 114.119377
v 428.252686 455.000000 96.027962
v 427.756561 455.000000 96.077606
v 427.263519 455.000000 96.151924
v 426.774780 455.000000 96.250717
v 426.291595 455.000000 96.373756
v 55.000000 34.000000 455.000000
v 459.000000 34.000000 455.000000
v 459.000000 34.000000 115.000000
v 55.000000 34.000000 115.000000
v 438.987579 454.000000 105.501541
v 439.000000 454.000000 106.000000
v 438.950317 454.000000 105.004318
v 438.888306 454.000000 104.509575
v 438.801727 454.000000 104.018539
v 438.690765 454.000000 103.532425
v 438.555725 454.000000 103.052444
v 438.396912 454.000000 102.579796
v 438.214752 454.000000 102.115654
v 438.009674 454.000000 101.661163
v 437.782227 454.000000 101.217461
v 437.532898 454.000000 100.785645
v 437.262390 454.000000 100.366798
v 436.971313 454.000000 99.961952
v 436.660431 454.000000 99.572121
v 436.330505 454.000000 99.198273
v 435.982361 454.000000 98.841331
v 435.616852 454.000000 98.502190
v 435.234894 454.000000 98.181686
v 434.837433 454.000000 97.880623
v 434.425476 454.000000 97.599739
v 434.000000 454.000000 97.339745
v 433.562103 454.000000 97.101280
v 433.112885 454.000000 96.884941
v 432.653412 454.000000 96.691261
v 432.184875 454.000000 96.520729
v 431.708405 454.000000 96.373756
v 431.225220 454.000000 96.250717
v 430.736481 454.000000 96.151924
v 430.243439 454.000000 96.077606
v 429.747314 454.000000 96.027962
v 429.249298 454.000000 96.003105
v 428.750702 454.000000 96.003105
v 428.252686 454.000000 96.027962
v 427.756561 454.000000 96.077606
v 427.263519 454.000000 96.151924
v 426.774780 454.000000 96.250717
v 426.291595 454.000000 96.373756
v 425.815125 454.000000 96.520729
v 425.346588 454.000000 96.691261
v 424.887115 454.000000 96.884941
v 424.437897 454.000000 97.101280
v 424.000000 454.000000 97.339745
v 423.574524 454.000000 97.599739
v 423.162567 454.000000 97.880623
v 422.765106 454.000000 98.181686
v 422.383148 454.000000 98.502190
v 422.017639 454.000000 98.841331
v 421.669495 454.000000 99.198273
v 421.339569 454.000000 99.572121
v 421.028687 454.000000 99.961952
v 420.737610 454.000000 100.366798
v 420.467102 454.000000 100.785645
v 420.217773 454.000000 101.217461
v 419.990326 454.000000 101.661163
v 419.785248 454.000000 102.115654
v 419.603088 454.000000 102.579796
v 419.444275 454.000000 103.052444
v 419.309235 454.000000 103.532425
v 419.198273 454.000000 104.018539
v 419.111694 454.000000 104.509575
v 419.049683 454.000000 105.004318
v 419.012421 454.000000 105.501541
v 419.000000 454.000000 106.000000
v 419.012421 454.000000 106.498459
v 419.049683 454.000000 106.995682
v 419.111694 454.000000 107.490425
v 419.198273 454.000000 107.981461
v 419.309235 454.000000 108.467575
v 419.444275 454.000000 108.947556
v 419.603088 454.000000 109.420204
v 419.785248 454.000000 109.884346
v 419.990326 454.000000 110.338837
v 420.217773 454.000000 110.782539
v 420.467102 454.000000 111.214355
v 420.737610 454.000000 111.633202
v 421.028687 454.000000 112.038048
v 421.339569 454.000000 112.427879
v 421.669495 454.000000 112.801727
v 422.017639 454.000000 113.158669
v 422.383148 454.000000 113.497810
v 422.765106 454.000000 113.818314
v 423.162567 454.000000 114.119377
v 423.574524 454.000000 114.400261
v 424.000000 454.000000 114.660255
v 424.437897 454.000000 114.898720
v 424.887115 454.000000 115.115059
v 425.346588 454.000000 115.308739
v 425.815125 454.000000 115.479271
v 426.291595 454.000000 115.626244
v 426.774780 454.000000 115.749283
v 427.263519 454.000000 115.848076
v 427.756561 454.000000 115.922394
v 428.252686 454.000000 115.972038
v 428.750702 454.000000 115.996895
v 429.249298 454.000000 115.996895
v 429.747314 454.000000 115.972038
v 430.243439 454.000000 115.922394
v 430.736481 454.000000 115.848076
v 431.225220 454.000000 115.749283
v 431.708405 454.000000 115.626244
v 432.184875 454.000000 115.479271
v 432.653412 454.000000 115.308739
v 433.112885 454.000000 115.115059
v 433.562103 454.000000 114.898720
v 434.000000 454.000000 114.660255
v 434.425476 454.000000 114.400261
v 434.837433 454.000000 114.119377
v 435.234894 454.000000 113.818314
v 435.616852 454.000000 113.497810
v 435.982361 454.000000 113.158669
v 436.330505 454.000000 112.801727
v 436.660431 454.000000 112.427879
v 436.971313 454.000000 112.038048
v 437.262390 454.000000 111.633202
v 437.532898 454.000000 111.214355
v 437.782227 454.000000 110.782539
v 438.009674 454.000000 110.338837
v 438.214752 454.000000 109.884346
v 438.396912 454.000000 109.420204
v 438.555725 454.000000 108.947556
v 438.690765 454.000000 108.467575
v 438.801727 454.000000 107.981461
v 438.888306 454.000000 107.490425
v 438.950317 454.000000 106.995682
v 438.987579 454.000000 106.498459
v 34.000000 34.000000 476.000000
v 34.000000 34.000000 94.000000
v 480.000000 34.000000 94.000000
v 480.000000 34.000000 476.000000
v 34.000000 454.000000 94.000000
v 34.000000 454.000000 476.000000
v 480.000000 454.000000 94.000000
v 480.000000 454.000000 476.000000
v 43.000000 28.000000 103.000000
v 43.000000 28.000000 467.000000
v 43.000000 29.000000 103.000000
v 43.000000 29.000000 467.000000
v 471.000000 28.000000 467.000000
v 471.000000 28.000000 103.000000
v 471.000000 29.000000 103.000000
v 471.000000 29.000000 467.000000
v 197.000000 28.000000 415.000000
v 197.000000 10.000000 415.000000
v 197.000000 28.000000 427.000000
v 197.000000 10.000000 427.000000
v 317.000000 10.000000 415.000000
v 317.000000 28.000000 415.000000
v 317.000000 28.000000 427.000000
v 317.000000 10.000000 427.000000
v 34.000000 80.000000 137.000000
v 34.000000 80.000000 152.000000
v 34.000000 100.000000 137.000000
v 34.000000 100.000000 152.000000
v 55.000000 80.000000 152.000000
v 55.000000 80.000000 137.000000
v 55.000000 100.000000 137.000000
v 55.000000 100.000000 152.000000
v 459.000000 80.000000 137.000000
v 459.000000 80.000000 152.000000
v 459.000000 100.000000 137.000000
v 459.000000 100.000000 152.000000
v 480.000000 80.000000 152.000000
v 480.000000 80.000000 137.000000
v 480.000000 100.000000 137.000000
v 480.000000 100.000000 152.000000
v 34.000000 388.000000 137.000000
v 34.000000 388.000000 152.000000
v 34.000000 408.000000 137.000000
v 34.000000 408.000000 152.000000
v 55.000000 388.000000 152.000000
v 55.000000 388.000000 137.000000
v 55.000000 408.000000 137.000000
v 55.000000 408.000000 152.000000
v 459.000000 388.000000 137.000000
v 459.000000 388.000000 152.000000
v 459.000000 408.000000 137.000000
v 459.000000 408.000000 152.000000
v 480.000000 388.000000 152.000000
v 480.000000 388.000000 137.000000
v 480.000000 408.000000 137.000000
v 480.000000 408.000000 152.000000
v 34.000000 159.600006 205.199997
v 34.000000 160.107010 205.243149
v 55.000000 159.600006 205.199997
v 55.000000 160.107010 205.243149
v 34.000000 160.599426 205.371368
v 55.000000 160.599426 205.371368
v 34.000000 161.063080 205.580963
v 55.000000 161.063080 205.580963
v 55.000000 161.484665 205.865891
v 34.000000 161.484665 205.865891
v 34.000000 161.852020 206.217972
v 55.000000 161.852020 206.217972
v 55.000000 162.154587 206.627075
v 34.000000 162.154587 206.627075
v 34.000000 162.383667 207.081436
v 55.000000 162.383667 207.081436
v 34.000000 162.532669 207.567963
v 55.000000 162.532669 207.567963
v 34.000000 162.597290 208.072678
v 55.000000 162.597290 208.072678
v 34.000000 162.575699 208.581055
v 55.000000 162.575699 208.581055
v 55.000000 162.468506 209.078461
v 34.000000 162.468506 209.078461
v 34.000000 162.278778 209.550613
v 34.000000 162.011993 209.983902
v 55.000000 162.011993 209.983902
v 34.000000 161.675812 210.365875
v 55.000000 161.675812 210.365875
v 55.000000 161.279922 210.685532
v 34.000000 161.279922 210.685532
v 34.000000 160.835709 210.933685
v 55.000000 160.835709 210.933685
v 34.000000 160.355942 211.103195
v 55.000000 160.355942 211.103195
v 34.000000 159.854416 211.189194
v 55.000000 159.854416 211.189194
v 55.000000 159.345581 211.189194
v 34.000000 159.345581 211.189194
v 34.000000 158.844070 211.103195
v 55.000000 158.844070 211.103195
v 55.000000 158.364304 210.933685
v 34.000000 158.364304 210.933685
v 55.000000 157.920074 210.685532
v 34.000000 157.920074 210.685532
v 34.000000 157.524185 210.365875
v 55.000000 157.524185 210.365875
v 55.000000 157.188004 209.983902
v 34.000000 157.188004 209.983902
v 34.000000 156.921219 209.550613
v 55.000000 156.921219 209.550613
v 34.000000 156.731506 209.078461
v 34.000000 156.624298 208.581055
v 55.000000 156.624298 208.581055
v 34.000000 156.602707 208.072678
v 55.000000 156.602707 208.072678
v 34.000000 156.667328 207.567963
v 55.000000 156.667328 207.567963
v 34.000000 156.816330 207.081436
v 55.000000 156.816330 207.081436
v 55.000000 157.045410 206.627075
v 34.000000 157.045410 206.627075
v 34.000000 157.347977 206.217972
v 55.000000 157.347977 206.217972
v 34.000000 157.715347 205.865891
v 55.000000 157.715347 205.865891
v 34.000000 158.136917 205.580963
v 55.000000 158.136917 205.580963
v 34.000000 158.600586 205.371368
v 55.000000 158.600586 205.371368
v 34.000000 159.093002 205.243149
v 55.000000 159.093002 205.243149
v 55.000000 156.731506 209.078461
v 55.000000 162.278778 209.550613
v 480.000000 159.600006 211.199997
v 480.000000 160.107010 211.156845
v 459.000000 159.600006 211.199997
v 459.000000 160.107010 211.156845
v 480.000000 160.599426 211.028625
v 459.000000 160.599426 211.028625
v 480.000000 161.063080 210.819046
v 459.000000 161.063080 210.819046
v 480.000000 161.484665 210.534103
v 459.000000 161.484665 210.534103
v 480.000000 161.852020 210.182022
v 459.000000 161.852020 210.182022
v 480.000000 162.154587 209.772919
v 459.000000 162.154587 209.772919
v 459.000000 162.383667 209.318573
v 480.000000 162.383667 209.318573
v 459.000000 162.532669 208.832031
v 480.000000 162.532669 208.832031
v 480.000000 162.597290 208.327316
v 459.000000 162.597290 208.327316
v 480.000000 162.575699 207.818939
v 459.000000 162.575699 207.818939
v 480.000000 162.468506 207.321533
v 459.000000 162.468506 207.321533
v 480.000000 162.278778 206.849396
v 459.000000 162.278778 206.849396
v 480.000000 162.011993 206.416107
v 459.000000 162.011993 206.416107
v 480.000000 161.675812 206.034134
v 459.000000 161.675812 206.034134
v 459.000000 161.279922 205.714478
v 480.000000 161.279922 205.714478
v 480.000000 160.835709 205.466309
v 459.000000 160.835709 205.466309
v 480.000000 160.355942 205.296799
v 480.000000 159.854416 205.210800
v 459.000000 159.854416 205.210800
v 480.000000 159.345581 205.210800
v 459.000000 159.345581 205.210800
v 459.000000 158.844070 205.296799
v 480.000000 158.844070 205.296799
v 480.000000 158.364304 205.466309
v 480.000000 157.920074 205.714478
v 459.000000 157.920074 205.714478
v 459.000000 157.524185 206.034134
v 480.000000 157.524185 206.034134
v 480.000000 157.188004 206.416107
v 459.000000 157.188004 206.416107
v 480.000000 156.921219 206.849396
v 459.000000 156.921219 206.849396
v 459.000000 156.731506 207.321533
v 480.000000 156.731506 207.321533
v 480.000000 156.624298 207.818939
v 459.000000 156.624298 207.818939
v 480.000000 156.602707 208.327316
v 459.000000 156.602707 208.327316
v 480.000000 156.667328 208.832031
v 480.000000 156.816330 209.318573
v 459.000000 156.816330 209.318573
v 480.000000 157.045410 209.772919
v 480.000000 157.347977 210.182022
v 459.000000 157.347977 210.182022
v 459.000000 157.715347 210.534103
v 480.000000 157.715347 210.534103
v 459.000000 158.136917 210.819046
v 480.000000 158.136917 210.819046
v 480.000000 158.600586 211.028625
v 459.000000 158.600586 211.028625
v 459.000000 159.093002 211.156845
v 480.000000 159.093002 211.156845
v 459.000000 158.364304 205.466309
v 459.000000 156.667328 208.832031
v 459.000000 157.045410 209.772919
v 459.000000 160.355942 205.296799
v 34.000000 159.600006 378.000000
v 34.000000 160.107010 378.043152
v 55.000000 159.600006 378.000000
v 55.000000 160.107010 378.043152
v 34.000000 160.599426 378.171356
v 55.000000 160.599426 378.171356
v 34.000000 161.063080 378.380951
v 55.000000 161.063080 378.380951
v 55.000000 161.484665 378.665894
v 34.000000 161.484665 378.665894
v 34.000000 161.852020 379.017975
v 55.000000 161.852020 379.017975
v 55.000000 162.154587 379.427063
v 34.000000 162.154587 379.427063
v 34.000000 162.383667 379.881439
v 55.000000 162.383667 379.881439
v 34.000000 162.532669 380.367950
v 55.000000 162.532669 380.367950
v 34.000000 162.597290 380.872681
v 55.000000 162.597290 380.872681
v 34.000000 162.575699 381.381042
v 55.000000 162.575699 381.381042
v 55.000000 162.468506 381.878479
v 34.000000 162.468506 381.878479
v 34.000000 162.278778 382.350616
v 55.000000 162.278778 382.350616
v 34.000000 162.011993 382.783905
v 55.000000 162.011993 382.783905
v 34.000000 161.675812 383.165863
v 55.000000 161.675812 383.165863
v 55.000000 161.279922 383.485535
v 34.000000 161.279922 383.485535
v 34.000000 160.835709 383.733673
v 55.000000 160.835709 383.733673
v 34.000000 160.355942 383.903198
v 55.000000 160.355942 383.903198
v 34.000000 159.854416 383.989197
v 55.000000 159.854416 383.989197
v 55.000000 159.345581 383.989197
v 34.000000 159.345581 383.989197
v 34.000000 158.844070 383.903198
v 55.000000 158.844070 383.903198
v 55.000000 158.364304 383.733673
v 34.000000 158.364304 383.733673
v 55.000000 157.920074 383.485535
v 34.000000 157.920074 383.485535
v 34.000000 157.524185 383.165863
v 55.000000 157.524185 383.165863
v 55.000000 157.188004 382.783905
v 34.000000 157.188004 382.783905
v 34.000000 156.921219 382.350616
v 55.000000 156.921219 382.350616
v 34.000000 156.731506 381.878479
v 55.000000 156.731506 381.878479
v 34.000000 156.624298 381.381042
v 55.000000 156.624298 381.381042
v 34.000000 156.602707 380.872681
v 55.000000 156.602707 380.872681
v 34.000000 156.667328 380.367950
v 55.000000 156.667328 380.367950
v 34.000000 156.816330 379.881439
v 55.000000 156.816330 379.881439
v 55.000000 157.045410 379.427063
v 34.000000 157.045410 379.427063
v 34.000000 157.347977 379.017975
v 55.000000 157.347977 379.017975
v 34.000000 157.715347 378.665894
v 55.000000 157.715347 378.665894
v 34.000000 158.136917 378.380951
v 55.000000 158.136917 378.380951
v 34.000000 158.600586 378.171356
v 55.000000 158.600586 378.171356
v 34.000000 159.093002 378.043152
v 55.000000 159.093002 378.043152
v 480.000000 159.600006 384.000000
v 480.000000 160.107010 383.956848
v 459.000000 159.600006 384.000000
v 459.000000 160.107010 383.956848
v 480.000000 160.599426 383.828644
v 459.000000 160.599426 383.828644
v 480.000000 161.063080 383.619049
v 459.000000 161.063080 383.619049
v 480.000000 161.484665 383.334106
v 459.000000 161.484665 383.334106
v 480.000000 161.852020 382.982025
v 459.000000 161.852020 382.982025
v 480.000000 162.154587 382.572937
v 459.000000 162.154587 382.572937
v 459.000000 162.383667 382.118561
v 480.000000 162.383667 382.118561
v 459.000000 162.532669 381.632050
v 480.000000 162.532669 381.632050
v 480.000000 162.597290 381.127319
v 459.000000 162.597290 381.127319
v 480.000000 162.575699 380.618958
v 459.000000 162.575699 380.618958
v 480.000000 162.468506 380.121521
v 459.000000 162.468506 380.121521
v 480.000000 162.278778 379.649384
v 459.000000 162.278778 379.649384
v 480.000000 162.011993 379.216095
v 459.000000 162.011993 379.216095
v 480.000000 161.675812 378.834137
v 459.000000 161.675812 378.834137
v 459.000000 161.279922 378.514465
v 480.000000 161.279922 378.514465
v 480.000000 160.835709 378.266327
v 459.000000 160.835709 378.266327
v 480.000000 160.355942 378.096802
v 459.000000 160.355942 378.096802
v 480.000000 159.854416 378.010803
v 459.000000 159.854416 378.010803
v 480.000000 159.345581 378.010803
v 459.000000 159.345581 378.010803
v 459.000000 158.844070 378.096802
v 480.000000 158.844070 378.096802
v 459.000000 158.364304 378.266327
v 480.000000 158.364304 378.266327
v 480.000000 157.920074 378.514465
v 459.000000 157.920074 378.514465
v 459.000000 157.524185 378.834137
v 480.000000 157.524185 378.834137
v 480.000000 157.188004 379.216095
v 459.000000 157.188004 379.216095
v 480.000000 156.921219 379.649384
v 459.000000 156.921219 379.649384
v 459.000000 156.731506 380.121521
v 480.000000 156.731506 380.121521
v 480.000000 156.624298 380.618958
v 459.000000 156.624298 380.618958
v 480.000000 156.602707 381.127319
v 459.000000 156.602707 381.127319
v 459.000000 156.667328 381.632050
v 480.000000 156.667328 381.632050
v 480.000000 156.816330 382.118561
v 459.000000 156.816330 382.118561
v 480.000000 157.045410 382.572937
v 459.000000 157.045410 382.572937
v 480.000000 157.347977 382.982025
v 459.000000 157.347977 382.982025
v 459.000000 157.715347 383.334106
v 480.000000 157.715347 383.334106
v 459.000000 158.136917 383.619049
v 480.000000 158.136917 383.619049
v 480.000000 158.600586 383.828644
v 459.000000 158.600586 383.828644
v 459.000000 159.093002 383.956848
v 480.000000 159.093002 383.956848
v 34.000000 349.500000 205.199997
v 34.000000 350.006989 205.243149
v 55.000000 349.500000 205.199997
v 55.000000 350.006989 205.243149
v 34.000000 350.499420 205.371368
v 55.000000 350.499420 205.371368
v 34.000000 350.963074 205.580963
v 55.000000 350.963074 205.580963
v 55.000000 351.384674 205.865891
v 34.000000 351.384674 205.865891
v 34.000000 351.752014 206.217972
v 55.000000 351.752014 206.217972
v 55.000000 352.054596 206.627075
v 34.000000 352.054596 206.627075
v 34.000000 352.283661 207.081436
v 55.000000 352.283661 207.081436
v 34.000000 352.432678 207.567963
v 55.000000 352.432678 207.567963
v 34.000000 352.497284 208.072678
v 55.000000 352.497284 208.072678
v 34.000000 352.475708 208.581055
v 55.000000 352.475708 208.581055
v 55.000000 352.368500 209.078461
v 34.000000 352.368500 209.078461
v 34.000000 352.178772 209.550613
v 55.000000 352.178772 209.550613
v 34.000000 351.911987 209.983902
v 55.000000 351.911987 209.983902
v 34.000000 351.575806 210.365875
v 55.000000 351.575806 210.365875
v 55.000000 351.179932 210.685532
v 34.000000 351.179932 210.685532
v 34.000000 350.735718 210.933685
v 55.000000 350.735718 210.933685
v 34.000000 350.255920 211.103195
v 55.000000 350.255920 211.103195
v 34.000000 349.754425 211.189194
v 55.000000 349.754425 211.189194
v 55.000000 349.245575 211.189194
v 34.000000 349.245575 211.189194
v 34.000000 348.744080 211.103195
v 55.000000 348.744080 211.103195
v 55.000000 348.264282 210.933685
v 34.000000 348.264282 210.933685
v 55.000000 347.820068 210.685532
v 34.000000 347.820068 210.685532
v 34.000000 347.424194 210.365875
v 55.000000 347.424194 210.365875
v 55.000000 347.088013 209.983902
v 34.000000 347.088013 209.983902
v 34.000000 346.821228 209.550613
v 55.000000 346.821228 209.550613
v 34.000000 346.631500 209.078461
v 34.000000 346.524292 208.581055
v 55.000000 346.524292 208.581055
v 34.000000 346.502716 208.072678
v 55.000000 346.502716 208.072678
v 34.000000 346.567322 207.567963
v 55.000000 346.567322 207.567963
v 34.000000 346.716339 207.081436
v 55.000000 346.716339 207.081436
v 55.000000 346.945404 206.627075
v 34.000000 346.945404 206.627075
v 34.000000 347.247986 206.217972
v 55.000000 347.247986 206.217972
v 34.000000 347.615326 205.865891
v 55.000000 347.615326 205.865891
v 34.000000 348.036926 205.580963
v 55.000000 348.036926 205.580963
v 34.000000 348.500580 205.371368
v 55.000000 348.500580 205.371368
v 34.000000 348.993011 205.243149
v 55.000000 348.993011 205.243149
v 55.000000 346.631500 209.078461
v 480.000000 349.500000 211.199997
v 480.000000 350.006989 211.156845
v 459.000000 349.500000 211.199997
v 459.000000 350.006989 211.156845
v 480.000000 350.499420 211.028625
v 459.000000 350.499420 211.028625
v 480.000000 350.963074 210.819046
v 459.000000 350.963074 210.819046
v 480.000000 351.384674 210.534103
v 459.000000 351.384674 210.534103
v 480.000000 351.752014 210.182022
v 459.000000 351.752014 210.182022
v 480.000000 352.054596 209.772919
v 459.000000 352.054596 209.772919
v 459.000000 352.283661 209.318573
v 480.000000 352.283661 209.318573
v 459.000000 352.432678 208.832031
v 480.000000 352.432678 208.832031
v 480.000000 352.497284 208.327316
v 459.000000 352.497284 208.327316
v 480.000000 352.475708 207.818939
v 459.000000 352.475708 207.818939
v 480.000000 352.368500 207.321533
v 459.000000 352.368500 207.321533
v 480.000000 352.178772 206.849396
v 459.000000 352.178772 206.849396
v 480.000000 351.911987 206.416107
v 459.000000 351.911987 206.416107
v 480.000000 351.575806 206.034134
v 459.000000 351.575806 206.034134
v 459.000000 351.179932 205.714478
v 480.000000 351.179932 205.714478
v 480.000000 350.735718 205.466309
v 480.000000 350.255920 205.296799
v 480.000000 349.754425 205.210800
v 459.000000 349.754425 205.210800
v 480.000000 349.245575 205.210800
v 459.000000 349.245575 205.210800
v 480.000000 348.744080 205.296799
v 480.000000 348.264282 205.466309
v 480.000000 347.820068 205.714478
v 459.000000 347.820068 205.714478
v 459.000000 347.424194 206.034134
v 480.000000 347.424194 206.034134
v 480.000000 347.088013 206.416107
v 459.000000 347.088013 206.416107
v 480.000000 346.821228 206.849396
v 459.000000 346.821228 206.849396
v 459.000000 346.631500 207.321533
v 480.000000 346.631500 207.321533
v 480.000000 346.524292 207.818939
v 459.000000 346.524292 207.818939
v 480.000000 346.502716 208.327316
v 459.000000 346.502716 208.327316
v 480.000000 346.567322 208.832031
v 480.000000 346.716339 209.318573
v 459.000000 346.716339 209.318573
v 480.000000 346.945404 209.772919
v 480.000000 347.247986 210.182022
v 459.000000 347.247986 210.182022
v 480.000000 347.615326 210.534103
v 459.000000 348.036926 210.819046
v 480.000000 348.036926 210.819046
v 480.000000 348.500580 211.028625
v 459.000000 348.500580 211.028625
v 459.000000 348.993011 211.156845
v 480.000000 348.993011 211.156845
v 459.000000 348.744080 205.296799
v 459.000000 348.264282 205.466309
v 459.000000 350.735718 205.466309
v 459.000000 350.255920 205.296799
v 459.000000 347.615326 210.534103
v 459.000000 346.567322 208.832031
v 459.000000 346.945404 209.772919
v 34.000000 349.500000 378.000000
v 34.000000 350.006989 378.043152
v 55.000000 349.500000 378.000000
v 55.000000 350.006989 378.043152
v 34.000000 350.499420 378.171356
v 55.000000 350.499420 378.171356
v 34.000000 350.963074 378.380951
v 55.000000 350.963074 378.380951
v 55.000000 351.384674 378.665894
v 34.000000 351.384674 378.665894
v 34.000000 351.752014 379.017975
v 55.000000 351.752014 379.017975
v 55.000000 352.054596 379.427063
v 34.000000 352.054596 379.427063
v 34.000000 352.283661 379.881439
v 55.000000 352.283661 379.881439
v 34.000000 352.432678 380.367950
v 55.000000 352.432678 380.367950
v 34.000000 352.497284 380.872681
v 55.000000 352.497284 380.872681
v 34.000000 352.475708 381.381042
v 55.000000 352.475708 381.381042
v 55.000000 352.368500 381.878479
v 34.000000 352.368500 381.878479
v 34.000000 352.178772 382.350616
v 55.000000 352.178772 382.350616
v 34.000000 351.911987 382.783905
v 55.000000 351.911987 382.783905
v 34.000000 351.575806 383.165863
v 55.000000 351.575806 383.165863
v 55.000000 351.179932 383.485535
v 34.000000 351.179932 383.485535
v 34.000000 350.735718 383.733673
v 55.000000 350.735718 383.733673
v 34.000000 350.255920 383.903198
v 55.000000 350.255920 383.903198
v 34.000000 349.754425 383.989197
v 55.000000 349.754425 383.989197
v 55.000000 349.245575 383.989197
v 34.000000 349.245575 383.989197
v 34.000000 348.744080 383.903198
v 55.000000 348.744080 383.903198
v 55.000000 348.264282 383.733673
v 34.000000 348.264282 383.733673
v 55.000000 347.820068 383.485535
v 34.000000 347.820068 383.485535
v 34.000000 347.424194 383.165863
v 55.000000 347.424194 383.165863
v 55.000000 347.088013 382.783905
v 34.000000 347.088013 382.783905
v 34.000000 346.821228 382.350616
v 55.000000 346.821228 382.350616
v 34.000000 346.631500 381.878479
v 55.000000 346.631500 381.878479
v 34.000000 346.524292 381.381042
v 55.000000 346.524292 381.381042
v 34.000000 346.502716 380.872681
v 55.000000 346.502716 380.872681
v 34.000000 346.567322 380.367950
v 55.000000 346.567322 380.367950
v 34.000000 346.716339 379.881439
v 55.000000 346.716339 379.881439
v 55.000000 346.945404 379.427063
v 34.000000 346.945404 379.427063
v 34.000000 347.247986 379.017975
v 55.000000 347.247986 379.017975
v 34.000000 347.615326 378.665894
v 55.000000 347.615326 378.665894
v 34.000000 348.036926 378.380951
v 55.000000 348.036926 378.380951
v 34.000000 348.500580 378.171356
v 55.000000 348.500580 378.171356
v 34.000000 348.993011 378.043152
v 55.000000 348.993011 378.043152
v 480.000000 349.500000 384.000000
v 480.000000 350.006989 383.956848
v 459.000000 349.500000 384.000000
v 459.000000 350.006989 383.956848
v 480.000000 350.499420 383.828644
v 459.000000 350.499420 383.828644
v 480.000000 350.963074 383.619049
v 459.000000 350.963074 383.619049
v 480.000000 351.384674 383.334106
v 459.000000 351.384674 383.334106
v 480.000000 351.752014 382.982025
v 459.000000 351.752014 382.982025
v 480.000000 352.054596 382.572937
v 459.000000 352.054596 382.572937
v 459.000000 352.283661 382.118561
v 480.000000 352.283661 382.118561
v 459.000000 352.432678 381.632050
v 480.000000 352.432678 381.632050
v 480.000000 352.497284 381.127319
v 459.000000 352.497284 381.127319
v 480.000000 352.475708 380.618958
v 459.000000 352.475708 380.618958
v 480.000000 352.368500 380.121521
v 459.000000 352.368500 380.121521
v 480.000000 352.178772 379.649384
v 459.000000 352.178772 379.649384
v 480.000000 351.911987 379.216095
v 459.000000 351.911987 379.216095
v 480.000000 351.575806 378.834137
v 459.000000 351.575806 378.834137
v 459.000000 351.179932 378.514465
v 480.000000 351.179932 378.514465
v 480.000000 350.735718 378.266327
v 459.000000 350.735718 378.266327
v 480.000000 350.255920 378.096802
v 459.000000 350.255920 378.096802
v 480.000000 349.754425 378.010803
v 459.000000 349.754425 378.010803
v 480.000000 349.245575 378.010803
v 459.000000 349.245575 378.010803
v 459.000000 348.744080 378.096802
v 480.000000 348.744080 378.096802
v 459.000000 348.264282 378.266327
v 480.000000 348.264282 378.266327
v 480.000000 347.820068 378.514465
v 459.000000 347.820068 378.514465
v 459.000000 347.424194 378.834137
v 480.000000 347.424194 378.834137
v 480.000000 347.088013 379.216095
v 459.000000 347.088013 379.216095
v 480.000000 346.821228 379.649384
v 459.000000 346.821228 379.649384
v 459.000000 346.631500 380.121521
v 480.000000 346.631500 380.121521
v 480.000000 346.524292 380.618958
v 459.000000 346.524292 380.618958
v 480.000000 346.502716 381.127319
v 459.000000 346.502716 381.127319
v 459.000000 346.567322 381.632050
v 480.000000 346.567322 381.632050
v 480.000000 346.716339 382.118561
v 459.000000 346.716339 382.118561
v 480.000000 346.945404 382.572937
v 459.000000 346.945404 382.572937
v 480.000000 347.247986 382.982025
v 459.000000 347.247986 382.982025
v 459.000000 347.615326 383.334106
v 480.000000 347.615326 383.334106
v 459.000000 348.036926 383.619049
v 480.000000 348.036926 383.619049
v 480.000000 348.500580 383.828644
v 459.000000 348.500580 383.828644
v 459.000000 348.993011 383.956848
v 480.000000 348.993011 383.956848
v 170.399994 159.600006 476.000000
v 170.356842 159.093002 476.000000
v 170.399994 159.600006 455.000000
v 170.356842 159.093002 455.000000
v 170.228638 158.600586 476.000000
v 170.228638 158.600586 455.000000
v 170.019043 158.136917 476.000000
v 170.019043 158.136917 455.000000
v 169.734100 157.715347 476.000000
v 169.734100 157.715347 455.000000
v 169.382019 157.347977 476.000000
v 168.972916 157.045410 476.000000
v 168.518570 156.816330 455.000000
v 168.518570 156.816330 476.000000
v 168.032043 156.667328 455.000000
v 168.032043 156.667328 476.000000
v 167.527328 156.602707 476.000000
v 167.527328 156.602707 455.000000
v 167.018951 156.624298 476.000000
v 167.018951 156.624298 455.000000
v 166.521530 156.731506 476.000000
v 166.521530 156.731506 455.000000
v 166.049393 156.921219 476.000000
v 166.049393 156.921219 455.000000
v 165.616104 157.188004 476.000000
v 165.616104 157.188004 455.000000
v 165.234131 157.524185 476.000000
v 165.234131 157.524185 455.000000
v 164.914474 157.920074 455.000000
v 164.914474 157.920074 476.000000
v 164.666321 158.364304 476.000000
v 164.666321 158.364304 455.000000
v 164.496796 158.844070 476.000000
v 164.496796 158.844070 455.000000
v 164.410812 159.345581 476.000000
v 164.410812 159.345581 455.000000
v 164.410812 159.854416 476.000000
v 164.410812 159.854416 455.000000
v 164.496796 160.355942 455.000000
v 164.496796 160.355942 476.000000
v 164.666321 160.835709 455.000000
v 164.666321 160.835709 476.000000
v 164.914474 161.279922 476.000000
v 164.914474 161.279922 455.000000
v 165.234131 161.675812 476.000000
v 165.616104 162.011993 476.000000
v 166.049393 162.278778 476.000000
v 166.049393 162.278778 455.000000
v 166.521530 162.468506 455.000000
v 166.521530 162.468506 476.000000
v 167.018951 162.575699 476.000000
v 167.018951 162.575699 455.000000
v 167.527328 162.597290 476.000000
v 167.527328 162.597290 455.000000
v 168.032043 162.532669 476.000000
v 168.518570 162.383667 476.000000
v 168.518570 162.383667 455.000000
v 168.972916 162.154587 476.000000
v 169.382019 161.852020 476.000000
v 169.382019 161.852020 455.000000
v 169.734100 161.484665 455.000000
v 169.734100 161.484665 476.000000
v 170.019043 161.063080 455.000000
v 170.019043 161.063080 476.000000
v 170.228638 160.599426 476.000000
v 170.356842 160.107010 455.000000
v 170.356842 160.107010 476.000000
v 165.616104 162.011993 455.000000
v 165.234131 161.675812 455.000000
v 168.032043 162.532669 455.000000
v 168.972916 162.154587 455.000000
v 170.228638 160.599426 455.000000
v 168.972916 157.045410 455.000000
v 169.382019 157.347977 455.000000
v 372.000000 159.600006 476.000000
v 371.956848 159.093002 476.000000
v 372.000000 159.600006 455.000000
v 371.828644 158.600586 476.000000
v 371.828644 158.600586 455.000000
v 371.619049 158.136917 476.000000
v 371.619049 158.136917 455.000000
v 371.334106 157.715347 476.000000
v 371.334106 157.715347 455.000000
v 370.982025 157.347977 476.000000
v 370.982025 157.347977 455.000000
v 370.572937 157.045410 476.000000
v 370.118561 156.816330 455.000000
v 370.118561 156.816330 476.000000
v 369.632050 156.667328 455.000000
v 369.632050 156.667328 476.000000
v 369.127319 156.602707 476.000000
v 369.127319 156.602707 455.000000
v 368.618958 156.624298 476.000000
v 368.618958 156.624298 455.000000
v 368.121521 156.731506 476.000000
v 368.121521 156.731506 455.000000
v 367.649384 156.921219 476.000000
v 367.649384 156.921219 455.000000
v 367.216095 157.188004 476.000000
v 367.216095 157.188004 455.000000
v 366.834137 157.524185 476.000000
v 366.834137 157.524185 455.000000
v 366.514465 157.920074 455.000000
v 366.514465 157.920074 476.000000
v 366.266327 158.364304 476.000000
v 366.266327 158.364304 455.000000
v 366.096802 158.844070 476.000000
v 366.096802 158.844070 455.000000
v 366.010803 159.345581 476.000000
v 366.010803 159.345581 455.000000
v 366.010803 159.854416 476.000000
v 366.010803 159.854416 455.000000
v 366.096802 160.355942 476.000000
v 366.266327 160.835709 455.000000
v 366.266327 160.835709 476.000000
v 366.514465 161.279922 476.000000
v 366.514465 161.279922 455.000000
v 366.834137 161.675812 455.000000
v 366.834137 161.675812 476.000000
v 367.216095 162.011993 476.000000
v 367.649384 162.278778 476.000000
v 367.649384 162.278778 455.000000
v 368.121521 162.468506 455.000000
v 368.121521 162.468506 476.000000
v 368.618958 162.575699 476.000000
v 368.618958 162.575699 455.000000
v 369.127319 162.597290 476.000000
v 369.632050 162.532669 476.000000
v 370.118561 162.383667 476.000000
v 370.118561 162.383667 455.000000
v 370.572937 162.154587 476.000000
v 370.572937 162.154587 455.000000
v 370.982025 161.852020 476.000000
v 370.982025 161.852020 455.000000
v 371.334106 161.484665 455.000000
v 371.334106 161.484665 476.000000
v 371.619049 161.063080 476.000000
v 371.828644 160.599426 476.000000
v 371.956848 160.107010 455.000000
v 371.956848 160.107010 476.000000
v 367.216095 162.011993 455.000000
v 366.096802 160.355942 455.000000
v 369.127319 162.597290 455.000000
v 369.632050 162.532669 455.000000
v 371.619049 161.063080 455.000000
v 371.828644 160.599426 455.000000
v 371.956848 159.093002 455.000000
v 370.572937 157.045410 455.000000
v 170.399994 349.500000 476.000000
v 170.356842 348.993011 476.000000
v 170.399994 349.500000 455.000000
v 170.356842 348.993011 455.000000
v 170.228638 348.500580 476.000000
v 170.228638 348.500580 455.000000
v 170.019043 348.036926 476.000000
v 170.019043 348.036926 455.000000
v 169.734100 347.615326 476.000000
v 169.734100 347.615326 455.000000
v 169.382019 347.247986 476.000000
v 169.382019 347.247986 455.000000
v 168.972916 346.945404 476.000000
v 168.972916 346.945404 455.000000
v 168.518570 346.716339 455.000000
v 168.518570 346.716339 476.000000
v 168.032043 346.567322 455.000000
v 168.032043 346.567322 476.000000
v 167.527328 346.502716 476.000000
v 167.527328 346.502716 455.000000
v 167.018951 346.524292 476.000000
v 167.018951 346.524292 455.000000
v 166.521530 346.631500 476.000000
v 166.521530 346.631500 455.000000
v 166.049393 346.821228 476.000000
v 166.049393 346.821228 455.000000
v 165.616104 347.088013 476.000000
v 165.616104 347.088013 455.000000
v 165.234131 347.424194 476.000000
v 165.234131 347.424194 455.000000
v 164.914474 347.820068 455.000000
v 164.914474 347.820068 476.000000
v 164.666321 348.264282 476.000000
v 164.666321 348.264282 455.000000
v 164.496796 348.744080 476.000000
v 164.496796 348.744080 455.000000
v 164.410812 349.245575 476.000000
v 164.410812 349.245575 455.000000
v 164.410812 349.754425 476.000000
v 164.410812 349.754425 455.000000
v 164.496796 350.255920 455.000000
v 164.496796 350.255920 476.000000
v 164.666321 350.735718 455.000000
v 164.666321 350.735718 476.000000
v 164.914474 351.179932 476.000000
v 164.914474 351.179932 455.000000
v 165.234131 351.575806 455.000000
v 165.234131 351.575806 476.000000
v 165.616104 351.911987 476.000000
v 165.616104 351.911987 455.000000
v 166.049393 352.178772 476.000000
v 166.049393 352.178772 455.000000
v 166.521530 352.368500 455.000000
v 166.521530 352.368500 476.000000
v 167.018951 352.475708 476.000000
v 167.018951 352.475708 455.000000
v 167.527328 352.497284 476.000000
v 167.527328 352.497284 455.000000
v 168.032043 352.432678 455.000000
v 168.032043 352.432678 476.000000
v 168.518570 352.283661 476.000000
v 168.518570 352.283661 455.000000
v 168.972916 352.054596 476.000000
v 168.972916 352.054596 455.000000
v 169.382019 351.752014 476.000000
v 169.382019 351.752014 455.000000
v 169.734100 351.384674 455.000000
v 169.734100 351.384674 476.000000
v 170.019043 350.963074 455.000000
v 170.019043 350.963074 476.000000
v 170.228638 350.499420 476.000000
v 170.228638 350.499420 455.000000
v 170.356842 350.006989 455.000000
v 170.356842 350.006989 476.000000
v 372.000000 349.500000 476.000000
v 371.956848 348.993011 476.000000
v 372.000000 349.500000 455.000000
v 371.956848 348.993011 455.000000
v 371.828644 348.500580 476.000000
v 371.828644 348.500580 455.000000
v 371.619049 348.036926 476.000000
v 371.619049 348.036926 455.000000
v 371.334106 347.615326 476.000000
v 371.334106 347.615326 455.000000
v 370.982025 347.247986 476.000000
v 370.982025 347.247986 455.000000
v 370.572937 346.945404 476.000000
v 370.572937 346.945404 455.000000
v 370.118561 346.716339 455.000000
v 370.118561 346.716339 476.000000
v 369.632050 346.567322 455.000000
v 369.632050 346.567322 476.000000
v 369.127319 346.502716 476.000000
v 369.127319 346.502716 455.000000
v 368.618958 346.524292 476.000000
v 368.618958 346.524292 455.000000
v 368.121521 346.631500 476.000000
v 368.121521 346.631500 455.000000
v 367.649384 346.821228 476.000000
v 367.649384 346.821228 455.000000
v 367.216095 347.088013 476.000000
v 367.216095 347.088013 455.000000
v 366.834137 347.424194 476.000000
v 366.834137 347.424194 455.000000
v 366.514465 347.820068 455.000000
v 366.514465 347.820068 476.000000
v 366.266327 348.264282 476.000000
v 366.266327 348.264282 455.000000
v 366.096802 348.744080 476.000000
v 366.096802 348.744080 455.000000
v 366.010803 349.245575 476.000000
v 366.010803 349.245575 455.000000
v 366.010803 349.754425 476.000000
v 366.010803 349.754425 455.000000
v 366.096802 350.255920 455.000000
v 366.096802 350.255920 476.000000
v 366.266327 350.735718 455.000000
v 366.266327 350.735718 476.000000
v 366.514465 351.179932 476.000000
v 366.514465 351.179932 455.000000
v 366.834137 351.575806 455.000000
v 366.834137 351.575806 476.000000
v 367.216095 351.911987 476.000000
v 367.216095 351.911987 455.000000
v 367.649384 352.178772 476.000000
v 367.649384 352.178772 455.000000
v 368.121521 352.368500 455.000000
v 368.121521 352.368500 476.000000
v 368.618958 352.475708 476.000000
v 368.618958 352.475708 455.000000
v 369.127319 352.497284 476.000000
v 369.127319 352.497284 455.000000
v 369.632050 352.432678 455.000000
v 369.632050 352.432678 476.000000
v 370.118561 352.283661 476.000000
v 370.118561 352.283661 455.000000
v 370.572937 352.054596 476.000000
v 370.572937 352.054596 455.000000
v 370.982025 351.752014 476.000000
v 370.982025 351.752014 455.000000
v 371.334106 351.384674 455.000000
v 371.334106 351.384674 476.000000
v 371.619049 350.963074 455.000000
v 371.619049 350.963074 476.000000
v 371.828644 350.499420 476.000000
v 371.828644 350.499420 455.000000
v 371.956848 350.006989 455.000000
v 371.956848 350.006989 476.000000
v 47.000000 29.000000 107.000000
v 47.000000 33.000000 463.000000
v 47.000000 33.000000 107.000000
v 47.000000 29.000000 463.000000
v 55.000000 29.000000 455.000000
v 55.000000 29.000000 115.000000
v 467.000000 29.000000 107.000000
v 459.000000 29.000000 115.000000
v 459.000000 29.000000 455.000000
v 467.000000 29.000000 463.000000
v 467.000000 33.000000 463.000000
v 467.000000 33.000000 107.000000
v 44.000000 23.000000 175.000000
v 43.935253 23.802057 175.000000
v 44.000000 23.000000 205.000000
v 43.935253 23.802057 205.000000
v 43.742683 24.583340 175.000000
v 43.742683 24.583340 205.000000
v 43.427280 25.323616 175.000000
v 43.427280 25.323616 205.000000
v 42.997215 26.003712 205.000000
v 42.997215 26.003712 175.000000
v 42.463623 26.606012 205.000000
v 42.463623 26.606012 175.000000
v 41.840324 27.114920 175.000000
v 41.840324 27.114920 205.000000
v 41.143463 27.517252 205.000000
v 41.143463 27.517252 175.000000
v 40.391087 27.802591 175.000000
v 40.391087 27.802591 205.000000
v 39.602684 27.963545 175.000000
v 39.602684 27.963545 205.000000
v 38.798672 27.995945 175.000000
v 38.798672 27.995945 205.000000
v 37.999870 27.898952 175.000000
v 37.999870 27.898952 205.000000
v 37.226974 27.675081 175.000000
v 37.226974 27.675081 205.000000
v 36.500000 27.330128 205.000000
v 36.500000 27.330128 175.000000
v 35.837772 26.873024 205.000000
v 35.837772 26.873024 175.000000
v 35.257446 26.315613 175.000000
v 35.257446 26.315613 205.000000
v 34.774048 25.672329 175.000000
v 34.774048 25.672329 205.000000
v 34.400105 24.959833 175.000000
v 34.400105 24.959833 205.000000
v 34.145290 24.196579 175.000000
v 34.145290 24.196579 205.000000
v 34.016212 23.402332 175.000000
v 34.016212 23.402332 205.000000
v 34.016212 22.597668 175.000000
v 34.016212 22.597668 205.000000
v 34.145290 21.803421 205.000000
v 34.145290 21.803421 175.000000
v 34.400105 21.040167 175.000000
v 34.400105 21.040167 205.000000
v 34.774048 20.327671 175.000000
v 34.774048 20.327671 205.000000
v 35.257446 19.684387 205.000000
v 35.257446 19.684387 175.000000
v 35.837772 19.126976 175.000000
v 35.837772 19.126976 205.000000
v 36.500000 18.669872 205.000000
v 36.500000 18.669872 175.000000
v 37.226974 18.324919 175.000000
v 37.226974 18.324919 205.000000
v 37.999870 18.101048 175.000000
v 37.999870 18.101048 205.000000
v 38.798672 18.004055 175.000000
v 38.798672 18.004055 205.000000
v 39.602684 18.036455 175.000000
v 39.602684 18.036455 205.000000
v 40.391087 18.197409 205.000000
v 40.391087 18.197409 175.000000
v 41.143463 18.482748 175.000000
v 41.143463 18.482748 205.000000
v 41.840324 18.885080 175.000000
v 41.840324 18.885080 205.000000
v 42.463623 19.393988 175.000000
v 42.463623 19.393988 205.000000
v 42.997215 19.996288 205.000000
v 42.997215 19.996288 175.000000
v 43.427280 20.676384 175.000000
v 43.427280 20.676384 205.000000
v 43.742683 21.416660 175.000000
v 43.742683 21.416660 205.000000
v 43.935253 22.197943 175.000000
v 43.935253 22.197943 205.000000
v 44.000000 23.000000 365.000000
v 43.935253 23.802057 365.000000
v 44.000000 23.000000 395.000000
v 43.935253 23.802057 395.000000
v 43.742683 24.583340 365.000000
v 43.742683 24.583340 395.000000
v 43.427280 25.323616 365.000000
v 43.427280 25.323616 395.000000
v 42.997215 26.003712 395.000000
v 42.997215 26.003712 365.000000
v 42.463623 26.606012 395.000000
v 42.463623 26.606012 365.000000
v 41.840324 27.114920 365.000000
v 41.840324 27.114920 395.000000
v 41.143463 27.517252 395.000000
v 41.143463 27.517252 365.000000
v 40.391087 27.802591 365.000000
v 40.391087 27.802591 395.000000
v 39.602684 27.963545 365.000000
v 39.602684 27.963545 395.000000
v 38.798672 27.995945 365.000000
v 38.798672 27.995945 395.000000
v 37.999870 27.898952 365.000000
v 37.999870 27.898952 395.000000
v 37.226974 27.675081 365.000000
v 37.226974 27.675081 395.000000
v 36.500000 27.330128 395.000000
v 36.500000 27.330128 365.000000
v 35.837772 26.873024 395.000000
v 35.837772 26.873024 365.000000
v 35.257446 26.315613 365.000000
v 35.257446 26.315613 395.000000
v 34.774048 25.672329 365.000000
v 34.774048 25.672329 395.000000
v 34.400105 24.959833 365.000000
v 34.400105 24.959833 395.000000
v 34.145290 24.196579 365.000000
v 34.145290 24.196579 395.000000
v 34.016212 23.402332 365.000000
v 34.016212 23.402332 395.000000
v 34.016212 22.597668 365.000000
v 34.016212 22.597668 395.000000
v 34.145290 21.803421 395.000000
v 34.145290 21.803421 365.000000
v 34.400105 21.040167 365.000000
v 34.400105 21.040167 395.000000
v 34.774048 20.327671 365.000000
v 34.774048 20.327671 395.000000
v 35.257446 19.684387 395.000000
v 35.257446 19.684387 365.000000
v 35.837772 19.126976 365.000000
v 35.837772 19.126976 395.000000
v 36.500000 18.669872 395.000000
v 36.500000 18.669872 365.000000
v 37.226974 18.324919 365.000000
v 37.226974 18.324919 395.000000
v 37.999870 18.101048 365.000000
v 37.999870 18.101048 395.000000
v 38.798672 18.004055 365.000000
v 38.798672 18.004055 395.000000
v 39.602684 18.036455 365.000000
v 39.602684 18.036455 395.000000
v 40.391087 18.197409 395.000000
v 40.391087 18.197409 365.000000
v 41.143463 18.482748 365.000000
v 41.143463 18.482748 395.000000
v 41.840324 18.885080 365.000000
v 41.840324 18.885080 395.000000
v 42.463623 19.393988 365.000000
v 42.463623 19.393988 395.000000
v 42.997215 19.996288 395.000000
v 42.997215 19.996288 365.000000
v 43.427280 20.676384 365.000000
v 43.427280 20.676384 395.000000
v 43.742683 21.416660 365.000000
v 43.742683 21.416660 395.000000
v 43.935253 22.197943 365.000000
v 43.935253 22.197943 395.000000
v 461.000000 18.000000 255.000000
v 461.000000 18.000000 315.000000
v 461.000000 32.000000 255.000000
v 461.000000 32.000000 315.000000
v 483.000000 18.000000 315.000000
v 483.000000 18.000000 255.000000
v 483.000000 32.000000 255.000000
v 483.000000 32.000000 315.000000
v 80.000000 55.000000 152.000000
v 80.000000 433.000000 152.000000
v 81.000000 55.000000 152.000000
v 81.000000 55.000000 166.000000
v 88.000000 55.000000 152.000000
v 87.000000 55.000000 166.000000
v 87.000000 55.000000 152.000000
v 88.000000 55.000000 167.000000
v 88.000000 433.000000 167.000000
v 81.000000 433.000000 166.000000
v 81.000000 433.000000 152.000000
v 87.000000 433.000000 166.000000
v 88.000000 433.000000 152.000000
v 87.000000 433.000000 152.000000
v 248.000000 55.000000 152.000000
v 248.000000 55.000000 167.000000
v 248.000000 433.000000 152.000000
v 248.000000 433.000000 167.000000
v 249.000000 55.000000 152.000000
v 249.000000 55.000000 166.000000
v 266.000000 55.000000 152.000000
v 265.000000 55.000000 166.000000
v 265.000000 55.000000 152.000000
v 266.000000 55.000000 167.000000
v 266.000000 433.000000 167.000000
v 249.000000 433.000000 166.000000
v 249.000000 433.000000 152.000000
v 265.000000 433.000000 166.000000
v 266.000000 433.000000 152.000000
v 265.000000 433.000000 152.000000
v 426.000000 55.000000 152.000000
v 426.000000 55.000000 167.000000
v 426.000000 433.000000 152.000000
v 426.000000 433.000000 167.000000
v 427.000000 55.000000 152.000000
v 427.000000 55.000000 166.000000
v 434.000000 55.000000 152.000000
v 433.000000 55.000000 166.000000
v 433.000000 55.000000 152.000000
v 427.000000 433.000000 166.000000
v 427.000000 433.000000 152.000000
v 433.000000 433.000000 166.000000
v 434.000000 433.000000 152.000000
v 433.000000 433.000000 152.000000
v 55.000000 99.000000 137.000000
v 55.000000 99.000000 151.000000
v 55.000000 81.000000 151.000000
v 55.000000 81.000000 137.000000
v 459.000000 99.000000 137.000000
v 459.000000 99.000000 151.000000
v 459.000000 81.000000 151.000000
v 459.000000 81.000000 137.000000
v 55.000000 407.000000 137.000000
v 55.000000 407.000000 151.000000
v 55.000000 389.000000 151.000000
v 55.000000 389.000000 137.000000
v 459.000000 407.000000 137.000000
v 459.000000 407.000000 151.000000
v 459.000000 389.000000 151.000000
v 459.000000 389.000000 137.000000
v 1.000000 1.000000 23.451683
v 1.017442 1.034900 24.450920
v 0.744030 421.000000 8.787162
v 0.761471 421.034912 9.786401
v 447.017456 1.034899 16.665945
v 447.000000 1.000000 15.666707
v 446.744019 421.000000 1.002186
v 446.761475 421.034912 2.001425
vn -1.000000 0.000000 0.000000
vn -1.000000 0.000000 0.000000
vn 0.000000 -1.000000 0.000000
vn 0.000000 -1.000000 0.000000
vn 0.997564 0.069756 -0.000000
vn 0.997564 0.069756 0.000000
vn 0.978148 0.207911 0.000000
vn 0.978148 0.207911 -0.000000
vn 0.939692 0.342020 0.000000
vn 0.939692 0.342020 -0.000000
vn 0.882948 0.469472 0.000000
vn 0.882948 0.469472 -0.000000
vn 0.809017 0.587785 0.000000
vn 0.809017 0.587785 -0.000000
vn 0.719340 0.694658 0.000000
vn 0.719340 0.694658 -0.000000
vn 0.615661 0.788011 0.000000
vn 0.615661 0.788011 -0.000000
vn 0.500000 0.866025 0.000000
vn 0.500000 0.866025 -0.000000
vn 0.374607 0.927184 0.000000
vn 0.241923 0.970296 0.000000
vn 0.374607 0.927184 -0.000000
vn 0.241923 0.970296 0.000000
vn 0.104528 0.994522 0.000000
vn 0.104528 0.994522 -0.000000
vn -0.034899 0.999391 0.000000
vn -0.034899 0.999391 0.000000
vn -0.173648 0.984808 0.000000
vn -0.173648 0.984808 0.000000
vn -0.309018 0.951056 0.000000
vn -0.309018 0.951056 0.000000
vn -0.438371 0.898794 0.000000
vn -0.438371 0.898794 0.000000
vn -0.559193 0.829037 0.000000
vn -0.559193 0.829037 0.000000
vn -0.669130 0.743145 0.000000
vn -0.669130 0.743145 0.000000
vn -0.766045 0.642787 0.000000
vn -0.766045 0.642787 0.000000
vn -0.848048 0.529920 0.000000
vn -0.848048 0.529920 0.000000
vn -0.913546 0.406737 0.000000
vn -0.961262 0.275637 0.000000
vn -0.913546 0.406737 0.000000
vn -0.961262 0.275637 0.000000
vn -0.990268 0.139173 0.000000
vn -0.990268 0.139173 0.000000
vn -1.000000 -0.000000 0.000000
vn -1.000000 0.000000 0.000000
vn -0.990268 -0.139173 0.000000
vn -0.990268 -0.139173 0.000000
vn -0.961262 -0.275638 0.000000
vn -0.961262 -0.275638 0.000000
vn -0.913546 -0.406737 0.000000
vn -0.913546 -0.406737 0.000000
vn -0.848048 -0.529919 0.000000
vn -0.848048 -0.529919 0.000000
vn -0.766044 -0.642788 0.000000
vn -0.766044 -0.642788 0.000000
vn -0.669131 -0.743145 -0.000000
vn -0.669131 -0.743145 0.000000
vn -0.559193 -0.829038 0.000000
vn -0.559193 -0.829038 0.000000
vn -0.438371 -0.898794 0.000000
vn -0.438371 -0.898794 0.000000
vn -0.309017 -0.951057 0.000000
vn -0.309017 -0.951057 0.000000
vn -0.173648 -0.984808 -0.000000
vn -0.173648 -0.984808 0.000000
vn -0.034899 -0.999391 0.000000
vn -0.034899 -0.999391 0.000000
vn 0.104528 -0.994522 0.000000
vn 0.104528 -0.994522 0.000000
vn 0.241922 -0.970296 0.000000
vn 0.241922 -0.970296 0.000000
vn 0.374607 -0.927184 0.000000
vn 0.500000 -0.866026 0.000000
vn 0.374607 -0.927184 0.000000
vn 0.500000 -0.866026 0.000000
vn 0.615662 -0.788011 0.000000
vn 0.719340 -0.694658 0.000000
vn 0.615662 -0.788011 0.000000
vn 0.809017 -0.587785 0.000000
vn 0.719340 -0.694658 0.000000
vn 0.809017 -0.587785 0.000000
vn 0.882948 -0.469472 0.000000
vn 0.882948 -0.469472 0.000000
vn 0.939692 -0.342021 0.000000
vn 0.978148 -0.207911 0.000000
vn 0.939692 -0.342021 0.000000
vn 0.978148 -0.207911 0.000000
vn 0.997564 -0.069756 0.000000
vn 0.997564 -0.069756 0.000000
vn 0.000000 0.000000 -1.000000
vn 0.000000 0.000000 -1.000000
vn 0.000000 0.000000 -1.000000
vn 0.000000 0.000000 -1.000000
vn 0.000000 0.000000 -1.000000
vn 0.000000 0.000000 -1.000000
vn 0.000000 0.000000 -1.000000
vn 0.000000 0.000000 -1.000000
vn 0.000000 0.000000 -1.000000
vn 0.000000 0.000000 -1.000000
vn 0.000000 -0.000000 -1.000000
vn 0.000000 0.000000 -1.000000
vn 0.000000 -0.000000 -1.000000
vn 0.000000 0.000000 -1.000000
vn 0.000000 0.000000 -1.000000
vn 0.000000 0.000000 -1.000000
vn 0.000000 0.000000 -1.000000
vn 0.000000 0.000000 -1.000000
vn 0.000000 -0.000000 -1.000000
vn 0.000000 -0.000000 -1.000000
vn 0.000000 -0.000000 -1.000000
vn 0.000000 -0.000000 -1.000000
vn 0.000000 0.000000 -1.000000
vn 0.000000 0.000000 -1.000000
vn 0.000000 0.000000 -1.000000
vn 0.000000 -0.000000 -1.000000
vn 0.000000 -0.000000 -1.000000
vn 0.000000 -0.000000 -1.000000
vn 0.000000 0.000000 -1.000000
vn 0.000000 0.000000 -1.000000
vn 0.000000 0.000000 -1.000000
vn 0.000000 -0.000000 -1.000000
vn 0.000000 0.000000 -1.000000
vn -0.000000 -0.000000 -1.000000
vn 0.000000 0.000000 -1.000000
vn 0.000000 0.000000 -1.000000
vn 0.000000 0.000000 -1.000000
vn 0.000000 0.000000 -1.000000
vn 0.000000 0.000000 -1.000000
vn 0.000000 -0.000000 -1.000000
vn -0.000000 -0.000000 -1.000000
vn -0.000000 -0.000000 -1.000000
vn 0.000000 0.000000 -1.000000
vn 0.000000 0.000000 1.000000
vn 0.000000 0.000000 1.000000
vn 0.000000 0.000000 1.000000
vn 0.000000 0.000000 1.000000
vn 0.000000 0.000000 1.000000
vn 0.000000 0.000000 1.000000
vn 0.000000 0.000000 1.000000
vn 0.000000 0.000000 1.000000
vn 0.000000 0.000000 1.000000
vn 0.000000 0.000000 1.000000
vn 0.000000 0.000000 1.000000
vn 0.000000 0.000000 1.000000
vn 0.000000 0.000000 1.000000
vn 0.000000 0.000000 1.000000
vn 0.000000 0.000000 1.000000
vn 0.000000 0.000000 1.000000
vn 0.000000 0.000000 1.000000
vn 0.000000 0.000000 1.000000
vn 0.000000 0.000000 1.000000
vn 0.000000 0.000000 1.000000
vn 0.000000 0.000000 1.000000
vn 0.000000 0.000000 1.000000
vn 0.000000 0.000000 1.000000
vn 0.000000 0.000000 1.000000
vn 0.000000 0.000000 1.000000
vn 0.000000 0.000000 1.000000
vn 0.000000 0.000000 1.000000
vn 0.000000 0.000000 1.000000
vn 0.000000 0.000000 1.000000
vn 0.000000 0.000000 1.000000
vn 0.000000 0.000000 1.000000
vn 0.000000 0.000000 1.000000
vn 0.000000 0.000000 1.000000
vn 0.000000 0.000000 1.000000
vn 0.000000 0.000000 1.000000
vn 0.000000 0.000000 1.000000
vn 0.000000 0.000000 1.000000
vn 0.000000 0.000000 1.000000
vn 0.000000 0.000000 1.000000
vn 0.000000 0.000000 1.000000
vn 0.000000 0.000000 1.000000
vn 0.000000 0.000000 1.000000
vn 0.000000 0.000000 1.000000
vn -1.000000 0.000000 0.000000
vn -1.000000 0.000000 0.000000
vn 0.000000 1.000000 0.000000
vn 0.000000 1.000000 0.000000
vn 0.000000 0.000000 -1.000000
vn 0.000000 0.000000 1.000000
vn 0.997564 0.069755 -0.000000
vn 0.997564 0.069755 0.000000
vn 0.978148 0.207911 0.000000
vn 0.978148 0.207911 -0.000000
vn 0.939692 0.342023 0.000000
vn 0.939692 0.342023 -0.000000
vn 0.882942 0.469482 0.000000
vn 0.882942 0.469482 -0.000000
vn 0.809020 0.587782 0.000000
vn 0.809020 0.587782 -0.000000
vn 0.719339 0.694659 0.000000
vn 0.719339 0.694659 -0.000000
vn 0.615657 0.788014 0.000000
vn 0.615657 0.788014 -0.000000
vn 0.500009 0.866020 0.000000
vn 0.500009 0.866020 -0.000000
vn 0.374600 0.927187 0.000000
vn 0.241930 0.970294 0.000000
vn 0.374600 0.927187 -0.000000
vn 0.241930 0.970294 0.000000
vn 0.104523 0.994522 0.000000
vn 0.104523 0.994522 -0.000000
vn -0.034890 0.999391 0.000000
vn -0.034890 0.999391 0.000000
vn -0.173646 0.984808 0.000000
vn -0.173646 0.984808 0.000000
vn -0.309012 0.951058 0.000000
vn -0.309012 0.951058 0.000000
vn -0.438364 0.898798 0.000000
vn -0.438364 0.898798 0.000000
vn -0.559210 0.829026 0.000000
vn -0.559210 0.829026 0.000000
vn -0.669134 0.743142 0.000000
vn -0.669134 0.743142 0.000000
vn -0.766043 0.642789 0.000000
vn -0.766043 0.642789 0.000000
vn -0.848044 0.529926 0.000000
vn -0.848044 0.529926 0.000000
vn -0.913546 0.406736 0.000000
vn -0.961262 0.275635 0.000000
vn -0.913546 0.406736 0.000000
vn -0.961262 0.275635 0.000000
vn -0.990268 0.139175 0.000000
vn -0.990268 0.139175 0.000000
vn -1.000000 -0.000000 0.000000
vn -1.000000 0.000000 0.000000
vn -0.990268 -0.139175 0.000000
vn -0.990268 -0.139175 0.000000
vn -0.961262 -0.275635 0.000000
vn -0.961262 -0.275635 0.000000
vn -0.913546 -0.406736 0.000000
vn -0.913546 -0.406736 0.000000
vn -0.848044 -0.529926 0.000000
vn -0.848044 -0.529926 0.000000
vn -0.766043 -0.642789 0.000000
vn -0.766043 -0.642789 0.000000
vn -0.669134 -0.743142 -0.000000
vn -0.669134 -0.743142 0.000000
vn -0.559210 -0.829026 0.000000
vn -0.559210 -0.829026 0.000000
vn -0.438364 -0.898798 0.000000
vn -0.438364 -0.898798 0.000000
vn -0.309012 -0.951058 0.000000
vn -0.309012 -0.951058 0.000000
vn -0.173646 -0.984808 -0.000000
vn -0.173646 -0.984808 0.000000
vn -0.034890 -0.999391 0.000000
vn -0.034890 -0.999391 0.000000
vn 0.104523 -0.994522 0.000000
vn 0.104523 -0.994522 0.000000
vn 0.241930 -0.970294 0.000000
vn 0.241930 -0.970294 0.000000
vn 0.374600 -0.927187 0.000000
vn 0.500009 -0.866020 0.000000
vn 0.374600 -0.927187 0.000000
vn 0.500009 -0.866020 0.000000
vn 0.615657 -0.788014 0.000000
vn 0.719339 -0.694659 0.000000
vn 0.615657 -0.788014 0.000000
vn 0.809020 -0.587782 0.000000
vn 0.719339 -0.694659 0.000000
vn 0.809020 -0.587782 0.000000
vn 0.882942 -0.469482 0.000000
vn 0.882942 -0.469482 0.000000
vn 0.939692 -0.342023 0.000000
vn 0.978148 -0.207911 0.000000
vn 0.939692 -0.342023 0.000000
vn 0.978148 -0.207911 0.000000
vn 0.997564 -0.069755 0.000000
vn 0.997564 -0.069755 0.000000
vn 0.000000 0.000000 -1.000000
vn 0.000000 0.000000 -1.000000
vn 0.000000 0.000000 -1.000000
vn 0.000000 0.000000 -1.000000
vn 0.000000 0.000000 -1.000000
vn 0.000000 0.000000 -1.000000
vn 0.000000 0.000000 -1.000000
vn 0.000000 0.000000 -1.000000
vn 0.000000 -0.000000 -1.000000
vn 0.000000 0.000000 -1.000000
vn 0.000000 -0.000000 -1.000000
vn 0.000000 0.000000 -1.000000
vn 0.000000 0.000000 -1.000000
vn 0.000000 -0.000000 -1.000000
vn 0.000000 -0.000000 -1.000000
vn 0.000000 0.000000 -1.000000
vn 0.000000 0.000000 -1.000000
vn 0.000000 0.000000 -1.000000
vn 0.000000 0.000000 -1.000000
vn 0.000000 0.000000 -1.000000
vn 0.000000 0.000000 -1.000000
vn 0.000000 0.000000 -1.000000
vn 0.000000 0.000000 -1.000000
vn 0.000000 -0.000000 -1.000000
vn 0.000000 -0.000000 -1.000000
vn 0.000000 0.000000 -1.000000
vn 0.000000 -0.000000 -1.000000
vn 0.000000 0.000000 -1.000000
vn 0.000000 0.000000 -1.000000
vn 0.000000 -0.000000 -1.000000
vn 0.000000 -0.000000 -1.000000
vn 0.000000 0.000000 -1.000000
vn 0.000000 0.000000 -1.000000
vn -0.000000 -0.000000 -1.000000
vn 0.000000 0.000000 -1.000000
vn 0.000000 0.000000 -1.000000
vn 0.000000 0.000000 -1.000000
vn 0.000000 0.000000 -1.000000
vn 0.000000 0.000000 -1.000000
vn 0.000000 0.000000 -1.000000
vn -0.000000 -0.000000 -1.000000
vn 0.000000 0.000000 -1.000000
vn -0.000000 -0.000000 -1.000000
vn 0.000000 0.000000 1.000000
vn 0.000000 0.000000 1.000000
vn 0.000000 0.000000 1.000000
vn 0.000000 0.000000 1.000000
vn 0.000000 0.000000 1.000000
vn 0.000000 0.000000 1.000000
vn 0.000000 0.000000 1.000000
vn 0.000000 0.000000 1.000000
vn 0.000000 0.000000 1.000000
vn 0.000000 0.000000 1.000000
vn 0.000000 0.000000 1.000000
vn 0.000000 0.000000 1.000000
vn 0.000000 0.000000 1.000000
vn 0.000000 0.000000 1.000000
vn 0.000000 0.000000 1.000000
vn 0.000000 0.000000 1.000000
vn 0.000000 0.000000 1.000000
vn 0.000000 0.000000 1.000000
vn 0.000000 0.000000 1.000000
vn 0.000000 0.000000 1.000000
vn 0.000000 0.000000 1.000000
vn 0.000000 0.000000 1.000000
vn 0.000000 0.000000 1.000000
vn 0.000000 0.000000 1.000000
vn 0.000000 0.000000 1.000000
vn 0.000000 0.000000 1.000000
vn 0.000000 0.000000 1.000000
vn 0.000000 0.000000 1.000000
vn 0.000000 0.000000 1.000000
vn 0.000000 0.000000 1.000000
vn 0.000000 0.000000 1.000000
vn 0.000000 0.000000 1.000000
vn 0.000000 0.000000 1.000000
vn 0.000000 0.000000 1.000000
vn 0.000000 0.000000 1.000000
vn 0.000000 0.000000 1.000000
vn 0.000000 0.000000 1.000000
vn 0.000000 0.000000 1.000000
vn 0.000000 0.000000 1.000000
vn 0.000000 0.000000 1.000000
vn 0.000000 0.000000 1.000000
vn 0.000000 0.000000 1.000000
vn 0.000000 0.000000 1.000000
vn 1.000000 0.000000 0.000000
vn 1.000000 -0.000000 0.000000
vn 0.000000 -1.000000 0.000000
vn 0.000000 -1.000000 0.000000
vn 0.000000 0.000000 -1.000000
vn 0.000000 0.000000 1.000000
vn 0.997564 0.069761 -0.000000
vn 0.997564 0.069761 0.000000
vn 0.978147 0.207916 0.000000
vn 0.978147 0.207916 -0.000000
vn 0.939697 0.342007 0.000000
vn 0.939697 0.342007 -0.000000
vn 0.882945 0.469477 0.000000
vn 0.882945 0.469477 -0.000000
vn 0.809018 0.587784 0.000000
vn 0.809018 0.587784 -0.000000
vn 0.719340 0.694658 0.000000
vn 0.719340 0.694658 -0.000000
vn 0.615663 0.788009 0.000000
vn 0.615663 0.788009 -0.000000
vn 0.500001 0.866025 0.000000
vn 0.500001 0.866025 -0.000000
vn 0.374601 0.927186 0.000000
vn 0.241923 0.970295 0.000000
vn 0.374601 0.927186 -0.000000
vn 0.241923 0.970295 0.000000
vn 0.104528 0.994522 0.000000
vn 0.104528 0.994522 -0.000000
vn -0.034899 0.999391 0.000000
vn -0.034899 0.999391 0.000000
vn -0.173646 0.984808 0.000000
vn -0.173646 0.984808 0.000000
vn -0.309022 0.951055 0.000000
vn -0.309022 0.951055 0.000000
vn -0.438368 0.898795 0.000000
vn -0.438368 0.898795 0.000000
vn -0.559193 0.829038 0.000000
vn -0.559193 0.829038 0.000000
vn -0.669130 0.743145 0.000000
vn -0.669130 0.743145 0.000000
vn -0.766049 0.642782 0.000000
vn -0.766049 0.642782 0.000000
vn -0.848046 0.529923 0.000000
vn -0.848046 0.529923 0.000000
vn -0.913546 0.406736 0.000000
vn -0.961262 0.275635 0.000000
vn -0.913546 0.406736 0.000000
vn -0.961262 0.275635 0.000000
vn -0.990268 0.139176 0.000000
vn -0.990268 0.139176 0.000000
vn -1.000000 -0.000000 0.000000
vn -1.000000 0.000000 0.000000
vn -0.990268 -0.139176 0.000000
vn -0.990268 -0.139176 0.000000
vn -0.961262 -0.275636 0.000000
vn -0.961262 -0.275636 0.000000
vn -0.913546 -0.406736 0.000000
vn -0.913546 -0.406736 0.000000
vn -0.848046 -0.529923 0.000000
vn -0.848046 -0.529923 0.000000
vn -0.766049 -0.642782 0.000000
vn -0.766049 -0.642782 0.000000
vn -0.669130 -0.743145 -0.000000
vn -0.669130 -0.743145 0.000000
vn -0.559192 -0.829038 0.000000
vn -0.559192 -0.829038 0.000000
vn -0.438369 -0.898795 0.000000
vn -0.438369 -0.898795 0.000000
vn -0.309021 -0.951055 0.000000
vn -0.309021 -0.951055 0.000000
vn -0.173646 -0.984808 -0.000000
vn -0.173646 -0.984808 0.000000
vn -0.034900 -0.999391 0.000000
vn -0.034900 -0.999391 0.000000
vn 0.104529 -0.994522 0.000000
vn 0.104529 -0.994522 0.000000
vn 0.241923 -0.970296 0.000000
vn 0.241923 -0.970296 0.000000
vn 0.374601 -0.927186 0.000000
vn 0.500000 -0.866025 0.000000
vn 0.374601 -0.927186 0.000000
vn 0.500000 -0.866025 0.000000
vn 0.615664 -0.788009 0.000000
vn 0.719340 -0.694658 0.000000
vn 0.615664 -0.788009 0.000000
vn 0.809018 -0.587783 0.000000
vn 0.719340 -0.694658 0.000000
vn 0.809018 -0.587783 0.000000
vn 0.882945 -0.469477 0.000000
vn 0.882945 -0.469477 0.000000
vn 0.939697 -0.342008 0.000000
vn 0.978147 -0.207916 0.000000
vn 0.939697 -0.342008 0.000000
vn 0.978147 -0.207916 0.000000
vn 0.997564 -0.069761 0.000000
vn 0.997564 -0.069761 0.000000
vn 0.000000 0.000000 -1.000000
vn 0.000000 0.000000 -1.000000
vn 0.000000 0.000000 -1.000000
vn 0.000000 0.000000 -1.000000
vn 0.000000 0.000000 -1.000000
vn 0.000000 0.000000 -1.000000
vn 0.000000 0.000000 -1.000000
vn 0.000000 0.000000 -1.000000
vn 0.000000 0.000000 -1.000000
vn 0.000000 0.000000 -1.000000
vn 0.000000 -0.000000 -1.000000
vn 0.000000 0.000000 -1.000000
vn 0.000000 0.000000 -1.000000
vn 0.000000 0.000000 -1.000000
vn 0.000000 -0.000000 -1.000000
vn 0.000000 0.000000 -1.000000
vn 0.000000 0.000000 -1.000000
vn 0.000000 -0.000000 -1.000000
vn 0.000000 0.000000 -1.000000
vn 0.000000 0.000000 -1.000000
vn 0.000000 0.000000 -1.000000
vn 0.000000 -0.000000 -1.000000
vn 0.000000 -0.000000 -1.000000
vn 0.000000 -0.000000 -1.000000
vn 0.000000 0.000000 -1.000000
vn 0.000000 -0.000000 -1.000000
vn 0.000000 -0.000000 -1.000000
vn 0.000000 -0.000000 -1.000000
vn 0.000000 -0.000000 -1.000000
vn 0.000000 0.000000 -1.000000
vn -0.000000 -0.000000 -1.000000
vn 0.000000 0.000000 -1.000000
vn 0.000000 0.000000 -1.000000
vn 0.000000 0.000000 -1.000000
vn 0.000000 0.000000 -1.000000
vn 0.000000 0.000000 -1.000000
vn 0.000000 0.000000 -1.000000
vn -0.000000 -0.000000 -1.000000
vn -0.000000 -0.000000 -1.000000
vn 0.000000 -0.000000 -1.000000
vn 0.000000 0.000000 -1.000000
vn 0.000000 0.000000 -1.000000
vn 0.000000 0.000000 -1.000000
vn 0.000000 0.000000 1.000000
vn 0.000000 0.000000 1.000000
vn 0.000000 0.000000 1.000000
vn 0.000000 0.000000 1.000000
vn 0.000000 0.000000 1.000000
vn 0.000000 0.000000 1.000000
vn 0.000000 0.000000 1.000000
vn 0.000000 0.000000 1.000000
vn 0.000000 0.000000 1.000000
vn 0.000000 0.000000 1.000000
vn 0.000000 0.000000 1.000000
vn 0.000000 0.000000 1.000000
vn 0.000000 0.000000 1.000000
vn 0.000000 0.000000 1.000000
vn 0.000000 0.000000 1.000000
vn 0.000000 0.000000 1.000000
vn 0.000000 0.000000 1.000000
vn 0.000000 0.000000 1.000000
vn 0.000000 0.000000 1.000000
vn 0.000000 0.000000 1.000000
vn 0.000000 0.000000 1.000000
vn 0.000000 0.000000 1.000000
vn 0.000000 0.000000 1.000000
vn 0.000000 0.000000 1.000000
vn 0.000000 0.000000 1.000000
vn 0.000000 0.000000 1.000000
vn 0.000000 0.000000 1.000000
vn 0.000000 0.000000 1.000000
vn 0.000000 0.000000 1.000000
vn 0.000000 0.000000 1.000000
vn 0.000000 0.000000 1.000000
vn 0.000000 0.000000 1.000000
vn 0.000000 0.000000 1.000000
vn 0.000000 0.000000 1.000000
vn 0.000000 0.000000 1.000000
vn 0.000000 0.000000 1.000000
vn 0.000000 0.000000 1.000000
vn 0.000000 0.000000 1.000000
vn 0.000000 0.000000 1.000000
vn 0.000000 0.000000 1.000000
vn 0.000000 0.000000 1.000000
vn 0.000000 0.000000 1.000000
vn 0.000000 0.000000 1.000000
vn 1.000000 0.000000 0.000000
vn 1.000000 -0.000000 0.000000
vn 0.000000 1.000000 0.000000
vn 0.000000 1.000000 0.000000
vn 0.997564 0.069760 -0.000000
vn 0.997564 0.069760 0.000000
vn 0.978147 0.207915 0.000000
vn 0.978147 0.207915 -0.000000
vn 0.939696 0.342009 0.000000
vn 0.939696 0.342009 -0.000000
vn 0.882939 0.469487 0.000000
vn 0.882939 0.469487 -0.000000
vn 0.809021 0.587780 0.000000
vn 0.809021 0.587780 -0.000000
vn 0.719340 0.694658 0.000000
vn 0.719340 0.694658 -0.000000
vn 0.615659 0.788012 0.000000
vn 0.615659 0.788012 -0.000000
vn 0.500009 0.866020 0.000000
vn 0.500009 0.866020 -0.000000
vn 0.374594 0.927189 0.000000
vn 0.241931 0.970294 0.000000
vn 0.374594 0.927189 -0.000000
vn 0.241931 0.970294 0.000000
vn 0.104523 0.994522 0.000000
vn 0.104523 0.994522 -0.000000
vn -0.034890 0.999391 0.000000
vn -0.034890 0.999391 0.000000
vn -0.173644 0.984809 0.000000
vn -0.173644 0.984809 0.000000
vn -0.309016 0.951057 0.000000
vn -0.309016 0.951057 0.000000
vn -0.438362 0.898799 0.000000
vn -0.438362 0.898799 0.000000
vn -0.559210 0.829026 0.000000
vn -0.559210 0.829026 0.000000
vn -0.669134 0.743142 0.000000
vn -0.669134 0.743142 0.000000
vn -0.766047 0.642784 0.000000
vn -0.766047 0.642784 0.000000
vn -0.848041 0.529930 0.000000
vn -0.848041 0.529930 0.000000
vn -0.913546 0.406735 0.000000
vn -0.961263 0.275633 0.000000
vn -0.913546 0.406735 0.000000
vn -0.961263 0.275633 0.000000
vn -0.990267 0.139178 0.000000
vn -0.990267 0.139178 0.000000
vn -1.000000 -0.000000 0.000000
vn -1.000000 0.000000 0.000000
vn -0.990267 -0.139178 0.000000
vn -0.990267 -0.139178 0.000000
vn -0.961263 -0.275633 0.000000
vn -0.961263 -0.275633 0.000000
vn -0.913546 -0.406735 0.000000
vn -0.913546 -0.406735 0.000000
vn -0.848041 -0.529930 0.000000
vn -0.848041 -0.529930 0.000000
vn -0.766047 -0.642784 0.000000
vn -0.766047 -0.642784 0.000000
vn -0.669134 -0.743142 -0.000000
vn -0.669134 -0.743142 0.000000
vn -0.559210 -0.829026 0.000000
vn -0.559210 -0.829026 0.000000
vn -0.438362 -0.898799 0.000000
vn -0.438362 -0.898799 0.000000
vn -0.309016 -0.951057 0.000000
vn -0.309016 -0.951057 0.000000
vn -0.173644 -0.984809 -0.000000
vn -0.173644 -0.984809 0.000000
vn -0.034890 -0.999391 0.000000
vn -0.034890 -0.999391 0.000000
vn 0.104523 -0.994522 0.000000
vn 0.104523 -0.994522 0.000000
vn 0.241931 -0.970294 0.000000
vn 0.241931 -0.970294 0.000000
vn 0.374594 -0.927189 0.000000
vn 0.500009 -0.866020 0.000000
vn 0.374594 -0.927189 0.000000
vn 0.500009 -0.866020 0.000000
vn 0.615659 -0.788012 0.000000
vn 0.719340 -0.694658 0.000000
vn 0.615659 -0.788012 0.000000
vn 0.809021 -0.587780 0.000000
vn 0.719340 -0.694658 0.000000
vn 0.809021 -0.587780 0.000000
vn 0.882939 -0.469487 0.000000
vn 0.882939 -0.469487 0.000000
vn 0.939696 -0.342009 0.000000
vn 0.978147 -0.207915 0.000000
vn 0.939696 -0.342009 0.000000
vn 0.978147 -0.207915 0.000000
vn 0.997564 -0.069760 0.000000
vn 0.997564 -0.069760 0.000000
vn 0.000000 0.000000 -1.000000
vn 0.000000 0.000000 -1.000000
vn 0.000000 0.000000 -1.000000
vn 0.000000 0.000000 -1.000000
vn 0.000000 0.000000 -1.000000
vn 0.000000 0.000000 -1.000000
vn 0.000000 -0.000000 -1.000000
vn 0.000000 -0.000000 -1.000000
vn 0.000000 0.000000 -1.000000
vn 0.000000 0.000000 -1.000000
vn 0.000000 -0.000000 -1.000000
vn 0.000000 0.000000 -1.000000
vn 0.000000 0.000000 -1.000000
vn 0.000000 0.000000 -1.000000
vn 0.000000 -0.000000 -1.000000
vn 0.000000 0.000000 -1.000000
vn 0.000000 -0.000000 -1.000000
vn 0.000000 -0.000000 -1.000000
vn 0.000000 0.000000 -1.000000
vn 0.000000 0.000000 -1.000000
vn 0.000000 0.000000 -1.000000
vn 0.000000 0.000000 -1.000000
vn 0.000000 0.000000 -1.000000
vn 0.000000 -0.000000 -1.000000
vn 0.000000 -0.000000 -1.000000
vn 0.000000 -0.000000 -1.000000
vn 0.000000 0.000000 -1.000000
vn 0.000000 0.000000 -1.000000
vn 0.000000 -0.000000 -1.000000
vn 0.000000 0.000000 -1.000000
vn 0.000000 0.000000 -1.000000
vn 0.000000 0.000000 -1.000000
vn 0.000000 0.000000 -1.000000
vn 0.000000 0.000000 -1.000000
vn 0.000000 0.000000 -1.000000
vn -0.000000 -0.000000 -1.000000
vn 0.000000 0.000000 -1.000000
vn 0.000000 0.000000 -1.000000
vn 0.000000 0.000000 -1.000000
vn 0.000000 0.000000 -1.000000
vn -0.000000 -0.000000 -1.000000
vn 0.000000 0.000000 -1.000000
vn -0.000000 -0.000000 -1.000000
vn 0.000000 0.000000 1.000000
vn 0.000000 0.000000 1.000000
vn 0.000000 0.000000 1.000000
vn 0.000000 0.000000 1.000000
vn 0.000000 0.000000 1.000000
vn 0.000000 0.000000 1.000000
vn 0.000000 0.000000 1.000000
vn 0.000000 0.000000 1.000000
vn 0.000000 0.000000 1.000000
vn 0.000000 0.000000 1.000000
vn 0.000000 0.000000 1.000000
vn 0.000000 0.000000 1.000000
vn 0.000000 0.000000 1.000000
vn 0.000000 0.000000 1.000000
vn 0.000000 0.000000 1.000000
vn 0.000000 0.000000 1.000000
vn 0.000000 0.000000 1.000000
vn 0.000000 0.000000 1.000000
vn 0.000000 0.000000 1.000000
vn 0.000000 0.000000 1.000000
vn 0.000000 0.000000 1.000000
vn 0.000000 0.000000 1.000000
vn 0.000000 0.000000 1.000000
vn 0.000000 0.000000 1.000000
vn 0.000000 0.000000 1.000000
vn 0.000000 0.000000 1.000000
vn 0.000000 0.000000 1.000000
vn 0.000000 0.000000 1.000000
vn 0.000000 0.000000 1.000000
vn 0.000000 0.000000 1.000000
vn 0.000000 0.000000 1.000000
vn 0.000000 0.000000 1.000000
vn 0.000000 0.000000 1.000000
vn 0.000000 0.000000 1.000000
vn 0.000000 0.000000 1.000000
vn 0.000000 0.000000 1.000000
vn 0.000000 0.000000 1.000000
vn 0.000000 0.000000 1.000000
vn 0.000000 0.000000 1.000000
vn 0.000000 0.000000 1.000000
vn 0.000000 0.000000 1.000000
vn 0.000000 0.000000 1.000000
vn 0.000000 0.000000 1.000000
vn 0.000000 -1.000000 0.000000
vn 0.000000 -1.000000 0.000000
vn 0.000000 0.000000 1.000000
vn 0.000000 0.000000 1.000000
vn -1.000000 0.000000 0.000000
vn 1.000000 -0.000000 0.000000
vn 0.000000 1.000000 0.000000
vn 0.000000 1.000000 0.000000
vn 0.000000 0.000000 1.000000
vn 0.000000 0.000000 1.000000
vn -1.000000 0.000000 0.000000
vn -1.000000 0.000000 0.000000
vn 0.000000 -1.000000 0.000000
vn 0.000000 1.000000 0.000000
vn 0.000000 0.000000 1.000000
vn 0.000000 0.000000 1.000000
vn 1.000000 0.000000 0.000000
vn 1.000000 -0.000000 0.000000
vn 0.000000 0.000000 1.000000
vn 0.000000 0.000000 1.000000
vn -1.000000 0.000000 0.000000
vn 1.000000 0.000000 0.000000
vn 0.000000 -1.000000 0.000000
vn 0.000000 -1.000000 0.000000
vn 0.000000 0.000000 -1.000000
vn 0.000000 0.000000 -1.000000
vn 0.000000 0.000000 1.000000
vn 0.000000 0.000000 1.000000
vn -1.000000 0.000000 0.000000
vn 1.000000 -0.000000 0.000000
vn 0.000000 1.000000 0.000000
vn 0.000000 1.000000 0.000000
vn 0.000000 0.000000 -1.000000
vn 0.000000 0.000000 -1.000000
vn 0.000000 0.000000 1.000000
vn 0.000000 0.000000 1.000000
vn -1.000000 0.000000 0.000000
vn -1.000000 0.000000 0.000000
vn 0.000000 -1.000000 0.000000
vn 0.000000 1.000000 0.000000
vn 0.000000 0.000000 -1.000000
vn 0.000000 0.000000 -1.000000
vn 0.000000 0.000000 1.000000
vn 0.000000 0.000000 1.000000
vn 1.000000 0.000000 0.000000
vn 1.000000 -0.000000 0.000000
vn 0.000000 -1.000000 0.000000
vn 0.000000 1.000000 0.000000
vn 0.000000 0.000000 -1.000000
vn 0.000000 0.000000 -1.000000
vn 0.000000 0.000000 1.000000
vn 0.000000 0.000000 1.000000
vn -1.000000 0.000000 0.000000
vn 1.000000 0.000000 0.000000
vn 0.000000 -1.000000 0.000000
vn 0.000000 -1.000000 0.000000
vn 0.000000 0.000000 -1.000000
vn 0.000000 0.000000 -1.000000
vn 0.000000 0.000000 1.000000
vn 0.000000 0.000000 1.000000
vn -1.000000 0.000000 0.000000
vn 1.000000 -0.000000 0.000000
vn 0.000000 1.000000 0.000000
vn 0.000000 1.000000 0.000000
vn 0.000000 0.000000 -1.000000
vn 0.000000 0.000000 -1.000000
vn 0.000000 0.000000 1.000000
vn 0.000000 0.000000 1.000000
vn -1.000000 0.000000 0.000000
vn -1.000000 0.000000 0.000000
vn 0.000000 -1.000000 0.000000
vn 0.000000 1.000000 0.000000
vn 0.000000 0.000000 -1.000000
vn 0.000000 0.000000 -1.000000
vn 0.000000 0.000000 1.000000
vn 0.000000 0.000000 1.000000
vn 1.000000 0.000000 0.000000
vn 1.000000 -0.000000 0.000000
vn 0.000000 -1.000000 0.000000
vn 0.000000 1.000000 0.000000
vn 0.000000 0.000000 -1.000000
vn 0.000000 0.000000 -1.000000
vn 0.000000 0.000000 1.000000
vn 0.000000 0.000000 1.000000
vn -1.000000 0.000000 0.000000
vn 1.000000 0.000000 0.000000
vn 0.000000 -1.000000 0.000000
vn 0.000000 -1.000000 0.000000
vn 0.000000 0.000000 -1.000000
vn 0.000000 0.000000 -1.000000
vn 0.000000 0.000000 1.000000
vn 0.000000 0.000000 1.000000
vn -1.000000 0.000000 0.000000
vn 1.000000 -0.000000 0.000000
vn 0.000000 1.000000 0.000000
vn 0.000000 1.000000 0.000000
vn 0.000000 0.000000 -1.000000
vn 0.000000 0.000000 -1.000000
vn 0.000000 0.000000 1.000000
vn 0.000000 0.000000 1.000000
vn -1.000000 0.000000 0.000000
vn -1.000000 0.000000 0.000000
vn 0.000000 -1.000000 0.000000
vn 0.000000 1.000000 0.000000
vn 0.000000 0.000000 -1.000000
vn 0.000000 0.000000 -1.000000
vn 0.000000 0.000000 1.000000
vn 0.000000 0.000000 1.000000
vn 1.000000 0.000000 0.000000
vn 1.000000 -0.000000 0.000000
vn 0.000000 -1.000000 0.000000
vn 0.000000 1.000000 0.000000
vn 0.000000 0.000000 -1.000000
vn 0.000000 0.000000 -1.000000
vn 0.000000 0.000000 1.000000
vn 0.000000 0.000000 1.000000
vn -1.000000 0.000000 0.000000
vn 1.000000 0.000000 0.000000
vn 0.000000 -1.000000 0.000000
vn 0.000000 -1.000000 0.000000
vn 0.000000 0.000000 -1.000000
vn 0.000000 0.000000 -1.000000
vn 0.000000 0.000000 1.000000
vn 0.000000 0.000000 1.000000
vn -1.000000 0.000000 0.000000
vn 1.000000 -0.000000 0.000000
vn 0.000000 1.000000 0.000000
vn 0.000000 1.000000 0.000000
vn 0.000000 0.000000 -1.000000
vn 0.000000 0.000000 -1.000000
vn 0.000000 0.000000 1.000000
vn 0.000000 0.000000 1.000000
vn -1.000000 0.000000 0.000000
vn -1.000000 0.000000 0.000000
vn 0.000000 -1.000000 0.000000
vn 0.000000 1.000000 0.000000
vn 0.000000 0.000000 -1.000000
vn 0.000000 0.000000 -1.000000
vn 0.000000 0.000000 1.000000
vn 0.000000 0.000000 1.000000
vn 1.000000 0.000000 0.000000
vn 1.000000 -0.000000 0.000000
vn 0.000000 -1.000000 0.000000
vn 0.000000 1.000000 0.000000
vn 0.000000 0.000000 -1.000000
vn 0.000000 0.000000 -1.000000
vn 0.000000 0.000000 1.000000
vn 0.000000 0.000000 1.000000
vn -1.000000 0.000000 0.000000
vn 1.000000 0.000000 0.000000
vn 0.000000 -1.000000 0.000000
vn 0.000000 -1.000000 0.000000
vn 0.000000 0.000000 -1.000000
vn 0.000000 0.000000 -1.000000
vn 0.000000 1.000000 0.000000
vn 0.000000 1.000000 0.000000
vn 0.000000 0.000000 -1.000000
vn 0.000000 0.000000 -1.000000
vn -1.000000 0.000000 0.000000
vn -1.000000 0.000000 0.000000
vn 0.000000 0.000000 -1.000000
vn 0.000000 0.000000 -1.000000
vn 1.000000 0.000000 0.000000
vn 1.000000 -0.000000 0.000000
vn 0.000000 -1.000000 0.000000
vn 0.000000 1.000000 0.000000
vn 0.000000 0.000000 -1.000000
vn 0.000000 0.000000 -1.000000
vn -1.000000 0.000000 0.000000
vn -1.000000 0.000000 0.000000
vn 1.000000 0.000000 0.000000
vn 1.000000 -0.000000 0.000000
vn 0.000000 -1.000000 0.000000
vn 0.000000 -1.000000 0.000000
vn 0.000000 1.000000 0.000000
vn 0.000000 0.000000 -1.000000
vn 0.000000 0.000000 1.000000
vn 0.000000 0.000000 1.000000
vn -1.000000 0.000000 0.000000
vn -1.000000 0.000000 0.000000
vn 1.000000 0.000000 0.000000
vn 1.000000 -0.000000 0.000000
vn 0.000000 -1.000000 0.000000
vn 0.000000 1.000000 0.000000
vn 0.000000 1.000000 0.000000
vn 0.000000 0.000000 -1.000000
vn 0.000000 0.000000 1.000000
vn 0.000000 0.000000 1.000000
vn -1.000000 0.000000 0.000000
vn -1.000000 0.000000 0.000000
vn 1.000000 0.000000 0.000000
vn 1.000000 -0.000000 0.000000
vn 0.000000 -1.000000 0.000000
vn 0.000000 -1.000000 0.000000
vn 0.000000 1.000000 0.000000
vn 0.000000 0.000000 -1.000000
vn 0.000000 0.000000 1.000000
vn 0.000000 0.000000 1.000000
vn -1.000000 0.000000 0.000000
vn -1.000000 0.000000 0.000000
vn 1.000000 0.000000 0.000000
vn 1.000000 -0.000000 0.000000
vn 0.000000 -1.000000 0.000000
vn 0.000000 1.000000 0.000000
vn 0.000000 1.000000 0.000000
vn 0.000000 0.000000 -1.000000
vn 0.000000 0.000000 1.000000
vn 0.000000 0.000000 1.000000
vn -1.000000 0.000000 0.000000
vn -1.000000 0.000000 0.000000
vn 0.000000 -1.000000 0.000000
vn 0.000000 -1.000000 0.000000
vn 0.000000 0.000000 1.000000
vn 0.000000 0.000000 1.000000
vn 0.000000 1.000000 0.000000
vn 0.000000 1.000000 0.000000
vn 0.000000 0.000000 -1.000000
vn 0.000000 0.000000 -1.000000
vn 1.000000 0.000000 0.000000
vn 1.000000 -0.000000 0.000000
vn 1.000000 0.000000 0.000000
vn 1.000000 -0.000000 0.000000
vn 0.000000 1.000000 0.000000
vn 0.000000 1.000000 0.000000
vn 0.000000 0.000000 -1.000000
vn 0.000000 0.000000 -1.000000
vn 0.000000 -1.000000 0.000000
vn 0.000000 -1.000000 0.000000
vn 0.000000 0.000000 1.000000
vn 0.000000 0.000000 1.000000
vn -1.000000 0.000000 0.000000
vn -1.000000 0.000000 0.000000
vn -1.000000 0.000000 0.000000
vn -1.000000 0.000000 0.000000
vn 0.000000 -1.000000 0.000000
vn 0.000000 -1.000000 0.000000
vn 0.000000 0.000000 1.000000
vn 0.000000 0.000000 1.000000
vn 0.000000 1.000000 0.000000
vn 0.000000 1.000000 0.000000
vn 0.000000 0.000000 -1.000000
vn 0.000000 0.000000 -1.000000
vn 1.000000 0.000000 0.000000
vn 1.000000 -0.000000 0.000000
vn 1.000000 -0.000000 0.000000
vn 0.000000 1.000000 0.000000
vn 0.000000 0.000000 -1.000000
vn 0.000000 0.000000 -1.000000
vn 0.000000 -1.000000 0.000000
vn -1.000000 0.000000 0.000000
vn -1.000000 0.000000 0.000000
vn 1.000000 -0.000000 0.000000
vn 0.000000 -1.000000 0.000000
vn 0.000000 1.000000 0.000000
vn 0.000000 0.000000 1.000000
vn 0.000000 0.000000 1.000000
vn 0.995976 0.000000 -0.089623
vn 0.995976 0.000000 -0.089623
vn 0.963957 0.000000 -0.266060
vn 0.963957 0.000000 -0.266060
vn 0.900959 0.000000 -0.433904
vn 0.900959 0.000000 -0.433904
vn 0.809023 0.000000 -0.587777
vn 0.809023 0.000000 -0.587777
vn 0.691066 0.000000 -0.722792
vn 0.550889 0.000000 -0.834579
vn 0.691066 0.000000 -0.722792
vn 0.550889 0.000000 -0.834579
vn 0.393048 0.000000 -0.919518
vn 0.222519 0.000000 -0.974928
vn 0.393048 0.000000 -0.919518
vn 0.222519 0.000000 -0.974928
vn 0.044856 0.000000 -0.998994
vn 0.044856 0.000000 -0.998994
vn -0.134221 0.000000 -0.990951
vn -0.134221 0.000000 -0.990951
vn -0.309024 -0.000000 -0.951054
vn -0.309024 0.000000 -0.951054
vn -0.473855 0.000000 -0.880603
vn -0.473855 0.000000 -0.880603
vn -0.623527 0.000000 -0.781802
vn -0.623527 0.000000 -0.781802
vn -0.753040 0.000000 -0.657974
vn -0.753040 0.000000 -0.657974
vn -0.858453 0.000000 -0.512893
vn -0.936245 -0.000000 -0.351347
vn -0.858453 0.000000 -0.512893
vn -0.936245 0.000000 -0.351347
vn -0.983928 0.000000 -0.178563
vn -0.983928 0.000000 -0.178563
vn -1.000000 0.000000 0.000000
vn -0.983928 0.000000 0.178563
vn -1.000000 0.000000 0.000000
vn -0.983928 0.000000 0.178563
vn -0.936245 0.000000 0.351347
vn -0.858453 0.000000 0.512893
vn -0.936245 0.000000 0.351347
vn -0.858453 0.000000 0.512893
vn -0.753040 0.000000 0.657974
vn -0.753040 0.000000 0.657974
vn -0.623527 0.000000 0.781802
vn -0.623527 0.000000 0.781802
vn -0.473855 0.000000 0.880603
vn -0.309024 0.000000 0.951054
vn -0.473855 0.000000 0.880603
vn -0.309024 0.000000 0.951054
vn -0.134221 0.000000 0.990951
vn -0.134221 0.000000 0.990951
vn 0.044856 0.000000 0.998994
vn 0.044856 -0.000000 0.998994
vn 0.222519 0.000000 0.974928
vn 0.222519 -0.000000 0.974928
vn 0.393048 0.000000 0.919518
vn 0.393048 -0.000000 0.919518
vn 0.550889 0.000000 0.834579
vn 0.691066 0.000000 0.722792
vn 0.550889 -0.000000 0.834579
vn 0.691066 0.000000 0.722792
vn 0.809023 -0.000000 0.587777
vn 0.809023 0.000000 0.587777
vn 0.900959 -0.000000 0.433904
vn 0.900959 0.000000 0.433904
vn 0.963957 0.000000 0.266060
vn 0.963957 0.000000 0.266060
vn 0.995976 -0.000000 0.089623
vn 0.995976 0.000000 0.089623
vn 0.000000 -1.000000 0.000000
vn 0.000000 -1.000000 0.000000
vn 0.000000 -1.000000 0.000000
vn 0.000000 -1.000000 0.000000
vn 0.000000 -1.000000 0.000000
vn 0.000000 -1.000000 0.000000
vn 0.000000 -1.000000 0.000000
vn 0.000000 -1.000000 0.000000
vn 0.000000 -1.000000 0.000000
vn 0.000000 -1.000000 0.000000
vn 0.000000 -1.000000 0.000000
vn 0.000000 -1.000000 0.000000
vn 0.000000 -1.000000 0.000000
vn 0.000000 -1.000000 0.000000
vn 0.000000 -1.000000 0.000000
vn 0.000000 -1.000000 0.000000
vn 0.000000 -1.000000 0.000000
vn 0.000000 -1.000000 0.000000
vn 0.000000 -1.000000 0.000000
vn 0.000000 -1.000000 0.000000
vn -0.000000 -1.000000 0.000000
vn 0.000000 -1.000000 0.000000
vn 0.000000 -1.000000 0.000000
vn 0.000000 -1.000000 0.000000
vn 0.000000 -1.000000 0.000000
vn 0.000000 -1.000000 0.000000
vn 0.000000 -1.000000 0.000000
vn 0.000000 -1.000000 0.000000
vn -0.000000 -1.000000 0.000000
vn 0.000000 -1.000000 0.000000
vn 0.000000 -1.000000 0.000000
vn 0.000000 -1.000000 0.000000
vn 0.000000 -1.000000 0.000000
vn 0.000000 1.000000 0.000000
vn 0.000000 1.000000 0.000000
vn 0.000000 1.000000 0.000000
vn 0.000000 1.000000 0.000000
vn 0.000000 1.000000 0.000000
vn 0.000000 1.000000 0.000000
vn 0.000000 1.000000 0.000000
vn 0.000000 1.000000 0.000000
vn 0.000000 1.000000 0.000000
vn 0.000000 1.000000 0.000000
vn 0.000000 1.000000 0.000000
vn 0.000000 1.000000 0.000000
vn 0.000000 1.000000 0.000000
vn 0.000000 1.000000 0.000000
vn 0.000000 1.000000 0.000000
vn 0.000000 1.000000 0.000000
vn 0.000000 1.000000 0.000000
vn 0.000000 1.000000 0.000000
vn 0.000000 1.000000 0.000000
vn 0.000000 1.000000 -0.000000
vn 0.000000 1.000000 0.000000
vn 0.000000 1.000000 0.000000
vn 0.000000 1.000000 0.000000
vn 0.000000 1.000000 0.000000
vn 0.000000 1.000000 0.000000
vn 0.000000 1.000000 0.000000
vn 0.000000 1.000000 0.000000
vn 0.000000 1.000000 -0.000000
vn 0.000000 1.000000 0.000000
vn 0.000000 1.000000 0.000000
vn 0.000000 1.000000 0.000000
vn 0.000000 1.000000 -0.000000
vn 0.000000 1.000000 0.000000
vn 0.997332 0.000000 -0.073006
vn 0.997332 0.000000 -0.073006
vn 0.976082 0.000000 -0.217401
vn 0.976082 0.000000 -0.217401
vn 0.934012 0.000000 -0.357242
vn 0.934012 0.000000 -0.357242
vn 0.872051 0.000000 -0.489416
vn 0.872051 0.000000 -0.489416
vn 0.791496 0.000000 -0.611175
vn 0.791496 0.000000 -0.611175
vn 0.694061 0.000000 -0.719916
vn 0.694061 0.000000 -0.719916
vn 0.581879 0.000000 -0.813275
vn 0.581879 0.000000 -0.813275
vn 0.457230 0.000000 -0.889349
vn 0.457230 0.000000 -0.889349
vn 0.322875 0.000000 -0.946442
vn 0.181650 0.000000 -0.983363
vn 0.322875 0.000000 -0.946442
vn 0.181650 0.000000 -0.983363
vn 0.036515 0.000000 -0.999333
vn 0.036515 0.000000 -0.999333
vn -0.109363 0.000000 -0.994002
vn -0.109363 0.000000 -0.994002
vn -0.252937 0.000000 -0.967483
vn -0.252937 0.000000 -0.967483
vn -0.391111 0.000000 -0.920344
vn -0.391111 0.000000 -0.920344
vn -0.520954 0.000000 -0.853585
vn -0.520954 0.000000 -0.853585
vn -0.639652 0.000000 -0.768664
vn -0.639652 0.000000 -0.768664
vn -0.744783 0.000000 -0.667307
vn -0.744783 0.000000 -0.667307
vn -0.834003 0.000000 -0.551760
vn -0.834003 0.000000 -0.551760
vn -0.905450 0.000000 -0.424453
vn -0.905450 0.000000 -0.424453
vn -0.957599 0.000000 -0.288105
vn -0.957599 0.000000 -0.288105
vn -0.989344 0.000000 -0.145596
vn -1.000000 0.000000 0.000000
vn -0.989344 0.000000 -0.145596
vn -0.989344 0.000000 0.145596
vn -1.000000 0.000000 0.000000
vn -0.989344 0.000000 0.145596
vn -0.957599 0.000000 0.288105
vn -0.905450 0.000000 0.424453
vn -0.957599 0.000000 0.288105
vn -0.905450 0.000000 0.424453
vn -0.834007 0.000000 0.551754
vn -0.834007 0.000000 0.551754
vn -0.744771 0.000000 0.667320
vn -0.639660 0.000000 0.768658
vn -0.744771 0.000000 0.667320
vn -0.639660 0.000000 0.768658
vn -0.520964 0.000000 0.853579
vn -0.520964 0.000000 0.853579
vn -0.391111 0.000000 0.920344
vn -0.391111 0.000000 0.920344
vn -0.252912 0.000000 0.967489
vn -0.252912 0.000000 0.967489
vn -0.109376 0.000000 0.994000
vn -0.109376 0.000000 0.994000
vn 0.036528 -0.000000 0.999333
vn 0.036528 0.000000 0.999333
vn 0.181637 0.000000 0.983366
vn 0.181637 0.000000 0.983366
vn 0.322875 -0.000000 0.946442
vn 0.322875 0.000000 0.946442
vn 0.457240 -0.000000 0.889343
vn 0.457240 0.000000 0.889343
vn 0.581871 0.000000 0.813281
vn 0.581871 0.000000 0.813281
vn 0.694054 0.000000 0.719923
vn 0.694054 -0.000000 0.719923
vn 0.791496 0.000000 0.611175
vn 0.872054 0.000000 0.489410
vn 0.791496 -0.000000 0.611175
vn 0.872054 0.000000 0.489410
vn 0.934013 0.000000 0.357238
vn 0.934013 -0.000000 0.357238
vn 0.976082 0.000000 0.217401
vn 0.976082 -0.000000 0.217401
vn 0.997331 0.000000 0.073007
vn 0.997331 -0.000000 0.073007
vn 0.000000 -1.000000 0.000000
vn 0.000000 -1.000000 -0.000000
vn 0.000000 -1.000000 0.000000
vn 0.000000 -1.000000 0.000000
vn 0.000000 -1.000000 -0.000000
vn 0.000000 -1.000000 -0.000000
vn 0.000000 -1.000000 -0.000000
vn 0.000000 -1.000000 0.000000
vn 0.000000 -1.000000 0.000000
vn 0.000000 -1.000000 0.000000
vn 0.000000 -1.000000 0.000000
vn 0.000000 -1.000000 0.000000
vn 0.000000 -1.000000 0.000000
vn 0.000000 -1.000000 0.000000
vn 0.000000 -1.000000 0.000000
vn 0.000000 -1.000000 0.000000
vn 0.000000 -1.000000 0.000000
vn 0.000000 -1.000000 0.000000
vn 0.000000 -1.000000 0.000000
vn 0.000000 -1.000000 0.000000
vn 0.000000 -1.000000 0.000000
vn 0.000000 -1.000000 0.000000
vn 0.000000 -1.000000 0.000000
vn 0.000000 -1.000000 0.000000
vn 0.000000 -1.000000 0.000000
vn 0.000000 -1.000000 0.000000
vn 0.000000 -1.000000 0.000000
vn 0.000000 -1.000000 0.000000
vn 0.000000 -1.000000 0.000000
vn 0.000000 -1.000000 0.000000
vn -0.000000 -1.000000 0.000000
vn 0.000000 -1.000000 0.000000
vn -0.000000 -1.000000 0.000000
vn 0.000000 -1.000000 0.000000
vn 0.000000 -1.000000 0.000000
vn 0.000000 -1.000000 0.000000
vn 0.000000 -1.000000 0.000000
vn 0.000000 -1.000000 0.000000
vn -0.000000 -1.000000 0.000000
vn -0.000000 -1.000000 0.000000
vn 0.000000 -1.000000 0.000000
vn 0.000000 1.000000 0.000000
vn 0.000000 1.000000 0.000000
vn 0.000000 1.000000 0.000000
vn 0.000000 1.000000 0.000000
vn 0.000000 1.000000 0.000000
vn 0.000000 1.000000 0.000000
vn 0.000000 1.000000 0.000000
vn 0.000000 1.000000 0.000000
vn 0.000000 1.000000 0.000000
vn 0.000000 1.000000 -0.000000
vn 0.000000 1.000000 0.000000
vn 0.000000 1.000000 0.000000
vn 0.000000 1.000000 0.000000
vn 0.000000 1.000000 0.000000
vn 0.000000 1.000000 0.000000
vn 0.000000 1.000000 0.000000
vn 0.000000 1.000000 0.000000
vn 0.000000 1.000000 0.000000
vn 0.000000 1.000000 0.000000
vn 0.000000 1.000000 0.000000
vn 0.000000 1.000000 -0.000000
vn 0.000000 1.000000 0.000000
vn 0.000000 1.000000 0.000000
vn 0.000000 1.000000 0.000000
vn 0.000000 1.000000 0.000000
vn 0.000000 1.000000 0.000000
vn 0.000000 1.000000 -0.000000
vn 0.000000 1.000000 0.000000
vn 0.000000 1.000000 -0.000000
vn 0.000000 1.000000 0.000000
vn 0.000000 1.000000 0.000000
vn 0.000000 1.000000 0.000000
vn 0.000000 1.000000 0.000000
vn 0.000000 1.000000 0.000000
vn 0.000000 1.000000 0.000000
vn 0.000000 1.000000 0.000000
vn 0.000000 1.000000 0.000000
vn 0.000000 1.000000 -0.000000
vn 0.000000 1.000000 0.000000
vn 0.000000 1.000000 0.000000
vn 0.000000 1.000000 -0.000000
vn 0.997858 0.065418 -0.000000
vn 0.997858 0.065418 0.000000
vn 0.980786 0.195089 -0.000000
vn 0.980786 0.195089 0.000000
vn 0.946928 0.321444 0.000000
vn 0.946928 0.321444 -0.000000
vn 0.896888 0.442258 0.000000
vn 0.831461 0.555583 0.000000
vn 0.896888 0.442258 -0.000000
vn 0.831461 0.555583 0.000000
vn 0.751831 0.659356 0.000000
vn 0.751831 0.659356 -0.000000
vn 0.659343 0.751842 0.000000
vn 0.659343 0.751842 -0.000000
vn 0.555582 0.831462 0.000000
vn 0.555582 0.831462 -0.000000
vn 0.442289 0.896873 0.000000
vn 0.321439 0.946930 0.000000
vn 0.442289 0.896873 -0.000000
vn 0.321439 0.946930 0.000000
vn 0.195090 0.980785 0.000000
vn 0.065402 0.997859 0.000000
vn 0.195090 0.980785 -0.000000
vn 0.065402 0.997859 0.000000
vn -0.065402 0.997859 0.000000
vn -0.065402 0.997859 0.000000
vn -0.195090 0.980785 0.000000
vn -0.195090 0.980785 0.000000
vn -0.321439 0.946930 0.000000
vn -0.442289 0.896873 0.000000
vn -0.321439 0.946930 0.000000
vn -0.442289 0.896873 0.000000
vn -0.555582 0.831462 0.000000
vn -0.555582 0.831462 0.000000
vn -0.659343 0.751842 0.000000
vn -0.659343 0.751842 0.000000
vn -0.751831 0.659356 0.000000
vn -0.831461 0.555583 0.000000
vn -0.751831 0.659356 0.000000
vn -0.831461 0.555583 0.000000
vn -0.896888 0.442258 0.000000
vn -0.946928 0.321444 0.000000
vn -0.896888 0.442258 0.000000
vn -0.946928 0.321444 0.000000
vn -0.980786 0.195089 0.000000
vn -0.980786 0.195089 0.000000
vn -0.997858 0.065418 0.000000
vn -0.997858 -0.065418 -0.000000
vn -0.997858 0.065418 0.000000
vn -0.997858 -0.065418 0.000000
vn -0.980786 -0.195089 0.000000
vn -0.980786 -0.195089 0.000000
vn -0.946928 -0.321444 0.000000
vn -0.946928 -0.321444 0.000000
vn -0.896888 -0.442258 0.000000
vn -0.896888 -0.442258 0.000000
vn -0.831461 -0.555583 0.000000
vn -0.831461 -0.555583 0.000000
vn -0.751831 -0.659356 -0.000000
vn -0.751831 -0.659356 0.000000
vn -0.659343 -0.751842 0.000000
vn -0.659343 -0.751842 0.000000
vn -0.555582 -0.831462 0.000000
vn -0.555582 -0.831462 0.000000
vn -0.442289 -0.896873 0.000000
vn -0.442289 -0.896873 0.000000
vn -0.321439 -0.946930 0.000000
vn -0.321439 -0.946930 0.000000
vn -0.195090 -0.980785 0.000000
vn -0.195090 -0.980785 0.000000
vn -0.065402 -0.997859 0.000000
vn -0.065402 -0.997859 0.000000
vn 0.065402 -0.997859 0.000000
vn 0.065402 -0.997859 0.000000
vn 0.195090 -0.980785 0.000000
vn 0.195090 -0.980785 0.000000
vn 0.321439 -0.946930 0.000000
vn 0.321439 -0.946930 0.000000
vn 0.442289 -0.896873 0.000000
vn 0.442289 -0.896873 0.000000
vn 0.555582 -0.831462 0.000000
vn 0.659343 -0.751842 0.000000
vn 0.555582 -0.831462 0.000000
vn 0.751831 -0.659356 0.000000
vn 0.659343 -0.751842 0.000000
vn 0.751831 -0.659356 0.000000
vn 0.831461 -0.555583 0.000000
vn 0.896888 -0.442258 0.000000
vn 0.831461 -0.555583 0.000000
vn 0.896888 -0.442258 0.000000
vn 0.946928 -0.321444 0.000000
vn 0.946928 -0.321444 0.000000
vn 0.980786 -0.195089 0.000000
vn 0.980786 -0.195089 0.000000
vn 0.997858 -0.065418 0.000000
vn 0.997858 -0.065418 0.000000
vn 0.000000 0.000000 -1.000000
vn 0.000000 0.000000 -1.000000
vn 0.000000 0.000000 -1.000000
vn 0.000000 0.000000 -1.000000
vn 0.000000 0.000000 -1.000000
vn 0.000000 0.000000 -1.000000
vn 0.000000 0.000000 -1.000000
vn 0.000000 0.000000 -1.000000
vn 0.000000 0.000000 -1.000000
vn 0.000000 0.000000 -1.000000
vn 0.000000 -0.000000 -1.000000
vn 0.000000 0.000000 -1.000000
vn 0.000000 0.000000 -1.000000
vn 0.000000 0.000000 -1.000000
vn 0.000000 0.000000 -1.000000
vn 0.000000 0.000000 -1.000000
vn 0.000000 0.000000 -1.000000
vn 0.000000 0.000000 -1.000000
vn 0.000000 0.000000 -1.000000
vn 0.000000 0.000000 -1.000000
vn 0.000000 -0.000000 -1.000000
vn 0.000000 -0.000000 -1.000000
vn 0.000000 0.000000 -1.000000
vn 0.000000 -0.000000 -1.000000
vn 0.000000 -0.000000 -1.000000
vn 0.000000 -0.000000 -1.000000
vn 0.000000 0.000000 -1.000000
vn 0.000000 0.000000 -1.000000
vn 0.000000 0.000000 -1.000000
vn 0.000000 -0.000000 -1.000000
vn 0.000000 0.000000 -1.000000
vn 0.000000 0.000000 -1.000000
vn 0.000000 -0.000000 -1.000000
vn 0.000000 -0.000000 -1.000000
vn 0.000000 -0.000000 -1.000000
vn 0.000000 0.000000 -1.000000
vn -0.000000 -0.000000 -1.000000
vn -0.000000 -0.000000 -1.000000
vn 0.000000 0.000000 -1.000000
vn 0.000000 0.000000 -1.000000
vn 0.000000 0.000000 -1.000000
vn -0.000000 -0.000000 -1.000000
vn 0.000000 0.000000 -1.000000
vn 0.000000 0.000000 -1.000000
vn 0.000000 0.000000 -1.000000
vn 0.000000 0.000000 -1.000000
vn 0.000000 0.000000 1.000000
vn 0.000000 0.000000 1.000000
vn 0.000000 0.000000 1.000000
vn 0.000000 0.000000 1.000000
vn 0.000000 0.000000 1.000000
vn 0.000000 0.000000 1.000000
vn 0.000000 0.000000 1.000000
vn 0.000000 0.000000 1.000000
vn 0.000000 0.000000 1.000000
vn 0.000000 0.000000 1.000000
vn 0.000000 0.000000 1.000000
vn 0.000000 0.000000 1.000000
vn 0.000000 0.000000 1.000000
vn 0.000000 0.000000 1.000000
vn 0.000000 0.000000 1.000000
vn 0.000000 0.000000 1.000000
vn 0.000000 0.000000 1.000000
vn 0.000000 0.000000 1.000000
vn 0.000000 0.000000 1.000000
vn 0.000000 0.000000 1.000000
vn 0.000000 0.000000 1.000000
vn 0.000000 0.000000 1.000000
vn 0.000000 0.000000 1.000000
vn 0.000000 0.000000 1.000000
vn 0.000000 0.000000 1.000000
vn 0.000000 0.000000 1.000000
vn 0.000000 0.000000 1.000000
vn 0.000000 0.000000 1.000000
vn 0.000000 0.000000 1.000000
vn 0.000000 0.000000 1.000000
vn 0.000000 0.000000 1.000000
vn 0.000000 0.000000 1.000000
vn 0.000000 0.000000 1.000000
vn 0.000000 0.000000 1.000000
vn 0.000000 0.000000 1.000000
vn 0.000000 0.000000 1.000000
vn 0.000000 0.000000 1.000000
vn 0.000000 0.000000 1.000000
vn 0.000000 0.000000 1.000000
vn 0.000000 0.000000 1.000000
vn 0.000000 0.000000 1.000000
vn 0.000000 0.000000 1.000000
vn 0.000000 0.000000 1.000000
vn 0.000000 0.000000 1.000000
vn 0.000000 0.000000 1.000000
vn 0.000000 0.000000 1.000000
vn 0.999689 0.024941 -0.000000
vn 0.999689 0.024941 0.000000
vn 0.997205 0.074710 0.000000
vn 0.997205 0.074710 -0.000000
vn 0.992238 0.124355 0.000000
vn 0.992238 0.124355 -0.000000
vn 0.984810 0.173635 0.000000
vn 0.984810 0.173635 -0.000000
vn 0.974928 0.222520 0.000000
vn 0.962615 0.270874 0.000000
vn 0.974928 0.222520 -0.000000
vn 0.962615 0.270874 0.000000
vn 0.947942 0.318442 0.000000
vn 0.930866 0.365361 0.000000
vn 0.947942 0.318442 -0.000000
vn 0.930866 0.365361 0.000000
vn 0.911500 0.411300 0.000000
vn 0.889868 0.456219 0.000000
vn 0.911500 0.411300 -0.000000
vn 0.889868 0.456219 0.000000
vn 0.866029 0.499994 -0.000000
vn 0.866029 0.499994 0.000000
vn 0.840031 0.542539 -0.000000
vn 0.840031 0.542539 0.000000
vn 0.811946 0.583732 0.000000
vn 0.811946 0.583732 0.000000
vn 0.781827 0.623495 -0.000000
vn 0.781827 0.623495 0.000000
vn 0.749764 0.661705 0.000000
vn 0.715869 0.698234 0.000000
vn 0.749764 0.661705 -0.000000
vn 0.715869 0.698234 0.000000
vn 0.680200 0.733026 0.000000
vn 0.680200 0.733026 -0.000000
vn 0.642747 0.766079 0.000000
vn 0.642747 0.766079 -0.000000
vn 0.603849 0.797099 0.000000
vn 0.563304 0.826250 0.000000
vn 0.603849 0.797099 -0.000000
vn 0.521410 0.853306 0.000000
vn 0.563304 0.826250 0.000000
vn 0.521410 0.853306 0.000000
vn 0.478246 0.878226 0.000000
vn 0.478246 0.878226 -0.000000
vn 0.433929 0.900947 0.000000
vn 0.433929 0.900947 -0.000000
vn 0.388358 0.921509 0.000000
vn 0.388358 0.921509 -0.000000
vn 0.342124 0.939655 0.000000
vn 0.342124 0.939655 -0.000000
vn 0.294699 0.955590 0.000000
vn 0.246809 0.969064 0.000000
vn 0.294699 0.955590 -0.000000
vn 0.198153 0.980171 0.000000
vn 0.246809 0.969064 0.000000
vn 0.198153 0.980171 0.000000
vn 0.149033 0.988832 0.000000
vn 0.099458 0.995042 0.000000
vn 0.149033 0.988832 -0.000000
vn 0.099458 0.995042 0.000000
vn 0.049882 0.998755 0.000000
vn 0.049882 0.998755 -0.000000
vn 0.000000 1.000000 0.000000
vn -0.049882 0.998755 0.000000
vn 0.000000 1.000000 -0.000000
vn -0.049882 0.998755 0.000000
vn -0.099458 0.995042 0.000000
vn -0.149033 0.988832 0.000000
vn -0.099458 0.995042 0.000000
vn -0.149033 0.988832 0.000000
vn -0.198153 0.980171 0.000000
vn -0.198153 0.980171 0.000000
vn -0.246809 0.969064 0.000000
vn -0.294699 0.955590 0.000000
vn -0.246809 0.969064 0.000000
vn -0.294699 0.955590 0.000000
vn -0.342124 0.939655 0.000000
vn -0.342124 0.939655 0.000000
vn -0.388358 0.921509 0.000000
vn -0.388358 0.921509 0.000000
vn -0.433929 0.900947 0.000000
vn -0.433929 0.900947 0.000000
vn -0.478246 0.878226 0.000000
vn -0.478246 0.878226 0.000000
vn -0.521410 0.853306 0.000000
vn -0.521410 0.853306 0.000000
vn -0.563304 0.826250 0.000000
vn -0.563304 0.826250 0.000000
vn -0.603849 0.797099 0.000000
vn -0.603849 0.797099 0.000000
vn -0.642747 0.766079 0.000000
vn -0.642747 0.766079 0.000000
vn -0.680200 0.733026 0.000000
vn -0.680200 0.733026 0.000000
vn -0.715869 0.698234 0.000000
vn -0.715869 0.698234 0.000000
vn -0.749764 0.661705 0.000000
vn -0.749764 0.661705 0.000000
vn -0.781827 0.623495 0.000000
vn -0.811946 0.583732 0.000000
vn -0.781827 0.623495 0.000000
vn -0.811946 0.583732 0.000000
vn -0.840031 0.542539 0.000000
vn -0.840031 0.542539 0.000000
vn -0.866029 0.499994 0.000000
vn -0.889868 0.456219 0.000000
vn -0.866029 0.499994 0.000000
vn -0.889868 0.456219 0.000000
vn -0.911500 0.411300 0.000000
vn -0.911500 0.411300 0.000000
vn -0.930866 0.365361 0.000000
vn -0.947942 0.318442 0.000000
vn -0.930866 0.365361 0.000000
vn -0.947942 0.318442 0.000000
vn -0.962615 0.270874 0.000000
vn -0.962615 0.270874 0.000000
vn -0.974928 0.222520 0.000000
vn -0.984810 0.173635 0.000000
vn -0.974928 0.222520 0.000000
vn -0.992238 0.124355 0.000000
vn -0.984810 0.173635 0.000000
vn -0.992238 0.124355 0.000000
vn -0.997205 0.074710 0.000000
vn -0.997205 0.074710 0.000000
vn -0.999689 0.024941 0.000000
vn -0.999689 0.024941 0.000000
vn -0.999689 -0.024941 -0.000000
vn -0.999689 -0.024941 0.000000
vn -0.997205 -0.074710 0.000000
vn -0.997205 -0.074710 0.000000
vn -0.992238 -0.124355 -0.000000
vn -0.992238 -0.124355 0.000000
vn -0.984810 -0.173635 0.000000
vn -0.984810 -0.173635 0.000000
vn -0.974928 -0.222520 0.000000
vn -0.974928 -0.222520 0.000000
vn -0.962615 -0.270874 -0.000000
vn -0.962615 -0.270874 0.000000
vn -0.947942 -0.318442 0.000000
vn -0.947942 -0.318442 0.000000
vn -0.930866 -0.365361 0.000000
vn -0.930866 -0.365361 0.000000
vn -0.911500 -0.411300 -0.000000
vn -0.911500 -0.411300 0.000000
vn -0.889868 -0.456219 0.000000
vn -0.889868 -0.456219 0.000000
vn -0.866029 -0.499994 -0.000000
vn -0.866029 -0.499994 0.000000
vn -0.840031 -0.542539 -0.000000
vn -0.840031 -0.542539 0.000000
vn -0.811946 -0.583732 0.000000
vn -0.811946 -0.583732 0.000000
vn -0.781827 -0.623495 0.000000
vn -0.781827 -0.623495 0.000000
vn -0.749764 -0.661705 -0.000000
vn -0.749764 -0.661705 0.000000
vn -0.715869 -0.698234 0.000000
vn -0.715869 -0.698234 0.000000
vn -0.680200 -0.733026 0.000000
vn -0.680200 -0.733026 0.000000
vn -0.642747 -0.766079 0.000000
vn -0.642747 -0.766079 0.000000
vn -0.603849 -0.797099 -0.000000
vn -0.603849 -0.797099 0.000000
vn -0.563304 -0.826250 0.000000
vn -0.563304 -0.826250 0.000000
vn -0.521410 -0.853306 -0.000000
vn -0.521410 -0.853306 0.000000
vn -0.478305 -0.878194 0.000000
vn -0.433867 -0.900977 -0.000000
vn -0.478305 -0.878194 0.000000
vn -0.433867 -0.900977 0.000000
vn -0.388423 -0.921481 0.000000
vn -0.341989 -0.939704 -0.000000
vn -0.388423 -0.921481 0.000000
vn -0.341989 -0.939704 0.000000
vn -0.294768 -0.955569 0.000000
vn -0.294768 -0.955569 0.000000
vn -0.246809 -0.969064 -0.000000
vn -0.246809 -0.969064 0.000000
vn -0.198080 -0.980186 0.000000
vn -0.198080 -0.980186 0.000000
vn -0.149107 -0.988821 0.000000
vn -0.149107 -0.988821 0.000000
vn -0.099534 -0.995034 -0.000000
vn -0.099534 -0.995034 0.000000
vn -0.049882 -0.998755 0.000000
vn -0.049882 -0.998755 0.000000
vn 0.000000 -1.000000 0.000000
vn 0.000000 -1.000000 0.000000
vn 0.049882 -0.998755 0.000000
vn 0.049882 -0.998755 0.000000
vn 0.099534 -0.995034 0.000000
vn 0.099534 -0.995034 0.000000
vn 0.149107 -0.988821 0.000000
vn 0.149107 -0.988821 0.000000
vn 0.198080 -0.980186 0.000000
vn 0.198080 -0.980186 0.000000
vn 0.246809 -0.969064 0.000000
vn 0.246809 -0.969064 0.000000
vn 0.294768 -0.955569 0.000000
vn 0.294768 -0.955569 0.000000
vn 0.341989 -0.939704 0.000000
vn 0.341989 -0.939704 0.000000
vn 0.388423 -0.921481 0.000000
vn 0.388423 -0.921481 0.000000
vn 0.433867 -0.900977 0.000000
vn 0.478305 -0.878194 0.000000
vn 0.433867 -0.900977 0.000000
vn 0.478305 -0.878194 0.000000
vn 0.521410 -0.853306 0.000000
vn 0.521410 -0.853306 0.000000
vn 0.563304 -0.826250 0.000000
vn 0.563304 -0.826250 0.000000
vn 0.603849 -0.797099 0.000000
vn 0.603849 -0.797099 0.000000
vn 0.642747 -0.766079 0.000000
vn 0.642747 -0.766079 0.000000
vn 0.680200 -0.733026 0.000000
vn 0.680200 -0.733026 0.000000
vn 0.715869 -0.698234 0.000000
vn 0.715869 -0.698234 0.000000
vn 0.749764 -0.661705 0.000000
vn 0.749764 -0.661705 0.000000
vn 0.781827 -0.623495 0.000000
vn 0.781827 -0.623495 0.000000
vn 0.811946 -0.583732 0.000000
vn 0.811946 -0.583732 0.000000
vn 0.840031 -0.542539 0.000000
vn 0.840031 -0.542539 0.000000
vn 0.866029 -0.499994 0.000000
vn 0.866029 -0.499994 0.000000
vn 0.889868 -0.456219 0.000000
vn 0.889868 -0.456219 0.000000
vn 0.911500 -0.411300 0.000000
vn 0.911500 -0.411300 0.000000
vn 0.930866 -0.365361 0.000000
vn 0.947942 -0.318442 0.000000
vn 0.930866 -0.365361 0.000000
vn 0.947942 -0.318442 0.000000
vn 0.962615 -0.270874 0.000000
vn 0.962615 -0.270874 0.000000
vn 0.974928 -0.222520 0.000000
vn 0.974928 -0.222520 0.000000
vn 0.984810 -0.173635 0.000000
vn 0.984810 -0.173635 0.000000
vn 0.992238 -0.124355 0.000000
vn 0.997205 -0.074710 0.000000
vn 0.992238 -0.124355 0.000000
vn 0.997205 -0.074710 0.000000
vn 0.999689 -0.024941 0.000000
vn 0.999689 -0.024941 0.000000
vn 0.000000 0.000000 -1.000000
vn 0.000000 0.000000 -1.000000
vn 0.000000 0.000000 -1.000000
vn 0.000000 0.000000 -1.000000
vn 0.000000 0.000000 -1.000000
vn 0.000000 0.000000 -1.000000
vn 0.000000 0.000000 -1.000000
vn 0.000000 0.000000 -1.000000
vn 0.000000 0.000000 -1.000000
vn 0.000000 0.000000 -1.000000
vn 0.000000 0.000000 -1.000000
vn 0.000000 0.000000 -1.000000
vn 0.000000 0.000000 -1.000000
vn 0.000000 0.000000 -1.000000
vn 0.000000 0.000000 -1.000000
vn 0.000000 0.000000 -1.000000
vn 0.000000 0.000000 -1.000000
vn 0.000000 0.000000 -1.000000
vn 0.000000 0.000000 -1.000000
vn 0.000000 0.000000 -1.000000
vn 0.000000 0.000000 -1.000000
vn 0.000000 0.000000 -1.000000
vn 0.000000 -0.000000 -1.000000
vn 0.000000 -0.000000 -1.000000
vn 0.000000 0.000000 -1.000000
vn 0.000000 0.000000 -1.000000
vn 0.000000 0.000000 -1.000000
vn 0.000000 0.000000 -1.000000
vn 0.000000 0.000000 -1.000000
vn 0.000000 0.000000 -1.000000
vn 0.000000 0.000000 -1.000000
vn 0.000000 -0.000000 -1.000000
vn 0.000000 -0.000000 -1.000000
vn 0.000000 -0.000000 -1.000000
vn 0.000000 0.000000 -1.000000
vn 0.000000 -0.000000 -1.000000
vn 0.000000 0.000000 -1.000000
vn 0.000000 0.000000 -1.000000
vn 0.000000 0.000000 -1.000000
vn 0.000000 0.000000 -1.000000
vn 0.000000 0.000000 -1.000000
vn 0.000000 -0.000000 -1.000000
vn 0.000000 0.000000 -1.000000
vn 0.000000 0.000000 -1.000000
vn 0.000000 0.000000 -1.000000
vn 0.000000 0.000000 -1.000000
vn 0.000000 0.000000 -1.000000
vn 0.000000 0.000000 -1.000000
vn 0.000000 0.000000 -1.000000
vn 0.000000 -0.000000 -1.000000
vn 0.000000 -0.000000 -1.000000
vn 0.000000 0.000000 -1.000000
vn 0.000000 -0.000000 -1.000000
vn 0.000000 -0.000000 -1.000000
vn 0.000000 -0.000000 -1.000000
vn 0.000000 0.000000 -1.000000
vn 0.000000 0.000000 -1.000000
vn 0.000000 0.000000 -1.000000
vn 0.000000 -0.000000 -1.000000
vn 0.000000 -0.000000 -1.000000
vn 0.000000 0.000000 -1.000000
vn 0.000000 0.000000 -1.000000
vn 0.000000 0.000000 -1.000000
vn 0.000000 0.000000 -1.000000
vn 0.000000 -0.000000 -1.000000
vn 0.000000 -0.000000 -1.000000
vn 0.000000 -0.000000 -1.000000
vn 0.000000 -0.000000 -1.000000
vn 0.000000 0.000000 -1.000000
vn 0.000000 0.000000 -1.000000
vn 0.000000 0.000000 -1.000000
vn 0.000000 -0.000000 -1.000000
vn 0.000000 -0.000000 -1.000000
vn 0.000000 0.000000 -1.000000
vn 0.000000 0.000000 -1.000000
vn 0.000000 0.000000 -1.000000
vn 0.000000 0.000000 -1.000000
vn 0.000000 -0.000000 -1.000000
vn 0.000000 -0.000000 -1.000000
vn 0.000000 -0.000000 -1.000000
vn 0.000000 0.000000 -1.000000
vn 0.000000 0.000000 -1.000000
vn 0.000000 0.000000 -1.000000
vn 0.000000 0.000000 -1.000000
vn 0.000000 -0.000000 -1.000000
vn 0.000000 -0.000000 -1.000000
vn 0.000000 -0.000000 -1.000000
vn 0.000000 0.000000 -1.000000
vn -0.000000 -0.000000 -1.000000
vn 0.000000 -0.000000 -1.000000
vn -0.000000 -0.000000 -1.000000
vn 0.000000 -0.000000 -1.000000
vn 0.000000 0.000000 -1.000000
vn 0.000000 0.000000 -1.000000
vn 0.000000 0.000000 -1.000000
vn 0.000000 0.000000 -1.000000
vn 0.000000 -0.000000 -1.000000
vn 0.000000 -0.000000 -1.000000
vn 0.000000 0.000000 -1.000000
vn 0.000000 0.000000 -1.000000
vn -0.000000 -0.000000 -1.000000
vn -0.000000 -0.000000 -1.000000
vn 0.000000 0.000000 -1.000000
vn 0.000000 0.000000 -1.000000
vn -0.000000 -0.000000 -1.000000
vn 0.000000 0.000000 -1.000000
vn 0.000000 0.000000 -1.000000
vn 0.000000 0.000000 -1.000000
vn 0.000000 0.000000 -1.000000
vn -0.000000 -0.000000 -1.000000
vn 0.000000 0.000000 -1.000000
vn -0.000000 -0.000000 -1.000000
vn -0.000000 -0.000000 -1.000000
vn 0.000000 0.000000 -1.000000
vn 0.000000 -0.000000 -1.000000
vn 0.000000 0.000000 -1.000000
vn -0.000000 -0.000000 -1.000000
vn -0.000000 -0.000000 -1.000000
vn -0.000000 -0.000000 -1.000000
vn -0.000000 -0.000000 -1.000000
vn 0.000000 0.000000 -1.000000
vn 0.000000 -0.000000 -1.000000
vn -0.000000 -0.000000 -1.000000
vn 0.000000 0.000000 -1.000000
vn 0.000000 0.000000 1.000000
vn 0.000000 0.000000 1.000000
vn 0.000000 0.000000 1.000000
vn 0.000000 0.000000 1.000000
vn 0.000000 0.000000 1.000000
vn 0.000000 0.000000 1.000000
vn 0.000000 0.000000 1.000000
vn 0.000000 0.000000 1.000000
vn 0.000000 0.000000 1.000000
vn 0.000000 0.000000 1.000000
vn 0.000000 0.000000 1.000000
vn 0.000000 0.000000 1.000000
vn 0.000000 0.000000 1.000000
vn 0.000000 0.000000 1.000000
vn 0.000000 0.000000 1.000000
vn 0.000000 0.000000 1.000000
vn 0.000000 0.000000 1.000000
vn 0.000000 0.000000 1.000000
vn 0.000000 0.000000 1.000000
vn 0.000000 0.000000 1.000000
vn 0.000000 0.000000 1.000000
vn 0.000000 0.000000 1.000000
vn 0.000000 0.000000 1.000000
vn 0.000000 0.000000 1.000000
vn 0.000000 0.000000 1.000000
vn 0.000000 0.000000 1.000000
vn 0.000000 0.000000 1.000000
vn 0.000000 0.000000 1.000000
vn 0.000000 0.000000 1.000000
vn 0.000000 0.000000 1.000000
vn 0.000000 0.000000 1.000000
vn 0.000000 0.000000 1.000000
vn 0.000000 0.000000 1.000000
vn 0.000000 0.000000 1.000000
vn 0.000000 0.000000 1.000000
vn 0.000000 0.000000 1.000000
vn 0.000000 0.000000 1.000000
vn 0.000000 0.000000 1.000000
vn 0.000000 0.000000 1.000000
vn 0.000000 0.000000 1.000000
vn 0.000000 0.000000 1.000000
vn 0.000000 0.000000 1.000000
vn 0.000000 0.000000 1.000000
vn 0.000000 0.000000 1.000000
vn 0.000000 0.000000 1.000000
vn 0.000000 0.000000 1.000000
vn 0.000000 0.000000 1.000000
vn 0.000000 0.000000 1.000000
vn 0.000000 0.000000 1.000000
vn 0.000000 0.000000 1.000000
vn 0.000000 0.000000 1.000000
vn 0.000000 0.000000 1.000000
vn 0.000000 0.000000 1.000000
vn 0.000000 0.000000 1.000000
vn 0.000000 0.000000 1.000000
vn 0.000000 0.000000 1.000000
vn 0.000000 0.000000 1.000000
vn 0.000000 0.000000 1.000000
vn 0.000000 0.000000 1.000000
vn 0.000000 0.000000 1.000000
vn 0.000000 0.000000 1.000000
vn 0.000000 0.000000 1.000000
vn 0.000000 0.000000 1.000000
vn 0.000000 0.000000 1.000000
vn 0.000000 0.000000 1.000000
vn 0.000000 0.000000 1.000000
vn 0.000000 0.000000 1.000000
vn 0.000000 0.000000 1.000000
vn 0.000000 0.000000 1.000000
vn 0.000000 0.000000 1.000000
vn 0.000000 0.000000 1.000000
vn 0.000000 0.000000 1.000000
vn 0.000000 0.000000 1.000000
vn 0.000000 0.000000 1.000000
vn 0.000000 0.000000 1.000000
vn 0.000000 0.000000 1.000000
vn 0.000000 0.000000 1.000000
vn 0.000000 0.000000 1.000000
vn 0.000000 0.000000 1.000000
vn 0.000000 0.000000 1.000000
vn 0.000000 0.000000 1.000000
vn 0.000000 0.000000 1.000000
vn 0.000000 0.000000 1.000000
vn 0.000000 0.000000 1.000000
vn 0.000000 0.000000 1.000000
vn 0.000000 0.000000 1.000000
vn 0.000000 0.000000 1.000000
vn 0.000000 0.000000 1.000000
vn 0.000000 0.000000 1.000000
vn 0.000000 0.000000 1.000000
vn 0.000000 0.000000 1.000000
vn 0.000000 0.000000 1.000000
vn 0.000000 0.000000 1.000000
vn 0.000000 0.000000 1.000000
vn 0.000000 0.000000 1.000000
vn 0.000000 0.000000 1.000000
vn 0.000000 0.000000 1.000000
vn 0.000000 0.000000 1.000000
vn 0.000000 0.000000 1.000000
vn 0.000000 0.000000 1.000000
vn 0.000000 0.000000 1.000000
vn 0.000000 0.000000 1.000000
vn 0.000000 0.000000 1.000000
vn 0.000000 0.000000 1.000000
vn 0.000000 0.000000 1.000000
vn 0.000000 0.000000 1.000000
vn 0.000000 0.000000 1.000000
vn 0.000000 0.000000 1.000000
vn 0.000000 0.000000 1.000000
vn 0.000000 0.000000 1.000000
vn 0.000000 0.000000 1.000000
vn 0.000000 0.000000 1.000000
vn 0.000000 0.000000 1.000000
vn 0.000000 0.000000 1.000000
vn 0.000000 0.000000 1.000000
vn 0.000000 0.000000 1.000000
vn 0.000000 0.000000 1.000000
vn 0.000000 0.000000 1.000000
vn 0.000000 0.000000 1.000000
vn 0.000000 0.000000 1.000000
vn 0.000000 0.000000 1.000000
vn 0.000000 0.000000 1.000000
vn 0.000000 0.000000 1.000000
vn 0.000000 0.000000 1.000000
vn 0.999689 0.024922 -0.000000
vn 0.999689 0.024922 0.000000
vn 0.997205 0.074719 0.000000
vn 0.997205 0.074719 -0.000000
vn 0.992236 0.124366 0.000000
vn 0.992236 0.124366 -0.000000
vn 0.984812 0.173626 0.000000
vn 0.984812 0.173626 -0.000000
vn 0.974923 0.222542 0.000000
vn 0.962630 0.270819 0.000000
vn 0.974923 0.222542 -0.000000
vn 0.962630 0.270819 0.000000
vn 0.947917 0.318518 0.000000
vn 0.930885 0.365313 0.000000
vn 0.947917 0.318518 -0.000000
vn 0.930885 0.365313 0.000000
vn 0.911503 0.411293 0.000000
vn 0.889877 0.456200 0.000000
vn 0.911503 0.411293 -0.000000
vn 0.889877 0.456200 0.000000
vn 0.866017 0.500015 -0.000000
vn 0.866017 0.500015 0.000000
vn 0.840015 0.542563 -0.000000
vn 0.840015 0.542563 0.000000
vn 0.811930 0.583755 0.000000
vn 0.811930 0.583755 0.000000
vn 0.781857 0.623458 -0.000000
vn 0.781857 0.623458 0.000000
vn 0.749755 0.661716 0.000000
vn 0.715913 0.698189 0.000000
vn 0.749755 0.661716 -0.000000
vn 0.715913 0.698189 0.000000
vn 0.680145 0.733078 0.000000
vn 0.680145 0.733078 -0.000000
vn 0.642772 0.766058 0.000000
vn 0.642772 0.766058 -0.000000
vn 0.603816 0.797124 0.000000
vn 0.563303 0.826250 0.000000
vn 0.603816 0.797124 -0.000000
vn 0.521456 0.853278 0.000000
vn 0.563303 0.826250 0.000000
vn 0.521456 0.853278 0.000000
vn 0.478276 0.878210 0.000000
vn 0.478276 0.878210 -0.000000
vn 0.433826 0.900997 0.000000
vn 0.433826 0.900997 -0.000000
vn 0.388482 0.921456 0.000000
vn 0.388482 0.921456 -0.000000
vn 0.342050 0.939682 0.000000
vn 0.342050 0.939682 -0.000000
vn 0.294671 0.955599 0.000000
vn 0.246785 0.969070 0.000000
vn 0.294671 0.955599 -0.000000
vn 0.198197 0.980162 0.000000
vn 0.246785 0.969070 0.000000
vn 0.198197 0.980162 0.000000
vn 0.149047 0.988830 0.000000
vn 0.099494 0.995038 0.000000
vn 0.149047 0.988830 -0.000000
vn 0.099494 0.995038 0.000000
vn 0.049847 0.998757 0.000000
vn 0.049847 0.998757 -0.000000
vn 0.000000 1.000000 0.000000
vn -0.049847 0.998757 0.000000
vn 0.000000 1.000000 -0.000000
vn -0.049847 0.998757 0.000000
vn -0.099494 0.995038 0.000000
vn -0.149047 0.988830 0.000000
vn -0.099494 0.995038 0.000000
vn -0.149047 0.988830 0.000000
vn -0.198197 0.980162 0.000000
vn -0.198197 0.980162 0.000000
vn -0.246785 0.969070 0.000000
vn -0.294671 0.955599 0.000000
vn -0.246785 0.969070 0.000000
vn -0.294671 0.955599 0.000000
vn -0.342050 0.939682 0.000000
vn -0.342050 0.939682 0.000000
vn -0.388482 0.921456 0.000000
vn -0.388482 0.921456 0.000000
vn -0.433826 0.900997 0.000000
vn -0.433826 0.900997 0.000000
vn -0.478276 0.878210 0.000000
vn -0.478276 0.878210 0.000000
vn -0.521456 0.853278 0.000000
vn -0.521456 0.853278 0.000000
vn -0.563303 0.826250 0.000000
vn -0.563303 0.826250 0.000000
vn -0.603816 0.797124 0.000000
vn -0.603816 0.797124 0.000000
vn -0.642772 0.766058 0.000000
vn -0.642772 0.766058 0.000000
vn -0.680145 0.733078 0.000000
vn -0.680145 0.733078 0.000000
vn -0.715913 0.698189 0.000000
vn -0.715913 0.698189 0.000000
vn -0.749755 0.661716 0.000000
vn -0.749755 0.661716 0.000000
vn -0.781857 0.623458 0.000000
vn -0.811930 0.583755 0.000000
vn -0.781857 0.623458 0.000000
vn -0.811930 0.583755 0.000000
vn -0.840015 0.542563 0.000000
vn -0.840015 0.542563 0.000000
vn -0.866017 0.500015 0.000000
vn -0.889877 0.456200 0.000000
vn -0.866017 0.500015 0.000000
vn -0.889877 0.456200 0.000000
vn -0.911503 0.411293 0.000000
vn -0.911503 0.411293 0.000000
vn -0.930885 0.365313 0.000000
vn -0.947917 0.318518 0.000000
vn -0.930885 0.365313 0.000000
vn -0.947917 0.318518 0.000000
vn -0.962630 0.270819 0.000000
vn -0.962630 0.270819 0.000000
vn -0.974923 0.222542 0.000000
vn -0.984812 0.173626 0.000000
vn -0.974923 0.222542 0.000000
vn -0.992236 0.124366 0.000000
vn -0.984812 0.173626 0.000000
vn -0.992236 0.124366 0.000000
vn -0.997205 0.074719 0.000000
vn -0.997205 0.074719 0.000000
vn -0.999689 0.024922 0.000000
vn -0.999689 0.024922 0.000000
vn -0.999689 -0.024922 -0.000000
vn -0.999689 -0.024922 0.000000
vn -0.997205 -0.074719 0.000000
vn -0.997205 -0.074719 0.000000
vn -0.992236 -0.124366 -0.000000
vn -0.992236 -0.124366 0.000000
vn -0.984812 -0.173626 0.000000
vn -0.984812 -0.173626 0.000000
vn -0.974923 -0.222542 0.000000
vn -0.974923 -0.222542 0.000000
vn -0.962630 -0.270819 -0.000000
vn -0.962630 -0.270819 0.000000
vn -0.947917 -0.318518 0.000000
vn -0.947917 -0.318518 0.000000
vn -0.930885 -0.365313 0.000000
vn -0.930885 -0.365313 0.000000
vn -0.911503 -0.411293 -0.000000
vn -0.911503 -0.411293 0.000000
vn -0.889877 -0.456200 0.000000
vn -0.889877 -0.456200 0.000000
vn -0.866017 -0.500015 -0.000000
vn -0.866017 -0.500015 0.000000
vn -0.840015 -0.542563 -0.000000
vn -0.840015 -0.542563 0.000000
vn -0.811930 -0.583755 0.000000
vn -0.811930 -0.583755 0.000000
vn -0.781857 -0.623458 0.000000
vn -0.781857 -0.623458 0.000000
vn -0.749776 -0.661691 -0.000000
vn -0.749776 -0.661691 0.000000
vn -0.715865 -0.698238 0.000000
vn -0.715865 -0.698238 0.000000
vn -0.680171 -0.733053 0.000000
vn -0.680171 -0.733053 0.000000
vn -0.642772 -0.766058 0.000000
vn -0.642772 -0.766058 0.000000
vn -0.603816 -0.797124 -0.000000
vn -0.603816 -0.797124 0.000000
vn -0.563337 -0.826227 0.000000
vn -0.563337 -0.826227 0.000000
vn -0.521420 -0.853300 -0.000000
vn -0.521420 -0.853300 0.000000
vn -0.478238 -0.878230 0.000000
vn -0.433905 -0.900958 -0.000000
vn -0.478238 -0.878230 0.000000
vn -0.433905 -0.900958 0.000000
vn -0.388440 -0.921474 0.000000
vn -0.342006 -0.939698 -0.000000
vn -0.388440 -0.921474 0.000000
vn -0.342006 -0.939698 0.000000
vn -0.294760 -0.955571 0.000000
vn -0.294760 -0.955571 0.000000
vn -0.246739 -0.969082 -0.000000
vn -0.246739 -0.969082 0.000000
vn -0.198150 -0.980172 0.000000
vn -0.198150 -0.980172 0.000000
vn -0.149047 -0.988830 0.000000
vn -0.149047 -0.988830 0.000000
vn -0.099591 -0.995028 -0.000000
vn -0.099591 -0.995028 0.000000
vn -0.049847 -0.998757 0.000000
vn -0.049847 -0.998757 0.000000
vn 0.000000 -1.000000 0.000000
vn 0.000000 -1.000000 0.000000
vn 0.049847 -0.998757 0.000000
vn 0.049847 -0.998757 0.000000
vn 0.099591 -0.995028 0.000000
vn 0.099591 -0.995028 0.000000
vn 0.149047 -0.988830 0.000000
vn 0.149047 -0.988830 0.000000
vn 0.198150 -0.980172 0.000000
vn 0.198150 -0.980172 0.000000
vn 0.246739 -0.969082 0.000000
vn 0.246739 -0.969082 0.000000
vn 0.294760 -0.955571 0.000000
vn 0.294760 -0.955571 0.000000
vn 0.342006 -0.939698 0.000000
vn 0.342006 -0.939698 0.000000
vn 0.388440 -0.921474 0.000000
vn 0.388440 -0.921474 0.000000
vn 0.433905 -0.900958 0.000000
vn 0.478238 -0.878230 0.000000
vn 0.433905 -0.900958 0.000000
vn 0.478238 -0.878230 0.000000
vn 0.521420 -0.853300 0.000000
vn 0.521420 -0.853300 0.000000
vn 0.563337 -0.826227 0.000000
vn 0.563337 -0.826227 0.000000
vn 0.603816 -0.797124 0.000000
vn 0.603816 -0.797124 0.000000
vn 0.642772 -0.766058 0.000000
vn 0.642772 -0.766058 0.000000
vn 0.680171 -0.733053 0.000000
vn 0.680171 -0.733053 0.000000
vn 0.715865 -0.698238 0.000000
vn 0.715865 -0.698238 0.000000
vn 0.749776 -0.661691 0.000000
vn 0.749776 -0.661691 0.000000
vn 0.781857 -0.623458 0.000000
vn 0.781857 -0.623458 0.000000
vn 0.811930 -0.583755 0.000000
vn 0.811930 -0.583755 0.000000
vn 0.840015 -0.542563 0.000000
vn 0.840015 -0.542563 0.000000
vn 0.866017 -0.500015 0.000000
vn 0.866017 -0.500015 0.000000
vn 0.889877 -0.456200 0.000000
vn 0.889877 -0.456200 0.000000
vn 0.911503 -0.411293 0.000000
vn 0.911503 -0.411293 0.000000
vn 0.930885 -0.365313 0.000000
vn 0.947917 -0.318518 0.000000
vn 0.930885 -0.365313 0.000000
vn 0.947917 -0.318518 0.000000
vn 0.962630 -0.270819 0.000000
vn 0.962630 -0.270819 0.000000
vn 0.974923 -0.222542 0.000000
vn 0.974923 -0.222542 0.000000
vn 0.984812 -0.173626 0.000000
vn 0.984812 -0.173626 0.000000
vn 0.992236 -0.124366 0.000000
vn 0.997205 -0.074719 0.000000
vn 0.992236 -0.124366 0.000000
vn 0.997205 -0.074719 0.000000
vn 0.999689 -0.024922 0.000000
vn 0.999689 -0.024922 0.000000
vn 0.000000 0.000000 -1.000000
vn 0.000000 0.000000 -1.000000
vn 0.000000 0.000000 -1.000000
vn 0.000000 0.000000 -1.000000
vn 0.000000 0.000000 -1.000000
vn 0.000000 0.000000 -1.000000
vn 0.000000 0.000000 -1.000000
vn 0.000000 0.000000 -1.000000
vn 0.000000 0.000000 -1.000000
vn 0.000000 0.000000 -1.000000
vn 0.000000 0.000000 -1.000000
vn 0.000000 0.000000 -1.000000
vn 0.000000 0.000000 -1.000000
vn 0.000000 0.000000 -1.000000
vn 0.000000 0.000000 -1.000000
vn 0.000000 0.000000 -1.000000
vn 0.000000 0.000000 -1.000000
vn 0.000000 0.000000 -1.000000
vn 0.000000 0.000000 -1.000000
vn 0.000000 0.000000 -1.000000
vn 0.000000 0.000000 -1.000000
vn 0.000000 0.000000 -1.000000
vn 0.000000 0.000000 -1.000000
vn 0.000000 0.000000 -1.000000
vn 0.000000 0.000000 -1.000000
vn 0.000000 0.000000 -1.000000
vn 0.000000 0.000000 -1.000000
vn 0.000000 0.000000 -1.000000
vn 0.000000 0.000000 -1.000000
vn 0.000000 0.000000 -1.000000
vn 0.000000 0.000000 -1.000000
vn 0.000000 -0.000000 -1.000000
vn 0.000000 0.000000 -1.000000
vn 0.000000 0.000000 -1.000000
vn 0.000000 0.000000 -1.000000
vn 0.000000 0.000000 -1.000000
vn 0.000000 0.000000 -1.000000
vn 0.000000 -0.000000 -1.000000
vn 0.000000 0.000000 -1.000000
vn 0.000000 0.000000 -1.000000
vn 0.000000 -0.000000 -1.000000
vn 0.000000 -0.000000 -1.000000
vn 0.000000 -0.000000 -1.000000
vn 0.000000 0.000000 -1.000000
vn 0.000000 -0.000000 -1.000000
vn 0.000000 0.000000 -1.000000
vn 0.000000 0.000000 -1.000000
vn 0.000000 0.000000 -1.000000
vn 0.000000 -0.000000 -1.000000
vn 0.000000 0.000000 -1.000000
vn 0.000000 0.000000 -1.000000
vn 0.000000 -0.000000 -1.000000
vn 0.000000 0.000000 -1.000000
vn 0.000000 0.000000 -1.000000
vn 0.000000 0.000000 -1.000000
vn 0.000000 0.000000 -1.000000
vn 0.000000 0.000000 -1.000000
vn 0.000000 0.000000 -1.000000
vn 0.000000 0.000000 -1.000000
vn 0.000000 -0.000000 -1.000000
vn 0.000000 0.000000 -1.000000
vn 0.000000 -0.000000 -1.000000
vn 0.000000 0.000000 -1.000000
vn 0.000000 0.000000 -1.000000
vn 0.000000 0.000000 -1.000000
vn 0.000000 -0.000000 -1.000000
vn 0.000000 -0.000000 -1.000000
vn 0.000000 -0.000000 -1.000000
vn 0.000000 -0.000000 -1.000000
vn 0.000000 -0.000000 -1.000000
vn 0.000000 -0.000000 -1.000000
vn 0.000000 -0.000000 -1.000000
vn 0.000000 0.000000 -1.000000
vn 0.000000 -0.000000 -1.000000
vn 0.000000 -0.000000 -1.000000
vn 0.000000 -0.000000 -1.000000
vn 0.000000 0.000000 -1.000000
vn 0.000000 0.000000 -1.000000
vn 0.000000 0.000000 -1.000000
vn 0.000000 0.000000 -1.000000
vn 0.000000 -0.000000 -1.000000
vn 0.000000 -0.000000 -1.000000
vn 0.000000 -0.000000 -1.000000
vn 0.000000 -0.000000 -1.000000
vn 0.000000 -0.000000 -1.000000
vn 0.000000 -0.000000 -1.000000
vn 0.000000 0.000000 -1.000000
vn 0.000000 0.000000 -1.000000
vn 0.000000 0.000000 -1.000000
vn 0.000000 0.000000 -1.000000
vn -0.000000 -0.000000 -1.000000
vn 0.000000 0.000000 -1.000000
vn -0.000000 -0.000000 -1.000000
vn -0.000000 -0.000000 -1.000000
vn -0.000000 -0.000000 -1.000000
vn 0.000000 0.000000 -1.000000
vn 0.000000 0.000000 -1.000000
vn -0.000000 -0.000000 -1.000000
vn -0.000000 -0.000000 -1.000000
vn -0.000000 -0.000000 -1.000000
vn 0.000000 0.000000 -1.000000
vn 0.000000 0.000000 -1.000000
vn 0.000000 0.000000 -1.000000
vn 0.000000 0.000000 -1.000000
vn -0.000000 -0.000000 -1.000000
vn -0.000000 -0.000000 -1.000000
vn 0.000000 -0.000000 -1.000000
vn -0.000000 -0.000000 -1.000000
vn 0.000000 0.000000 -1.000000
vn -0.000000 -0.000000 -1.000000
vn 0.000000 0.000000 -1.000000
vn 0.000000 -0.000000 -1.000000
vn 0.000000 0.000000 -1.000000
vn 0.000000 0.000000 -1.000000
vn 0.000000 0.000000 -1.000000
vn -0.000000 -0.000000 -1.000000
vn 0.000000 0.000000 -1.000000
vn 0.000000 0.000000 -1.000000
vn -0.000000 -0.000000 -1.000000
vn 0.000000 -0.000000 -1.000000
vn 0.000000 0.000000 -1.000000
vn -0.000000 -0.000000 -1.000000
vn -0.000000 -0.000000 -1.000000
vn 0.000000 0.000000 -1.000000
vn 0.000000 0.000000 1.000000
vn 0.000000 0.000000 1.000000
vn 0.000000 0.000000 1.000000
vn 0.000000 0.000000 1.000000
vn 0.000000 0.000000 1.000000
vn 0.000000 0.000000 1.000000
vn 0.000000 0.000000 1.000000
vn 0.000000 0.000000 1.000000
vn 0.000000 0.000000 1.000000
vn 0.000000 0.000000 1.000000
vn 0.000000 0.000000 1.000000
vn 0.000000 0.000000 1.000000
vn 0.000000 0.000000 1.000000
vn 0.000000 0.000000 1.000000
vn 0.000000 0.000000 1.000000
vn 0.000000 0.000000 1.000000
vn 0.000000 0.000000 1.000000
vn 0.000000 0.000000 1.000000
vn 0.000000 0.000000 1.000000
vn 0.000000 0.000000 1.000000
vn 0.000000 0.000000 1.000000
vn 0.000000 0.000000 1.000000
vn 0.000000 0.000000 1.000000
vn 0.000000 0.000000 1.000000
vn 0.000000 0.000000 1.000000
vn 0.000000 0.000000 1.000000
vn 0.000000 0.000000 1.000000
vn 0.000000 0.000000 1.000000
vn 0.000000 0.000000 1.000000
vn 0.000000 0.000000 1.000000
vn 0.000000 0.000000 1.000000
vn 0.000000 0.000000 1.000000
vn 0.000000 0.000000 1.000000
vn 0.000000 0.000000 1.000000
vn 0.000000 0.000000 1.000000
vn 0.000000 0.000000 1.000000
vn 0.000000 0.000000 1.000000
vn 0.000000 0.000000 1.000000
vn 0.000000 0.000000 1.000000
vn 0.000000 0.000000 1.000000
vn 0.000000 0.000000 1.000000
vn 0.000000 0.000000 1.000000
vn 0.000000 0.000000 1.000000
vn 0.000000 0.000000 1.000000
vn 0.000000 0.000000 1.000000
vn 0.000000 0.000000 1.000000
vn 0.000000 0.000000 1.000000
vn 0.000000 0.000000 1.000000
vn 0.000000 0.000000 1.000000
vn 0.000000 0.000000 1.000000
vn 0.000000 0.000000 1.000000
vn 0.000000 0.000000 1.000000
vn 0.000000 0.000000 1.000000
vn 0.000000 0.000000 1.000000
vn 0.000000 0.000000 1.000000
vn 0.000000 0.000000 1.000000
vn 0.000000 0.000000 1.000000
vn 0.000000 0.000000 1.000000
vn 0.000000 0.000000 1.000000
vn 0.000000 0.000000 1.000000
vn 0.000000 0.000000 1.000000
vn 0.000000 0.000000 1.000000
vn 0.000000 0.000000 1.000000
vn 0.000000 0.000000 1.000000
vn 0.000000 0.000000 1.000000
vn 0.000000 0.000000 1.000000
vn 0.000000 0.000000 1.000000
vn 0.000000 0.000000 1.000000
vn 0.000000 0.000000 1.000000
vn 0.000000 0.000000 1.000000
vn 0.000000 0.000000 1.000000
vn 0.000000 0.000000 1.000000
vn 0.000000 0.000000 1.000000
vn 0.000000 0.000000 1.000000
vn 0.000000 0.000000 1.000000
vn 0.000000 0.000000 1.000000
vn 0.000000 0.000000 1.000000
vn 0.000000 0.000000 1.000000
vn 0.000000 0.000000 1.000000
vn 0.000000 0.000000 1.000000
vn 0.000000 0.000000 1.000000
vn 0.000000 0.000000 1.000000
vn 0.000000 0.000000 1.000000
vn 0.000000 0.000000 1.000000
vn 0.000000 0.000000 1.000000
vn 0.000000 0.000000 1.000000
vn 0.000000 0.000000 1.000000
vn 0.000000 0.000000 1.000000
vn 0.000000 0.000000 1.000000
vn 0.000000 0.000000 1.000000
vn 0.000000 0.000000 1.000000
vn 0.000000 0.000000 1.000000
vn 0.000000 0.000000 1.000000
vn 0.000000 0.000000 1.000000
vn 0.000000 0.000000 1.000000
vn 0.000000 0.000000 1.000000
vn 0.000000 0.000000 1.000000
vn 0.000000 0.000000 1.000000
vn 0.000000 0.000000 1.000000
vn 0.000000 0.000000 1.000000
vn 0.000000 0.000000 1.000000
vn 0.000000 0.000000 1.000000
vn 0.000000 0.000000 1.000000
vn 0.000000 0.000000 1.000000
vn 0.000000 0.000000 1.000000
vn 0.000000 0.000000 1.000000
vn 0.000000 0.000000 1.000000
vn 0.000000 0.000000 1.000000
vn 0.000000 0.000000 1.000000
vn 0.000000 0.000000 1.000000
vn 0.000000 0.000000 1.000000
vn 0.000000 0.000000 1.000000
vn 0.000000 0.000000 1.000000
vn 0.000000 0.000000 1.000000
vn 0.000000 0.000000 1.000000
vn 0.000000 0.000000 1.000000
vn 0.000000 0.000000 1.000000
vn 0.000000 0.000000 1.000000
vn 0.000000 0.000000 1.000000
vn 0.000000 0.000000 1.000000
vn 0.000000 0.000000 1.000000
vn 0.000000 0.000000 1.000000
vn 0.000000 0.000000 1.000000
vn 0.000000 0.000000 1.000000
vn -1.000000 0.000000 0.000000
vn -1.000000 0.000000 0.000000
vn 1.000000 0.000000 0.000000
vn 1.000000 -0.000000 0.000000
vn 0.000000 -1.000000 0.000000
vn 0.000000 -1.000000 0.000000
vn 0.000000 1.000000 0.000000
vn 0.000000 1.000000 0.000000
vn 0.000000 0.000000 -1.000000
vn 0.000000 0.000000 -1.000000
vn 0.000000 0.000000 1.000000
vn 0.000000 0.000000 1.000000
vn 0.998244 0.000000 -0.059242
vn 0.984230 0.000000 -0.176893
vn 0.998244 0.000000 -0.059242
vn 0.984230 0.000000 -0.176893
vn 0.956404 0.000000 -0.292047
vn 0.915140 0.000000 -0.403136
vn 0.956404 0.000000 -0.292047
vn 0.915140 0.000000 -0.403136
vn 0.861048 0.000000 -0.508524
vn 0.861048 0.000000 -0.508524
vn 0.794850 0.000000 -0.606806
vn 0.794850 0.000000 -0.606806
vn 0.717511 0.000000 -0.696547
vn 0.630083 0.000000 -0.776528
vn 0.717511 0.000000 -0.696547
vn 0.630083 0.000000 -0.776528
vn 0.533830 0.000000 -0.845592
vn 0.533830 0.000000 -0.845592
vn 0.430064 0.000000 -0.902799
vn 0.430064 0.000000 -0.902799
vn 0.320277 0.000000 -0.947324
vn 0.320277 0.000000 -0.947324
vn 0.205972 0.000000 -0.978558
vn 0.205972 0.000000 -0.978558
vn 0.088777 0.000000 -0.996051
vn 0.088777 0.000000 -0.996051
vn -0.029621 0.000000 -0.999561
vn -0.029621 0.000000 -0.999561
vn -0.147647 0.000000 -0.989040
vn -0.147647 0.000000 -0.989040
vn -0.263582 0.000000 -0.964637
vn -0.375827 -0.000000 -0.926690
vn -0.263582 0.000000 -0.964637
vn -0.375827 0.000000 -0.926690
vn -0.482803 0.000000 -0.875729
vn -0.482803 0.000000 -0.875729
vn -0.582976 0.000000 -0.812489
vn -0.582976 0.000000 -0.812489
vn -0.674984 0.000000 -0.737832
vn -0.674984 0.000000 -0.737832
vn -0.757505 0.000000 -0.652829
vn -0.757505 0.000000 -0.652829
vn -0.829408 0.000000 -0.558643
vn -0.829408 0.000000 -0.558643
vn -0.889655 0.000000 -0.456633
vn -0.889655 0.000000 -0.456633
vn -0.937422 0.000000 -0.348196
vn -0.937422 0.000000 -0.348196
vn -0.972022 0.000000 -0.234892
vn -0.972022 0.000000 -0.234892
vn -0.992981 0.000000 -0.118270
vn -0.992981 0.000000 -0.118270
vn -1.000000 0.000000 0.000000
vn -1.000000 0.000000 0.000000
vn -0.992981 0.000000 0.118270
vn -0.992981 0.000000 0.118270
vn -0.972022 0.000000 0.234892
vn -0.972022 0.000000 0.234892
vn -0.937422 0.000000 0.348196
vn -0.937422 0.000000 0.348196
vn -0.889655 0.000000 0.456633
vn -0.889655 0.000000 0.456633
vn -0.829408 0.000000 0.558643
vn -0.757505 0.000000 0.652829
vn -0.829408 0.000000 0.558643
vn -0.674984 0.000000 0.737832
vn -0.757505 0.000000 0.652829
vn -0.674984 0.000000 0.737832
vn -0.582976 0.000000 0.812489
vn -0.482803 0.000000 0.875729
vn -0.582976 0.000000 0.812489
vn -0.482803 0.000000 0.875729
vn -0.375827 0.000000 0.926690
vn -0.263582 0.000000 0.964637
vn -0.375827 0.000000 0.926690
vn -0.147647 0.000000 0.989040
vn -0.263582 0.000000 0.964637
vn -0.147647 0.000000 0.989040
vn -0.029621 0.000000 0.999561
vn -0.029621 0.000000 0.999561
vn 0.088777 0.000000 0.996051
vn 0.088777 -0.000000 0.996051
vn 0.205972 0.000000 0.978558
vn 0.205972 -0.000000 0.978558
vn 0.320277 0.000000 0.947324
vn 0.430064 0.000000 0.902799
vn 0.320277 -0.000000 0.947324
vn 0.533830 0.000000 0.845592
vn 0.430064 0.000000 0.902799
vn 0.533830 0.000000 0.845592
vn 0.630083 0.000000 0.776528
vn 0.717511 0.000000 0.696547
vn 0.630083 -0.000000 0.776528
vn 0.717511 0.000000 0.696547
vn 0.794850 -0.000000 0.606806
vn 0.794850 0.000000 0.606806
vn 0.861048 0.000000 0.508524
vn 0.861048 0.000000 0.508524
vn 0.915140 -0.000000 0.403136
vn 0.915140 0.000000 0.403136
vn 0.956404 0.000000 0.292047
vn 0.956404 0.000000 0.292047
vn 0.984230 -0.000000 0.176893
vn 0.984230 0.000000 0.176893
vn 0.998244 -0.000000 0.059242
vn 0.998244 0.000000 0.059242
vn 0.000000 -1.000000 0.000000
vn 0.000000 -1.000000 0.000000
vn 0.000000 -1.000000 0.000000
vn 0.000000 -1.000000 -0.000000
vn 0.000000 -1.000000 -0.000000
vn 0.000000 -1.000000 0.000000
vn 0.000000 -1.000000 0.000000
vn 0.000000 -1.000000 -0.000000
vn 0.000000 -1.000000 -0.000000
vn 0.000000 -1.000000 0.000000
vn 0.000000 -1.000000 -0.000000
vn 0.000000 -1.000000 0.000000
vn 0.000000 -1.000000 0.000000
vn 0.000000 -1.000000 0.000000
vn 0.000000 -1.000000 0.000000
vn 0.000000 -1.000000 0.000000
vn 0.000000 -1.000000 0.000000
vn 0.000000 -1.000000 0.000000
vn 0.000000 -1.000000 0.000000
vn 0.000000 -1.000000 0.000000
vn 0.000000 -1.000000 -0.000000
vn 0.000000 -1.000000 0.000000
vn 0.000000 -1.000000 0.000000
vn 0.000000 -1.000000 0.000000
vn 0.000000 -1.000000 0.000000
vn 0.000000 -1.000000 0.000000
vn 0.000000 -1.000000 0.000000
vn 0.000000 -1.000000 0.000000
vn 0.000000 -1.000000 0.000000
vn 0.000000 -1.000000 0.000000
vn 0.000000 -1.000000 0.000000
vn 0.000000 -1.000000 0.000000
vn 0.000000 -1.000000 0.000000
vn 0.000000 -1.000000 0.000000
vn 0.000000 -1.000000 0.000000
vn 0.000000 -1.000000 0.000000
vn 0.000000 -1.000000 0.000000
vn 0.000000 -1.000000 0.000000
vn 0.000000 -1.000000 0.000000
vn 0.000000 -1.000000 0.000000
vn 0.000000 -1.000000 0.000000
vn 0.000000 -1.000000 0.000000
vn 0.000000 -1.000000 0.000000
vn 0.000000 -1.000000 0.000000
vn -0.000000 -1.000000 0.000000
vn 0.000000 -1.000000 0.000000
vn 0.000000 -1.000000 0.000000
vn -0.000000 -1.000000 0.000000
vn 0.000000 -1.000000 0.000000
vn 0.000000 -1.000000 0.000000
vn 0.000000 -1.000000 0.000000
vn 0.000000 1.000000 0.000000
vn 0.000000 1.000000 0.000000
vn 0.000000 1.000000 0.000000
vn 0.000000 1.000000 0.000000
vn 0.000000 1.000000 0.000000
vn 0.000000 1.000000 0.000000
vn 0.000000 1.000000 0.000000
vn 0.000000 1.000000 0.000000
vn 0.000000 1.000000 0.000000
vn 0.000000 1.000000 0.000000
vn 0.000000 1.000000 0.000000
vn 0.000000 1.000000 -0.000000
vn 0.000000 1.000000 0.000000
vn 0.000000 1.000000 0.000000
vn 0.000000 1.000000 0.000000
vn 0.000000 1.000000 0.000000
vn 0.000000 1.000000 0.000000
vn 0.000000 1.000000 0.000000
vn 0.000000 1.000000 0.000000
vn 0.000000 1.000000 0.000000
vn 0.000000 1.000000 0.000000
vn 0.000000 1.000000 -0.000000
vn 0.000000 1.000000 0.000000
vn 0.000000 1.000000 0.000000
vn 0.000000 1.000000 0.000000
vn 0.000000 1.000000 0.000000
vn 0.000000 1.000000 0.000000
vn 0.000000 1.000000 0.000000
vn 0.000000 1.000000 0.000000
vn 0.000000 1.000000 -0.000000
vn 0.000000 1.000000 0.000000
vn 0.000000 1.000000 0.000000
vn 0.000000 1.000000 0.000000
vn 0.000000 1.000000 0.000000
vn 0.000000 1.000000 0.000000
vn 0.000000 1.000000 0.000000
vn 0.000000 1.000000 0.000000
vn 0.000000 1.000000 0.000000
vn 0.000000 1.000000 0.000000
vn 0.000000 1.000000 0.000000
vn 0.000000 1.000000 0.000000
vn 0.000000 1.000000 -0.000000
vn 0.000000 1.000000 -0.000000
vn 0.000000 1.000000 0.000000
vn 0.000000 1.000000 0.000000
vn 0.000000 1.000000 0.000000
vn 0.000000 1.000000 -0.000000
vn 0.000000 1.000000 0.000000
vn 0.000000 1.000000 0.000000
vn 0.000000 1.000000 0.000000
vn 0.000000 1.000000 0.000000
vn 0.998308 0.000000 -0.058154
vn 0.998308 0.000000 -0.058154
vn 0.984808 0.000000 -0.173648
vn 0.984808 0.000000 -0.173648
vn 0.957989 0.000000 -0.286806
vn 0.957989 0.000000 -0.286806
vn 0.918228 0.000000 -0.396053
vn 0.918228 0.000000 -0.396053
vn 0.866020 0.000000 -0.500009
vn 0.866020 0.000000 -0.500009
vn 0.802117 0.000000 -0.597166
vn 0.802117 0.000000 -0.597166
vn 0.727382 0.000000 -0.686233
vn 0.727382 0.000000 -0.686233
vn 0.642785 0.000000 -0.766047
vn 0.642785 0.000000 -0.766047
vn 0.549499 0.000000 -0.835494
vn 0.549499 0.000000 -0.835494
vn 0.448798 0.000000 -0.893633
vn 0.342028 0.000000 -0.939690
vn 0.448798 0.000000 -0.893633
vn 0.342028 0.000000 -0.939690
vn 0.230619 0.000000 -0.973044
vn 0.230619 0.000000 -0.973044
vn 0.116098 0.000000 -0.993238
vn -0.000000 -0.000000 -1.000000
vn 0.116098 0.000000 -0.993238
vn -0.116098 -0.000000 -0.993238
vn 0.000000 0.000000 -1.000000
vn -0.116098 0.000000 -0.993238
vn -0.230619 0.000000 -0.973044
vn -0.230619 0.000000 -0.973044
vn -0.342028 0.000000 -0.939690
vn -0.448798 -0.000000 -0.893633
vn -0.342028 0.000000 -0.939690
vn -0.448798 0.000000 -0.893633
vn -0.549499 0.000000 -0.835494
vn -0.549499 0.000000 -0.835494
vn -0.642785 0.000000 -0.766047
vn -0.642785 0.000000 -0.766047
vn -0.727382 0.000000 -0.686233
vn -0.727382 0.000000 -0.686233
vn -0.802117 0.000000 -0.597166
vn -0.802117 0.000000 -0.597166
vn -0.866020 0.000000 -0.500009
vn -0.866020 0.000000 -0.500009
vn -0.918228 -0.000000 -0.396053
vn -0.918228 0.000000 -0.396053
vn -0.957989 0.000000 -0.286806
vn -0.957989 0.000000 -0.286806
vn -0.984808 0.000000 -0.173648
vn -0.984808 0.000000 -0.173648
vn -0.998308 -0.000000 -0.058154
vn -0.998308 0.000000 -0.058154
vn -0.998308 0.000000 0.058154
vn -0.998308 0.000000 0.058154
vn -0.984808 0.000000 0.173648
vn -0.984808 0.000000 0.173648
vn -0.957989 0.000000 0.286806
vn -0.957989 0.000000 0.286806
vn -0.918228 0.000000 0.396053
vn -0.918228 0.000000 0.396053
vn -0.866020 0.000000 0.500009
vn -0.866020 0.000000 0.500009
vn -0.802117 0.000000 0.597166
vn -0.802117 0.000000 0.597166
vn -0.727382 0.000000 0.686233
vn -0.727382 0.000000 0.686233
vn -0.642785 0.000000 0.766047
vn -0.549499 0.000000 0.835494
vn -0.642785 0.000000 0.766047
vn -0.549499 0.000000 0.835494
vn -0.448798 0.000000 0.893633
vn -0.448798 0.000000 0.893633
vn -0.342028 0.000000 0.939690
vn -0.342028 0.000000 0.939690
vn -0.230619 0.000000 0.973044
vn -0.116098 0.000000 0.993238
vn -0.230619 0.000000 0.973044
vn -0.116098 0.000000 0.993238
vn -0.000000 0.000000 1.000000
vn 0.000000 0.000000 1.000000
vn 0.116098 0.000000 0.993238
vn 0.230619 0.000000 0.973044
vn 0.116098 -0.000000 0.993238
vn 0.230619 0.000000 0.973044
vn 0.342028 0.000000 0.939690
vn 0.342028 -0.000000 0.939690
vn 0.448798 0.000000 0.893633
vn 0.448798 -0.000000 0.893633
vn 0.549499 0.000000 0.835494
vn 0.642785 0.000000 0.766047
vn 0.549499 -0.000000 0.835494
vn 0.642785 0.000000 0.766047
vn 0.727382 0.000000 0.686233
vn 0.727382 0.000000 0.686233
vn 0.802117 -0.000000 0.597166
vn 0.802117 0.000000 0.597166
vn 0.866020 0.000000 0.500009
vn 0.866020 0.000000 0.500009
vn 0.918228 0.000000 0.396053
vn 0.918228 0.000000 0.396053
vn 0.957989 -0.000000 0.286806
vn 0.957989 0.000000 0.286806
vn 0.984808 -0.000000 0.173648
vn 0.984808 0.000000 0.173648
vn 0.998308 0.000000 0.058154
vn 0.998308 0.000000 0.058154
vn 0.000000 -1.000000 -0.000000
vn 0.000000 -1.000000 0.000000
vn 0.000000 -1.000000 0.000000
vn 0.000000 -1.000000 -0.000000
vn 0.000000 -1.000000 -0.000000
vn 0.000000 -1.000000 0.000000
vn 0.000000 -1.000000 0.000000
vn 0.000000 -1.000000 0.000000
vn 0.000000 -1.000000 0.000000
vn 0.000000 -1.000000 0.000000
vn 0.000000 -1.000000 0.000000
vn 0.000000 -1.000000 0.000000
vn 0.000000 -1.000000 0.000000
vn 0.000000 -1.000000 0.000000
vn 0.000000 -1.000000 0.000000
vn 0.000000 -1.000000 0.000000
vn 0.000000 -1.000000 0.000000
vn 0.000000 -1.000000 0.000000
vn 0.000000 -1.000000 0.000000
vn 0.000000 -1.000000 0.000000
vn 0.000000 -1.000000 0.000000
vn 0.000000 -1.000000 0.000000
vn 0.000000 -1.000000 0.000000
vn 0.000000 -1.000000 0.000000
vn 0.000000 -1.000000 0.000000
vn 0.000000 -1.000000 0.000000
vn 0.000000 -1.000000 0.000000
vn 0.000000 -1.000000 0.000000
vn 0.000000 -1.000000 0.000000
vn 0.000000 -1.000000 0.000000
vn 0.000000 -1.000000 0.000000
vn 0.000000 -1.000000 0.000000
vn 0.000000 -1.000000 0.000000
vn 0.000000 -1.000000 0.000000
vn 0.000000 -1.000000 0.000000
vn 0.000000 -1.000000 0.000000
vn 0.000000 -1.000000 0.000000
vn 0.000000 -1.000000 0.000000
vn -0.000000 -1.000000 0.000000
vn -0.000000 -1.000000 0.000000
vn 0.000000 -1.000000 0.000000
vn 0.000000 -1.000000 0.000000
vn 0.000000 -1.000000 0.000000
vn -0.000000 -1.000000 0.000000
vn 0.000000 -1.000000 0.000000
vn 0.000000 -1.000000 -0.000000
vn 0.000000 -1.000000 0.000000
vn 0.000000 -1.000000 0.000000
vn -0.000000 -1.000000 0.000000
vn 0.000000 -1.000000 -0.000000
vn 0.000000 -1.000000 0.000000
vn 0.000000 -1.000000 0.000000
vn 0.000000 1.000000 0.000000
vn 0.000000 1.000000 0.000000
vn 0.000000 1.000000 0.000000
vn 0.000000 1.000000 0.000000
vn 0.000000 1.000000 0.000000
vn 0.000000 1.000000 0.000000
vn 0.000000 1.000000 -0.000000
vn 0.000000 1.000000 0.000000
vn 0.000000 1.000000 0.000000
vn 0.000000 1.000000 0.000000
vn 0.000000 1.000000 0.000000
vn 0.000000 1.000000 0.000000
vn 0.000000 1.000000 -0.000000
vn 0.000000 1.000000 0.000000
vn 0.000000 1.000000 0.000000
vn 0.000000 1.000000 0.000000
vn 0.000000 1.000000 0.000000
vn 0.000000 1.000000 -0.000000
vn 0.000000 1.000000 0.000000
vn 0.000000 1.000000 0.000000
vn 0.000000 1.000000 0.000000
vn 0.000000 1.000000 0.000000
vn 0.000000 1.000000 0.000000
vn 0.000000 1.000000 0.000000
vn 0.000000 1.000000 0.000000
vn 0.000000 1.000000 0.000000
vn 0.000000 1.000000 0.000000
vn 0.000000 1.000000 0.000000
vn 0.000000 1.000000 0.000000
vn 0.000000 1.000000 0.000000
vn 0.000000 1.000000 0.000000
vn 0.000000 1.000000 0.000000
vn 0.000000 1.000000 -0.000000
vn 0.000000 1.000000 0.000000
vn 0.000000 1.000000 -0.000000
vn 0.000000 1.000000 0.000000
vn 0.000000 1.000000 0.000000
vn 0.000000 1.000000 0.000000
vn 0.000000 1.000000 0.000000
vn 0.000000 1.000000 0.000000
vn 0.000000 1.000000 0.000000
vn 0.000000 1.000000 -0.000000
vn 0.000000 1.000000 0.000000
vn 0.000000 1.000000 0.000000
vn 0.000000 1.000000 0.000000
vn 0.000000 1.000000 0.000000
vn 0.000000 1.000000 0.000000
vn 0.000000 1.000000 0.000000
vn 0.000000 1.000000 0.000000
vn 0.000000 1.000000 0.000000
vn 0.000000 1.000000 -0.000000
vn 0.000000 1.000000 0.000000
vn 0.998308 0.000000 -0.058140
vn 0.998308 0.000000 -0.058140
vn 0.984806 0.000000 -0.173655
vn 0.984806 0.000000 -0.173655
vn 0.957988 0.000000 -0.286808
vn 0.918218 0.000000 -0.396076
vn 0.957988 0.000000 -0.286808
vn 0.918218 0.000000 -0.396076
vn 0.866028 0.000000 -0.499996
vn 0.866028 0.000000 -0.499996
vn 0.802119 0.000000 -0.597164
vn 0.727369 0.000000 -0.686246
vn 0.802119 0.000000 -0.597164
vn 0.727369 0.000000 -0.686246
vn 0.642799 0.000000 -0.766034
vn 0.549502 0.000000 -0.835492
vn 0.642799 0.000000 -0.766034
vn 0.549502 0.000000 -0.835492
vn 0.448802 0.000000 -0.893631
vn 0.448802 0.000000 -0.893631
vn 0.342024 0.000000 -0.939691
vn 0.342024 0.000000 -0.939691
vn 0.230611 0.000000 -0.973046
vn 0.230611 0.000000 -0.973046
vn 0.116094 0.000000 -0.993238
vn -0.000000 -0.000000 -1.000000
vn 0.116094 0.000000 -0.993238
vn 0.000000 0.000000 -1.000000
vn -0.116094 0.000000 -0.993238
vn -0.230611 -0.000000 -0.973046
vn -0.116094 0.000000 -0.993238
vn -0.342024 -0.000000 -0.939691
vn -0.230611 0.000000 -0.973046
vn -0.448802 -0.000000 -0.893631
vn -0.342024 0.000000 -0.939691
vn -0.448802 0.000000 -0.893631
vn -0.549502 0.000000 -0.835492
vn -0.549502 0.000000 -0.835492
vn -0.642799 0.000000 -0.766034
vn -0.727369 -0.000000 -0.686246
vn -0.642799 0.000000 -0.766034
vn -0.727369 0.000000 -0.686246
vn -0.802119 0.000000 -0.597164
vn -0.802119 0.000000 -0.597164
vn -0.866028 0.000000 -0.499996
vn -0.866028 0.000000 -0.499996
vn -0.918218 -0.000000 -0.396076
vn -0.918218 0.000000 -0.396076
vn -0.957988 -0.000000 -0.286808
vn -0.957988 0.000000 -0.286808
vn -0.984806 0.000000 -0.173655
vn -0.984806 0.000000 -0.173655
vn -0.998308 0.000000 -0.058140
vn -0.998308 0.000000 -0.058140
vn -0.998308 0.000000 0.058140
vn -0.998308 0.000000 0.058140
vn -0.984806 0.000000 0.173655
vn -0.984806 0.000000 0.173655
vn -0.957988 0.000000 0.286808
vn -0.918218 0.000000 0.396076
vn -0.957988 0.000000 0.286808
vn -0.918218 0.000000 0.396076
vn -0.866028 0.000000 0.499996
vn -0.866028 0.000000 0.499996
vn -0.802119 0.000000 0.597164
vn -0.727369 0.000000 0.686246
vn -0.802119 0.000000 0.597164
vn -0.727369 0.000000 0.686246
vn -0.642799 0.000000 0.766034
vn -0.549502 0.000000 0.835492
vn -0.642799 0.000000 0.766034
vn -0.549502 0.000000 0.835492
vn -0.448802 0.000000 0.893631
vn -0.448802 0.000000 0.893631
vn -0.342024 0.000000 0.939691
vn -0.342024 0.000000 0.939691
vn -0.230611 0.000000 0.973046
vn -0.230611 0.000000 0.973046
vn -0.116094 0.000000 0.993238
vn -0.116094 0.000000 0.993238
vn -0.000000 0.000000 1.000000
vn 0.116094 0.000000 0.993238
vn 0.000000 0.000000 1.000000
vn 0.116094 0.000000 0.993238
vn 0.230611 0.000000 0.973046
vn 0.230611 -0.000000 0.973046
vn 0.342024 0.000000 0.939691
vn 0.342024 -0.000000 0.939691
vn 0.448802 0.000000 0.893631
vn 0.448802 -0.000000 0.893631
vn 0.549502 0.000000 0.835492
vn 0.549502 -0.000000 0.835492
vn 0.642799 -0.000000 0.766034
vn 0.642799 0.000000 0.766034
vn 0.727369 -0.000000 0.686246
vn 0.727369 0.000000 0.686246
vn 0.802119 -0.000000 0.597164
vn 0.802119 0.000000 0.597164
vn 0.866028 -0.000000 0.499996
vn 0.866028 0.000000 0.499996
vn 0.918218 -0.000000 0.396076
vn 0.918218 0.000000 0.396076
vn 0.957988 -0.000000 0.286808
vn 0.957988 0.000000 0.286808
vn 0.984806 -0.000000 0.173655
vn 0.984806 0.000000 0.173655
vn 0.998308 0.000000 0.058140
vn 0.998308 0.000000 0.058140
vn 0.000000 -1.000000 0.000000
vn 0.000000 -1.000000 -0.000000
vn 0.000000 -1.000000 0.000000
vn 0.000000 -1.000000 0.000000
vn 0.000000 -1.000000 0.000000
vn 0.000000 -1.000000 0.000000
vn 0.000000 -1.000000 -0.000000
vn 0.000000 -1.000000 -0.000000
vn 0.000000 -1.000000 -0.000000
vn 0.000000 -1.000000 0.000000
vn 0.000000 -1.000000 0.000000
vn 0.000000 -1.000000 0.000000
vn 0.000000 -1.000000 0.000000
vn 0.000000 -1.000000 0.000000
vn 0.000000 -1.000000 0.000000
vn 0.000000 -1.000000 0.000000
vn 0.000000 -1.000000 0.000000
vn 0.000000 -1.000000 0.000000
vn 0.000000 -1.000000 0.000000
vn 0.000000 -1.000000 0.000000
vn 0.000000 -1.000000 0.000000
vn 0.000000 -1.000000 0.000000
vn 0.000000 -1.000000 0.000000
vn 0.000000 -1.000000 0.000000
vn 0.000000 -1.000000 0.000000
vn 0.000000 -1.000000 0.000000
vn 0.000000 -1.000000 0.000000
vn 0.000000 -1.000000 0.000000
vn 0.000000 -1.000000 0.000000
vn 0.000000 -1.000000 0.000000
vn 0.000000 -1.000000 0.000000
vn 0.000000 -1.000000 0.000000
vn 0.000000 -1.000000 0.000000
vn 0.000000 -1.000000 0.000000
vn 0.000000 -1.000000 0.000000
vn 0.000000 -1.000000 0.000000
vn 0.000000 -1.000000 0.000000
vn 0.000000 -1.000000 0.000000
vn 0.000000 -1.000000 0.000000
vn 0.000000 -1.000000 -0.000000
vn 0.000000 -1.000000 0.000000
vn 0.000000 -1.000000 0.000000
vn 0.000000 -1.000000 -0.000000
vn -0.000000 -1.000000 0.000000
vn -0.000000 -1.000000 0.000000
vn -0.000000 -1.000000 0.000000
vn -0.000000 -1.000000 0.000000
vn 0.000000 -1.000000 0.000000
vn 0.000000 -1.000000 0.000000
vn 0.000000 -1.000000 0.000000
vn -0.000000 -1.000000 0.000000
vn 0.000000 -1.000000 0.000000
vn 0.000000 1.000000 0.000000
vn 0.000000 1.000000 0.000000
vn 0.000000 1.000000 0.000000
vn 0.000000 1.000000 0.000000
vn 0.000000 1.000000 0.000000
vn 0.000000 1.000000 0.000000
vn 0.000000 1.000000 0.000000
vn 0.000000 1.000000 0.000000
vn 0.000000 1.000000 0.000000
vn 0.000000 1.000000 0.000000
vn 0.000000 1.000000 0.000000
vn 0.000000 1.000000 0.000000
vn 0.000000 1.000000 0.000000
vn 0.000000 1.000000 0.000000
vn 0.000000 1.000000 0.000000
vn 0.000000 1.000000 0.000000
vn 0.000000 1.000000 0.000000
vn 0.000000 1.000000 0.000000
vn 0.000000 1.000000 0.000000
vn 0.000000 1.000000 0.000000
vn 0.000000 1.000000 0.000000
vn 0.000000 1.000000 0.000000
vn 0.000000 1.000000 0.000000
vn 0.000000 1.000000 0.000000
vn 0.000000 1.000000 0.000000
vn 0.000000 1.000000 0.000000
vn 0.000000 1.000000 0.000000
vn 0.000000 1.000000 0.000000
vn 0.000000 1.000000 0.000000
vn 0.000000 1.000000 0.000000
vn 0.000000 1.000000 0.000000
vn 0.000000 1.000000 0.000000
vn 0.000000 1.000000 0.000000
vn 0.000000 1.000000 0.000000
vn 0.000000 1.000000 0.000000
vn 0.000000 1.000000 0.000000
vn 0.000000 1.000000 0.000000
vn 0.000000 1.000000 0.000000
vn 0.000000 1.000000 0.000000
vn 0.000000 1.000000 0.000000
vn 0.000000 1.000000 0.000000
vn 0.000000 1.000000 0.000000
vn 0.000000 1.000000 0.000000
vn 0.000000 1.000000 0.000000
vn 0.000000 1.000000 0.000000
vn 0.000000 1.000000 0.000000
vn 0.000000 1.000000 0.000000
vn 0.000000 1.000000 -0.000000
vn 0.000000 1.000000 0.000000
vn 0.000000 1.000000 0.000000
vn 0.000000 1.000000 0.000000
vn 0.000000 1.000000 -0.000000
vn 0.998244 0.000000 -0.059242
vn 0.984229 0.000000 -0.176898
vn 0.998244 0.000000 -0.059242
vn 0.984229 0.000000 -0.176898
vn 0.956404 0.000000 -0.292047
vn 0.915150 0.000000 -0.403115
vn 0.956404 0.000000 -0.292047
vn 0.915150 0.000000 -0.403115
vn 0.861040 0.000000 -0.508536
vn 0.861040 0.000000 -0.508536
vn 0.794861 0.000000 -0.606792
vn 0.794861 0.000000 -0.606792
vn 0.717497 0.000000 -0.696562
vn 0.630083 0.000000 -0.776528
vn 0.717497 0.000000 -0.696562
vn 0.630083 0.000000 -0.776528
vn 0.533810 0.000000 -0.845604
vn 0.533810 0.000000 -0.845604
vn 0.430087 0.000000 -0.902787
vn 0.430087 0.000000 -0.902787
vn 0.320252 0.000000 -0.947332
vn 0.320252 0.000000 -0.947332
vn 0.205999 0.000000 -0.978552
vn 0.205999 0.000000 -0.978552
vn 0.088777 0.000000 -0.996051
vn 0.088777 0.000000 -0.996051
vn -0.029592 0.000000 -0.999562
vn -0.029592 0.000000 -0.999562
vn -0.147675 0.000000 -0.989036
vn -0.147675 0.000000 -0.989036
vn -0.263582 0.000000 -0.964637
vn -0.375827 -0.000000 -0.926690
vn -0.263582 0.000000 -0.964637
vn -0.375827 0.000000 -0.926690
vn -0.482803 0.000000 -0.875729
vn -0.482803 0.000000 -0.875729
vn -0.582976 0.000000 -0.812489
vn -0.582976 0.000000 -0.812489
vn -0.674969 0.000000 -0.737846
vn -0.674969 0.000000 -0.737846
vn -0.757530 0.000000 -0.652801
vn -0.757530 0.000000 -0.652801
vn -0.829399 0.000000 -0.558657
vn -0.829399 0.000000 -0.558657
vn -0.889655 0.000000 -0.456633
vn -0.889655 0.000000 -0.456633
vn -0.937418 0.000000 -0.348205
vn -0.937418 0.000000 -0.348205
vn -0.972022 0.000000 -0.234892
vn -0.972022 0.000000 -0.234892
vn -0.992982 0.000000 -0.118263
vn -0.992982 0.000000 -0.118263
vn -1.000000 0.000000 0.000000
vn -1.000000 0.000000 0.000000
vn -0.992982 0.000000 0.118263
vn -0.992982 0.000000 0.118263
vn -0.972022 0.000000 0.234892
vn -0.972022 0.000000 0.234892
vn -0.937418 0.000000 0.348205
vn -0.937418 0.000000 0.348205
vn -0.889655 0.000000 0.456633
vn -0.889655 0.000000 0.456633
vn -0.829399 0.000000 0.558657
vn -0.757530 0.000000 0.652801
vn -0.829399 0.000000 0.558657
vn -0.674969 0.000000 0.737846
vn -0.757530 0.000000 0.652801
vn -0.674969 0.000000 0.737846
vn -0.582976 0.000000 0.812489
vn -0.482803 0.000000 0.875729
vn -0.582976 0.000000 0.812489
vn -0.482803 0.000000 0.875729
vn -0.375827 0.000000 0.926690
vn -0.263582 0.000000 0.964637
vn -0.375827 0.000000 0.926690
vn -0.147675 0.000000 0.989036
vn -0.263582 0.000000 0.964637
vn -0.147675 0.000000 0.989036
vn -0.029592 0.000000 0.999562
vn -0.029592 0.000000 0.999562
vn 0.088777 0.000000 0.996051
vn 0.088777 -0.000000 0.996051
vn 0.205999 0.000000 0.978552
vn 0.205999 -0.000000 0.978552
vn 0.320252 0.000000 0.947332
vn 0.430087 0.000000 0.902787
vn 0.320252 -0.000000 0.947332
vn 0.533810 0.000000 0.845604
vn 0.430087 0.000000 0.902787
vn 0.533810 0.000000 0.845604
vn 0.630083 0.000000 0.776528
vn 0.717497 0.000000 0.696562
vn 0.630083 -0.000000 0.776528
vn 0.717497 0.000000 0.696562
vn 0.794861 -0.000000 0.606792
vn 0.794861 0.000000 0.606792
vn 0.861040 0.000000 0.508536
vn 0.861040 0.000000 0.508536
vn 0.915150 -0.000000 0.403115
vn 0.915150 0.000000 0.403115
vn 0.956404 0.000000 0.292047
vn 0.956404 0.000000 0.292047
vn 0.984229 -0.000000 0.176898
vn 0.984229 0.000000 0.176898
vn 0.998244 -0.000000 0.059242
vn 0.998244 0.000000 0.059242
vn 0.000000 -1.000000 -0.000000
vn 0.000000 -1.000000 0.000000
vn 0.000000 -1.000000 0.000000
vn 0.000000 -1.000000 0.000000
vn 0.000000 -1.000000 0.000000
vn 0.000000 -1.000000 0.000000
vn 0.000000 -1.000000 0.000000
vn 0.000000 -1.000000 0.000000
vn 0.000000 -1.000000 0.000000
vn 0.000000 -1.000000 0.000000
vn 0.000000 -1.000000 0.000000
vn 0.000000 -1.000000 0.000000
vn 0.000000 -1.000000 0.000000
vn 0.000000 -1.000000 0.000000
vn 0.000000 -1.000000 0.000000
vn 0.000000 -1.000000 0.000000
vn 0.000000 -1.000000 0.000000
vn 0.000000 -1.000000 0.000000
vn 0.000000 -1.000000 0.000000
vn 0.000000 -1.000000 0.000000
vn 0.000000 -1.000000 0.000000
vn 0.000000 -1.000000 0.000000
vn 0.000000 -1.000000 0.000000
vn 0.000000 -1.000000 0.000000
vn 0.000000 -1.000000 0.000000
vn 0.000000 -1.000000 0.000000
vn 0.000000 -1.000000 0.000000
vn 0.000000 -1.000000 0.000000
vn 0.000000 -1.000000 0.000000
vn 0.000000 -1.000000 0.000000
vn 0.000000 -1.000000 0.000000
vn 0.000000 -1.000000 0.000000
vn 0.000000 -1.000000 0.000000
vn 0.000000 -1.000000 0.000000
vn -0.000000 -1.000000 0.000000
vn -0.000000 -1.000000 0.000000
vn 0.000000 -1.000000 0.000000
vn 0.000000 -1.000000 0.000000
vn 0.000000 -1.000000 0.000000
vn 0.000000 -1.000000 0.000000
vn 0.000000 -1.000000 0.000000
vn 0.000000 -1.000000 0.000000
vn 0.000000 -1.000000 0.000000
vn 0.000000 -1.000000 0.000000
vn -0.000000 -1.000000 0.000000
vn 0.000000 -1.000000 0.000000
vn 0.000000 -1.000000 0.000000
vn 0.000000 -1.000000 0.000000
vn 0.000000 -1.000000 0.000000
vn 0.000000 -1.000000 0.000000
vn 0.000000 -1.000000 0.000000
vn 0.000000 1.000000 0.000000
vn 0.000000 1.000000 0.000000
vn 0.000000 1.000000 0.000000
vn 0.000000 1.000000 0.000000
vn 0.000000 1.000000 0.000000
vn 0.000000 1.000000 0.000000
vn 0.000000 1.000000 0.000000
vn 0.000000 1.000000 0.000000
vn 0.000000 1.000000 0.000000
vn 0.000000 1.000000 0.000000
vn 0.000000 1.000000 0.000000
vn 0.000000 1.000000 0.000000
vn 0.000000 1.000000 0.000000
vn 0.000000 1.000000 0.000000
vn 0.000000 1.000000 0.000000
vn 0.000000 1.000000 0.000000
vn 0.000000 1.000000 0.000000
vn 0.000000 1.000000 0.000000
vn 0.000000 1.000000 0.000000
vn 0.000000 1.000000 0.000000
vn 0.000000 1.000000 0.000000
vn 0.000000 1.000000 0.000000
vn 0.000000 1.000000 0.000000
vn 0.000000 1.000000 0.000000
vn 0.000000 1.000000 0.000000
vn 0.000000 1.000000 0.000000
vn 0.000000 1.000000 0.000000
vn 0.000000 1.000000 0.000000
vn 0.000000 1.000000 0.000000
vn 0.000000 1.000000 0.000000
vn 0.000000 1.000000 -0.000000
vn 0.000000 1.000000 0.000000
vn 0.000000 1.000000 0.000000
vn 0.000000 1.000000 -0.000000
vn 0.000000 1.000000 0.000000
vn 0.000000 1.000000 0.000000
vn 0.000000 1.000000 0.000000
vn 0.000000 1.000000 0.000000
vn 0.000000 1.000000 0.000000
vn 0.000000 1.000000 0.000000
vn 0.000000 1.000000 -0.000000
vn 0.000000 1.000000 0.000000
vn 0.000000 1.000000 0.000000
vn 0.000000 1.000000 0.000000
vn 0.000000 1.000000 0.000000
vn 0.000000 1.000000 0.000000
vn 0.000000 1.000000 0.000000
vn 0.000000 1.000000 0.000000
vn 0.000000 1.000000 -0.000000
vn 0.000000 1.000000 0.000000
vn 0.000000 1.000000 -0.000000
vn 0.998308 0.000000 -0.058153
vn 0.998308 0.000000 -0.058153
vn 0.984807 0.000000 -0.173652
vn 0.984807 0.000000 -0.173652
vn 0.957991 0.000000 -0.286799
vn 0.957991 0.000000 -0.286799
vn 0.918220 0.000000 -0.396072
vn 0.918220 0.000000 -0.396072
vn 0.866033 0.000000 -0.499986
vn 0.866033 0.000000 -0.499986
vn 0.802099 0.000000 -0.597191
vn 0.802099 0.000000 -0.597191
vn 0.727394 0.000000 -0.686220
vn 0.727394 0.000000 -0.686220
vn 0.642785 0.000000 -0.766047
vn 0.642785 0.000000 -0.766047
vn 0.549518 0.000000 -0.835482
vn 0.549518 0.000000 -0.835482
vn 0.448798 0.000000 -0.893633
vn 0.342004 0.000000 -0.939698
vn 0.448798 0.000000 -0.893633
vn 0.342004 0.000000 -0.939698
vn 0.230619 0.000000 -0.973044
vn 0.230619 0.000000 -0.973044
vn 0.116098 0.000000 -0.993238
vn -0.000000 -0.000000 -1.000000
vn 0.116098 0.000000 -0.993238
vn -0.116098 -0.000000 -0.993238
vn 0.000000 0.000000 -1.000000
vn -0.116098 0.000000 -0.993238
vn -0.230619 0.000000 -0.973044
vn -0.230619 0.000000 -0.973044
vn -0.342004 0.000000 -0.939698
vn -0.448798 -0.000000 -0.893633
vn -0.342004 0.000000 -0.939698
vn -0.448798 0.000000 -0.893633
vn -0.549518 0.000000 -0.835482
vn -0.549518 0.000000 -0.835482
vn -0.642785 0.000000 -0.766047
vn -0.642785 0.000000 -0.766047
vn -0.727394 0.000000 -0.686220
vn -0.727394 0.000000 -0.686220
vn -0.802099 0.000000 -0.597191
vn -0.802099 0.000000 -0.597191
vn -0.866033 0.000000 -0.499986
vn -0.866033 0.000000 -0.499986
vn -0.918220 -0.000000 -0.396072
vn -0.918220 0.000000 -0.396072
vn -0.957991 0.000000 -0.286799
vn -0.957991 0.000000 -0.286799
vn -0.984807 0.000000 -0.173652
vn -0.984807 0.000000 -0.173652
vn -0.998308 -0.000000 -0.058153
vn -0.998308 0.000000 -0.058153
vn -0.998308 0.000000 0.058153
vn -0.998308 0.000000 0.058153
vn -0.984807 0.000000 0.173652
vn -0.984807 0.000000 0.173652
vn -0.957991 0.000000 0.286799
vn -0.957991 0.000000 0.286799
vn -0.918220 0.000000 0.396072
vn -0.918220 0.000000 0.396072
vn -0.866033 0.000000 0.499986
vn -0.866033 0.000000 0.499986
vn -0.802099 0.000000 0.597191
vn -0.802099 0.000000 0.597191
vn -0.727394 0.000000 0.686220
vn -0.727394 0.000000 0.686220
vn -0.642785 0.000000 0.766047
vn -0.549518 0.000000 0.835482
vn -0.642785 0.000000 0.766047
vn -0.549518 0.000000 0.835482
vn -0.448798 0.000000 0.893633
vn -0.448798 0.000000 0.893633
vn -0.342004 0.000000 0.939698
vn -0.342004 0.000000 0.939698
vn -0.230619 0.000000 0.973044
vn -0.116098 0.000000 0.993238
vn -0.230619 0.000000 0.973044
vn -0.116098 0.000000 0.993238
vn -0.000000 0.000000 1.000000
vn 0.000000 0.000000 1.000000
vn 0.116098 0.000000 0.993238
vn 0.230619 0.000000 0.973044
vn 0.116098 -0.000000 0.993238
vn 0.230619 0.000000 0.973044
vn 0.342004 0.000000 0.939698
vn 0.342004 -0.000000 0.939698
vn 0.448798 0.000000 0.893633
vn 0.448798 -0.000000 0.893633
vn 0.549518 0.000000 0.835482
vn 0.642785 0.000000 0.766047
vn 0.549518 -0.000000 0.835482
vn 0.642785 0.000000 0.766047
vn 0.727394 0.000000 0.686220
vn 0.727394 0.000000 0.686220
vn 0.802099 -0.000000 0.597191
vn 0.802099 0.000000 0.597191
vn 0.866033 0.000000 0.499986
vn 0.866033 0.000000 0.499986
vn 0.918220 0.000000 0.396072
vn 0.918220 0.000000 0.396072
vn 0.957991 -0.000000 0.286799
vn 0.957991 0.000000 0.286799
vn 0.984807 -0.000000 0.173652
vn 0.984807 0.000000 0.173652
vn 0.998308 0.000000 0.058153
vn 0.998308 0.000000 0.058153
vn 0.000000 -1.000000 -0.000000
vn 0.000000 -1.000000 0.000000
vn 0.000000 -1.000000 0.000000
vn 0.000000 -1.000000 -0.000000
vn 0.000000 -1.000000 -0.000000
vn 0.000000 -1.000000 0.000000
vn 0.000000 -1.000000 0.000000
vn 0.000000 -1.000000 0.000000
vn 0.000000 -1.000000 0.000000
vn 0.000000 -1.000000 0.000000
vn 0.000000 -1.000000 0.000000
vn 0.000000 -1.000000 0.000000
vn 0.000000 -1.000000 0.000000
vn 0.000000 -1.000000 0.000000
vn 0.000000 -1.000000 0.000000
vn 0.000000 -1.000000 0.000000
vn 0.000000 -1.000000 0.000000
vn 0.000000 -1.000000 0.000000
vn 0.000000 -1.000000 0.000000
vn 0.000000 -1.000000 0.000000
vn 0.000000 -1.000000 0.000000
vn 0.000000 -1.000000 0.000000
vn 0.000000 -1.000000 0.000000
vn 0.000000 -1.000000 0.000000
vn 0.000000 -1.000000 0.000000
vn 0.000000 -1.000000 0.000000
vn 0.000000 -1.000000 0.000000
vn 0.000000 -1.000000 0.000000
vn 0.000000 -1.000000 0.000000
vn 0.000000 -1.000000 0.000000
vn 0.000000 -1.000000 0.000000
vn 0.000000 -1.000000 0.000000
vn 0.000000 -1.000000 0.000000
vn 0.000000 -1.000000 0.000000
vn 0.000000 -1.000000 0.000000
vn 0.000000 -1.000000 0.000000
vn 0.000000 -1.000000 0.000000
vn 0.000000 -1.000000 0.000000
vn -0.000000 -1.000000 0.000000
vn -0.000000 -1.000000 0.000000
vn 0.000000 -1.000000 0.000000
vn 0.000000 -1.000000 0.000000
vn 0.000000 -1.000000 0.000000
vn -0.000000 -1.000000 0.000000
vn 0.000000 -1.000000 0.000000
vn 0.000000 -1.000000 -0.000000
vn 0.000000 -1.000000 0.000000
vn 0.000000 -1.000000 0.000000
vn -0.000000 -1.000000 0.000000
vn 0.000000 -1.000000 -0.000000
vn 0.000000 -1.000000 0.000000
vn 0.000000 -1.000000 0.000000
vn 0.000000 1.000000 0.000000
vn 0.000000 1.000000 0.000000
vn 0.000000 1.000000 0.000000
vn 0.000000 1.000000 0.000000
vn 0.000000 1.000000 0.000000
vn 0.000000 1.000000 0.000000
vn 0.000000 1.000000 -0.000000
vn 0.000000 1.000000 0.000000
vn 0.000000 1.000000 0.000000
vn 0.000000 1.000000 0.000000
vn 0.000000 1.000000 0.000000
vn 0.000000 1.000000 0.000000
vn 0.000000 1.000000 -0.000000
vn 0.000000 1.000000 0.000000
vn 0.000000 1.000000 0.000000
vn 0.000000 1.000000 0.000000
vn 0.000000 1.000000 0.000000
vn 0.000000 1.000000 -0.000000
vn 0.000000 1.000000 0.000000
vn 0.000000 1.000000 0.000000
vn 0.000000 1.000000 0.000000
vn 0.000000 1.000000 0.000000
vn 0.000000 1.000000 0.000000
vn 0.000000 1.000000 0.000000
vn 0.000000 1.000000 0.000000
vn 0.000000 1.000000 0.000000
vn 0.000000 1.000000 0.000000
vn 0.000000 1.000000 0.000000
vn 0.000000 1.000000 0.000000
vn 0.000000 1.000000 0.000000
vn 0.000000 1.000000 0.000000
vn 0.000000 1.000000 0.000000
vn 0.000000 1.000000 -0.000000
vn 0.000000 1.000000 0.000000
vn 0.000000 1.000000 -0.000000
vn 0.000000 1.000000 0.000000
vn 0.000000 1.000000 0.000000
vn 0.000000 1.000000 0.000000
vn 0.000000 1.000000 0.000000
vn 0.000000 1.000000 0.000000
vn 0.000000 1.000000 0.000000
vn 0.000000 1.000000 -0.000000
vn 0.000000 1.000000 0.000000
vn 0.000000 1.000000 0.000000
vn 0.000000 1.000000 0.000000
vn 0.000000 1.000000 0.000000
vn 0.000000 1.000000 0.000000
vn 0.000000 1.000000 0.000000
vn 0.000000 1.000000 0.000000
vn 0.000000 1.000000 0.000000
vn 0.000000 1.000000 -0.000000
vn 0.000000 1.000000 0.000000
vn 0.998308 0.000000 -0.058140
vn 0.998308 0.000000 -0.058140
vn 0.984807 0.000000 -0.173653
vn 0.984807 0.000000 -0.173653
vn 0.957987 0.000000 -0.286812
vn 0.918221 0.000000 -0.396069
vn 0.957987 0.000000 -0.286812
vn 0.918221 0.000000 -0.396069
vn 0.866023 0.000000 -0.500003
vn 0.866023 0.000000 -0.500003
vn 0.802128 0.000000 -0.597153
vn 0.727361 0.000000 -0.686255
vn 0.802128 0.000000 -0.597153
vn 0.727361 0.000000 -0.686255
vn 0.642807 0.000000 -0.766029
vn 0.549498 0.000000 -0.835495
vn 0.642807 0.000000 -0.766029
vn 0.549498 0.000000 -0.835495
vn 0.448797 0.000000 -0.893634
vn 0.448797 0.000000 -0.893634
vn 0.342019 0.000000 -0.939693
vn 0.342019 0.000000 -0.939693
vn 0.230623 0.000000 -0.973043
vn 0.230623 0.000000 -0.973043
vn 0.116088 0.000000 -0.993239
vn -0.000000 -0.000000 -1.000000
vn 0.116088 0.000000 -0.993239
vn 0.000000 0.000000 -1.000000
vn -0.116088 0.000000 -0.993239
vn -0.230623 -0.000000 -0.973043
vn -0.116088 0.000000 -0.993239
vn -0.342019 -0.000000 -0.939693
vn -0.230623 0.000000 -0.973043
vn -0.448797 -0.000000 -0.893634
vn -0.342019 0.000000 -0.939693
vn -0.448797 0.000000 -0.893634
vn -0.549498 0.000000 -0.835495
vn -0.549498 0.000000 -0.835495
vn -0.642807 0.000000 -0.766029
vn -0.727361 -0.000000 -0.686255
vn -0.642807 0.000000 -0.766029
vn -0.727361 0.000000 -0.686255
vn -0.802128 0.000000 -0.597153
vn -0.802128 0.000000 -0.597153
vn -0.866023 0.000000 -0.500003
vn -0.866023 0.000000 -0.500003
vn -0.918221 -0.000000 -0.396069
vn -0.918221 0.000000 -0.396069
vn -0.957987 -0.000000 -0.286812
vn -0.957987 0.000000 -0.286812
vn -0.984807 0.000000 -0.173653
vn -0.984807 0.000000 -0.173653
vn -0.998308 0.000000 -0.058140
vn -0.998308 0.000000 -0.058140
vn -0.998308 0.000000 0.058140
vn -0.998308 0.000000 0.058140
vn -0.984807 0.000000 0.173653
vn -0.984807 0.000000 0.173653
vn -0.957987 0.000000 0.286812
vn -0.918221 0.000000 0.396069
vn -0.957987 0.000000 0.286812
vn -0.918221 0.000000 0.396069
vn -0.866029 0.000000 0.499993
vn -0.866029 0.000000 0.499993
vn -0.802119 0.000000 0.597164
vn -0.727361 0.000000 0.686255
vn -0.802119 0.000000 0.597164
vn -0.727361 0.000000 0.686255
vn -0.642807 0.000000 0.766029
vn -0.549514 0.000000 0.835484
vn -0.642807 0.000000 0.766029
vn -0.549514 0.000000 0.835484
vn -0.448797 0.000000 0.893634
vn -0.448797 0.000000 0.893634
vn -0.342019 0.000000 0.939693
vn -0.342019 0.000000 0.939693
vn -0.230600 0.000000 0.973049
vn -0.230600 0.000000 0.973049
vn -0.116088 0.000000 0.993239
vn -0.116088 0.000000 0.993239
vn -0.000000 0.000000 1.000000
vn 0.116088 0.000000 0.993239
vn 0.000000 0.000000 1.000000
vn 0.116088 0.000000 0.993239
vn 0.230600 0.000000 0.973049
vn 0.230600 -0.000000 0.973049
vn 0.342019 0.000000 0.939693
vn 0.342019 -0.000000 0.939693
vn 0.448797 0.000000 0.893634
vn 0.448797 -0.000000 0.893634
vn 0.549514 0.000000 0.835484
vn 0.549514 -0.000000 0.835484
vn 0.642807 -0.000000 0.766029
vn 0.642807 0.000000 0.766029
vn 0.727361 -0.000000 0.686255
vn 0.727361 0.000000 0.686255
vn 0.802119 -0.000000 0.597164
vn 0.802119 0.000000 0.597164
vn 0.866029 -0.000000 0.499993
vn 0.866029 0.000000 0.499993
vn 0.918221 -0.000000 0.396069
vn 0.918221 0.000000 0.396069
vn 0.957987 -0.000000 0.286812
vn 0.957987 0.000000 0.286812
vn 0.984807 -0.000000 0.173653
vn 0.984807 0.000000 0.173653
vn 0.998308 0.000000 0.058140
vn 0.998308 0.000000 0.058140
vn 0.000000 -1.000000 0.000000
vn 0.000000 -1.000000 0.000000
vn 0.000000 -1.000000 -0.000000
vn 0.000000 -1.000000 -0.000000
vn 0.000000 -1.000000 -0.000000
vn 0.000000 -1.000000 -0.000000
vn 0.000000 -1.000000 0.000000
vn 0.000000 -1.000000 0.000000
vn 0.000000 -1.000000 0.000000
vn 0.000000 -1.000000 0.000000
vn 0.000000 -1.000000 0.000000
vn 0.000000 -1.000000 0.000000
vn 0.000000 -1.000000 0.000000
vn 0.000000 -1.000000 0.000000
vn 0.000000 -1.000000 0.000000
vn 0.000000 -1.000000 0.000000
vn 0.000000 -1.000000 0.000000
vn 0.000000 -1.000000 0.000000
vn 0.000000 -1.000000 0.000000
vn 0.000000 -1.000000 0.000000
vn 0.000000 -1.000000 0.000000
vn 0.000000 -1.000000 0.000000
vn 0.000000 -1.000000 0.000000
vn 0.000000 -1.000000 0.000000
vn 0.000000 -1.000000 0.000000
vn 0.000000 -1.000000 -0.000000
vn 0.000000 -1.000000 -0.000000
vn 0.000000 -1.000000 0.000000
vn 0.000000 -1.000000 0.000000
vn 0.000000 -1.000000 0.000000
vn 0.000000 -1.000000 0.000000
vn 0.000000 -1.000000 0.000000
vn 0.000000 -1.000000 0.000000
vn 0.000000 -1.000000 0.000000
vn 0.000000 -1.000000 0.000000
vn 0.000000 -1.000000 -0.000000
vn 0.000000 -1.000000 0.000000
vn 0.000000 -1.000000 0.000000
vn 0.000000 -1.000000 0.000000
vn 0.000000 -1.000000 0.000000
vn 0.000000 -1.000000 0.000000
vn 0.000000 -1.000000 0.000000
vn -0.000000 -1.000000 0.000000
vn -0.000000 -1.000000 0.000000
vn -0.000000 -1.000000 0.000000
vn 0.000000 -1.000000 0.000000
vn 0.000000 -1.000000 0.000000
vn 0.000000 -1.000000 0.000000
vn -0.000000 -1.000000 0.000000
vn 0.000000 -1.000000 0.000000
vn 0.000000 -1.000000 0.000000
vn 0.000000 -1.000000 0.000000
vn 0.000000 1.000000 0.000000
vn 0.000000 1.000000 0.000000
vn 0.000000 1.000000 0.000000
vn 0.000000 1.000000 0.000000
vn 0.000000 1.000000 0.000000
vn 0.000000 1.000000 0.000000
vn 0.000000 1.000000 0.000000
vn 0.000000 1.000000 0.000000
vn 0.000000 1.000000 0.000000
vn 0.000000 1.000000 0.000000
vn 0.000000 1.000000 0.000000
vn 0.000000 1.000000 0.000000
vn 0.000000 1.000000 0.000000
vn 0.000000 1.000000 0.000000
vn 0.000000 1.000000 0.000000
vn 0.000000 1.000000 -0.000000
vn 0.000000 1.000000 0.000000
vn 0.000000 1.000000 0.000000
vn 0.000000 1.000000 0.000000
vn 0.000000 1.000000 0.000000
vn 0.000000 1.000000 0.000000
vn 0.000000 1.000000 0.000000
vn 0.000000 1.000000 0.000000
vn 0.000000 1.000000 0.000000
vn 0.000000 1.000000 0.000000
vn 0.000000 1.000000 0.000000
vn 0.000000 1.000000 0.000000
vn 0.000000 1.000000 -0.000000
vn 0.000000 1.000000 0.000000
vn 0.000000 1.000000 0.000000
vn 0.000000 1.000000 0.000000
vn 0.000000 1.000000 0.000000
vn 0.000000 1.000000 0.000000
vn 0.000000 1.000000 0.000000
vn 0.000000 1.000000 0.000000
vn 0.000000 1.000000 0.000000
vn 0.000000 1.000000 0.000000
vn 0.000000 1.000000 0.000000
vn 0.000000 1.000000 -0.000000
vn 0.000000 1.000000 0.000000
vn 0.000000 1.000000 0.000000
vn 0.000000 1.000000 0.000000
vn 0.000000 1.000000 0.000000
vn 0.000000 1.000000 0.000000
vn 0.000000 1.000000 0.000000
vn 0.000000 1.000000 -0.000000
vn 0.000000 1.000000 0.000000
vn 0.000000 1.000000 0.000000
vn 0.000000 1.000000 0.000000
vn 0.000000 1.000000 -0.000000
vn 0.000000 1.000000 0.000000
vn 0.000000 1.000000 0.000000
vn 0.998244 0.000000 -0.059242
vn 0.984231 0.000000 -0.176888
vn 0.998244 0.000000 -0.059242
vn 0.984231 0.000000 -0.176888
vn 0.956399 0.000000 -0.292063
vn 0.915140 0.000000 -0.403136
vn 0.956399 0.000000 -0.292063
vn 0.915140 0.000000 -0.403136
vn 0.861055 0.000000 -0.508511
vn 0.861055 0.000000 -0.508511
vn 0.794840 0.000000 -0.606819
vn 0.794840 0.000000 -0.606819
vn 0.717525 0.000000 -0.696533
vn 0.630083 0.000000 -0.776528
vn 0.717525 0.000000 -0.696533
vn 0.630083 0.000000 -0.776528
vn 0.533810 0.000000 -0.845604
vn 0.533810 0.000000 -0.845604
vn 0.430087 0.000000 -0.902787
vn 0.430087 0.000000 -0.902787
vn 0.320303 0.000000 -0.947315
vn 0.320303 0.000000 -0.947315
vn 0.205944 0.000000 -0.978564
vn 0.205944 0.000000 -0.978564
vn 0.088834 0.000000 -0.996046
vn 0.088834 0.000000 -0.996046
vn -0.029650 0.000000 -0.999560
vn -0.029650 0.000000 -0.999560
vn -0.147675 0.000000 -0.989036
vn -0.147675 0.000000 -0.989036
vn -0.263636 0.000000 -0.964622
vn -0.375827 -0.000000 -0.926690
vn -0.263636 0.000000 -0.964622
vn -0.375827 0.000000 -0.926690
vn -0.482760 0.000000 -0.875753
vn -0.482760 0.000000 -0.875753
vn -0.582938 0.000000 -0.812516
vn -0.582938 0.000000 -0.812516
vn -0.675031 0.000000 -0.737789
vn -0.675031 0.000000 -0.737789
vn -0.757505 0.000000 -0.652829
vn -0.757505 0.000000 -0.652829
vn -0.829399 0.000000 -0.558657
vn -0.829399 0.000000 -0.558657
vn -0.889667 0.000000 -0.456610
vn -0.889667 0.000000 -0.456610
vn -0.937412 0.000000 -0.348224
vn -0.937412 0.000000 -0.348224
vn -0.972022 0.000000 -0.234892
vn -0.972022 0.000000 -0.234892
vn -0.992981 0.000000 -0.118270
vn -0.992981 0.000000 -0.118270
vn -1.000000 0.000000 0.000000
vn -1.000000 0.000000 0.000000
vn -0.992981 0.000000 0.118270
vn -0.992981 0.000000 0.118270
vn -0.972022 0.000000 0.234892
vn -0.972022 0.000000 0.234892
vn -0.937412 0.000000 0.348224
vn -0.937412 0.000000 0.348224
vn -0.889667 0.000000 0.456610
vn -0.889667 0.000000 0.456610
vn -0.829399 0.000000 0.558657
vn -0.757505 0.000000 0.652829
vn -0.829399 0.000000 0.558657
vn -0.675031 0.000000 0.737789
vn -0.757505 0.000000 0.652829
vn -0.675031 0.000000 0.737789
vn -0.582938 0.000000 0.812516
vn -0.482760 0.000000 0.875753
vn -0.582938 0.000000 0.812516
vn -0.482760 0.000000 0.875753
vn -0.375827 0.000000 0.926690
vn -0.263636 0.000000 0.964622
vn -0.375827 0.000000 0.926690
vn -0.147675 0.000000 0.989036
vn -0.263636 0.000000 0.964622
vn -0.147675 0.000000 0.989036
vn -0.029650 0.000000 0.999560
vn -0.029650 0.000000 0.999560
vn 0.088834 0.000000 0.996046
vn 0.088834 -0.000000 0.996046
vn 0.205944 0.000000 0.978564
vn 0.205944 -0.000000 0.978564
vn 0.320303 0.000000 0.947315
vn 0.430087 0.000000 0.902787
vn 0.320303 -0.000000 0.947315
vn 0.533810 0.000000 0.845604
vn 0.430087 0.000000 0.902787
vn 0.533810 0.000000 0.845604
vn 0.630083 0.000000 0.776528
vn 0.717525 0.000000 0.696533
vn 0.630083 -0.000000 0.776528
vn 0.717525 0.000000 0.696533
vn 0.794840 -0.000000 0.606819
vn 0.794840 0.000000 0.606819
vn 0.861055 0.000000 0.508511
vn 0.861055 0.000000 0.508511
vn 0.915140 -0.000000 0.403136
vn 0.915140 0.000000 0.403136
vn 0.956399 0.000000 0.292063
vn 0.956399 0.000000 0.292063
vn 0.984231 -0.000000 0.176888
vn 0.984231 0.000000 0.176888
vn 0.998244 -0.000000 0.059242
vn 0.998244 0.000000 0.059242
vn 0.000000 -1.000000 -0.000000
vn 0.000000 -1.000000 -0.000000
vn 0.000000 -1.000000 -0.000000
vn 0.000000 -1.000000 0.000000
vn 0.000000 -1.000000 0.000000
vn 0.000000 -1.000000 0.000000
vn 0.000000 -1.000000 0.000000
vn 0.000000 -1.000000 0.000000
vn 0.000000 -1.000000 0.000000
vn 0.000000 -1.000000 0.000000
vn 0.000000 -1.000000 0.000000
vn 0.000000 -1.000000 0.000000
vn 0.000000 -1.000000 0.000000
vn 0.000000 -1.000000 0.000000
vn 0.000000 -1.000000 0.000000
vn 0.000000 -1.000000 0.000000
vn 0.000000 -1.000000 0.000000
vn 0.000000 -1.000000 0.000000
vn 0.000000 -1.000000 0.000000
vn 0.000000 -1.000000 0.000000
vn 0.000000 -1.000000 0.000000
vn 0.000000 -1.000000 0.000000
vn 0.000000 -1.000000 0.000000
vn 0.000000 -1.000000 0.000000
vn 0.000000 -1.000000 0.000000
vn 0.000000 -1.000000 0.000000
vn 0.000000 -1.000000 0.000000
vn 0.000000 -1.000000 0.000000
vn 0.000000 -1.000000 0.000000
vn 0.000000 -1.000000 0.000000
vn 0.000000 -1.000000 0.000000
vn 0.000000 -1.000000 0.000000
vn 0.000000 -1.000000 0.000000
vn 0.000000 -1.000000 0.000000
vn 0.000000 -1.000000 0.000000
vn 0.000000 -1.000000 0.000000
vn 0.000000 -1.000000 -0.000000
vn 0.000000 -1.000000 0.000000
vn 0.000000 -1.000000 -0.000000
vn 0.000000 -1.000000 0.000000
vn 0.000000 -1.000000 0.000000
vn 0.000000 -1.000000 0.000000
vn -0.000000 -1.000000 0.000000
vn -0.000000 -1.000000 0.000000
vn -0.000000 -1.000000 0.000000
vn 0.000000 -1.000000 0.000000
vn 0.000000 -1.000000 0.000000
vn 0.000000 -1.000000 0.000000
vn 0.000000 -1.000000 0.000000
vn 0.000000 -1.000000 0.000000
vn 0.000000 -1.000000 0.000000
vn 0.000000 1.000000 0.000000
vn 0.000000 1.000000 0.000000
vn 0.000000 1.000000 0.000000
vn 0.000000 1.000000 0.000000
vn 0.000000 1.000000 0.000000
vn 0.000000 1.000000 0.000000
vn 0.000000 1.000000 0.000000
vn 0.000000 1.000000 0.000000
vn 0.000000 1.000000 -0.000000
vn 0.000000 1.000000 0.000000
vn 0.000000 1.000000 0.000000
vn 0.000000 1.000000 0.000000
vn 0.000000 1.000000 0.000000
vn 0.000000 1.000000 0.000000
vn 0.000000 1.000000 0.000000
vn 0.000000 1.000000 -0.000000
vn 0.000000 1.000000 -0.000000
vn 0.000000 1.000000 0.000000
vn 0.000000 1.000000 -0.000000
vn 0.000000 1.000000 0.000000
vn 0.000000 1.000000 0.000000
vn 0.000000 1.000000 0.000000
vn 0.000000 1.000000 0.000000
vn 0.000000 1.000000 0.000000
vn 0.000000 1.000000 0.000000
vn 0.000000 1.000000 0.000000
vn 0.000000 1.000000 0.000000
vn 0.000000 1.000000 -0.000000
vn 0.000000 1.000000 0.000000
vn 0.000000 1.000000 0.000000
vn 0.000000 1.000000 0.000000
vn 0.000000 1.000000 0.000000
vn 0.000000 1.000000 0.000000
vn 0.000000 1.000000 0.000000
vn 0.000000 1.000000 -0.000000
vn 0.000000 1.000000 0.000000
vn 0.000000 1.000000 0.000000
vn 0.000000 1.000000 0.000000
vn 0.000000 1.000000 0.000000
vn 0.000000 1.000000 0.000000
vn 0.000000 1.000000 -0.000000
vn 0.000000 1.000000 0.000000
vn 0.000000 1.000000 0.000000
vn 0.000000 1.000000 0.000000
vn 0.000000 1.000000 0.000000
vn 0.000000 1.000000 0.000000
vn 0.000000 1.000000 -0.000000
vn 0.000000 1.000000 0.000000
vn 0.000000 1.000000 0.000000
vn 0.000000 1.000000 0.000000
vn 0.000000 1.000000 -0.000000
vn 0.998307 0.000000 -0.058156
vn 0.998307 0.000000 -0.058156
vn 0.984809 0.000000 -0.173643
vn 0.984809 0.000000 -0.173643
vn 0.957986 0.000000 -0.286813
vn 0.957986 0.000000 -0.286813
vn 0.918236 0.000000 -0.396034
vn 0.918236 0.000000 -0.396034
vn 0.866020 0.000000 -0.500009
vn 0.866020 0.000000 -0.500009
vn 0.802099 0.000000 -0.597191
vn 0.802099 0.000000 -0.597191
vn 0.727370 0.000000 -0.686246
vn 0.727370 0.000000 -0.686246
vn 0.642816 0.000000 -0.766021
vn 0.642816 0.000000 -0.766021
vn 0.549518 0.000000 -0.835482
vn 0.549518 0.000000 -0.835482
vn 0.448756 0.000000 -0.893654
vn 0.342097 0.000000 -0.939665
vn 0.448756 0.000000 -0.893654
vn 0.342097 0.000000 -0.939665
vn 0.230519 0.000000 -0.973068
vn 0.230519 0.000000 -0.973068
vn 0.116098 0.000000 -0.993238
vn -0.000000 -0.000000 -1.000000
vn 0.116098 0.000000 -0.993238
vn -0.116098 -0.000000 -0.993238
vn 0.000000 0.000000 -1.000000
vn -0.116098 0.000000 -0.993238
vn -0.230519 0.000000 -0.973068
vn -0.230519 0.000000 -0.973068
vn -0.342097 0.000000 -0.939665
vn -0.448756 -0.000000 -0.893654
vn -0.342097 0.000000 -0.939665
vn -0.448756 0.000000 -0.893654
vn -0.549518 0.000000 -0.835482
vn -0.549518 0.000000 -0.835482
vn -0.642816 0.000000 -0.766021
vn -0.642816 0.000000 -0.766021
vn -0.727370 0.000000 -0.686246
vn -0.727370 0.000000 -0.686246
vn -0.802099 0.000000 -0.597191
vn -0.802099 0.000000 -0.597191
vn -0.866020 0.000000 -0.500009
vn -0.866020 0.000000 -0.500009
vn -0.918236 -0.000000 -0.396034
vn -0.918236 0.000000 -0.396034
vn -0.957986 0.000000 -0.286813
vn -0.957986 0.000000 -0.286813
vn -0.984809 0.000000 -0.173643
vn -0.984809 0.000000 -0.173643
vn -0.998307 -0.000000 -0.058156
vn -0.998307 0.000000 -0.058156
vn -0.998307 0.000000 0.058156
vn -0.998307 0.000000 0.058156
vn -0.984809 0.000000 0.173643
vn -0.984809 0.000000 0.173643
vn -0.957986 0.000000 0.286813
vn -0.957986 0.000000 0.286813
vn -0.918236 0.000000 0.396034
vn -0.918236 0.000000 0.396034
vn -0.866020 0.000000 0.500009
vn -0.866020 0.000000 0.500009
vn -0.802099 0.000000 0.597191
vn -0.802099 0.000000 0.597191
vn -0.727370 0.000000 0.686246
vn -0.727370 0.000000 0.686246
vn -0.642816 0.000000 0.766021
vn -0.549518 0.000000 0.835482
vn -0.642816 0.000000 0.766021
vn -0.549518 0.000000 0.835482
vn -0.448756 0.000000 0.893654
vn -0.448756 0.000000 0.893654
vn -0.342097 0.000000 0.939665
vn -0.342097 0.000000 0.939665
vn -0.230519 0.000000 0.973068
vn -0.116098 0.000000 0.993238
vn -0.230519 0.000000 0.973068
vn -0.116098 0.000000 0.993238
vn -0.000000 0.000000 1.000000
vn 0.000000 0.000000 1.000000
vn 0.116098 0.000000 0.993238
vn 0.230519 0.000000 0.973068
vn 0.116098 -0.000000 0.993238
vn 0.230519 0.000000 0.973068
vn 0.342097 0.000000 0.939665
vn 0.342097 -0.000000 0.939665
vn 0.448756 0.000000 0.893654
vn 0.448756 -0.000000 0.893654
vn 0.549518 0.000000 0.835482
vn 0.642816 0.000000 0.766021
vn 0.549518 -0.000000 0.835482
vn 0.642816 0.000000 0.766021
vn 0.727370 0.000000 0.686246
vn 0.727370 0.000000 0.686246
vn 0.802099 -0.000000 0.597191
vn 0.802099 0.000000 0.597191
vn 0.866020 0.000000 0.500009
vn 0.866020 0.000000 0.500009
vn 0.918236 0.000000 0.396034
vn 0.918236 0.000000 0.396034
vn 0.957986 -0.000000 0.286813
vn 0.957986 0.000000 0.286813
vn 0.984809 -0.000000 0.173643
vn 0.984809 0.000000 0.173643
vn 0.998307 0.000000 0.058156
vn 0.998307 0.000000 0.058156
vn 0.000000 -1.000000 -0.000000
vn 0.000000 -1.000000 0.000000
vn 0.000000 -1.000000 0.000000
vn 0.000000 -1.000000 -0.000000
vn 0.000000 -1.000000 -0.000000
vn 0.000000 -1.000000 0.000000
vn 0.000000 -1.000000 0.000000
vn 0.000000 -1.000000 0.000000
vn 0.000000 -1.000000 0.000000
vn 0.000000 -1.000000 0.000000
vn 0.000000 -1.000000 0.000000
vn 0.000000 -1.000000 0.000000
vn 0.000000 -1.000000 0.000000
vn 0.000000 -1.000000 0.000000
vn 0.000000 -1.000000 0.000000
vn 0.000000 -1.000000 0.000000
vn 0.000000 -1.000000 0.000000
vn 0.000000 -1.000000 0.000000
vn 0.000000 -1.000000 0.000000
vn 0.000000 -1.000000 0.000000
vn 0.000000 -1.000000 0.000000
vn 0.000000 -1.000000 0.000000
vn 0.000000 -1.000000 0.000000
vn 0.000000 -1.000000 0.000000
vn 0.000000 -1.000000 0.000000
vn 0.000000 -1.000000 0.000000
vn 0.000000 -1.000000 0.000000
vn 0.000000 -1.000000 0.000000
vn 0.000000 -1.000000 0.000000
vn 0.000000 -1.000000 0.000000
vn 0.000000 -1.000000 0.000000
vn 0.000000 -1.000000 0.000000
vn 0.000000 -1.000000 0.000000
vn 0.000000 -1.000000 0.000000
vn 0.000000 -1.000000 0.000000
vn 0.000000 -1.000000 0.000000
vn 0.000000 -1.000000 0.000000
vn 0.000000 -1.000000 0.000000
vn -0.000000 -1.000000 0.000000
vn -0.000000 -1.000000 0.000000
vn 0.000000 -1.000000 0.000000
vn 0.000000 -1.000000 0.000000
vn 0.000000 -1.000000 0.000000
vn -0.000000 -1.000000 0.000000
vn 0.000000 -1.000000 0.000000
vn 0.000000 -1.000000 -0.000000
vn 0.000000 -1.000000 0.000000
vn 0.000000 -1.000000 0.000000
vn -0.000000 -1.000000 0.000000
vn 0.000000 -1.000000 -0.000000
vn 0.000000 -1.000000 0.000000
vn 0.000000 -1.000000 0.000000
vn 0.000000 1.000000 0.000000
vn 0.000000 1.000000 0.000000
vn 0.000000 1.000000 0.000000
vn 0.000000 1.000000 0.000000
vn 0.000000 1.000000 0.000000
vn 0.000000 1.000000 0.000000
vn 0.000000 1.000000 -0.000000
vn 0.000000 1.000000 0.000000
vn 0.000000 1.000000 0.000000
vn 0.000000 1.000000 0.000000
vn 0.000000 1.000000 0.000000
vn 0.000000 1.000000 0.000000
vn 0.000000 1.000000 -0.000000
vn 0.000000 1.000000 0.000000
vn 0.000000 1.000000 0.000000
vn 0.000000 1.000000 0.000000
vn 0.000000 1.000000 0.000000
vn 0.000000 1.000000 -0.000000
vn 0.000000 1.000000 0.000000
vn 0.000000 1.000000 0.000000
vn 0.000000 1.000000 0.000000
vn 0.000000 1.000000 0.000000
vn 0.000000 1.000000 0.000000
vn 0.000000 1.000000 0.000000
vn 0.000000 1.000000 0.000000
vn 0.000000 1.000000 0.000000
vn 0.000000 1.000000 0.000000
vn 0.000000 1.000000 0.000000
vn 0.000000 1.000000 0.000000
vn 0.000000 1.000000 0.000000
vn 0.000000 1.000000 0.000000
vn 0.000000 1.000000 0.000000
vn 0.000000 1.000000 -0.000000
vn 0.000000 1.000000 0.000000
vn 0.000000 1.000000 -0.000000
vn 0.000000 1.000000 0.000000
vn 0.000000 1.000000 0.000000
vn 0.000000 1.000000 0.000000
vn 0.000000 1.000000 0.000000
vn 0.000000 1.000000 0.000000
vn 0.000000 1.000000 0.000000
vn 0.000000 1.000000 -0.000000
vn 0.000000 1.000000 0.000000
vn 0.000000 1.000000 0.000000
vn 0.000000 1.000000 0.000000
vn 0.000000 1.000000 0.000000
vn 0.000000 1.000000 0.000000
vn 0.000000 1.000000 0.000000
vn 0.000000 1.000000 0.000000
vn 0.000000 1.000000 0.000000
vn 0.000000 1.000000 -0.000000
vn 0.000000 1.000000 0.000000
vn 0.998309 0.000000 -0.058139
vn 0.998309 0.000000 -0.058139
vn 0.984807 0.000000 -0.173653
vn 0.984807 0.000000 -0.173653
vn 0.957985 0.000000 -0.286818
vn 0.918217 0.000000 -0.396078
vn 0.957985 0.000000 -0.286818
vn 0.918217 0.000000 -0.396078
vn 0.866035 0.000000 -0.499983
vn 0.866035 0.000000 -0.499983
vn 0.802119 0.000000 -0.597164
vn 0.727361 0.000000 -0.686255
vn 0.802119 0.000000 -0.597164
vn 0.727361 0.000000 -0.686255
vn 0.642807 0.000000 -0.766029
vn 0.549514 0.000000 -0.835484
vn 0.642807 0.000000 -0.766029
vn 0.549514 0.000000 -0.835484
vn 0.448797 0.000000 -0.893634
vn 0.448797 0.000000 -0.893634
vn 0.342019 0.000000 -0.939693
vn 0.342019 0.000000 -0.939693
vn 0.230600 0.000000 -0.973049
vn 0.230600 0.000000 -0.973049
vn 0.116088 0.000000 -0.993239
vn -0.000000 -0.000000 -1.000000
vn 0.116088 0.000000 -0.993239
vn 0.000000 0.000000 -1.000000
vn -0.116088 0.000000 -0.993239
vn -0.230600 -0.000000 -0.973049
vn -0.116088 0.000000 -0.993239
vn -0.342019 -0.000000 -0.939693
vn -0.230600 0.000000 -0.973049
vn -0.448797 -0.000000 -0.893634
vn -0.342019 0.000000 -0.939693
vn -0.448797 0.000000 -0.893634
vn -0.549514 0.000000 -0.835484
vn -0.549514 0.000000 -0.835484
vn -0.642807 0.000000 -0.766029
vn -0.727361 -0.000000 -0.686255
vn -0.642807 0.000000 -0.766029
vn -0.727361 0.000000 -0.686255
vn -0.802119 0.000000 -0.597164
vn -0.802119 0.000000 -0.597164
vn -0.866035 0.000000 -0.499983
vn -0.866035 0.000000 -0.499983
vn -0.918217 -0.000000 -0.396078
vn -0.918217 0.000000 -0.396078
vn -0.957985 -0.000000 -0.286818
vn -0.957985 0.000000 -0.286818
vn -0.984807 0.000000 -0.173653
vn -0.984807 0.000000 -0.173653
vn -0.998309 0.000000 -0.058139
vn -0.998309 0.000000 -0.058139
vn -0.998309 0.000000 0.058139
vn -0.998309 0.000000 0.058139
vn -0.984807 0.000000 0.173653
vn -0.984807 0.000000 0.173653
vn -0.957985 0.000000 0.286818
vn -0.918217 0.000000 0.396078
vn -0.957985 0.000000 0.286818
vn -0.918217 0.000000 0.396078
vn -0.866035 0.000000 0.499983
vn -0.866035 0.000000 0.499983
vn -0.802119 0.000000 0.597164
vn -0.727361 0.000000 0.686255
vn -0.802119 0.000000 0.597164
vn -0.727361 0.000000 0.686255
vn -0.642807 0.000000 0.766029
vn -0.549514 0.000000 0.835484
vn -0.642807 0.000000 0.766029
vn -0.549514 0.000000 0.835484
vn -0.448797 0.000000 0.893634
vn -0.448797 0.000000 0.893634
vn -0.342019 0.000000 0.939693
vn -0.342019 0.000000 0.939693
vn -0.230600 0.000000 0.973049
vn -0.230600 0.000000 0.973049
vn -0.116088 0.000000 0.993239
vn -0.116088 0.000000 0.993239
vn -0.000000 0.000000 1.000000
vn 0.116088 0.000000 0.993239
vn 0.000000 0.000000 1.000000
vn 0.116088 0.000000 0.993239
vn 0.230600 0.000000 0.973049
vn 0.230600 -0.000000 0.973049
vn 0.342019 0.000000 0.939693
vn 0.342019 -0.000000 0.939693
vn 0.448797 0.000000 0.893634
vn 0.448797 -0.000000 0.893634
vn 0.549514 0.000000 0.835484
vn 0.549514 -0.000000 0.835484
vn 0.642807 -0.000000 0.766029
vn 0.642807 0.000000 0.766029
vn 0.727361 -0.000000 0.686255
vn 0.727361 0.000000 0.686255
vn 0.802119 -0.000000 0.597164
vn 0.802119 0.000000 0.597164
vn 0.866035 -0.000000 0.499983
vn 0.866035 0.000000 0.499983
vn 0.918217 -0.000000 0.396078
vn 0.918217 0.000000 0.396078
vn 0.957985 -0.000000 0.286818
vn 0.957985 0.000000 0.286818
vn 0.984807 -0.000000 0.173653
vn 0.984807 0.000000 0.173653
vn 0.998309 0.000000 0.058139
vn 0.998309 0.000000 0.058139
vn 0.000000 -1.000000 -0.000000
vn 0.000000 -1.000000 0.000000
vn 0.000000 -1.000000 0.000000
vn 0.000000 -1.000000 -0.000000
vn 0.000000 -1.000000 -0.000000
vn 0.000000 -1.000000 -0.000000
vn 0.000000 -1.000000 -0.000000
vn 0.000000 -1.000000 -0.000000
vn 0.000000 -1.000000 -0.000000
vn 0.000000 -1.000000 0.000000
vn 0.000000 -1.000000 0.000000
vn 0.000000 -1.000000 0.000000
vn 0.000000 -1.000000 0.000000
vn 0.000000 -1.000000 0.000000
vn 0.000000 -1.000000 0.000000
vn 0.000000 -1.000000 0.000000
vn 0.000000 -1.000000 0.000000
vn 0.000000 -1.000000 0.000000
vn 0.000000 -1.000000 0.000000
vn 0.000000 -1.000000 0.000000
vn 0.000000 -1.000000 0.000000
vn 0.000000 -1.000000 0.000000
vn 0.000000 -1.000000 0.000000
vn 0.000000 -1.000000 0.000000
vn 0.000000 -1.000000 0.000000
vn 0.000000 -1.000000 0.000000
vn 0.000000 -1.000000 0.000000
vn 0.000000 -1.000000 0.000000
vn 0.000000 -1.000000 0.000000
vn 0.000000 -1.000000 0.000000
vn 0.000000 -1.000000 0.000000
vn 0.000000 -1.000000 0.000000
vn 0.000000 -1.000000 0.000000
vn 0.000000 -1.000000 0.000000
vn 0.000000 -1.000000 0.000000
vn 0.000000 -1.000000 0.000000
vn 0.000000 -1.000000 0.000000
vn 0.000000 -1.000000 0.000000
vn 0.000000 -1.000000 0.000000
vn 0.000000 -1.000000 0.000000
vn 0.000000 -1.000000 -0.000000
vn 0.000000 -1.000000 0.000000
vn -0.000000 -1.000000 0.000000
vn 0.000000 -1.000000 0.000000
vn 0.000000 -1.000000 0.000000
vn 0.000000 -1.000000 0.000000
vn 0.000000 -1.000000 0.000000
vn 0.000000 -1.000000 0.000000
vn -0.000000 -1.000000 0.000000
vn 0.000000 -1.000000 0.000000
vn 0.000000 -1.000000 0.000000
vn 0.000000 -1.000000 0.000000
vn 0.000000 1.000000 0.000000
vn 0.000000 1.000000 0.000000
vn 0.000000 1.000000 0.000000
vn 0.000000 1.000000 0.000000
vn 0.000000 1.000000 0.000000
vn 0.000000 1.000000 0.000000
vn 0.000000 1.000000 0.000000
vn 0.000000 1.000000 0.000000
vn 0.000000 1.000000 0.000000
vn 0.000000 1.000000 0.000000
vn 0.000000 1.000000 0.000000
vn 0.000000 1.000000 0.000000
vn 0.000000 1.000000 -0.000000
vn 0.000000 1.000000 0.000000
vn 0.000000 1.000000 0.000000
vn 0.000000 1.000000 0.000000
vn 0.000000 1.000000 0.000000
vn 0.000000 1.000000 0.000000
vn 0.000000 1.000000 0.000000
vn 0.000000 1.000000 0.000000
vn 0.000000 1.000000 0.000000
vn 0.000000 1.000000 0.000000
vn 0.000000 1.000000 0.000000
vn 0.000000 1.000000 -0.000000
vn 0.000000 1.000000 0.000000
vn 0.000000 1.000000 0.000000
vn 0.000000 1.000000 0.000000
vn 0.000000 1.000000 0.000000
vn 0.000000 1.000000 -0.000000
vn 0.000000 1.000000 0.000000
vn 0.000000 1.000000 -0.000000
vn 0.000000 1.000000 0.000000
vn 0.000000 1.000000 -0.000000
vn 0.000000 1.000000 0.000000
vn 0.000000 1.000000 0.000000
vn 0.000000 1.000000 -0.000000
vn 0.000000 1.000000 0.000000
vn 0.000000 1.000000 -0.000000
vn 0.000000 1.000000 0.000000
vn 0.000000 1.000000 -0.000000
vn 0.000000 1.000000 0.000000
vn 0.000000 1.000000 0.000000
vn 0.000000 1.000000 0.000000
vn 0.000000 1.000000 -0.000000
vn 0.000000 1.000000 0.000000
vn 0.000000 1.000000 0.000000
vn 0.000000 1.000000 0.000000
vn 0.000000 1.000000 0.000000
vn 0.000000 1.000000 0.000000
vn 0.000000 1.000000 -0.000000
vn 0.000000 1.000000 0.000000
vn 0.000000 1.000000 0.000000
vn 0.998244 0.000000 -0.059242
vn 0.984231 0.000000 -0.176888
vn 0.998244 0.000000 -0.059242
vn 0.984231 0.000000 -0.176888
vn 0.956399 0.000000 -0.292063
vn 0.915140 0.000000 -0.403136
vn 0.956399 0.000000 -0.292063
vn 0.915140 0.000000 -0.403136
vn 0.861055 0.000000 -0.508511
vn 0.861055 0.000000 -0.508511
vn 0.794840 0.000000 -0.606819
vn 0.794840 0.000000 -0.606819
vn 0.717525 0.000000 -0.696533
vn 0.630083 0.000000 -0.776528
vn 0.717525 0.000000 -0.696533
vn 0.630083 0.000000 -0.776528
vn 0.533810 0.000000 -0.845604
vn 0.533810 0.000000 -0.845604
vn 0.430087 0.000000 -0.902787
vn 0.430087 0.000000 -0.902787
vn 0.320303 0.000000 -0.947315
vn 0.320303 0.000000 -0.947315
vn 0.205944 0.000000 -0.978564
vn 0.205944 0.000000 -0.978564
vn 0.088834 0.000000 -0.996046
vn 0.088834 0.000000 -0.996046
vn -0.029650 0.000000 -0.999560
vn -0.029650 0.000000 -0.999560
vn -0.147675 0.000000 -0.989036
vn -0.147675 0.000000 -0.989036
vn -0.263636 0.000000 -0.964622
vn -0.375827 -0.000000 -0.926690
vn -0.263636 0.000000 -0.964622
vn -0.375827 0.000000 -0.926690
vn -0.482760 0.000000 -0.875753
vn -0.482760 0.000000 -0.875753
vn -0.582938 0.000000 -0.812516
vn -0.582938 0.000000 -0.812516
vn -0.675031 0.000000 -0.737789
vn -0.675031 0.000000 -0.737789
vn -0.757505 0.000000 -0.652829
vn -0.757505 0.000000 -0.652829
vn -0.829399 0.000000 -0.558657
vn -0.829399 0.000000 -0.558657
vn -0.889667 0.000000 -0.456610
vn -0.889667 0.000000 -0.456610
vn -0.937412 0.000000 -0.348224
vn -0.937412 0.000000 -0.348224
vn -0.972022 0.000000 -0.234892
vn -0.972022 0.000000 -0.234892
vn -0.992981 0.000000 -0.118270
vn -0.992981 0.000000 -0.118270
vn -1.000000 0.000000 0.000000
vn -1.000000 0.000000 0.000000
vn -0.992981 0.000000 0.118270
vn -0.992981 0.000000 0.118270
vn -0.972022 0.000000 0.234892
vn -0.972022 0.000000 0.234892
vn -0.937412 0.000000 0.348224
vn -0.937412 0.000000 0.348224
vn -0.889667 0.000000 0.456610
vn -0.889667 0.000000 0.456610
vn -0.829399 0.000000 0.558657
vn -0.757505 0.000000 0.652829
vn -0.829399 0.000000 0.558657
vn -0.675031 0.000000 0.737789
vn -0.757505 0.000000 0.652829
vn -0.675031 0.000000 0.737789
vn -0.582938 0.000000 0.812516
vn -0.482760 0.000000 0.875753
vn -0.582938 0.000000 0.812516
vn -0.482760 0.000000 0.875753
vn -0.375827 0.000000 0.926690
vn -0.263636 0.000000 0.964622
vn -0.375827 0.000000 0.926690
vn -0.147675 0.000000 0.989036
vn -0.263636 0.000000 0.964622
vn -0.147675 0.000000 0.989036
vn -0.029650 0.000000 0.999560
vn -0.029650 0.000000 0.999560
vn 0.088834 0.000000 0.996046
vn 0.088834 -0.000000 0.996046
vn 0.205944 0.000000 0.978564
vn 0.205944 -0.000000 0.978564
vn 0.320303 0.000000 0.947315
vn 0.430087 0.000000 0.902787
vn 0.320303 -0.000000 0.947315
vn 0.533810 0.000000 0.845604
vn 0.430087 0.000000 0.902787
vn 0.533810 0.000000 0.845604
vn 0.630083 0.000000 0.776528
vn 0.717525 0.000000 0.696533
vn 0.630083 -0.000000 0.776528
vn 0.717525 0.000000 0.696533
vn 0.794840 -0.000000 0.606819
vn 0.794840 0.000000 0.606819
vn 0.861055 0.000000 0.508511
vn 0.861055 0.000000 0.508511
vn 0.915140 -0.000000 0.403136
vn 0.915140 0.000000 0.403136
vn 0.956399 0.000000 0.292063
vn 0.956399 0.000000 0.292063
vn 0.984231 -0.000000 0.176888
vn 0.984231 0.000000 0.176888
vn 0.998244 -0.000000 0.059242
vn 0.998244 0.000000 0.059242
vn 0.000000 -1.000000 -0.000000
vn 0.000000 -1.000000 -0.000000
vn 0.000000 -1.000000 -0.000000
vn 0.000000 -1.000000 0.000000
vn 0.000000 -1.000000 0.000000
vn 0.000000 -1.000000 0.000000
vn 0.000000 -1.000000 0.000000
vn 0.000000 -1.000000 0.000000
vn 0.000000 -1.000000 0.000000
vn 0.000000 -1.000000 0.000000
vn 0.000000 -1.000000 0.000000
vn 0.000000 -1.000000 0.000000
vn 0.000000 -1.000000 0.000000
vn 0.000000 -1.000000 0.000000
vn 0.000000 -1.000000 0.000000
vn 0.000000 -1.000000 0.000000
vn 0.000000 -1.000000 0.000000
vn 0.000000 -1.000000 0.000000
vn 0.000000 -1.000000 0.000000
vn 0.000000 -1.000000 0.000000
vn 0.000000 -1.000000 0.000000
vn 0.000000 -1.000000 0.000000
vn 0.000000 -1.000000 0.000000
vn 0.000000 -1.000000 0.000000
vn 0.000000 -1.000000 0.000000
vn 0.000000 -1.000000 0.000000
vn 0.000000 -1.000000 0.000000
vn 0.000000 -1.000000 0.000000
vn 0.000000 -1.000000 0.000000
vn 0.000000 -1.000000 0.000000
vn 0.000000 -1.000000 0.000000
vn 0.000000 -1.000000 0.000000
vn 0.000000 -1.000000 0.000000
vn 0.000000 -1.000000 0.000000
vn 0.000000 -1.000000 0.000000
vn 0.000000 -1.000000 0.000000
vn 0.000000 -1.000000 -0.000000
vn 0.000000 -1.000000 0.000000
vn 0.000000 -1.000000 -0.000000
vn 0.000000 -1.000000 0.000000
vn 0.000000 -1.000000 0.000000
vn 0.000000 -1.000000 0.000000
vn -0.000000 -1.000000 0.000000
vn -0.000000 -1.000000 0.000000
vn -0.000000 -1.000000 0.000000
vn 0.000000 -1.000000 0.000000
vn 0.000000 -1.000000 0.000000
vn 0.000000 -1.000000 0.000000
vn 0.000000 -1.000000 0.000000
vn 0.000000 -1.000000 0.000000
vn 0.000000 -1.000000 0.000000
vn 0.000000 1.000000 0.000000
vn 0.000000 1.000000 0.000000
vn 0.000000 1.000000 0.000000
vn 0.000000 1.000000 0.000000
vn 0.000000 1.000000 0.000000
vn 0.000000 1.000000 0.000000
vn 0.000000 1.000000 0.000000
vn 0.000000 1.000000 0.000000
vn 0.000000 1.000000 -0.000000
vn 0.000000 1.000000 0.000000
vn 0.000000 1.000000 0.000000
vn 0.000000 1.000000 0.000000
vn 0.000000 1.000000 0.000000
vn 0.000000 1.000000 0.000000
vn 0.000000 1.000000 0.000000
vn 0.000000 1.000000 -0.000000
vn 0.000000 1.000000 -0.000000
vn 0.000000 1.000000 0.000000
vn 0.000000 1.000000 -0.000000
vn 0.000000 1.000000 0.000000
vn 0.000000 1.000000 0.000000
vn 0.000000 1.000000 0.000000
vn 0.000000 1.000000 0.000000
vn 0.000000 1.000000 0.000000
vn 0.000000 1.000000 0.000000
vn 0.000000 1.000000 0.000000
vn 0.000000 1.000000 0.000000
vn 0.000000 1.000000 -0.000000
vn 0.000000 1.000000 0.000000
vn 0.000000 1.000000 0.000000
vn 0.000000 1.000000 0.000000
vn 0.000000 1.000000 0.000000
vn 0.000000 1.000000 0.000000
vn 0.000000 1.000000 0.000000
vn 0.000000 1.000000 -0.000000
vn 0.000000 1.000000 0.000000
vn 0.000000 1.000000 0.000000
vn 0.000000 1.000000 0.000000
vn 0.000000 1.000000 0.000000
vn 0.000000 1.000000 0.000000
vn 0.000000 1.000000 -0.000000
vn 0.000000 1.000000 0.000000
vn 0.000000 1.000000 0.000000
vn 0.000000 1.000000 0.000000
vn 0.000000 1.000000 0.000000
vn 0.000000 1.000000 0.000000
vn 0.000000 1.000000 -0.000000
vn 0.000000 1.000000 0.000000
vn 0.000000 1.000000 0.000000
vn 0.000000 1.000000 0.000000
vn 0.000000 1.000000 -0.000000
vn 0.998307 0.000000 -0.058156
vn 0.998307 0.000000 -0.058156
vn 0.984809 0.000000 -0.173643
vn 0.984809 0.000000 -0.173643
vn 0.957986 0.000000 -0.286813
vn 0.957986 0.000000 -0.286813
vn 0.918236 0.000000 -0.396034
vn 0.918236 0.000000 -0.396034
vn 0.866020 0.000000 -0.500009
vn 0.866020 0.000000 -0.500009
vn 0.802099 0.000000 -0.597191
vn 0.802099 0.000000 -0.597191
vn 0.727370 0.000000 -0.686246
vn 0.727370 0.000000 -0.686246
vn 0.642816 0.000000 -0.766021
vn 0.642816 0.000000 -0.766021
vn 0.549518 0.000000 -0.835482
vn 0.549518 0.000000 -0.835482
vn 0.448756 0.000000 -0.893654
vn 0.342097 0.000000 -0.939665
vn 0.448756 0.000000 -0.893654
vn 0.342097 0.000000 -0.939665
vn 0.230519 0.000000 -0.973068
vn 0.230519 0.000000 -0.973068
vn 0.116098 0.000000 -0.993238
vn -0.000000 -0.000000 -1.000000
vn 0.116098 0.000000 -0.993238
vn -0.116098 -0.000000 -0.993238
vn 0.000000 0.000000 -1.000000
vn -0.116098 0.000000 -0.993238
vn -0.230519 0.000000 -0.973068
vn -0.230519 0.000000 -0.973068
vn -0.342097 0.000000 -0.939665
vn -0.448756 -0.000000 -0.893654
vn -0.342097 0.000000 -0.939665
vn -0.448756 0.000000 -0.893654
vn -0.549518 0.000000 -0.835482
vn -0.549518 0.000000 -0.835482
vn -0.642816 0.000000 -0.766021
vn -0.642816 0.000000 -0.766021
vn -0.727370 0.000000 -0.686246
vn -0.727370 0.000000 -0.686246
vn -0.802099 0.000000 -0.597191
vn -0.802099 0.000000 -0.597191
vn -0.866020 0.000000 -0.500009
vn -0.866020 0.000000 -0.500009
vn -0.918236 -0.000000 -0.396034
vn -0.918236 0.000000 -0.396034
vn -0.957986 0.000000 -0.286813
vn -0.957986 0.000000 -0.286813
vn -0.984809 0.000000 -0.173643
vn -0.984809 0.000000 -0.173643
vn -0.998307 -0.000000 -0.058156
vn -0.998307 0.000000 -0.058156
vn -0.998307 0.000000 0.058156
vn -0.998307 0.000000 0.058156
vn -0.984809 0.000000 0.173643
vn -0.984809 0.000000 0.173643
vn -0.957986 0.000000 0.286813
vn -0.957986 0.000000 0.286813
vn -0.918236 0.000000 0.396034
vn -0.918236 0.000000 0.396034
vn -0.866020 0.000000 0.500009
vn -0.866020 0.000000 0.500009
vn -0.802099 0.000000 0.597191
vn -0.802099 0.000000 0.597191
vn -0.727370 0.000000 0.686246
vn -0.727370 0.000000 0.686246
vn -0.642816 0.000000 0.766021
vn -0.549518 0.000000 0.835482
vn -0.642816 0.000000 0.766021
vn -0.549518 0.000000 0.835482
vn -0.448756 0.000000 0.893654
vn -0.448756 0.000000 0.893654
vn -0.342097 0.000000 0.939665
vn -0.342097 0.000000 0.939665
vn -0.230519 0.000000 0.973068
vn -0.116098 0.000000 0.993238
vn -0.230519 0.000000 0.973068
vn -0.116098 0.000000 0.993238
vn -0.000000 0.000000 1.000000
vn 0.000000 0.000000 1.000000
vn 0.116098 0.000000 0.993238
vn 0.230519 0.000000 0.973068
vn 0.116098 -0.000000 0.993238
vn 0.230519 0.000000 0.973068
vn 0.342097 0.000000 0.939665
vn 0.342097 -0.000000 0.939665
vn 0.448756 0.000000 0.893654
vn 0.448756 -0.000000 0.893654
vn 0.549518 0.000000 0.835482
vn 0.642816 0.000000 0.766021
vn 0.549518 -0.000000 0.835482
vn 0.642816 0.000000 0.766021
vn 0.727370 0.000000 0.686246
vn 0.727370 0.000000 0.686246
vn 0.802099 -0.000000 0.597191
vn 0.802099 0.000000 0.597191
vn 0.866020 0.000000 0.500009
vn 0.866020 0.000000 0.500009
vn 0.918236 0.000000 0.396034
vn 0.918236 0.000000 0.396034
vn 0.957986 -0.000000 0.286813
vn 0.957986 0.000000 0.286813
vn 0.984809 -0.000000 0.173643
vn 0.984809 0.000000 0.173643
vn 0.998307 0.000000 0.058156
vn 0.998307 0.000000 0.058156
vn 0.000000 -1.000000 -0.000000
vn 0.000000 -1.000000 0.000000
vn 0.000000 -1.000000 0.000000
vn 0.000000 -1.000000 -0.000000
vn 0.000000 -1.000000 -0.000000
vn 0.000000 -1.000000 0.000000
vn 0.000000 -1.000000 0.000000
vn 0.000000 -1.000000 0.000000
vn 0.000000 -1.000000 0.000000
vn 0.000000 -1.000000 0.000000
vn 0.000000 -1.000000 0.000000
vn 0.000000 -1.000000 0.000000
vn 0.000000 -1.000000 0.000000
vn 0.000000 -1.000000 0.000000
vn 0.000000 -1.000000 0.000000
vn 0.000000 -1.000000 0.000000
vn 0.000000 -1.000000 0.000000
vn 0.000000 -1.000000 0.000000
vn 0.000000 -1.000000 0.000000
vn 0.000000 -1.000000 0.000000
vn 0.000000 -1.000000 0.000000
vn 0.000000 -1.000000 0.000000
vn 0.000000 -1.000000 0.000000
vn 0.000000 -1.000000 0.000000
vn 0.000000 -1.000000 0.000000
vn 0.000000 -1.000000 0.000000
vn 0.000000 -1.000000 0.000000
vn 0.000000 -1.000000 0.000000
vn 0.000000 -1.000000 0.000000
vn 0.000000 -1.000000 0.000000
vn 0.000000 -1.000000 0.000000
vn 0.000000 -1.000000 0.000000
vn 0.000000 -1.000000 0.000000
vn 0.000000 -1.000000 0.000000
vn 0.000000 -1.000000 0.000000
vn 0.000000 -1.000000 0.000000
vn 0.000000 -1.000000 0.000000
vn 0.000000 -1.000000 0.000000
vn -0.000000 -1.000000 0.000000
vn -0.000000 -1.000000 0.000000
vn 0.000000 -1.000000 0.000000
vn 0.000000 -1.000000 0.000000
vn 0.000000 -1.000000 0.000000
vn -0.000000 -1.000000 0.000000
vn 0.000000 -1.000000 0.000000
vn 0.000000 -1.000000 -0.000000
vn 0.000000 -1.000000 0.000000
vn 0.000000 -1.000000 0.000000
vn -0.000000 -1.000000 0.000000
vn 0.000000 -1.000000 -0.000000
vn 0.000000 -1.000000 0.000000
vn 0.000000 -1.000000 0.000000
vn 0.000000 1.000000 0.000000
vn 0.000000 1.000000 0.000000
vn 0.000000 1.000000 0.000000
vn 0.000000 1.000000 0.000000
vn 0.000000 1.000000 0.000000
vn 0.000000 1.000000 0.000000
vn 0.000000 1.000000 -0.000000
vn 0.000000 1.000000 0.000000
vn 0.000000 1.000000 0.000000
vn 0.000000 1.000000 0.000000
vn 0.000000 1.000000 0.000000
vn 0.000000 1.000000 0.000000
vn 0.000000 1.000000 -0.000000
vn 0.000000 1.000000 0.000000
vn 0.000000 1.000000 0.000000
vn 0.000000 1.000000 0.000000
vn 0.000000 1.000000 0.000000
vn 0.000000 1.000000 -0.000000
vn 0.000000 1.000000 0.000000
vn 0.000000 1.000000 0.000000
vn 0.000000 1.000000 0.000000
vn 0.000000 1.000000 0.000000
vn 0.000000 1.000000 0.000000
vn 0.000000 1.000000 0.000000
vn 0.000000 1.000000 0.000000
vn 0.000000 1.000000 0.000000
vn 0.000000 1.000000 0.000000
vn 0.000000 1.000000 0.000000
vn 0.000000 1.000000 0.000000
vn 0.000000 1.000000 0.000000
vn 0.000000 1.000000 0.000000
vn 0.000000 1.000000 0.000000
vn 0.000000 1.000000 -0.000000
vn 0.000000 1.000000 0.000000
vn 0.000000 1.000000 -0.000000
vn 0.000000 1.000000 0.000000
vn 0.000000 1.000000 0.000000
vn 0.000000 1.000000 0.000000
vn 0.000000 1.000000 0.000000
vn 0.000000 1.000000 0.000000
vn 0.000000 1.000000 0.000000
vn 0.000000 1.000000 -0.000000
vn 0.000000 1.000000 0.000000
vn 0.000000 1.000000 0.000000
vn 0.000000 1.000000 0.000000
vn 0.000000 1.000000 0.000000
vn 0.000000 1.000000 0.000000
vn 0.000000 1.000000 0.000000
vn 0.000000 1.000000 0.000000
vn 0.000000 1.000000 0.000000
vn 0.000000 1.000000 -0.000000
vn 0.000000 1.000000 0.000000
vn 0.998308 0.000000 -0.058142
vn 0.998308 0.000000 -0.058142
vn 0.984807 0.000000 -0.173653
vn 0.984807 0.000000 -0.173653
vn 0.957989 0.000000 -0.286805
vn 0.918217 0.000000 -0.396078
vn 0.957989 0.000000 -0.286805
vn 0.918217 0.000000 -0.396078
vn 0.866023 0.000000 -0.500003
vn 0.866023 0.000000 -0.500003
vn 0.802136 0.000000 -0.597141
vn 0.727361 0.000000 -0.686255
vn 0.802136 0.000000 -0.597141
vn 0.727361 0.000000 -0.686255
vn 0.642807 0.000000 -0.766029
vn 0.549481 0.000000 -0.835506
vn 0.642807 0.000000 -0.766029
vn 0.549481 0.000000 -0.835506
vn 0.448797 0.000000 -0.893634
vn 0.448797 0.000000 -0.893634
vn 0.342019 0.000000 -0.939693
vn 0.342019 0.000000 -0.939693
vn 0.230645 0.000000 -0.973038
vn 0.230645 0.000000 -0.973038
vn 0.116135 0.000000 -0.993233
vn -0.000000 -0.000000 -1.000000
vn 0.116135 0.000000 -0.993233
vn 0.000000 0.000000 -1.000000
vn -0.116135 0.000000 -0.993233
vn -0.230645 -0.000000 -0.973038
vn -0.116135 0.000000 -0.993233
vn -0.342019 -0.000000 -0.939693
vn -0.230645 0.000000 -0.973038
vn -0.448797 -0.000000 -0.893634
vn -0.342019 0.000000 -0.939693
vn -0.448797 0.000000 -0.893634
vn -0.549481 0.000000 -0.835506
vn -0.549481 0.000000 -0.835506
vn -0.642807 0.000000 -0.766029
vn -0.727361 -0.000000 -0.686255
vn -0.642807 0.000000 -0.766029
vn -0.727361 0.000000 -0.686255
vn -0.802136 0.000000 -0.597141
vn -0.802136 0.000000 -0.597141
vn -0.866023 0.000000 -0.500003
vn -0.866023 0.000000 -0.500003
vn -0.918217 -0.000000 -0.396078
vn -0.918217 0.000000 -0.396078
vn -0.957989 -0.000000 -0.286805
vn -0.957989 0.000000 -0.286805
vn -0.984807 0.000000 -0.173653
vn -0.984807 0.000000 -0.173653
vn -0.998308 0.000000 -0.058142
vn -0.998308 0.000000 -0.058142
vn -0.998308 0.000000 0.058142
vn -0.998308 0.000000 0.058142
vn -0.984807 0.000000 0.173653
vn -0.984807 0.000000 0.173653
vn -0.957989 0.000000 0.286805
vn -0.918217 0.000000 0.396078
vn -0.957989 0.000000 0.286805
vn -0.918217 0.000000 0.396078
vn -0.866023 0.000000 0.500003
vn -0.866023 0.000000 0.500003
vn -0.802136 0.000000 0.597141
vn -0.727361 0.000000 0.686255
vn -0.802136 0.000000 0.597141
vn -0.727361 0.000000 0.686255
vn -0.642807 0.000000 0.766029
vn -0.549481 0.000000 0.835506
vn -0.642807 0.000000 0.766029
vn -0.549481 0.000000 0.835506
vn -0.448797 0.000000 0.893634
vn -0.448797 0.000000 0.893634
vn -0.342019 0.000000 0.939693
vn -0.342019 0.000000 0.939693
vn -0.230645 0.000000 0.973038
vn -0.230645 0.000000 0.973038
vn -0.116135 0.000000 0.993233
vn -0.116135 0.000000 0.993233
vn -0.000000 0.000000 1.000000
vn 0.116135 0.000000 0.993233
vn 0.000000 0.000000 1.000000
vn 0.116135 0.000000 0.993233
vn 0.230645 0.000000 0.973038
vn 0.230645 -0.000000 0.973038
vn 0.342019 0.000000 0.939693
vn 0.342019 -0.000000 0.939693
vn 0.448797 0.000000 0.893634
vn 0.448797 -0.000000 0.893634
vn 0.549481 0.000000 0.835506
vn 0.549481 -0.000000 0.835506
vn 0.642807 -0.000000 0.766029
vn 0.642807 0.000000 0.766029
vn 0.727361 -0.000000 0.686255
vn 0.727361 0.000000 0.686255
vn 0.802136 -0.000000 0.597141
vn 0.802136 0.000000 0.597141
vn 0.866023 -0.000000 0.500003
vn 0.866023 0.000000 0.500003
vn 0.918217 -0.000000 0.396078
vn 0.918217 0.000000 0.396078
vn 0.957989 -0.000000 0.286805
vn 0.957989 0.000000 0.286805
vn 0.984807 -0.000000 0.173653
vn 0.984807 0.000000 0.173653
vn 0.998308 0.000000 0.058142
vn 0.998308 0.000000 0.058142
vn 0.000000 -1.000000 0.000000
vn 0.000000 -1.000000 -0.000000
vn 0.000000 -1.000000 0.000000
vn 0.000000 -1.000000 0.000000
vn 0.000000 -1.000000 0.000000
vn 0.000000 -1.000000 0.000000
vn 0.000000 -1.000000 0.000000
vn 0.000000 -1.000000 0.000000
vn 0.000000 -1.000000 0.000000
vn 0.000000 -1.000000 0.000000
vn 0.000000 -1.000000 0.000000
vn 0.000000 -1.000000 0.000000
vn 0.000000 -1.000000 0.000000
vn 0.000000 -1.000000 0.000000
vn 0.000000 -1.000000 0.000000
vn 0.000000 -1.000000 0.000000
vn 0.000000 -1.000000 0.000000
vn 0.000000 -1.000000 0.000000
vn 0.000000 -1.000000 0.000000
vn 0.000000 -1.000000 0.000000
vn 0.000000 -1.000000 0.000000
vn 0.000000 -1.000000 0.000000
vn 0.000000 -1.000000 0.000000
vn 0.000000 -1.000000 0.000000
vn 0.000000 -1.000000 0.000000
vn 0.000000 -1.000000 0.000000
vn 0.000000 -1.000000 0.000000
vn 0.000000 -1.000000 0.000000
vn 0.000000 -1.000000 0.000000
vn 0.000000 -1.000000 0.000000
vn 0.000000 -1.000000 0.000000
vn 0.000000 -1.000000 0.000000
vn 0.000000 -1.000000 0.000000
vn 0.000000 -1.000000 0.000000
vn 0.000000 -1.000000 0.000000
vn 0.000000 -1.000000 0.000000
vn 0.000000 -1.000000 0.000000
vn 0.000000 -1.000000 0.000000
vn -0.000000 -1.000000 0.000000
vn 0.000000 -1.000000 0.000000
vn -0.000000 -1.000000 0.000000
vn 0.000000 -1.000000 0.000000
vn -0.000000 -1.000000 0.000000
vn 0.000000 -1.000000 0.000000
vn 0.000000 -1.000000 0.000000
vn 0.000000 -1.000000 0.000000
vn 0.000000 -1.000000 0.000000
vn 0.000000 -1.000000 0.000000
vn 0.000000 -1.000000 0.000000
vn 0.000000 -1.000000 0.000000
vn 0.000000 -1.000000 0.000000
vn 0.000000 -1.000000 0.000000
vn 0.000000 1.000000 0.000000
vn 0.000000 1.000000 0.000000
vn 0.000000 1.000000 0.000000
vn 0.000000 1.000000 0.000000
vn 0.000000 1.000000 0.000000
vn 0.000000 1.000000 0.000000
vn 0.000000 1.000000 0.000000
vn 0.000000 1.000000 0.000000
vn 0.000000 1.000000 0.000000
vn 0.000000 1.000000 0.000000
vn 0.000000 1.000000 0.000000
vn 0.000000 1.000000 0.000000
vn 0.000000 1.000000 0.000000
vn 0.000000 1.000000 0.000000
vn 0.000000 1.000000 0.000000
vn 0.000000 1.000000 0.000000
vn 0.000000 1.000000 0.000000
vn 0.000000 1.000000 0.000000
vn 0.000000 1.000000 0.000000
vn 0.000000 1.000000 0.000000
vn 0.000000 1.000000 0.000000
vn 0.000000 1.000000 0.000000
vn 0.000000 1.000000 0.000000
vn 0.000000 1.000000 0.000000
vn 0.000000 1.000000 0.000000
vn 0.000000 1.000000 0.000000
vn 0.000000 1.000000 0.000000
vn 0.000000 1.000000 0.000000
vn 0.000000 1.000000 0.000000
vn 0.000000 1.000000 0.000000
vn 0.000000 1.000000 0.000000
vn 0.000000 1.000000 -0.000000
vn 0.000000 1.000000 0.000000
vn 0.000000 1.000000 0.000000
vn 0.000000 1.000000 0.000000
vn 0.000000 1.000000 -0.000000
vn 0.000000 1.000000 0.000000
vn 0.000000 1.000000 -0.000000
vn 0.000000 1.000000 0.000000
vn 0.000000 1.000000 0.000000
vn 0.000000 1.000000 0.000000
vn 0.000000 1.000000 0.000000
vn 0.000000 1.000000 0.000000
vn 0.000000 1.000000 0.000000
vn 0.000000 1.000000 -0.000000
vn 0.000000 1.000000 0.000000
vn 0.000000 1.000000 0.000000
vn 0.000000 1.000000 0.000000
vn 0.000000 1.000000 -0.000000
vn 0.000000 1.000000 0.000000
vn 0.000000 1.000000 0.000000
vn 0.000000 1.000000 0.000000
vn -1.000000 0.000000 0.000000
vn -1.000000 0.000000 0.000000
vn 1.000000 0.000000 0.000000
vn 1.000000 -0.000000 0.000000
vn 0.000000 -1.000000 0.000000
vn 0.000000 -1.000000 0.000000
vn 0.000000 1.000000 0.000000
vn 0.000000 1.000000 0.000000
vn 0.000000 0.000000 -1.000000
vn 0.000000 0.000000 -1.000000
vn 0.000000 0.000000 1.000000
vn 0.000000 0.000000 1.000000
vn -1.000000 0.000000 0.000000
vn -1.000000 0.000000 0.000000
vn 1.000000 0.000000 0.000000
vn 1.000000 -0.000000 0.000000
vn 0.000000 -1.000000 0.000000
vn 0.000000 -1.000000 0.000000
vn 0.000000 1.000000 0.000000
vn 0.000000 1.000000 0.000000
vn 0.000000 0.000000 -1.000000
vn 0.000000 0.000000 -1.000000
vn 0.000000 0.000000 1.000000
vn 0.000000 0.000000 1.000000
vn -1.000000 0.000000 0.000000
vn 1.000000 0.000000 0.000000
vn 0.000000 -1.000000 0.000000
vn 0.000000 1.000000 0.000000
vn 0.000000 0.000000 -1.000000
vn 0.000000 0.000000 -1.000000
vn -1.000000 0.000000 0.000000
vn 1.000000 -0.000000 0.000000
vn 0.000000 -1.000000 0.000000
vn 0.000000 1.000000 0.000000
vn 0.000000 0.000000 1.000000
vn 0.000000 0.000000 1.000000
vn -1.000000 0.000000 0.000000
vn -1.000000 0.000000 0.000000
vn 1.000000 0.000000 0.000000
vn 1.000000 -0.000000 0.000000
vn 0.000000 -1.000000 0.000000
vn 0.000000 -1.000000 0.000000
vn 0.000000 1.000000 0.000000
vn 0.000000 1.000000 0.000000
vn 0.000000 0.000000 -1.000000
vn 0.000000 0.000000 -1.000000
vn 0.000000 0.000000 1.000000
vn 0.000000 0.000000 1.000000
vn -1.000000 0.000000 0.000000
vn -1.000000 0.000000 0.000000
vn 1.000000 0.000000 0.000000
vn 1.000000 -0.000000 0.000000
vn 0.000000 -1.000000 0.000000
vn 0.000000 -1.000000 0.000000
vn 0.000000 1.000000 0.000000
vn 0.000000 1.000000 0.000000
vn 0.000000 0.000000 -1.000000
vn 0.000000 0.000000 -1.000000
vn 0.000000 0.000000 1.000000
vn 0.000000 0.000000 1.000000
vn -1.000000 0.000000 0.000000
vn 1.000000 0.000000 0.000000
vn 0.000000 -1.000000 0.000000
vn 0.000000 1.000000 0.000000
vn 0.000000 0.000000 -1.000000
vn 0.000000 0.000000 -1.000000
vn -1.000000 0.000000 0.000000
vn 1.000000 -0.000000 0.000000
vn 0.000000 -1.000000 0.000000
vn 0.000000 1.000000 0.000000
vn 0.000000 0.000000 1.000000
vn 0.000000 0.000000 1.000000
vn -1.000000 0.000000 0.000000
vn -1.000000 0.000000 0.000000
vn 1.000000 0.000000 0.000000
vn 1.000000 -0.000000 0.000000
vn 0.000000 -1.000000 0.000000
vn 0.000000 -1.000000 0.000000
vn 0.000000 1.000000 0.000000
vn 0.000000 1.000000 0.000000
vn 0.000000 0.000000 -1.000000
vn 0.000000 0.000000 -1.000000
vn 0.000000 0.000000 1.000000
vn 0.000000 0.000000 1.000000
vn -1.000000 0.000000 0.000000
vn -1.000000 0.000000 0.000000
vn 1.000000 0.000000 0.000000
vn 1.000000 -0.000000 0.000000
vn 0.000000 -1.000000 0.000000
vn 0.000000 -1.000000 0.000000
vn 0.000000 1.000000 0.000000
vn 0.000000 1.000000 0.000000
vn 0.000000 0.000000 -1.000000
vn 0.000000 0.000000 -1.000000
vn 0.000000 0.000000 1.000000
vn 0.000000 0.000000 1.000000
vn -1.000000 0.000000 0.000000
vn 1.000000 0.000000 0.000000
vn 0.000000 -1.000000 0.000000
vn 0.000000 1.000000 0.000000
vn 0.000000 0.000000 -1.000000
vn 0.000000 0.000000 -1.000000
vn -1.000000 0.000000 0.000000
vn 1.000000 -0.000000 0.000000
vn 0.000000 -1.000000 0.000000
vn 0.000000 1.000000 0.000000
vn 0.000000 0.000000 1.000000
vn 0.000000 0.000000 1.000000
vn -1.000000 0.000000 0.000000
vn -1.000000 0.000000 0.000000
vn 1.000000 0.000000 0.000000
vn 1.000000 -0.000000 0.000000
vn 0.000000 -1.000000 0.000000
vn 0.000000 -1.000000 0.000000
vn 0.000000 1.000000 0.000000
vn 0.000000 1.000000 0.000000
vn 0.000000 0.000000 -1.000000
vn 0.000000 0.000000 -1.000000
vn 0.000000 0.000000 1.000000
vn 0.000000 0.000000 1.000000
vn -1.000000 0.000000 0.000000
vn -1.000000 0.000000 0.000000
vn 1.000000 0.000000 0.000000
vn 1.000000 -0.000000 0.000000
vn 0.000000 -1.000000 0.000000
vn 0.000000 -1.000000 0.000000
vn 0.000000 1.000000 0.000000
vn 0.000000 1.000000 0.000000
vn 0.000000 0.000000 -1.000000
vn 0.000000 0.000000 -1.000000
vn 0.000000 0.000000 1.000000
vn 0.000000 0.000000 1.000000
vn -1.000000 0.000000 0.000000
vn 1.000000 0.000000 0.000000
vn 0.000000 -1.000000 0.000000
vn 0.000000 1.000000 0.000000
vn 0.000000 0.000000 -1.000000
vn 0.000000 0.000000 -1.000000
vn -1.000000 0.000000 0.000000
vn 1.000000 -0.000000 0.000000
vn 0.000000 -1.000000 0.000000
vn 0.000000 1.000000 0.000000
vn 0.000000 0.000000 1.000000
vn 0.000000 0.000000 1.000000
vn -1.000000 0.000000 0.000000
vn -1.000000 0.000000 0.000000
vn 1.000000 0.000000 0.000000
vn 1.000000 -0.000000 0.000000
vn 0.000000 -1.000000 0.000000
vn 0.000000 -1.000000 0.000000
vn 0.000000 1.000000 0.000000
vn 0.000000 1.000000 0.000000
vn 0.000000 0.000000 -1.000000
vn 0.000000 0.000000 -1.000000
vn 0.000000 0.000000 1.000000
vn 0.000000 0.000000 1.000000
vn -1.000000 0.000000 0.000000
vn -1.000000 0.000000 0.000000
vn 1.000000 0.000000 0.000000
vn 1.000000 -0.000000 0.000000
vn 0.000000 -1.000000 0.000000
vn 0.000000 -1.000000 0.000000
vn 0.000000 1.000000 0.000000
vn 0.000000 1.000000 0.000000
vn 0.000000 0.000000 -1.000000
vn 0.000000 0.000000 -1.000000
vn 0.000000 0.000000 1.000000
vn 0.000000 0.000000 1.000000
vn -1.000000 0.000000 0.000000
vn 1.000000 0.000000 0.000000
vn 0.000000 -1.000000 0.000000
vn 0.000000 1.000000 0.000000
vn 0.000000 0.000000 -1.000000
vn 0.000000 0.000000 -1.000000
vn -1.000000 0.000000 0.000000
vn 1.000000 -0.000000 0.000000
vn 0.000000 -1.000000 0.000000
vn 0.000000 1.000000 0.000000
vn 0.000000 0.000000 1.000000
vn 0.000000 0.000000 1.000000
vn -1.000000 0.000000 0.000000
vn -1.000000 0.000000 0.000000
vn 1.000000 0.000000 0.000000
vn 1.000000 -0.000000 0.000000
vn 0.000000 -1.000000 0.000000
vn 0.000000 -1.000000 0.000000
vn 0.000000 1.000000 0.000000
vn 0.000000 1.000000 0.000000
vn 0.000000 0.000000 -1.000000
vn 0.000000 0.000000 -1.000000
vn 0.000000 0.000000 1.000000
vn 0.000000 0.000000 1.000000
vn -1.000000 0.000000 0.000000
vn -1.000000 0.000000 0.000000
vn 1.000000 0.000000 0.000000
vn 1.000000 -0.000000 0.000000
vn 0.000000 -1.000000 0.000000
vn 0.000000 -1.000000 0.000000
vn 0.000000 1.000000 0.000000
vn 0.000000 1.000000 0.000000
vn 0.000000 0.000000 -1.000000
vn 0.000000 0.000000 -1.000000
vn 0.000000 0.000000 1.000000
vn 0.000000 0.000000 1.000000
vn -1.000000 0.000000 0.000000
vn 1.000000 0.000000 0.000000
vn 0.000000 -1.000000 0.000000
vn 0.000000 1.000000 0.000000
vn 0.000000 0.000000 -1.000000
vn 0.000000 0.000000 -1.000000
vn -1.000000 0.000000 0.000000
vn 1.000000 -0.000000 0.000000
vn 0.000000 -1.000000 0.000000
vn 0.000000 1.000000 0.000000
vn 0.000000 0.000000 1.000000
vn 0.000000 0.000000 1.000000
vn -1.000000 0.000000 0.000000
vn -1.000000 0.000000 0.000000
vn 1.000000 0.000000 0.000000
vn 1.000000 -0.000000 0.000000
vn 0.000000 -1.000000 0.000000
vn 0.000000 -1.000000 0.000000
vn 0.000000 1.000000 0.000000
vn 0.000000 1.000000 0.000000
vn 0.000000 0.000000 -1.000000
vn 0.000000 0.000000 -1.000000
vn 0.000000 0.000000 1.000000
vn 0.000000 0.000000 1.000000
vn -1.000000 0.000000 0.000000
vn -1.000000 0.000000 0.000000
vn 1.000000 0.000000 0.000000
vn 1.000000 -0.000000 0.000000
vn 0.000000 -1.000000 0.000000
vn 0.000000 -1.000000 0.000000
vn 0.000000 1.000000 0.000000
vn 0.000000 1.000000 0.000000
vn 0.000000 0.000000 -1.000000
vn 0.000000 0.000000 -1.000000
vn 0.000000 0.000000 1.000000
vn 0.000000 0.000000 1.000000
vn -1.000000 0.000000 0.000000
vn -1.000000 0.000000 0.000000
vn 1.000000 0.000000 0.000000
vn 1.000000 -0.000000 0.000000
vn 0.000000 -1.000000 0.000000
vn 0.000000 -1.000000 0.000000
vn 0.000000 1.000000 0.000000
vn 0.000000 1.000000 0.000000
vn 0.000000 0.000000 -1.000000
vn 0.000000 0.000000 -1.000000
vn 0.000000 0.000000 1.000000
vn 0.000000 0.000000 1.000000
vn -1.000000 0.000000 0.000000
vn -1.000000 0.000000 0.000000
vn 1.000000 0.000000 0.000000
vn 1.000000 -0.000000 0.000000
vn 0.000000 -1.000000 0.000000
vn 0.000000 -1.000000 0.000000
vn 0.000000 1.000000 0.000000
vn 0.000000 1.000000 0.000000
vn 0.000000 0.000000 -1.000000
vn 0.000000 0.000000 -1.000000
vn 0.000000 0.000000 1.000000
vn 0.000000 0.000000 1.000000
vn -1.000000 0.000000 0.000000
vn -1.000000 0.000000 0.000000
vn 1.000000 0.000000 0.000000
vn 1.000000 -0.000000 0.000000
vn 0.000000 -1.000000 0.000000
vn 0.000000 -1.000000 0.000000
vn 0.000000 1.000000 0.000000
vn 0.000000 1.000000 0.000000
vn 0.000000 0.000000 -1.000000
vn 0.000000 0.000000 -1.000000
vn 0.000000 0.000000 1.000000
vn 0.000000 0.000000 1.000000
vn -1.000000 0.000000 0.000000
vn -1.000000 0.000000 0.000000
vn 1.000000 0.000000 0.000000
vn 1.000000 -0.000000 0.000000
vn 0.000000 -1.000000 0.000000
vn 0.000000 -1.000000 0.000000
vn 0.000000 1.000000 0.000000
vn 0.000000 1.000000 0.000000
vn 0.000000 0.000000 -1.000000
vn 0.000000 0.000000 -1.000000
vn 0.000000 0.000000 1.000000
vn 0.000000 0.000000 1.000000
vn 0.000000 0.120535 -0.992709
vn 0.000000 0.120535 -0.992709
vn 0.000000 0.354601 -0.935018
vn 0.000000 0.568076 -0.822976
vn 0.000000 0.354601 -0.935018
vn 0.000000 0.568076 -0.822976
vn 0.000000 0.748510 -0.663124
vn 0.000000 0.748510 -0.663124
vn 0.000000 0.885456 -0.464723
vn 0.000000 0.885456 -0.464723
vn 0.000000 0.970941 -0.239317
vn 0.000000 1.000000 -0.000000
vn 0.000000 0.970941 -0.239317
vn 0.000000 1.000000 0.000000
vn 0.000000 0.970941 0.239317
vn 0.000000 0.885456 0.464723
vn -0.000000 0.970941 0.239317
vn 0.000000 0.885456 0.464723
vn 0.000000 0.748510 0.663124
vn 0.000000 0.568076 0.822976
vn -0.000000 0.748510 0.663124
vn 0.000000 0.568076 0.822976
vn -0.000000 0.354601 0.935018
vn 0.000000 0.354601 0.935018
vn -0.000000 0.120535 0.992709
vn 0.000000 0.120535 0.992709
vn 0.000000 -0.120535 0.992709
vn 0.000000 -0.120535 0.992709
vn 0.000000 -0.354601 0.935018
vn 0.000000 -0.354601 0.935018
vn 0.000000 -0.568076 0.822976
vn 0.000000 -0.568076 0.822976
vn 0.000000 -0.748510 0.663124
vn 0.000000 -0.748510 0.663124
vn 0.000000 -0.885456 0.464723
vn 0.000000 -0.885456 0.464723
vn 0.000000 -0.970941 0.239317
vn 0.000000 -0.970941 0.239317
vn 0.000000 -1.000000 -0.000000
vn 0.000000 -1.000000 0.000000
vn 0.000000 -0.970941 -0.239317
vn -0.000000 -0.885456 -0.464723
vn 0.000000 -0.970941 -0.239317
vn 0.000000 -0.885456 -0.464723
vn 0.000000 -0.748510 -0.663124
vn 0.000000 -0.748510 -0.663124
vn 0.000000 -0.568076 -0.822976
vn 0.000000 -0.568076 -0.822976
vn 0.000000 -0.354601 -0.935018
vn -0.000000 -0.120535 -0.992709
vn 0.000000 -0.354601 -0.935018
vn 0.000000 -0.120535 -0.992709
vn -1.000000 0.000000 0.000000
vn -1.000000 0.000000 -0.000000
vn -1.000000 0.000000 -0.000000
vn -1.000000 0.000000 0.000000
vn -1.000000 0.000000 -0.000000
vn -1.000000 0.000000 -0.000000
vn -1.000000 0.000000 -0.000000
vn -1.000000 0.000000 0.000000
vn -1.000000 0.000000 0.000000
vn -1.000000 -0.000000 -0.000000
vn -1.000000 -0.000000 -0.000000
vn -1.000000 0.000000 0.000000
vn -1.000000 0.000000 0.000000
vn -1.000000 -0.000000 0.000000
vn -1.000000 -0.000000 0.000000
vn -1.000000 -0.000000 -0.000000
vn -1.000000 0.000000 -0.000000
vn -1.000000 0.000000 -0.000000
vn -1.000000 -0.000000 -0.000000
vn -1.000000 0.000000 0.000000
vn -1.000000 -0.000000 0.000000
vn -1.000000 -0.000000 0.000000
vn -1.000000 0.000000 0.000000
vn -1.000000 0.000000 0.000000
vn 1.000000 0.000000 0.000000
vn 1.000000 0.000000 0.000000
vn 1.000000 0.000000 0.000000
vn 1.000000 0.000000 0.000000
vn 1.000000 0.000000 0.000000
vn 1.000000 0.000000 0.000000
vn 1.000000 0.000000 0.000000
vn 1.000000 0.000000 0.000000
vn 1.000000 0.000000 0.000000
vn 1.000000 0.000000 0.000000
vn 1.000000 0.000000 0.000000
vn 1.000000 0.000000 0.000000
vn 1.000000 0.000000 0.000000
vn 1.000000 0.000000 0.000000
vn 1.000000 0.000000 0.000000
vn 1.000000 0.000000 0.000000
vn 1.000000 0.000000 0.000000
vn 1.000000 0.000000 0.000000
vn 1.000000 0.000000 -0.000000
vn 1.000000 0.000000 0.000000
vn 1.000000 0.000000 0.000000
vn 1.000000 0.000000 -0.000000
vn 1.000000 0.000000 0.000000
vn 1.000000 0.000000 0.000000
vn 0.997204 0.074732 -0.000000
vn 0.997204 0.074732 0.000000
vn 0.974926 0.222530 0.000000
vn 0.974926 0.222530 -0.000000
vn 0.930881 0.365322 -0.000000
vn 0.930881 0.365322 0.000000
vn 0.866017 0.500015 -0.000000
vn 0.866017 0.500015 0.000000
vn 0.781834 0.623487 0.000000
vn 0.680170 0.733054 0.000000
vn 0.781834 0.623487 -0.000000
vn 0.563340 0.826225 0.000000
vn 0.680170 0.733054 0.000000
vn 0.433865 0.900978 0.000000
vn 0.563340 0.826225 0.000000
vn 0.433865 0.900978 0.000000
vn 0.294770 0.955568 0.000000
vn 0.294770 0.955568 -0.000000
vn 0.149026 0.988833 0.000000
vn 0.149026 0.988833 -0.000000
vn 0.000000 1.000000 0.000000
vn 0.000000 1.000000 -0.000000
vn -0.149026 0.988833 0.000000
vn -0.294770 0.955568 0.000000
vn -0.149026 0.988833 0.000000
vn -0.294770 0.955568 0.000000
vn -0.433865 0.900978 0.000000
vn -0.433865 0.900978 0.000000
vn -0.563340 0.826225 0.000000
vn -0.680170 0.733054 0.000000
vn -0.563340 0.826225 0.000000
vn -0.680170 0.733054 0.000000
vn -0.781834 0.623487 0.000000
vn -0.866017 0.500015 0.000000
vn -0.781834 0.623487 0.000000
vn -0.930881 0.365322 0.000000
vn -0.866017 0.500015 0.000000
vn -0.930881 0.365322 0.000000
vn -0.974926 0.222530 0.000000
vn -0.974926 0.222530 0.000000
vn -0.997204 0.074732 0.000000
vn -0.997204 -0.074732 -0.000000
vn -0.997204 0.074732 0.000000
vn -0.997204 -0.074732 0.000000
vn -0.974926 -0.222530 0.000000
vn -0.930881 -0.365322 -0.000000
vn -0.974926 -0.222530 0.000000
vn -0.866017 -0.500015 -0.000000
vn -0.930881 -0.365322 0.000000
vn -0.866017 -0.500015 0.000000
vn -0.781834 -0.623487 0.000000
vn -0.680170 -0.733054 -0.000000
vn -0.781834 -0.623487 0.000000
vn -0.563340 -0.826225 -0.000000
vn -0.680170 -0.733054 0.000000
vn -0.563340 -0.826225 0.000000
vn -0.433865 -0.900978 0.000000
vn -0.433865 -0.900978 0.000000
vn -0.294770 -0.955568 0.000000
vn -0.294770 -0.955568 0.000000
vn -0.149026 -0.988833 0.000000
vn -0.149026 -0.988833 0.000000
vn 0.000000 -1.000000 0.000000
vn 0.000000 -1.000000 0.000000
vn 0.149026 -0.988833 0.000000
vn 0.149026 -0.988833 0.000000
vn 0.294770 -0.955568 0.000000
vn 0.294770 -0.955568 0.000000
vn 0.433865 -0.900978 0.000000
vn 0.433865 -0.900978 0.000000
vn 0.563340 -0.826225 0.000000
vn 0.563340 -0.826225 0.000000
vn 0.680170 -0.733054 0.000000
vn 0.680170 -0.733054 0.000000
vn 0.781834 -0.623487 0.000000
vn 0.781834 -0.623487 0.000000
vn 0.866017 -0.500015 0.000000
vn 0.930881 -0.365322 0.000000
vn 0.866017 -0.500015 0.000000
vn 0.930881 -0.365322 0.000000
vn 0.974926 -0.222530 0.000000
vn 0.997204 -0.074732 0.000000
vn 0.974926 -0.222530 0.000000
vn 0.997204 -0.074732 0.000000
vn 0.000000 0.000000 -1.000000
vn 0.000000 0.000000 -1.000000
vn 0.000000 -0.000000 -1.000000
vn 0.000000 -0.000000 -1.000000
vn 0.000000 0.000000 -1.000000
vn 0.000000 -0.000000 -1.000000
vn 0.000000 0.000000 -1.000000
vn 0.000000 0.000000 -1.000000
vn 0.000000 -0.000000 -1.000000
vn 0.000000 0.000000 -1.000000
vn 0.000000 -0.000000 -1.000000
vn 0.000000 0.000000 -1.000000
vn 0.000000 0.000000 -1.000000
vn 0.000000 0.000000 -1.000000
vn 0.000000 0.000000 -1.000000
vn 0.000000 0.000000 -1.000000
vn 0.000000 -0.000000 -1.000000
vn 0.000000 -0.000000 -1.000000
vn 0.000000 0.000000 -1.000000
vn 0.000000 -0.000000 -1.000000
vn 0.000000 0.000000 -1.000000
vn 0.000000 0.000000 -1.000000
vn 0.000000 0.000000 -1.000000
vn 0.000000 0.000000 -1.000000
vn -0.000000 -0.000000 -1.000000
vn 0.000000 0.000000 -1.000000
vn -0.000000 -0.000000 -1.000000
vn 0.000000 0.000000 -1.000000
vn 0.000000 0.000000 -1.000000
vn 0.000000 0.000000 -1.000000
vn 0.000000 -0.000000 -1.000000
vn 0.000000 0.000000 -1.000000
vn 0.000000 0.000000 -1.000000
vn 0.000000 -0.000000 -1.000000
vn 0.000000 0.000000 -1.000000
vn 0.000000 -0.000000 -1.000000
vn 0.000000 0.000000 -1.000000
vn 0.000000 0.000000 -1.000000
vn 0.000000 0.000000 -1.000000
vn 0.000000 0.000000 -1.000000
vn 0.000000 0.000000 1.000000
vn 0.000000 0.000000 1.000000
vn 0.000000 0.000000 1.000000
vn 0.000000 0.000000 1.000000
vn 0.000000 0.000000 1.000000
vn 0.000000 0.000000 1.000000
vn 0.000000 0.000000 1.000000
vn 0.000000 0.000000 1.000000
vn 0.000000 0.000000 1.000000
vn 0.000000 0.000000 1.000000
vn 0.000000 0.000000 1.000000
vn 0.000000 0.000000 1.000000
vn 0.000000 0.000000 1.000000
vn 0.000000 0.000000 1.000000
vn 0.000000 0.000000 1.000000
vn 0.000000 0.000000 1.000000
vn 0.000000 0.000000 1.000000
vn 0.000000 0.000000 1.000000
vn 0.000000 0.000000 1.000000
vn 0.000000 0.000000 1.000000
vn 0.000000 0.000000 1.000000
vn 0.000000 0.000000 1.000000
vn 0.000000 0.000000 1.000000
vn 0.000000 0.000000 1.000000
vn 0.000000 0.000000 1.000000
vn 0.000000 0.000000 1.000000
vn 0.000000 0.000000 1.000000
vn 0.000000 0.000000 1.000000
vn 0.000000 0.000000 1.000000
vn 0.000000 0.000000 1.000000
vn 0.000000 0.000000 1.000000
vn 0.000000 0.000000 1.000000
vn 0.000000 0.000000 1.000000
vn 0.000000 0.000000 1.000000
vn 0.000000 0.000000 1.000000
vn 0.000000 0.000000 1.000000
vn 0.000000 0.000000 1.000000
vn 0.000000 0.000000 1.000000
vn 0.000000 0.000000 1.000000
vn 0.000000 0.000000 1.000000
vn 0.997204 0.074732 -0.000000
vn 0.997204 0.074732 0.000000
vn 0.974933 0.222498 0.000000
vn 0.974933 0.222498 -0.000000
vn 0.930870 0.365351 -0.000000
vn 0.930870 0.365351 0.000000
vn 0.866031 0.499990 -0.000000
vn 0.866031 0.499990 0.000000
vn 0.781817 0.623507 0.000000
vn 0.680187 0.733038 0.000000
vn 0.781817 0.623507 -0.000000
vn 0.563324 0.826236 0.000000
vn 0.680187 0.733038 0.000000
vn 0.433851 0.900984 0.000000
vn 0.563324 0.826236 0.000000
vn 0.433851 0.900984 0.000000
vn 0.294789 0.955562 0.000000
vn 0.294789 0.955562 -0.000000
vn 0.149016 0.988835 0.000000
vn 0.149016 0.988835 -0.000000
vn 0.000000 1.000000 0.000000
vn 0.000000 1.000000 -0.000000
vn -0.149016 0.988835 0.000000
vn -0.294789 0.955562 0.000000
vn -0.149016 0.988835 0.000000
vn -0.294789 0.955562 0.000000
vn -0.433851 0.900984 0.000000
vn -0.433851 0.900984 0.000000
vn -0.563324 0.826236 0.000000
vn -0.680187 0.733038 0.000000
vn -0.563324 0.826236 0.000000
vn -0.680187 0.733038 0.000000
vn -0.781817 0.623507 0.000000
vn -0.866031 0.499990 0.000000
vn -0.781817 0.623507 0.000000
vn -0.930870 0.365351 0.000000
vn -0.866031 0.499990 0.000000
vn -0.930870 0.365351 0.000000
vn -0.974933 0.222498 0.000000
vn -0.974933 0.222498 0.000000
vn -0.997204 0.074732 0.000000
vn -0.997204 -0.074732 -0.000000
vn -0.997204 0.074732 0.000000
vn -0.997204 -0.074732 0.000000
vn -0.974933 -0.222498 0.000000
vn -0.930870 -0.365351 -0.000000
vn -0.974933 -0.222498 0.000000
vn -0.866031 -0.499990 -0.000000
vn -0.930870 -0.365351 0.000000
vn -0.866031 -0.499990 0.000000
vn -0.781817 -0.623507 0.000000
vn -0.680187 -0.733038 -0.000000
vn -0.781817 -0.623507 0.000000
vn -0.563324 -0.826236 -0.000000
vn -0.680187 -0.733038 0.000000
vn -0.563324 -0.826236 0.000000
vn -0.433851 -0.900984 0.000000
vn -0.433851 -0.900984 0.000000
vn -0.294789 -0.955562 0.000000
vn -0.294789 -0.955562 0.000000
vn -0.149016 -0.988835 0.000000
vn -0.149016 -0.988835 0.000000
vn 0.000000 -1.000000 0.000000
vn 0.000000 -1.000000 0.000000
vn 0.149016 -0.988835 0.000000
vn 0.149016 -0.988835 0.000000
vn 0.294789 -0.955562 0.000000
vn 0.294789 -0.955562 0.000000
vn 0.433851 -0.900984 0.000000
vn 0.433851 -0.900984 0.000000
vn 0.563324 -0.826236 0.000000
vn 0.563324 -0.826236 0.000000
vn 0.680187 -0.733038 0.000000
vn 0.680187 -0.733038 0.000000
vn 0.781817 -0.623507 0.000000
vn 0.781817 -0.623507 0.000000
vn 0.866031 -0.499990 0.000000
vn 0.930870 -0.365351 0.000000
vn 0.866031 -0.499990 0.000000
vn 0.930870 -0.365351 0.000000
vn 0.974933 -0.222498 0.000000
vn 0.997204 -0.074732 0.000000
vn 0.974933 -0.222498 0.000000
vn 0.997204 -0.074732 0.000000
vn 0.000000 0.000000 -1.000000
vn 0.000000 0.000000 -1.000000
vn 0.000000 -0.000000 -1.000000
vn 0.000000 -0.000000 -1.000000
vn 0.000000 0.000000 -1.000000
vn 0.000000 -0.000000 -1.000000
vn 0.000000 0.000000 -1.000000
vn 0.000000 0.000000 -1.000000
vn 0.000000 -0.000000 -1.000000
vn 0.000000 0.000000 -1.000000
vn 0.000000 -0.000000 -1.000000
vn 0.000000 0.000000 -1.000000
vn 0.000000 0.000000 -1.000000
vn 0.000000 0.000000 -1.000000
vn 0.000000 0.000000 -1.000000
vn 0.000000 0.000000 -1.000000
vn 0.000000 -0.000000 -1.000000
vn 0.000000 -0.000000 -1.000000
vn 0.000000 0.000000 -1.000000
vn 0.000000 -0.000000 -1.000000
vn 0.000000 0.000000 -1.000000
vn 0.000000 0.000000 -1.000000
vn 0.000000 0.000000 -1.000000
vn 0.000000 0.000000 -1.000000
vn -0.000000 -0.000000 -1.000000
vn 0.000000 0.000000 -1.000000
vn -0.000000 -0.000000 -1.000000
vn 0.000000 0.000000 -1.000000
vn 0.000000 0.000000 -1.000000
vn 0.000000 0.000000 -1.000000
vn 0.000000 -0.000000 -1.000000
vn 0.000000 0.000000 -1.000000
vn 0.000000 0.000000 -1.000000
vn 0.000000 -0.000000 -1.000000
vn 0.000000 0.000000 -1.000000
vn 0.000000 -0.000000 -1.000000
vn 0.000000 0.000000 -1.000000
vn 0.000000 0.000000 -1.000000
vn 0.000000 0.000000 -1.000000
vn 0.000000 0.000000 -1.000000
vn 0.000000 0.000000 1.000000
vn 0.000000 0.000000 1.000000
vn 0.000000 0.000000 1.000000
vn 0.000000 0.000000 1.000000
vn 0.000000 0.000000 1.000000
vn 0.000000 0.000000 1.000000
vn 0.000000 0.000000 1.000000
vn 0.000000 0.000000 1.000000
vn 0.000000 0.000000 1.000000
vn 0.000000 0.000000 1.000000
vn 0.000000 0.000000 1.000000
vn 0.000000 0.000000 1.000000
vn 0.000000 0.000000 1.000000
vn 0.000000 0.000000 1.000000
vn 0.000000 0.000000 1.000000
vn 0.000000 0.000000 1.000000
vn 0.000000 0.000000 1.000000
vn 0.000000 0.000000 1.000000
vn 0.000000 0.000000 1.000000
vn 0.000000 0.000000 1.000000
vn 0.000000 0.000000 1.000000
vn 0.000000 0.000000 1.000000
vn 0.000000 0.000000 1.000000
vn 0.000000 0.000000 1.000000
vn 0.000000 0.000000 1.000000
vn 0.000000 0.000000 1.000000
vn 0.000000 0.000000 1.000000
vn 0.000000 0.000000 1.000000
vn 0.000000 0.000000 1.000000
vn 0.000000 0.000000 1.000000
vn 0.000000 0.000000 1.000000
vn 0.000000 0.000000 1.000000
vn 0.000000 0.000000 1.000000
vn 0.000000 0.000000 1.000000
vn 0.000000 0.000000 1.000000
vn 0.000000 0.000000 1.000000
vn 0.000000 0.000000 1.000000
vn 0.000000 0.000000 1.000000
vn 0.000000 0.000000 1.000000
vn 0.000000 0.000000 1.000000
vn -1.000000 0.000000 0.000000
vn -1.000000 0.000000 0.000000
vn 1.000000 0.000000 0.000000
vn 1.000000 -0.000000 0.000000
vn 0.000000 -1.000000 0.000000
vn 0.000000 -1.000000 0.000000
vn 0.000000 1.000000 0.000000
vn 0.000000 1.000000 0.000000
vn 0.000000 0.000000 -1.000000
vn 0.000000 0.000000 -1.000000
vn 0.000000 0.000000 1.000000
vn 0.000000 0.000000 1.000000
vn 0.997066 0.000000 -0.076544
vn 0.997066 0.000000 -0.076544
vn 0.973695 0.000000 -0.227854
vn 0.973695 0.000000 -0.227854
vn 0.927504 0.000000 -0.373812
vn 0.927504 0.000000 -0.373812
vn 0.859565 0.000000 -0.511026
vn 0.859565 0.000000 -0.511026
vn 0.771495 0.000000 -0.636235
vn 0.771495 0.000000 -0.636235
vn 0.665318 0.000000 -0.746560
vn 0.665318 0.000000 -0.746560
vn 0.543578 0.000000 -0.839358
vn 0.543578 0.000000 -0.839358
vn 0.409061 0.000000 -0.912507
vn 0.264970 0.000000 -0.964257
vn 0.409061 0.000000 -0.912507
vn 0.264970 0.000000 -0.964257
vn 0.114701 0.000000 -0.993400
vn -0.038301 -0.000000 -0.999266
vn 0.114701 0.000000 -0.993400
vn -0.038301 0.000000 -0.999266
vn -0.190390 0.000000 -0.981708
vn -0.338039 -0.000000 -0.941132
vn -0.190390 0.000000 -0.981708
vn -0.338039 0.000000 -0.941132
vn -0.477715 0.000000 -0.878515
vn -0.477715 0.000000 -0.878515
vn -0.606233 0.000000 -0.795287
vn -0.606233 0.000000 -0.795287
vn -0.720511 0.000000 -0.693444
vn -0.720511 0.000000 -0.693444
vn -0.817936 0.000000 -0.575309
vn -0.896157 -0.000000 -0.443736
vn -0.817936 0.000000 -0.575309
vn -0.896157 0.000000 -0.443736
vn -0.953398 0.000000 -0.301715
vn -0.988281 -0.000000 -0.152649
vn -0.953398 0.000000 -0.301715
vn -1.000000 0.000000 0.000000
vn -0.988281 0.000000 -0.152649
vn -1.000000 0.000000 0.000000
vn -0.988281 0.000000 0.152649
vn -0.988281 0.000000 0.152649
vn -0.953398 0.000000 0.301715
vn -0.953398 0.000000 0.301715
vn -0.896157 0.000000 0.443736
vn -0.896157 0.000000 0.443736
vn -0.817936 0.000000 0.575309
vn -0.720511 0.000000 0.693444
vn -0.817936 0.000000 0.575309
vn -0.720511 0.000000 0.693444
vn -0.606233 0.000000 0.795287
vn -0.477715 0.000000 0.878515
vn -0.606233 0.000000 0.795287
vn -0.477715 0.000000 0.878515
vn -0.338039 0.000000 0.941132
vn -0.338039 0.000000 0.941132
vn -0.190390 0.000000 0.981708
vn -0.190390 0.000000 0.981708
vn -0.038301 0.000000 0.999266
vn -0.038301 0.000000 0.999266
vn 0.114701 0.000000 0.993400
vn 0.114701 0.000000 0.993400
vn 0.264970 -0.000000 0.964257
vn 0.264970 0.000000 0.964257
vn 0.409061 0.000000 0.912507
vn 0.409061 0.000000 0.912507
vn 0.543578 -0.000000 0.839358
vn 0.543578 0.000000 0.839358
vn 0.665318 -0.000000 0.746560
vn 0.665318 0.000000 0.746560
vn 0.771495 -0.000000 0.636235
vn 0.771495 0.000000 0.636235
vn 0.859565 0.000000 0.511026
vn 0.859565 0.000000 0.511026
vn 0.927504 0.000000 0.373812
vn 0.973695 0.000000 0.227854
vn 0.927504 -0.000000 0.373812
vn 0.973695 0.000000 0.227854
vn 0.997066 0.000000 0.076544
vn 0.997066 -0.000000 0.076544
vn 0.000000 -1.000000 0.000000
vn 0.000000 -1.000000 0.000000
vn 0.000000 -1.000000 0.000000
vn 0.000000 -1.000000 -0.000000
vn 0.000000 -1.000000 0.000000
vn 0.000000 -1.000000 0.000000
vn 0.000000 -1.000000 0.000000
vn 0.000000 -1.000000 0.000000
vn 0.000000 -1.000000 0.000000
vn 0.000000 -1.000000 0.000000
vn 0.000000 -1.000000 0.000000
vn 0.000000 -1.000000 0.000000
vn 0.000000 -1.000000 0.000000
vn 0.000000 -1.000000 0.000000
vn 0.000000 -1.000000 0.000000
vn 0.000000 -1.000000 0.000000
vn 0.000000 -1.000000 0.000000
vn 0.000000 -1.000000 0.000000
vn 0.000000 -1.000000 0.000000
vn 0.000000 -1.000000 0.000000
vn 0.000000 -1.000000 0.000000
vn 0.000000 -1.000000 0.000000
vn 0.000000 -1.000000 0.000000
vn 0.000000 -1.000000 0.000000
vn 0.000000 -1.000000 0.000000
vn 0.000000 -1.000000 0.000000
vn 0.000000 -1.000000 -0.000000
vn 0.000000 -1.000000 0.000000
vn 0.000000 -1.000000 0.000000
vn 0.000000 -1.000000 -0.000000
vn 0.000000 -1.000000 -0.000000
vn 0.000000 -1.000000 0.000000
vn 0.000000 -1.000000 0.000000
vn 0.000000 -1.000000 -0.000000
vn 0.000000 -1.000000 0.000000
vn 0.000000 -1.000000 0.000000
vn -0.000000 -1.000000 0.000000
vn 0.000000 -1.000000 0.000000
vn 0.000000 -1.000000 0.000000
vn 0.000000 1.000000 0.000000
vn 0.000000 1.000000 0.000000
vn 0.000000 1.000000 0.000000
vn 0.000000 1.000000 0.000000
vn 0.000000 1.000000 0.000000
vn 0.000000 1.000000 0.000000
vn 0.000000 1.000000 0.000000
vn 0.000000 1.000000 0.000000
vn 0.000000 1.000000 0.000000
vn 0.000000 1.000000 0.000000
vn 0.000000 1.000000 0.000000
vn 0.000000 1.000000 0.000000
vn 0.000000 1.000000 0.000000
vn 0.000000 1.000000 0.000000
vn 0.000000 1.000000 0.000000
vn 0.000000 1.000000 0.000000
vn 0.000000 1.000000 0.000000
vn 0.000000 1.000000 0.000000
vn 0.000000 1.000000 0.000000
vn 0.000000 1.000000 0.000000
vn 0.000000 1.000000 0.000000
vn 0.000000 1.000000 0.000000
vn 0.000000 1.000000 -0.000000
vn 0.000000 1.000000 0.000000
vn 0.000000 1.000000 0.000000
vn 0.000000 1.000000 -0.000000
vn 0.000000 1.000000 0.000000
vn 0.000000 1.000000 0.000000
vn 0.000000 1.000000 0.000000
vn 0.000000 1.000000 0.000000
vn 0.000000 1.000000 0.000000
vn 0.000000 1.000000 -0.000000
vn 0.000000 1.000000 0.000000
vn 0.000000 1.000000 0.000000
vn 0.000000 1.000000 -0.000000
vn 0.000000 1.000000 0.000000
vn 0.000000 1.000000 0.000000
vn 0.000000 1.000000 0.000000
vn 0.000000 1.000000 -0.000000
vn 0.997453 0.000000 -0.071333
vn 0.977143 0.000000 -0.212583
vn 0.997453 0.000000 -0.071333
vn 0.977143 0.000000 -0.212583
vn 0.936959 0.000000 -0.349438
vn 0.936959 0.000000 -0.349438
vn 0.877678 0.000000 -0.479251
vn 0.877678 0.000000 -0.479251
vn 0.800532 0.000000 -0.599290
vn 0.800532 0.000000 -0.599290
vn 0.707107 0.000000 -0.707107
vn 0.707107 0.000000 -0.707107
vn 0.599290 0.000000 -0.800532
vn 0.599290 0.000000 -0.800532
vn 0.479251 0.000000 -0.877678
vn 0.349438 0.000000 -0.936959
vn 0.479251 0.000000 -0.877678
vn 0.349438 0.000000 -0.936959
vn 0.212583 0.000000 -0.977143
vn 0.212583 0.000000 -0.977143
vn 0.071333 0.000000 -0.997453
vn 0.071333 0.000000 -0.997453
vn -0.071333 0.000000 -0.997453
vn -0.212583 -0.000000 -0.977143
vn -0.071333 0.000000 -0.997453
vn -0.349438 -0.000000 -0.936959
vn -0.212583 0.000000 -0.977143
vn -0.349438 0.000000 -0.936959
vn -0.479251 0.000000 -0.877678
vn -0.599290 -0.000000 -0.800532
vn -0.479251 0.000000 -0.877678
vn -0.707107 -0.000000 -0.707107
vn -0.599290 0.000000 -0.800532
vn -0.800532 -0.000000 -0.599290
vn -0.707107 0.000000 -0.707107
vn -0.800532 0.000000 -0.599290
vn -0.877678 0.000000 -0.479251
vn -0.877678 0.000000 -0.479251
vn -0.936959 0.000000 -0.349438
vn -0.977143 -0.000000 -0.212583
vn -0.936959 0.000000 -0.349438
vn -0.977143 0.000000 -0.212583
vn -0.997453 0.000000 -0.071333
vn -0.997453 0.000000 -0.071333
vn -0.997453 0.000000 0.071333
vn -0.977143 0.000000 0.212583
vn -0.997453 0.000000 0.071333
vn -0.977143 0.000000 0.212583
vn -0.936959 0.000000 0.349438
vn -0.877678 0.000000 0.479251
vn -0.936959 0.000000 0.349438
vn -0.877678 0.000000 0.479251
vn -0.800532 0.000000 0.599290
vn -0.800532 0.000000 0.599290
vn -0.707107 0.000000 0.707107
vn -0.707107 0.000000 0.707107
vn -0.599290 0.000000 0.800532
vn -0.599290 0.000000 0.800532
vn -0.479251 0.000000 0.877678
vn -0.479251 0.000000 0.877678
vn -0.349438 0.000000 0.936959
vn -0.349438 0.000000 0.936959
vn -0.212583 0.000000 0.977143
vn -0.212583 0.000000 0.977143
vn -0.071333 0.000000 0.997453
vn -0.071333 0.000000 0.997453
vn 0.071333 0.000000 0.997453
vn 0.071333 0.000000 0.997453
vn 0.212583 0.000000 0.977143
vn 0.212583 0.000000 0.977143
vn 0.349438 0.000000 0.936959
vn 0.349438 0.000000 0.936959
vn 0.479251 0.000000 0.877678
vn 0.479251 0.000000 0.877678
vn 0.599290 0.000000 0.800532
vn 0.707107 0.000000 0.707107
vn 0.599290 -0.000000 0.800532
vn 0.707107 0.000000 0.707107
vn 0.800532 0.000000 0.599290
vn 0.800532 -0.000000 0.599290
vn 0.877678 0.000000 0.479251
vn 0.936959 0.000000 0.349438
vn 0.877678 -0.000000 0.479251
vn 0.977143 0.000000 0.212583
vn 0.936959 0.000000 0.349438
vn 0.977143 0.000000 0.212583
vn 0.997453 0.000000 0.071333
vn 0.997453 -0.000000 0.071333
vn 0.000000 -1.000000 -0.000000
vn 0.000000 -1.000000 -0.000000
vn 0.000000 -1.000000 0.000000
vn 0.000000 -1.000000 -0.000000
vn 0.000000 -1.000000 0.000000
vn 0.000000 -1.000000 -0.000000
vn 0.000000 -1.000000 0.000000
vn 0.000000 -1.000000 0.000000
vn 0.000000 -1.000000 0.000000
vn 0.000000 -1.000000 0.000000
vn 0.000000 -1.000000 0.000000
vn 0.000000 -1.000000 0.000000
vn 0.000000 -1.000000 0.000000
vn 0.000000 -1.000000 0.000000
vn 0.000000 -1.000000 0.000000
vn 0.000000 -1.000000 0.000000
vn 0.000000 -1.000000 0.000000
vn 0.000000 -1.000000 0.000000
vn 0.000000 -1.000000 0.000000
vn 0.000000 -1.000000 0.000000
vn 0.000000 -1.000000 0.000000
vn 0.000000 -1.000000 0.000000
vn 0.000000 -1.000000 0.000000
vn 0.000000 -1.000000 0.000000
vn 0.000000 -1.000000 0.000000
vn 0.000000 -1.000000 0.000000
vn 0.000000 -1.000000 0.000000
vn 0.000000 -1.000000 0.000000
vn 0.000000 -1.000000 0.000000
vn 0.000000 -1.000000 0.000000
vn 0.000000 -1.000000 0.000000
vn 0.000000 -1.000000 0.000000
vn 0.000000 -1.000000 0.000000
vn 0.000000 -1.000000 0.000000
vn 0.000000 -1.000000 0.000000
vn -0.000000 -1.000000 0.000000
vn -0.000000 -1.000000 0.000000
vn -0.000000 -1.000000 0.000000
vn -0.000000 -1.000000 0.000000
vn 0.000000 -1.000000 0.000000
vn 0.000000 -1.000000 0.000000
vn 0.000000 -1.000000 0.000000
vn 0.000000 1.000000 0.000000
vn 0.000000 1.000000 0.000000
vn 0.000000 1.000000 0.000000
vn 0.000000 1.000000 0.000000
vn 0.000000 1.000000 0.000000
vn 0.000000 1.000000 0.000000
vn 0.000000 1.000000 -0.000000
vn 0.000000 1.000000 0.000000
vn 0.000000 1.000000 0.000000
vn 0.000000 1.000000 0.000000
vn 0.000000 1.000000 0.000000
vn 0.000000 1.000000 0.000000
vn 0.000000 1.000000 0.000000
vn 0.000000 1.000000 0.000000
vn 0.000000 1.000000 0.000000
vn 0.000000 1.000000 0.000000
vn 0.000000 1.000000 0.000000
vn 0.000000 1.000000 0.000000
vn 0.000000 1.000000 0.000000
vn 0.000000 1.000000 0.000000
vn 0.000000 1.000000 0.000000
vn 0.000000 1.000000 0.000000
vn 0.000000 1.000000 0.000000
vn 0.000000 1.000000 0.000000
vn 0.000000 1.000000 0.000000
vn 0.000000 1.000000 0.000000
vn 0.000000 1.000000 0.000000
vn 0.000000 1.000000 0.000000
vn 0.000000 1.000000 0.000000
vn 0.000000 1.000000 0.000000
vn 0.000000 1.000000 0.000000
vn 0.000000 1.000000 0.000000
vn 0.000000 1.000000 0.000000
vn 0.000000 1.000000 0.000000
vn 0.000000 1.000000 0.000000
vn 0.000000 1.000000 0.000000
vn 0.000000 1.000000 0.000000
vn 0.000000 1.000000 0.000000
vn 0.000000 1.000000 0.000000
vn 0.000000 1.000000 -0.000000
vn 0.000000 1.000000 0.000000
vn 0.000000 1.000000 0.000000
vn -0.999848 -0.000000 0.017451
vn -0.999848 -0.000000 0.017451
vn 0.999848 -0.000000 -0.017467
vn 0.999848 -0.000000 -0.017467
vn 0.000609 -0.999391 0.034895
vn 0.000609 -0.999391 0.034895
vn -0.000609 0.999390 -0.034907
vn -0.000609 0.999390 -0.034907
vn -0.017442 -0.034899 -0.999239
vn -0.017442 -0.034899 -0.999239
vn 0.017442 0.034899 0.999239
vn 0.017442 0.034899 0.999239
vn 0.997766 0.000000 -0.066799
vn 0.997766 0.000000 -0.066799
vn 0.979962 0.000000 -0.199186
vn 0.979962 0.000000 -0.199186
vn 0.944674 0.000000 -0.328010
vn 0.892511 0.000000 -0.451025
vn 0.944674 0.000000 -0.328010
vn 0.892511 0.000000 -0.451025
vn 0.824445 0.000000 -0.565942
vn 0.824445 0.000000 -0.565942
vn 0.741657 0.000000 -0.670780
vn 0.741657 0.000000 -0.670780
vn 0.645620 0.000000 -0.763659
vn 0.538086 0.000000 -0.842890
vn 0.645620 0.000000 -0.763659
vn 0.538086 0.000000 -0.842890
vn 0.420934 0.000000 -0.907091
vn 0.420934 0.000000 -0.907091
vn 0.296276 0.000000 -0.955102
vn 0.166327 0.000000 -0.986071
vn 0.296276 0.000000 -0.955102
vn 0.166327 0.000000 -0.986071
vn 0.033417 0.000000 -0.999442
vn -0.100094 -0.000000 -0.994978
vn 0.033417 0.000000 -0.999442
vn -0.100094 0.000000 -0.994978
vn -0.231819 0.000000 -0.972759
vn -0.359411 -0.000000 -0.933179
vn -0.231819 0.000000 -0.972759
vn -0.480579 -0.000000 -0.876951
vn -0.359411 0.000000 -0.933179
vn -0.480579 0.000000 -0.876951
vn -0.593187 0.000000 -0.805065
vn -0.695183 -0.000000 -0.718833
vn -0.593187 0.000000 -0.805065
vn -0.784805 -0.000000 -0.619743
vn -0.695183 0.000000 -0.718833
vn -0.784805 0.000000 -0.619743
vn -0.860397 0.000000 -0.509625
vn -0.920655 -0.000000 -0.390378
vn -0.860397 0.000000 -0.509625
vn -0.964467 -0.000000 -0.264202
vn -0.920655 0.000000 -0.390378
vn -0.964467 0.000000 -0.264202
vn -0.991079 0.000000 -0.133278
vn -0.991079 0.000000 -0.133278
vn -1.000000 0.000000 0.000000
vn -0.991079 0.000000 0.133278
vn -1.000000 0.000000 0.000000
vn -0.991079 0.000000 0.133278
vn -0.964467 0.000000 0.264202
vn -0.964467 0.000000 0.264202
vn -0.920655 0.000000 0.390378
vn -0.920655 0.000000 0.390378
vn -0.860397 0.000000 0.509625
vn -0.860397 0.000000 0.509625
vn -0.784805 0.000000 0.619743
vn -0.784805 0.000000 0.619743
vn -0.695183 0.000000 0.718833
vn -0.695183 0.000000 0.718833
vn -0.593187 0.000000 0.805065
vn -0.593187 0.000000 0.805065
vn -0.480579 0.000000 0.876951
vn -0.480579 0.000000 0.876951
vn -0.359411 0.000000 0.933179
vn -0.359411 0.000000 0.933179
vn -0.231819 0.000000 0.972759
vn -0.231819 0.000000 0.972759
vn -0.100094 0.000000 0.994978
vn 0.033417 0.000000 0.999442
vn -0.100094 0.000000 0.994978
vn 0.033417 0.000000 0.999442
vn 0.166327 0.000000 0.986071
vn 0.296276 0.000000 0.955102
vn 0.166327 -0.000000 0.986071
vn 0.296276 0.000000 0.955102
vn 0.420934 0.000000 0.907091
vn 0.538086 0.000000 0.842890
vn 0.420934 -0.000000 0.907091
vn 0.645620 0.000000 0.763659
vn 0.538086 0.000000 0.842890
vn 0.741657 0.000000 0.670780
vn 0.645620 0.000000 0.763659
vn 0.741657 0.000000 0.670780
vn 0.824445 0.000000 0.565942
vn 0.824445 -0.000000 0.565942
vn 0.892511 0.000000 0.451025
vn 0.892511 -0.000000 0.451025
vn 0.944674 0.000000 0.328010
vn 0.944674 -0.000000 0.328010
vn 0.979962 0.000000 0.199186
vn 0.997766 0.000000 0.066799
vn 0.979962 -0.000000 0.199186
vn 0.997766 0.000000 0.066799
vn 0.000000 -1.000000 0.000000
vn 0.000000 -1.000000 0.000000
vn 0.000000 -1.000000 0.000000
vn 0.000000 -1.000000 0.000000
vn 0.000000 -1.000000 -0.000000
vn 0.000000 -1.000000 -0.000000
vn 0.000000 -1.000000 0.000000
vn 0.000000 -1.000000 0.000000
vn 0.000000 -1.000000 0.000000
vn 0.000000 -1.000000 0.000000
vn 0.000000 -1.000000 0.000000
vn 0.000000 -1.000000 0.000000
vn 0.000000 -1.000000 0.000000
vn 0.000000 -1.000000 0.000000
vn 0.000000 -1.000000 0.000000
vn 0.000000 -1.000000 0.000000
vn 0.000000 -1.000000 0.000000
vn 0.000000 -1.000000 0.000000
vn 0.000000 -1.000000 0.000000
vn 0.000000 -1.000000 0.000000
vn 0.000000 -1.000000 0.000000
vn 0.000000 -1.000000 0.000000
vn 0.000000 -1.000000 0.000000
vn 0.000000 -1.000000 0.000000
vn 0.000000 -1.000000 0.000000
vn 0.000000 -1.000000 0.000000
vn 0.000000 -1.000000 0.000000
vn 0.000000 -1.000000 0.000000
vn -0.000000 -1.000000 0.000000
vn 0.000000 -1.000000 0.000000
vn 0.000000 -1.000000 0.000000
vn 0.000000 -1.000000 0.000000
vn -0.000000 -1.000000 0.000000
vn 0.000000 -1.000000 0.000000
vn 0.000000 -1.000000 0.000000
vn 0.000000 -1.000000 0.000000
vn 0.000000 -1.000000 0.000000
vn 0.000000 -1.000000 -0.000000
vn 0.000000 -1.000000 -0.000000
vn 0.000000 -1.000000 0.000000
vn 0.000000 -1.000000 0.000000
vn -0.000000 -1.000000 0.000000
vn -0.000000 -1.000000 0.000000
vn 0.000000 -1.000000 0.000000
vn 0.000000 -1.000000 0.000000
vn 0.000000 1.000000 0.000000
vn 0.000000 1.000000 0.000000
vn 0.000000 1.000000 0.000000
vn 0.000000 1.000000 0.000000
vn 0.000000 1.000000 0.000000
vn 0.000000 1.000000 0.000000
vn 0.000000 1.000000 0.000000
vn 0.000000 1.000000 0.000000
vn 0.000000 1.000000 0.000000
vn 0.000000 1.000000 0.000000
vn 0.000000 1.000000 0.000000
vn 0.000000 1.000000 0.000000
vn 0.000000 1.000000 0.000000
vn 0.000000 1.000000 0.000000
vn 0.000000 1.000000 0.000000
vn 0.000000 1.000000 0.000000
vn 0.000000 1.000000 0.000000
vn 0.000000 1.000000 0.000000
vn 0.000000 1.000000 0.000000
vn 0.000000 1.000000 0.000000
vn 0.000000 1.000000 0.000000
vn 0.000000 1.000000 0.000000
vn 0.000000 1.000000 0.000000
vn 0.000000 1.000000 0.000000
vn 0.000000 1.000000 0.000000
vn 0.000000 1.000000 0.000000
vn 0.000000 1.000000 0.000000
vn 0.000000 1.000000 0.000000
vn 0.000000 1.000000 0.000000
vn 0.000000 1.000000 0.000000
vn 0.000000 1.000000 0.000000
vn 0.000000 1.000000 0.000000
vn 0.000000 1.000000 0.000000
vn 0.000000 1.000000 0.000000
vn 0.000000 1.000000 0.000000
vn 0.000000 1.000000 0.000000
vn 0.000000 1.000000 -0.000000
vn 0.000000 1.000000 0.000000
vn 0.000000 1.000000 0.000000
vn 0.000000 1.000000 -0.000000
vn 0.000000 1.000000 -0.000000
vn 0.000000 1.000000 0.000000
vn 0.000000 1.000000 0.000000
vn 0.000000 1.000000 0.000000
vn 0.000000 1.000000 -0.000000
vn -1.000000 0.000000 0.000000
vn -1.000000 0.000000 0.000000
vn 1.000000 -0.000000 0.000000
vn 0.000000 -1.000000 0.000000
vn 0.000000 -1.000000 0.000000
vn 0.000000 1.000000 0.000000
vn 0.000000 1.000000 0.000000
vn 0.000000 0.000000 -1.000000
vn 0.000000 0.000000 1.000000
vn 0.000000 0.000000 1.000000
vn -1.000000 0.000000 0.000000
vn 1.000000 0.000000 0.000000
vn 1.000000 -0.000000 0.000000
vn 0.000000 -1.000000 0.000000
vn 0.000000 -1.000000 0.000000
vn 0.000000 1.000000 0.000000
vn 0.000000 1.000000 0.000000
vn 0.000000 0.000000 -1.000000
vn 0.000000 0.000000 1.000000
vn 0.000000 0.000000 1.000000
vn -1.000000 0.000000 0.000000
vn -1.000000 0.000000 0.000000
vn 1.000000 0.000000 0.000000
vn 1.000000 -0.000000 0.000000
vn 0.000000 -1.000000 0.000000
vn 0.000000 -1.000000 0.000000
vn 0.000000 1.000000 0.000000
vn 0.000000 1.000000 0.000000
vn 0.000000 0.000000 -1.000000
vn 0.000000 0.000000 -1.000000
vn 0.000000 0.000000 1.000000
vn 0.000000 0.000000 1.000000
vn -1.000000 0.000000 0.000000
vn -1.000000 0.000000 0.000000
vn -0.000000 -1.000000 0.000000
vn 0.000000 -1.000000 0.000000
vn 0.000000 -1.000000 0.000000
vn 0.000000 -1.000000 0.000000
vn 0.000000 0.000000 1.000000
vn 0.000000 0.000000 1.000000
vn 0.000000 1.000000 0.000000
vn 0.000000 1.000000 0.000000
vn 0.000000 1.000000 0.000000
vn 0.000000 1.000000 0.000000
vn 0.000000 1.000000 0.000000
vn 0.000000 1.000000 0.000000
vn 0.000000 1.000000 0.000000
vn 0.000000 1.000000 0.000000
vn 0.000000 1.000000 0.000000
vn 0.000000 1.000000 0.000000
vn 0.000000 1.000000 0.000000
vn 0.000000 1.000000 0.000000
vn 0.000000 1.000000 0.000000
vn 0.000000 1.000000 0.000000
vn 0.000000 1.000000 0.000000
vn 0.000000 1.000000 0.000000
vn 0.000000 1.000000 0.000000
vn 0.000000 1.000000 0.000000
vn 0.000000 1.000000 0.000000
vn 0.000000 1.000000 0.000000
vn 0.000000 1.000000 0.000000
vn 0.000000 1.000000 0.000000
vn 0.000000 1.000000 0.000000
vn 0.000000 1.000000 0.000000
vn 0.000000 1.000000 0.000000
vn 0.000000 1.000000 0.000000
vn 0.000000 1.000000 0.000000
vn 0.000000 1.000000 0.000000
vn 0.000000 1.000000 0.000000
vn 0.000000 1.000000 0.000000
vn 0.000000 1.000000 0.000000
vn 0.000000 1.000000 0.000000
vn 0.000000 1.000000 0.000000
vn 0.000000 1.000000 0.000000
vn 0.000000 1.000000 0.000000
vn 0.000000 1.000000 0.000000
vn 0.000000 1.000000 0.000000
vn 0.000000 1.000000 0.000000
vn 0.000000 1.000000 0.000000
vn 0.000000 1.000000 0.000000
vn 0.000000 1.000000 0.000000
vn 0.000000 1.000000 0.000000
vn 0.000000 1.000000 0.000000
vn 0.000000 1.000000 0.000000
vn 0.000000 1.000000 0.000000
vn 0.000000 1.000000 0.000000
vn 0.000000 1.000000 0.000000
vn 0.000000 1.000000 0.000000
vn 0.000000 1.000000 0.000000
vn 0.000000 1.000000 0.000000
vn 0.000000 1.000000 0.000000
vn 0.000000 1.000000 0.000000
vn 0.000000 1.000000 0.000000
vn 0.000000 1.000000 0.000000
vn 0.000000 1.000000 0.000000
vn 0.000000 1.000000 0.000000
vn 0.000000 1.000000 0.000000
vn 0.000000 1.000000 0.000000
vn 0.000000 1.000000 0.000000
vn 0.000000 1.000000 0.000000
vn 0.000000 1.000000 0.000000
vn 0.000000 1.000000 0.000000
vn 0.000000 1.000000 0.000000
vn 0.000000 1.000000 0.000000
vn 0.000000 1.000000 0.000000
vn 0.000000 1.000000 0.000000
vn 0.000000 1.000000 0.000000
vn 0.000000 1.000000 0.000000
vn 0.000000 1.000000 0.000000
vn 0.000000 1.000000 0.000000
vn 0.000000 1.000000 0.000000
vn 0.000000 1.000000 0.000000
vn 0.000000 1.000000 0.000000
vn 0.000000 1.000000 0.000000
vn 0.000000 1.000000 0.000000
vn 0.000000 1.000000 0.000000
vn 0.000000 1.000000 0.000000
vn 0.000000 1.000000 0.000000
vn 0.000000 1.000000 0.000000
vn 0.000000 1.000000 0.000000
vn 0.000000 1.000000 0.000000
vn 0.000000 1.000000 0.000000
vn 0.000000 1.000000 0.000000
vn 0.000000 1.000000 0.000000
vn 0.000000 1.000000 0.000000
vn 0.000000 1.000000 0.000000
vn 0.000000 1.000000 0.000000
vn 0.000000 1.000000 0.000000
vn 0.000000 1.000000 0.000000
vn 0.000000 1.000000 0.000000
vn 0.000000 1.000000 0.000000
vn 0.000000 1.000000 0.000000
vn 0.000000 1.000000 0.000000
vn 0.000000 1.000000 0.000000
vn 0.000000 1.000000 0.000000
vn 0.000000 1.000000 0.000000
vn 0.000000 1.000000 0.000000
vn 0.000000 1.000000 0.000000
vn 0.000000 1.000000 0.000000
vn 0.000000 1.000000 0.000000
vn 0.000000 1.000000 0.000000
vn 0.000000 1.000000 0.000000
vn 0.000000 1.000000 0.000000
vn 0.000000 1.000000 0.000000
vn 0.000000 1.000000 0.000000
vn 0.000000 1.000000 0.000000
vn 0.000000 1.000000 0.000000
vn 0.000000 1.000000 0.000000
vn 0.000000 1.000000 0.000000
vn 0.000000 1.000000 0.000000
vn 0.000000 1.000000 0.000000
vn 0.000000 1.000000 0.000000
vn 0.000000 1.000000 0.000000
vn 0.000000 1.000000 0.000000
vn 0.000000 1.000000 0.000000
vn 0.000000 1.000000 0.000000
vn 0.000000 1.000000 0.000000
vn 0.000000 1.000000 0.000000
vn 0.000000 1.000000 0.000000
vn 0.000000 1.000000 0.000000
vn 0.000000 1.000000 0.000000
vn 0.000000 1.000000 0.000000
vn 0.000000 1.000000 0.000000
vn 0.000000 1.000000 0.000000
vn 0.000000 1.000000 0.000000
vn 0.000000 1.000000 0.000000
vn 0.000000 1.000000 0.000000
vn 0.000000 1.000000 0.000000
vn 0.000000 1.000000 0.000000
vn 0.000000 1.000000 0.000000
vn 0.000000 0.000000 -1.000000
vn 0.000000 0.000000 -1.000000
vn 1.000000 0.000000 0.000000
vn 1.000000 -0.000000 0.000000
vn 0.000000 0.000000 -1.000000
vn -1.000000 0.000000 0.000000
vn 0.000000 0.000000 1.000000
vn 1.000000 -0.000000 0.000000
vn -0.999690 0.000000 0.024910
vn -0.999690 0.000000 0.024910
vn -0.997204 0.000000 0.074731
vn -0.997204 0.000000 0.074731
vn -0.992236 0.000000 0.124368
vn -0.992236 0.000000 0.124368
vn -0.984809 0.000000 0.173640
vn -0.984809 0.000000 0.173640
vn -0.974924 0.000000 0.222539
vn -0.974924 0.000000 0.222539
vn -0.962627 0.000000 0.270831
vn -0.962627 0.000000 0.270831
vn -0.947920 0.000000 0.318508
vn -0.947920 0.000000 0.318508
vn -0.930876 0.000000 0.365336
vn -0.930876 0.000000 0.365336
vn -0.911503 0.000000 0.411294
vn -0.911503 0.000000 0.411294
vn -0.889893 0.000000 0.456170
vn -0.889893 0.000000 0.456170
vn -0.866009 0.000000 0.500029
vn -0.866009 0.000000 0.500029
vn -0.840037 0.000000 0.542530
vn -0.840037 0.000000 0.542530
vn -0.811927 0.000000 0.583760
vn -0.811927 0.000000 0.583760
vn -0.781829 0.000000 0.623493
vn -0.781829 0.000000 0.623493
vn -0.749779 0.000000 0.661689
vn -0.749779 0.000000 0.661689
vn -0.715873 0.000000 0.698231
vn -0.715873 0.000000 0.698231
vn -0.680172 0.000000 0.733053
vn -0.680172 0.000000 0.733053
vn -0.642790 0.000000 0.766042
vn -0.642790 0.000000 0.766042
vn -0.603803 0.000000 0.797134
vn -0.603803 0.000000 0.797134
vn -0.563343 0.000000 0.826223
vn -0.563343 0.000000 0.826223
vn -0.521423 0.000000 0.853298
vn -0.521423 0.000000 0.853298
vn -0.433895 0.000000 0.900964
vn -0.478252 0.000000 0.878223
vn -0.478252 0.000000 0.878223
vn -0.433895 0.000000 0.900964
vn -0.388428 0.000000 0.921479
vn -0.388428 0.000000 0.921479
vn -0.342018 0.000000 0.939693
vn -0.342018 0.000000 0.939693
vn -0.294757 0.000000 0.955572
vn -0.294757 0.000000 0.955572
vn -0.246767 0.000000 0.969075
vn -0.246767 0.000000 0.969075
vn -0.198131 0.000000 0.980175
vn -0.198131 0.000000 0.980175
vn -0.149050 0.000000 0.988830
vn -0.149050 0.000000 0.988830
vn -0.049849 0.000000 0.998757
vn -0.099567 0.000000 0.995031
vn -0.099567 0.000000 0.995031
vn -0.049849 0.000000 0.998757
vn 0.000000 0.000000 1.000000
vn 0.000000 0.000000 1.000000
vn 0.049849 -0.000000 0.998757
vn 0.049849 0.000000 0.998757
vn 0.099567 -0.000000 0.995031
vn 0.099567 0.000000 0.995031
vn 0.149050 -0.000000 0.988830
vn 0.149050 0.000000 0.988830
vn 0.198131 0.000000 0.980175
vn 0.198131 -0.000000 0.980175
vn 0.246767 0.000000 0.969075
vn 0.246767 -0.000000 0.969075
vn 0.294757 0.000000 0.955572
vn 0.294757 -0.000000 0.955572
vn 0.342018 -0.000000 0.939693
vn 0.342018 0.000000 0.939693
vn 0.388428 -0.000000 0.921479
vn 0.388428 0.000000 0.921479
vn 0.433895 -0.000000 0.900964
vn 0.433895 0.000000 0.900964
vn 0.478252 -0.000000 0.878223
vn 0.478252 0.000000 0.878223
vn 0.521423 -0.000000 0.853298
vn 0.521423 0.000000 0.853298
vn 0.563343 -0.000000 0.826223
vn 0.563343 0.000000 0.826223
vn 0.603803 -0.000000 0.797134
vn 0.603803 0.000000 0.797134
vn 0.642790 -0.000000 0.766042
vn 0.642790 0.000000 0.766042
vn 0.680172 -0.000000 0.733053
vn 0.680172 0.000000 0.733053
vn 0.715873 -0.000000 0.698231
vn 0.715873 0.000000 0.698231
vn 0.749779 -0.000000 0.661689
vn 0.749779 0.000000 0.661689
vn 0.781829 -0.000000 0.623493
vn 0.781829 0.000000 0.623493
vn 0.840037 -0.000000 0.542530
vn 0.811927 -0.000000 0.583760
vn 0.811927 0.000000 0.583760
vn 0.840037 -0.000000 0.542530
vn 0.866009 0.000000 0.500029
vn 0.866009 -0.000000 0.500029
vn 0.889893 0.000000 0.456170
vn 0.889893 -0.000000 0.456170
vn 0.911503 0.000000 0.411294
vn 0.911503 -0.000000 0.411294
vn 0.930876 0.000000 0.365336
vn 0.930876 -0.000000 0.365336
vn 0.947920 0.000000 0.318508
vn 0.947920 -0.000000 0.318508
vn 0.962627 0.000000 0.270831
vn 0.962627 -0.000000 0.270831
vn 0.974924 -0.000000 0.222539
vn 0.974924 0.000000 0.222539
vn 0.984809 -0.000000 0.173640
vn 0.984809 0.000000 0.173640
vn 0.992236 -0.000000 0.124368
vn 0.992236 0.000000 0.124368
vn 0.997204 0.000000 0.074731
vn 0.997204 -0.000000 0.074731
vn 0.999690 0.000000 0.024910
vn 0.999690 -0.000000 0.024910
vn 0.999690 0.000000 -0.024910
vn 0.999690 0.000000 -0.024910
vn 0.997204 0.000000 -0.074731
vn 0.997204 0.000000 -0.074731
vn 0.992236 0.000000 -0.124368
vn 0.992236 0.000000 -0.124368
vn 0.984809 0.000000 -0.173640
vn 0.984809 0.000000 -0.173640
vn 0.974924 0.000000 -0.222539
vn 0.974924 0.000000 -0.222539
vn 0.962627 0.000000 -0.270831
vn 0.962627 0.000000 -0.270831
vn 0.947920 0.000000 -0.318508
vn 0.947920 0.000000 -0.318508
vn 0.930876 0.000000 -0.365336
vn 0.930876 0.000000 -0.365336
vn 0.911503 0.000000 -0.411294
vn 0.911503 0.000000 -0.411294
vn 0.889893 0.000000 -0.456170
vn 0.889893 0.000000 -0.456170
vn 0.866009 0.000000 -0.500029
vn 0.866009 0.000000 -0.500029
vn 0.840037 0.000000 -0.542530
vn 0.840037 0.000000 -0.542530
vn 0.811927 0.000000 -0.583760
vn 0.811927 0.000000 -0.583760
vn 0.781829 0.000000 -0.623493
vn 0.781829 0.000000 -0.623493
vn 0.749779 0.000000 -0.661689
vn 0.749779 0.000000 -0.661689
vn 0.715873 0.000000 -0.698231
vn 0.680172 0.000000 -0.733053
vn 0.715873 0.000000 -0.698231
vn 0.680172 0.000000 -0.733053
vn 0.642790 0.000000 -0.766042
vn 0.642790 0.000000 -0.766042
vn 0.603803 0.000000 -0.797134
vn 0.603803 0.000000 -0.797134
vn 0.563343 0.000000 -0.826223
vn 0.563343 0.000000 -0.826223
vn 0.521423 0.000000 -0.853298
vn 0.521423 0.000000 -0.853298
vn 0.478252 0.000000 -0.878223
vn 0.478252 0.000000 -0.878223
vn 0.433895 0.000000 -0.900964
vn 0.433895 0.000000 -0.900964
vn 0.388428 0.000000 -0.921479
vn 0.388428 0.000000 -0.921479
vn 0.342018 0.000000 -0.939693
vn 0.342018 0.000000 -0.939693
vn 0.294757 0.000000 -0.955572
vn 0.294757 0.000000 -0.955572
vn 0.246767 0.000000 -0.969075
vn 0.246767 0.000000 -0.969075
vn 0.198131 0.000000 -0.980175
vn 0.198131 0.000000 -0.980175
vn 0.149050 0.000000 -0.988830
vn 0.149050 0.000000 -0.988830
vn 0.099567 0.000000 -0.995031
vn 0.099567 0.000000 -0.995031
vn 0.049849 0.000000 -0.998757
vn 0.049849 0.000000 -0.998757
vn 0.000000 0.000000 -1.000000
vn 0.000000 0.000000 -1.000000
vn -0.049849 0.000000 -0.998757
vn -0.049849 0.000000 -0.998757
vn -0.099567 0.000000 -0.995031
vn -0.099567 0.000000 -0.995031
vn -0.149050 0.000000 -0.988830
vn -0.149050 0.000000 -0.988830
vn -0.198131 0.000000 -0.980175
vn -0.198131 0.000000 -0.980175
vn -0.246767 0.000000 -0.969075
vn -0.246767 0.000000 -0.969075
vn -0.294757 0.000000 -0.955572
vn -0.294757 0.000000 -0.955572
vn -0.342018 0.000000 -0.939693
vn -0.342018 0.000000 -0.939693
vn -0.388428 0.000000 -0.921479
vn -0.388428 0.000000 -0.921479
vn -0.433895 0.000000 -0.900964
vn -0.433895 0.000000 -0.900964
vn -0.478252 0.000000 -0.878223
vn -0.478252 0.000000 -0.878223
vn -0.521423 0.000000 -0.853298
vn -0.521423 0.000000 -0.853298
vn -0.563343 0.000000 -0.826223
vn -0.563343 0.000000 -0.826223
vn -0.603803 0.000000 -0.797134
vn -0.603803 0.000000 -0.797134
vn -0.642790 0.000000 -0.766042
vn -0.642790 0.000000 -0.766042
vn -0.680172 0.000000 -0.733053
vn -0.680172 0.000000 -0.733053
vn -0.715873 0.000000 -0.698231
vn -0.715873 0.000000 -0.698231
vn -0.749779 0.000000 -0.661689
vn -0.749779 0.000000 -0.661689
vn -0.781829 0.000000 -0.623493
vn -0.781829 0.000000 -0.623493
vn -0.811927 0.000000 -0.583760
vn -0.811927 0.000000 -0.583760
vn -0.840037 0.000000 -0.542530
vn -0.840037 0.000000 -0.542530
vn -0.866009 0.000000 -0.500029
vn -0.866009 0.000000 -0.500029
vn -0.889893 0.000000 -0.456170
vn -0.911503 0.000000 -0.411294
vn -0.889893 0.000000 -0.456170
vn -0.911503 0.000000 -0.411294
vn -0.930876 0.000000 -0.365336
vn -0.930876 0.000000 -0.365336
vn -0.947920 0.000000 -0.318508
vn -0.947920 0.000000 -0.318508
vn -0.962627 0.000000 -0.270831
vn -0.962627 0.000000 -0.270831
vn -0.974924 0.000000 -0.222539
vn -0.974924 0.000000 -0.222539
vn -0.984809 0.000000 -0.173640
vn -0.984809 0.000000 -0.173640
vn -0.992236 0.000000 -0.124368
vn -0.992236 0.000000 -0.124368
vn -0.997204 0.000000 -0.074731
vn -0.997204 0.000000 -0.074731
vn -0.999690 0.000000 -0.024910
vn -0.999690 0.000000 -0.024910
vn 0.000000 1.000000 0.000000
vn 0.000000 1.000000 0.000000
vn 0.000000 1.000000 0.000000
vn 0.000000 1.000000 0.000000
vn 0.000000 1.000000 0.000000
vn 0.000000 1.000000 0.000000
vn 0.000000 1.000000 0.000000
vn 0.000000 1.000000 0.000000
vn -0.000000 -1.000000 0.000000
vn 0.000000 -1.000000 0.000000
vn -0.000000 -1.000000 0.000000
vn 0.000000 -1.000000 0.000000
vn -0.000000 -1.000000 0.000000
vn 0.000000 -1.000000 0.000000
vn -0.000000 -1.000000 0.000000
vn 0.000000 -1.000000 0.000000
vn -0.000000 -1.000000 0.000000
vn 0.000000 -1.000000 0.000000
vn -0.000000 -1.000000 0.000000
vn 0.000000 -1.000000 0.000000
vn -0.000000 -1.000000 0.000000
vn 0.000000 -1.000000 0.000000
vn -0.000000 -1.000000 0.000000
vn 0.000000 -1.000000 0.000000
vn -0.000000 -1.000000 0.000000
vn 0.000000 -1.000000 0.000000
vn -0.000000 -1.000000 0.000000
vn -0.000000 -1.000000 0.000000
vn -0.000000 -1.000000 0.000000
vn -0.000000 -1.000000 0.000000
vn -0.000000 -1.000000 0.000000
vn -0.000000 -1.000000 0.000000
vn -0.000000 -1.000000 0.000000
vn -0.000000 -1.000000 0.000000
vn -0.000000 -1.000000 0.000000
vn -0.000000 -1.000000 0.000000
vn -0.000000 -1.000000 0.000000
vn -0.000000 -1.000000 0.000000
vn -0.000000 -1.000000 0.000000
vn -0.000000 -1.000000 0.000000
vn -0.000000 -1.000000 0.000000
vn -0.000000 -1.000000 0.000000
vn -0.000000 -1.000000 0.000000
vn -0.000000 -1.000000 0.000000
vn -0.000000 -1.000000 0.000000
vn -0.000000 -1.000000 0.000000
vn 0.000000 -1.000000 0.000000
vn -0.000000 -1.000000 0.000000
vn 0.000000 -1.000000 0.000000
vn 0.000000 -1.000000 0.000000
vn 0.000000 -1.000000 0.000000
vn 0.000000 -1.000000 0.000000
vn 0.000000 -1.000000 0.000000
vn 0.000000 -1.000000 0.000000
vn 0.000000 -1.000000 0.000000
vn 0.000000 -1.000000 0.000000
vn 0.000000 -1.000000 0.000000
vn 0.000000 -1.000000 0.000000
vn 0.000000 -1.000000 0.000000
vn 0.000000 -1.000000 0.000000
vn 0.000000 -1.000000 0.000000
vn 0.000000 -1.000000 0.000000
vn 0.000000 -1.000000 0.000000
vn 0.000000 -1.000000 0.000000
vn 0.000000 -1.000000 0.000000
vn 0.000000 -1.000000 0.000000
vn 0.000000 -1.000000 0.000000
vn 0.000000 -1.000000 0.000000
vn 0.000000 -1.000000 0.000000
vn 0.000000 -1.000000 0.000000
vn 0.000000 -1.000000 0.000000
vn 0.000000 -1.000000 0.000000
vn 0.000000 -1.000000 0.000000
vn 0.000000 -1.000000 0.000000
vn 0.000000 -1.000000 0.000000
vn 0.000000 -1.000000 0.000000
vn 0.000000 -1.000000 0.000000
vn 0.000000 -1.000000 0.000000
vn 0.000000 -1.000000 0.000000
vn 0.000000 -1.000000 0.000000
vn 0.000000 -1.000000 0.000000
vn 0.000000 -1.000000 0.000000
vn 0.000000 -1.000000 0.000000
vn 0.000000 -1.000000 0.000000
vn 0.000000 -1.000000 0.000000
vn 0.000000 -1.000000 0.000000
vn 0.000000 -1.000000 0.000000
vn 0.000000 -1.000000 0.000000
vn 0.000000 -1.000000 0.000000
vn 0.000000 -1.000000 0.000000
vn 0.000000 -1.000000 0.000000
vn 0.000000 -1.000000 0.000000
vn 0.000000 -1.000000 0.000000
vn 0.000000 -1.000000 0.000000
vn 0.000000 -1.000000 0.000000
vn 0.000000 -1.000000 0.000000
vn 0.000000 -1.000000 0.000000
vn 0.000000 -1.000000 0.000000
vn 0.000000 -1.000000 0.000000
vn 0.000000 -1.000000 0.000000
vn 0.000000 -1.000000 0.000000
vn 0.000000 -1.000000 0.000000
vn 0.000000 -1.000000 0.000000
vn 0.000000 -1.000000 0.000000
vn 0.000000 -1.000000 0.000000
vn 0.000000 -1.000000 0.000000
vn 0.000000 -1.000000 0.000000
vn 0.000000 -1.000000 0.000000
vn 0.000000 -1.000000 0.000000
vn 0.000000 -1.000000 0.000000
vn 0.000000 -1.000000 0.000000
vn 0.000000 -1.000000 0.000000
vn 0.000000 -1.000000 0.000000
vn 0.000000 -1.000000 0.000000
vn 0.000000 -1.000000 0.000000
vn 0.000000 -1.000000 0.000000
vn 0.000000 -1.000000 0.000000
vn -0.000000 -1.000000 0.000000
vn -0.000000 -1.000000 0.000000
vn -0.000000 -1.000000 0.000000
vn -0.000000 -1.000000 0.000000
vn -0.000000 -1.000000 0.000000
vn -0.000000 -1.000000 0.000000
vn -0.000000 -1.000000 0.000000
vn -0.000000 -1.000000 0.000000
vn -0.000000 -1.000000 0.000000
vn -0.000000 -1.000000 0.000000
vn -0.000000 -1.000000 0.000000
vn -0.000000 -1.000000 0.000000
vn -0.000000 -1.000000 0.000000
vn 0.000000 -1.000000 0.000000
vn 0.000000 -1.000000 0.000000
vn 0.000000 -1.000000 0.000000
vn 0.000000 -1.000000 0.000000
vn 0.000000 -1.000000 0.000000
vn 0.000000 -1.000000 0.000000
vn 0.000000 -1.000000 0.000000
vn 0.000000 -1.000000 0.000000
vn 0.000000 0.000000 1.000000
vn 0.000000 0.000000 1.000000
vn -1.000000 0.000000 0.000000
vn -1.000000 0.000000 0.000000
vn 1.000000 0.000000 0.000000
vn 1.000000 -0.000000 0.000000
vn 0.000000 0.000000 -1.000000
vn 0.000000 0.000000 -1.000000
vn -1.000000 0.000000 0.000000
vn -1.000000 0.000000 0.000000
vn 1.000000 0.000000 0.000000
vn 1.000000 -0.000000 0.000000
vn 0.000000 -1.000000 0.000000
vn 0.000000 -1.000000 0.000000
vn 0.000000 1.000000 0.000000
vn 0.000000 1.000000 0.000000
vn 0.000000 0.000000 -1.000000
vn 0.000000 0.000000 -1.000000
vn 0.000000 0.000000 1.000000
vn 0.000000 0.000000 1.000000
vn -1.000000 0.000000 0.000000
vn -1.000000 0.000000 0.000000
vn 1.000000 0.000000 0.000000
vn 1.000000 -0.000000 0.000000
vn 0.000000 -1.000000 0.000000
vn 0.000000 -1.000000 0.000000
vn 0.000000 1.000000 0.000000
vn 0.000000 1.000000 0.000000
vn 0.000000 0.000000 -1.000000
vn 0.000000 0.000000 -1.000000
vn 0.000000 0.000000 1.000000
vn 0.000000 0.000000 1.000000
vn -1.000000 0.000000 0.000000
vn -1.000000 0.000000 0.000000
vn 0.000000 -1.000000 0.000000
vn 0.000000 1.000000 0.000000
vn 0.000000 0.000000 -1.000000
vn 0.000000 0.000000 -1.000000
vn 0.000000 0.000000 1.000000
vn 1.000000 0.000000 0.000000
vn 1.000000 -0.000000 0.000000
vn 0.000000 -1.000000 0.000000
vn 0.000000 1.000000 0.000000
vn 0.000000 0.000000 -1.000000
vn 0.000000 0.000000 -1.000000
vn 0.000000 0.000000 1.000000
vn -1.000000 0.000000 0.000000
vn -1.000000 0.000000 0.000000
vn 0.000000 -1.000000 0.000000
vn 0.000000 1.000000 0.000000
vn 0.000000 0.000000 -1.000000
vn 0.000000 0.000000 -1.000000
vn 0.000000 0.000000 1.000000
vn 1.000000 0.000000 0.000000
vn 1.000000 -0.000000 0.000000
vn 0.000000 -1.000000 0.000000
vn 0.000000 1.000000 0.000000
vn 0.000000 0.000000 -1.000000
vn 0.000000 0.000000 -1.000000
vn 0.000000 0.000000 1.000000
vn 0.000000 0.084805 -0.996398
vn 0.000000 0.084805 -0.996398
vn 0.000000 0.251986 -0.967731
vn 0.000000 0.251986 -0.967731
vn 0.000000 0.411918 -0.911221
vn 0.000000 0.559955 -0.828523
vn 0.000000 0.411918 -0.911221
vn 0.000000 0.559955 -0.828523
vn 0.000000 0.691939 -0.721956
vn 0.000000 0.804002 -0.594627
vn 0.000000 0.691939 -0.721956
vn 0.000000 0.804002 -0.594627
vn 0.000000 0.892929 -0.450198
vn 0.000000 0.892929 -0.450198
vn 0.000000 0.956164 -0.292832
vn 0.000000 0.956164 -0.292832
vn 0.000000 0.991903 -0.126998
vn 0.000000 0.991903 -0.126998
vn 0.000000 0.999099 0.042433
vn 0.000000 0.977558 0.210668
vn -0.000000 0.999099 0.042433
vn 0.000000 0.977558 0.210668
vn 0.000000 0.927888 0.372859
vn -0.000000 0.927888 0.372859
vn 0.000000 0.851531 0.524305
vn -0.000000 0.851531 0.524305
vn 0.000000 0.750669 0.660678
vn 0.000000 0.628218 0.778038
vn -0.000000 0.750669 0.660678
vn 0.000000 0.628218 0.778038
vn 0.000000 0.487696 0.873013
vn -0.000000 0.487696 0.873013
vn 0.000000 0.333135 0.942879
vn -0.000000 0.333135 0.942879
vn 0.000000 0.169007 0.985615
vn 0.000000 0.000000 1.000000
vn -0.000000 0.169007 0.985615
vn 0.000000 0.000000 1.000000
vn 0.000000 -0.169012 0.985614
vn 0.000000 -0.333135 0.942879
vn 0.000000 -0.169012 0.985614
vn 0.000000 -0.487684 0.873020
vn 0.000000 -0.333135 0.942879
vn 0.000000 -0.487684 0.873020
vn 0.000000 -0.628218 0.778038
vn 0.000000 -0.750669 0.660678
vn 0.000000 -0.628218 0.778038
vn 0.000000 -0.750669 0.660678
vn 0.000000 -0.851531 0.524305
vn 0.000000 -0.851531 0.524305
vn 0.000000 -0.927899 0.372833
vn 0.000000 -0.927899 0.372833
vn 0.000000 -0.977552 0.210696
vn 0.000000 -0.977552 0.210696
vn 0.000000 -0.999099 0.042433
vn 0.000000 -0.999099 0.042433
vn 0.000000 -0.991903 -0.126998
vn 0.000000 -0.991903 -0.126998
vn 0.000000 -0.956164 -0.292832
vn -0.000000 -0.892929 -0.450198
vn 0.000000 -0.956164 -0.292832
vn 0.000000 -0.892929 -0.450198
vn 0.000000 -0.804002 -0.594627
vn 0.000000 -0.804002 -0.594627
vn 0.000000 -0.691924 -0.721971
vn 0.000000 -0.691924 -0.721971
vn 0.000000 -0.559969 -0.828513
vn 0.000000 -0.559969 -0.828513
vn 0.000000 -0.411906 -0.911226
vn 0.000000 -0.411906 -0.911226
vn 0.000000 -0.251986 -0.967731
vn 0.000000 -0.251986 -0.967731
vn 0.000000 -0.084805 -0.996398
vn 0.000000 -0.084805 -0.996398
vn -1.000000 0.000000 0.000000
vn -1.000000 0.000000 -0.000000
vn -1.000000 0.000000 0.000000
vn -1.000000 0.000000 0.000000
vn -1.000000 0.000000 -0.000000
vn -1.000000 0.000000 -0.000000
vn -1.000000 0.000000 -0.000000
vn -1.000000 0.000000 -0.000000
vn -1.000000 0.000000 0.000000
vn -1.000000 0.000000 0.000000
vn -1.000000 0.000000 0.000000
vn -1.000000 -0.000000 -0.000000
vn -1.000000 -0.000000 -0.000000
vn -1.000000 -0.000000 -0.000000
vn -1.000000 -0.000000 -0.000000
vn -1.000000 0.000000 0.000000
vn -1.000000 -0.000000 -0.000000
vn -1.000000 0.000000 0.000000
vn -1.000000 0.000000 0.000000
vn -1.000000 0.000000 0.000000
vn -1.000000 -0.000000 -0.000000
vn -1.000000 -0.000000 -0.000000
vn -1.000000 -0.000000 0.000000
vn -1.000000 0.000000 0.000000
vn -1.000000 0.000000 0.000000
vn -1.000000 -0.000000 0.000000
vn -1.000000 0.000000 0.000000
vn -1.000000 0.000000 0.000000
vn -1.000000 0.000000 0.000000
vn -1.000000 0.000000 -0.000000
vn -1.000000 0.000000 -0.000000
vn -1.000000 -0.000000 0.000000
vn -1.000000 0.000000 0.000000
vn -1.000000 -0.000000 0.000000
vn -1.000000 -0.000000 0.000000
vn 1.000000 0.000000 0.000000
vn 1.000000 0.000000 0.000000
vn 1.000000 0.000000 0.000000
vn 1.000000 0.000000 0.000000
vn 1.000000 0.000000 0.000000
vn 1.000000 0.000000 0.000000
vn 1.000000 0.000000 0.000000
vn 1.000000 0.000000 0.000000
vn 1.000000 0.000000 0.000000
vn 1.000000 0.000000 0.000000
vn 1.000000 0.000000 0.000000
vn 1.000000 0.000000 0.000000
vn 1.000000 0.000000 0.000000
vn 1.000000 0.000000 0.000000
vn 1.000000 0.000000 0.000000
vn 1.000000 0.000000 0.000000
vn 1.000000 0.000000 0.000000
vn 1.000000 0.000000 0.000000
vn 1.000000 0.000000 0.000000
vn 1.000000 0.000000 0.000000
vn 1.000000 0.000000 0.000000
vn 1.000000 0.000000 0.000000
vn 1.000000 0.000000 -0.000000
vn 1.000000 0.000000 0.000000
vn 1.000000 0.000000 0.000000
vn 1.000000 0.000000 0.000000
vn 1.000000 0.000000 0.000000
vn 1.000000 0.000000 0.000000
vn 1.000000 0.000000 0.000000
vn 1.000000 0.000000 0.000000
vn 1.000000 0.000000 0.000000
vn 1.000000 0.000000 -0.000000
vn 1.000000 0.000000 0.000000
vn 1.000000 0.000000 0.000000
vn 1.000000 0.000000 0.000000
vn 0.000000 0.084805 0.996398
vn 0.000000 0.084805 0.996398
vn 0.000000 0.251986 0.967731
vn 0.000000 0.251986 0.967731
vn 0.000000 0.411893 0.911232
vn 0.000000 0.411893 0.911232
vn 0.000000 0.559976 0.828509
vn 0.000000 0.559976 0.828509
vn 0.000000 0.691939 0.721956
vn 0.000000 0.691939 0.721956
vn 0.000000 0.804002 0.594627
vn 0.000000 0.804002 0.594627
vn -0.000000 0.892923 0.450210
vn 0.000000 0.892923 0.450210
vn -0.000000 0.956167 0.292823
vn 0.000000 0.956167 0.292823
vn 0.000000 0.991903 0.126998
vn 0.000000 0.991903 0.126998
vn 0.000000 0.999099 -0.042433
vn 0.000000 0.999099 -0.042433
vn 0.000000 0.977558 -0.210668
vn 0.000000 0.977558 -0.210668
vn 0.000000 0.927884 -0.372869
vn 0.000000 0.927884 -0.372869
vn 0.000000 0.851531 -0.524305
vn 0.000000 0.851531 -0.524305
vn 0.000000 0.750669 -0.660678
vn 0.000000 0.628218 -0.778038
vn 0.000000 0.750669 -0.660678
vn 0.000000 0.628218 -0.778038
vn 0.000000 0.487719 -0.873001
vn 0.000000 0.487719 -0.873001
vn 0.000000 0.333135 -0.942879
vn 0.000000 0.333135 -0.942879
vn 0.000000 0.169007 -0.985615
vn 0.000000 0.169007 -0.985615
vn 0.000000 0.000000 -1.000000
vn 0.000000 -0.169012 -0.985614
vn -0.000000 -0.000000 -1.000000
vn 0.000000 -0.333135 -0.942879
vn 0.000000 -0.169012 -0.985614
vn 0.000000 -0.333135 -0.942879
vn 0.000000 -0.487706 -0.873008
vn 0.000000 -0.628218 -0.778038
vn -0.000000 -0.487706 -0.873008
vn 0.000000 -0.628218 -0.778038
vn 0.000000 -0.750669 -0.660678
vn -0.000000 -0.750669 -0.660678
vn 0.000000 -0.851531 -0.524305
vn 0.000000 -0.927894 -0.372843
vn -0.000000 -0.851531 -0.524305
vn 0.000000 -0.927894 -0.372843
vn 0.000000 -0.977552 -0.210696
vn -0.000000 -0.977552 -0.210696
vn 0.000000 -0.999099 -0.042433
vn 0.000000 -0.991903 0.126998
vn -0.000000 -0.999099 -0.042433
vn 0.000000 -0.991903 0.126998
vn 0.000000 -0.956167 0.292823
vn 0.000000 -0.956167 0.292823
vn 0.000000 -0.892923 0.450210
vn 0.000000 -0.892923 0.450210
vn 0.000000 -0.804002 0.594627
vn 0.000000 -0.804002 0.594627
vn 0.000000 -0.691924 0.721971
vn 0.000000 -0.559990 0.828499
vn 0.000000 -0.691924 0.721971
vn 0.000000 -0.559990 0.828499
vn 0.000000 -0.411882 0.911237
vn 0.000000 -0.411882 0.911237
vn 0.000000 -0.251986 0.967731
vn 0.000000 -0.251986 0.967731
vn 0.000000 -0.084805 0.996398
vn 0.000000 -0.084805 0.996398
vn 1.000000 0.000000 0.000000
vn 1.000000 -0.000000 -0.000000
vn 1.000000 0.000000 0.000000
vn 1.000000 0.000000 0.000000
vn 1.000000 -0.000000 -0.000000
vn 1.000000 -0.000000 -0.000000
vn 1.000000 -0.000000 -0.000000
vn 1.000000 0.000000 -0.000000
vn 1.000000 0.000000 0.000000
vn 1.000000 0.000000 0.000000
vn 1.000000 0.000000 0.000000
vn 1.000000 0.000000 -0.000000
vn 1.000000 0.000000 -0.000000
vn 1.000000 0.000000 -0.000000
vn 1.000000 0.000000 -0.000000
vn 1.000000 0.000000 0.000000
vn 1.000000 0.000000 -0.000000
vn 1.000000 0.000000 0.000000
vn 1.000000 0.000000 0.000000
vn 1.000000 0.000000 0.000000
vn 1.000000 0.000000 -0.000000
vn 1.000000 0.000000 -0.000000
vn 1.000000 0.000000 0.000000
vn 1.000000 0.000000 0.000000
vn 1.000000 0.000000 0.000000
vn 1.000000 0.000000 0.000000
vn 1.000000 -0.000000 0.000000
vn 1.000000 0.000000 0.000000
vn 1.000000 0.000000 0.000000
vn 1.000000 0.000000 -0.000000
vn 1.000000 0.000000 -0.000000
vn 1.000000 0.000000 0.000000
vn 1.000000 0.000000 0.000000
vn 1.000000 0.000000 0.000000
vn 1.000000 0.000000 0.000000
vn -1.000000 0.000000 0.000000
vn -1.000000 0.000000 0.000000
vn -1.000000 0.000000 0.000000
vn -1.000000 0.000000 0.000000
vn -1.000000 0.000000 0.000000
vn -1.000000 0.000000 0.000000
vn -1.000000 0.000000 0.000000
vn -1.000000 0.000000 0.000000
vn -1.000000 0.000000 0.000000
vn -1.000000 0.000000 0.000000
vn -1.000000 0.000000 0.000000
vn -1.000000 0.000000 0.000000
vn -1.000000 0.000000 0.000000
vn -1.000000 0.000000 0.000000
vn -1.000000 0.000000 0.000000
vn -1.000000 0.000000 0.000000
vn -1.000000 0.000000 0.000000
vn -1.000000 0.000000 0.000000
vn -1.000000 0.000000 0.000000
vn -1.000000 0.000000 0.000000
vn -1.000000 0.000000 0.000000
vn -1.000000 0.000000 0.000000
vn -1.000000 0.000000 -0.000000
vn -1.000000 0.000000 0.000000
vn -1.000000 0.000000 0.000000
vn -1.000000 0.000000 0.000000
vn -1.000000 0.000000 0.000000
vn -1.000000 0.000000 0.000000
vn -1.000000 0.000000 0.000000
vn -1.000000 0.000000 0.000000
vn -1.000000 0.000000 0.000000
vn -1.000000 0.000000 -0.000000
vn -1.000000 -0.000000 0.000000
vn -1.000000 0.000000 0.000000
vn -1.000000 0.000000 0.000000
vn 0.000000 0.084805 -0.996398
vn 0.000000 0.084805 -0.996398
vn 0.000000 0.251958 -0.967738
vn 0.000000 0.251958 -0.967738
vn 0.000000 0.411918 -0.911221
vn 0.000000 0.559976 -0.828509
vn 0.000000 0.411918 -0.911221
vn 0.000000 0.559976 -0.828509
vn 0.000000 0.691939 -0.721956
vn 0.000000 0.803991 -0.594641
vn 0.000000 0.691939 -0.721956
vn 0.000000 0.803991 -0.594641
vn 0.000000 0.892935 -0.450186
vn 0.000000 0.892935 -0.450186
vn 0.000000 0.956161 -0.292840
vn 0.000000 0.956161 -0.292840
vn 0.000000 0.991903 -0.126994
vn 0.000000 0.991903 -0.126994
vn 0.000000 0.999099 0.042434
vn 0.000000 0.977560 0.210655
vn -0.000000 0.999099 0.042434
vn 0.000000 0.977560 0.210655
vn 0.000000 0.927884 0.372869
vn -0.000000 0.927884 0.372869
vn 0.000000 0.851531 0.524305
vn -0.000000 0.851531 0.524305
vn 0.000000 0.750656 0.660693
vn 0.000000 0.628236 0.778023
vn -0.000000 0.750656 0.660693
vn 0.000000 0.628236 0.778023
vn 0.000000 0.487673 0.873026
vn -0.000000 0.487673 0.873026
vn 0.000000 0.333162 0.942870
vn -0.000000 0.333162 0.942870
vn 0.000000 0.169007 0.985615
vn 0.000000 0.000000 1.000000
vn -0.000000 0.169007 0.985615
vn 0.000000 0.000000 1.000000
vn 0.000000 -0.169012 0.985614
vn 0.000000 -0.333162 0.942870
vn 0.000000 -0.169012 0.985614
vn 0.000000 -0.487661 0.873033
vn 0.000000 -0.333162 0.942870
vn 0.000000 -0.487661 0.873033
vn 0.000000 -0.628236 0.778023
vn 0.000000 -0.750656 0.660693
vn 0.000000 -0.628236 0.778023
vn 0.000000 -0.750656 0.660693
vn 0.000000 -0.851531 0.524305
vn 0.000000 -0.851531 0.524305
vn 0.000000 -0.927894 0.372843
vn 0.000000 -0.927894 0.372843
vn 0.000000 -0.977554 0.210684
vn 0.000000 -0.977554 0.210684
vn 0.000000 -0.999099 0.042434
vn 0.000000 -0.999099 0.042434
vn 0.000000 -0.991903 -0.126994
vn 0.000000 -0.991903 -0.126994
vn 0.000000 -0.956161 -0.292840
vn -0.000000 -0.892935 -0.450186
vn 0.000000 -0.956161 -0.292840
vn 0.000000 -0.892935 -0.450186
vn 0.000000 -0.803991 -0.594641
vn 0.000000 -0.803991 -0.594641
vn 0.000000 -0.691924 -0.721971
vn 0.000000 -0.691924 -0.721971
vn 0.000000 -0.559990 -0.828499
vn 0.000000 -0.559990 -0.828499
vn 0.000000 -0.411906 -0.911226
vn 0.000000 -0.411906 -0.911226
vn 0.000000 -0.251958 -0.967738
vn 0.000000 -0.251958 -0.967738
vn 0.000000 -0.084805 -0.996398
vn 0.000000 -0.084805 -0.996398
vn -1.000000 0.000000 0.000000
vn -1.000000 0.000000 -0.000000
vn -1.000000 0.000000 0.000000
vn -1.000000 0.000000 0.000000
vn -1.000000 0.000000 -0.000000
vn -1.000000 0.000000 -0.000000
vn -1.000000 0.000000 -0.000000
vn -1.000000 0.000000 -0.000000
vn -1.000000 0.000000 0.000000
vn -1.000000 0.000000 0.000000
vn -1.000000 0.000000 0.000000
vn -1.000000 -0.000000 -0.000000
vn -1.000000 -0.000000 -0.000000
vn -1.000000 -0.000000 -0.000000
vn -1.000000 -0.000000 -0.000000
vn -1.000000 0.000000 0.000000
vn -1.000000 -0.000000 -0.000000
vn -1.000000 0.000000 0.000000
vn -1.000000 0.000000 0.000000
vn -1.000000 0.000000 0.000000
vn -1.000000 -0.000000 -0.000000
vn -1.000000 -0.000000 -0.000000
vn -1.000000 -0.000000 0.000000
vn -1.000000 0.000000 0.000000
vn -1.000000 0.000000 0.000000
vn -1.000000 -0.000000 0.000000
vn -1.000000 0.000000 0.000000
vn -1.000000 0.000000 0.000000
vn -1.000000 0.000000 0.000000
vn -1.000000 0.000000 -0.000000
vn -1.000000 0.000000 -0.000000
vn -1.000000 -0.000000 0.000000
vn -1.000000 0.000000 0.000000
vn -1.000000 -0.000000 0.000000
vn -1.000000 -0.000000 0.000000
vn 1.000000 0.000000 0.000000
vn 1.000000 0.000000 0.000000
vn 1.000000 0.000000 0.000000
vn 1.000000 0.000000 0.000000
vn 1.000000 0.000000 0.000000
vn 1.000000 0.000000 0.000000
vn 1.000000 0.000000 0.000000
vn 1.000000 0.000000 0.000000
vn 1.000000 0.000000 0.000000
vn 1.000000 0.000000 0.000000
vn 1.000000 0.000000 0.000000
vn 1.000000 0.000000 0.000000
vn 1.000000 0.000000 0.000000
vn 1.000000 0.000000 0.000000
vn 1.000000 0.000000 0.000000
vn 1.000000 0.000000 0.000000
vn 1.000000 0.000000 0.000000
vn 1.000000 0.000000 0.000000
vn 1.000000 0.000000 0.000000
vn 1.000000 0.000000 0.000000
vn 1.000000 0.000000 0.000000
vn 1.000000 0.000000 0.000000
vn 1.000000 0.000000 -0.000000
vn 1.000000 0.000000 0.000000
vn 1.000000 0.000000 0.000000
vn 1.000000 0.000000 0.000000
vn 1.000000 0.000000 0.000000
vn 1.000000 0.000000 0.000000
vn 1.000000 0.000000 0.000000
vn 1.000000 0.000000 0.000000
vn 1.000000 0.000000 0.000000
vn 1.000000 0.000000 -0.000000
vn 1.000000 0.000000 0.000000
vn 1.000000 0.000000 0.000000
vn 1.000000 0.000000 0.000000
vn 0.000000 0.084805 0.996398
vn 0.000000 0.084805 0.996398
vn 0.000000 0.251958 0.967738
vn 0.000000 0.251958 0.967738
vn 0.000000 0.411918 0.911221
vn 0.000000 0.411918 0.911221
vn 0.000000 0.559976 0.828509
vn 0.000000 0.559976 0.828509
vn 0.000000 0.691939 0.721956
vn 0.000000 0.691939 0.721956
vn 0.000000 0.803991 0.594641
vn 0.000000 0.803991 0.594641
vn -0.000000 0.892935 0.450186
vn 0.000000 0.892935 0.450186
vn -0.000000 0.956161 0.292840
vn 0.000000 0.956161 0.292840
vn 0.000000 0.991903 0.126994
vn 0.000000 0.991903 0.126994
vn 0.000000 0.999099 -0.042434
vn 0.000000 0.999099 -0.042434
vn 0.000000 0.977560 -0.210655
vn 0.000000 0.977560 -0.210655
vn 0.000000 0.927884 -0.372869
vn 0.000000 0.927884 -0.372869
vn 0.000000 0.851531 -0.524305
vn 0.000000 0.851531 -0.524305
vn 0.000000 0.750656 -0.660693
vn 0.000000 0.628236 -0.778023
vn 0.000000 0.750656 -0.660693
vn 0.000000 0.628236 -0.778023
vn 0.000000 0.487673 -0.873026
vn 0.000000 0.487673 -0.873026
vn 0.000000 0.333162 -0.942870
vn 0.000000 0.333162 -0.942870
vn 0.000000 0.169007 -0.985615
vn 0.000000 0.169007 -0.985615
vn 0.000000 0.000000 -1.000000
vn 0.000000 -0.169012 -0.985614
vn -0.000000 -0.000000 -1.000000
vn 0.000000 -0.333162 -0.942870
vn 0.000000 -0.169012 -0.985614
vn 0.000000 -0.333162 -0.942870
vn 0.000000 -0.487661 -0.873033
vn 0.000000 -0.628236 -0.778023
vn -0.000000 -0.487661 -0.873033
vn 0.000000 -0.628236 -0.778023
vn 0.000000 -0.750656 -0.660693
vn -0.000000 -0.750656 -0.660693
vn 0.000000 -0.851531 -0.524305
vn 0.000000 -0.927894 -0.372843
vn -0.000000 -0.851531 -0.524305
vn 0.000000 -0.927894 -0.372843
vn 0.000000 -0.977554 -0.210684
vn -0.000000 -0.977554 -0.210684
vn 0.000000 -0.999099 -0.042434
vn 0.000000 -0.991903 0.126994
vn -0.000000 -0.999099 -0.042434
vn 0.000000 -0.991903 0.126994
vn 0.000000 -0.956161 0.292840
vn 0.000000 -0.956161 0.292840
vn 0.000000 -0.892935 0.450186
vn 0.000000 -0.892935 0.450186
vn 0.000000 -0.803991 0.594641
vn 0.000000 -0.803991 0.594641
vn 0.000000 -0.691924 0.721971
vn 0.000000 -0.559990 0.828499
vn 0.000000 -0.691924 0.721971
vn 0.000000 -0.559990 0.828499
vn 0.000000 -0.411906 0.911226
vn 0.000000 -0.411906 0.911226
vn 0.000000 -0.251958 0.967738
vn 0.000000 -0.251958 0.967738
vn 0.000000 -0.084805 0.996398
vn 0.000000 -0.084805 0.996398
vn 1.000000 0.000000 0.000000
vn 1.000000 -0.000000 -0.000000
vn 1.000000 0.000000 0.000000
vn 1.000000 0.000000 0.000000
vn 1.000000 -0.000000 -0.000000
vn 1.000000 -0.000000 -0.000000
vn 1.000000 -0.000000 -0.000000
vn 1.000000 0.000000 -0.000000
vn 1.000000 0.000000 0.000000
vn 1.000000 0.000000 0.000000
vn 1.000000 0.000000 0.000000
vn 1.000000 0.000000 -0.000000
vn 1.000000 0.000000 -0.000000
vn 1.000000 0.000000 -0.000000
vn 1.000000 0.000000 -0.000000
vn 1.000000 0.000000 0.000000
vn 1.000000 0.000000 -0.000000
vn 1.000000 0.000000 0.000000
vn 1.000000 0.000000 0.000000
vn 1.000000 0.000000 0.000000
vn 1.000000 0.000000 -0.000000
vn 1.000000 0.000000 -0.000000
vn 1.000000 0.000000 0.000000
vn 1.000000 0.000000 0.000000
vn 1.000000 0.000000 0.000000
vn 1.000000 0.000000 0.000000
vn 1.000000 -0.000000 0.000000
vn 1.000000 0.000000 0.000000
vn 1.000000 0.000000 0.000000
vn 1.000000 0.000000 -0.000000
vn 1.000000 0.000000 -0.000000
vn 1.000000 0.000000 0.000000
vn 1.000000 0.000000 0.000000
vn 1.000000 0.000000 0.000000
vn 1.000000 0.000000 0.000000
vn -1.000000 0.000000 0.000000
vn -1.000000 0.000000 0.000000
vn -1.000000 0.000000 0.000000
vn -1.000000 0.000000 0.000000
vn -1.000000 0.000000 0.000000
vn -1.000000 0.000000 0.000000
vn -1.000000 0.000000 0.000000
vn -1.000000 0.000000 0.000000
vn -1.000000 0.000000 0.000000
vn -1.000000 0.000000 0.000000
vn -1.000000 0.000000 0.000000
vn -1.000000 0.000000 0.000000
vn -1.000000 0.000000 0.000000
vn -1.000000 0.000000 0.000000
vn -1.000000 0.000000 0.000000
vn -1.000000 0.000000 0.000000
vn -1.000000 0.000000 0.000000
vn -1.000000 0.000000 0.000000
vn -1.000000 0.000000 0.000000
vn -1.000000 0.000000 0.000000
vn -1.000000 0.000000 0.000000
vn -1.000000 0.000000 0.000000
vn -1.000000 0.000000 -0.000000
vn -1.000000 0.000000 0.000000
vn -1.000000 0.000000 0.000000
vn -1.000000 0.000000 0.000000
vn -1.000000 0.000000 0.000000
vn -1.000000 0.000000 0.000000
vn -1.000000 0.000000 0.000000
vn -1.000000 0.000000 0.000000
vn -1.000000 0.000000 0.000000
vn -1.000000 0.000000 -0.000000
vn -1.000000 -0.000000 0.000000
vn -1.000000 0.000000 0.000000
vn -1.000000 0.000000 0.000000
vn 0.000000 0.084807 -0.996397
vn 0.000000 0.084807 -0.996397
vn 0.000000 0.251979 -0.967733
vn 0.000000 0.251979 -0.967733
vn 0.000000 0.411918 -0.911221
vn 0.000000 0.559941 -0.828532
vn 0.000000 0.411918 -0.911221
vn 0.000000 0.559941 -0.828532
vn 0.000000 0.691954 -0.721942
vn 0.000000 0.803987 -0.594647
vn 0.000000 0.691954 -0.721942
vn 0.000000 0.803987 -0.594647
vn 0.000000 0.892941 -0.450174
vn 0.000000 0.892941 -0.450174
vn 0.000000 0.956156 -0.292859
vn 0.000000 0.956156 -0.292859
vn 0.000000 0.991907 -0.126968
vn 0.000000 0.991907 -0.126968
vn 0.000000 0.999101 0.042403
vn 0.000000 0.977552 0.210696
vn -0.000000 0.999101 0.042403
vn 0.000000 0.977552 0.210696
vn 0.000000 0.927888 0.372859
vn -0.000000 0.927888 0.372859
vn 0.000000 0.851531 0.524305
vn -0.000000 0.851531 0.524305
vn 0.000000 0.750669 0.660678
vn 0.000000 0.628232 0.778026
vn -0.000000 0.750669 0.660678
vn 0.000000 0.628232 0.778026
vn 0.000000 0.487696 0.873013
vn -0.000000 0.487696 0.873013
vn 0.000000 0.333117 0.942886
vn -0.000000 0.333117 0.942886
vn 0.000000 0.169017 0.985613
vn 0.000000 0.000000 1.000000
vn -0.000000 0.169017 0.985613
vn 0.000000 0.000000 1.000000
vn 0.000000 -0.169017 0.985613
vn 0.000000 -0.333117 0.942886
vn 0.000000 -0.169017 0.985613
vn 0.000000 -0.487696 0.873013
vn 0.000000 -0.333117 0.942886
vn 0.000000 -0.487696 0.873013
vn 0.000000 -0.628232 0.778026
vn 0.000000 -0.750669 0.660678
vn 0.000000 -0.628232 0.778026
vn 0.000000 -0.750669 0.660678
vn 0.000000 -0.851531 0.524305
vn 0.000000 -0.851531 0.524305
vn 0.000000 -0.927888 0.372859
vn 0.000000 -0.927888 0.372859
vn 0.000000 -0.977552 0.210696
vn 0.000000 -0.977552 0.210696
vn 0.000000 -0.999101 0.042403
vn 0.000000 -0.999101 0.042403
vn 0.000000 -0.991907 -0.126968
vn 0.000000 -0.991907 -0.126968
vn 0.000000 -0.956156 -0.292859
vn -0.000000 -0.892941 -0.450174
vn 0.000000 -0.956156 -0.292859
vn 0.000000 -0.892941 -0.450174
vn 0.000000 -0.803987 -0.594647
vn 0.000000 -0.803987 -0.594647
vn 0.000000 -0.691954 -0.721942
vn 0.000000 -0.691954 -0.721942
vn 0.000000 -0.559941 -0.828532
vn 0.000000 -0.559941 -0.828532
vn 0.000000 -0.411918 -0.911221
vn 0.000000 -0.411918 -0.911221
vn 0.000000 -0.251979 -0.967733
vn 0.000000 -0.251979 -0.967733
vn 0.000000 -0.084807 -0.996397
vn 0.000000 -0.084807 -0.996397
vn -1.000000 0.000000 -0.000000
vn -1.000000 0.000000 -0.000000
vn -1.000000 -0.000000 -0.000000
vn -1.000000 -0.000000 -0.000000
vn -1.000000 0.000000 -0.000000
vn -1.000000 0.000000 -0.000000
vn -1.000000 0.000000 -0.000000
vn -1.000000 0.000000 -0.000000
vn -1.000000 -0.000000 -0.000000
vn -1.000000 -0.000000 -0.000000
vn -1.000000 0.000000 -0.000000
vn -1.000000 0.000000 -0.000000
vn -1.000000 0.000000 -0.000000
vn -1.000000 0.000000 -0.000000
vn -1.000000 -0.000000 -0.000000
vn -1.000000 0.000000 0.000000
vn -1.000000 0.000000 0.000000
vn -1.000000 -0.000000 0.000000
vn -1.000000 -0.000000 0.000000
vn -1.000000 0.000000 -0.000000
vn -1.000000 0.000000 0.000000
vn -1.000000 0.000000 -0.000000
vn -1.000000 0.000000 0.000000
vn -1.000000 0.000000 0.000000
vn -1.000000 0.000000 0.000000
vn -1.000000 0.000000 0.000000
vn -1.000000 -0.000000 0.000000
vn -1.000000 0.000000 0.000000
vn -1.000000 0.000000 0.000000
vn -1.000000 -0.000000 0.000000
vn -1.000000 0.000000 0.000000
vn -1.000000 0.000000 0.000000
vn -1.000000 0.000000 0.000000
vn -1.000000 0.000000 0.000000
vn -1.000000 0.000000 0.000000
vn 1.000000 0.000000 0.000000
vn 1.000000 0.000000 0.000000
vn 1.000000 0.000000 0.000000
vn 1.000000 0.000000 0.000000
vn 1.000000 0.000000 0.000000
vn 1.000000 0.000000 0.000000
vn 1.000000 0.000000 0.000000
vn 1.000000 0.000000 0.000000
vn 1.000000 0.000000 0.000000
vn 1.000000 0.000000 0.000000
vn 1.000000 0.000000 0.000000
vn 1.000000 0.000000 0.000000
vn 1.000000 0.000000 0.000000
vn 1.000000 0.000000 0.000000
vn 1.000000 0.000000 0.000000
vn 1.000000 0.000000 0.000000
vn 1.000000 0.000000 0.000000
vn 1.000000 0.000000 0.000000
vn 1.000000 0.000000 -0.000000
vn 1.000000 0.000000 0.000000
vn 1.000000 0.000000 0.000000
vn 1.000000 0.000000 0.000000
vn 1.000000 0.000000 0.000000
vn 1.000000 0.000000 0.000000
vn 1.000000 0.000000 0.000000
vn 1.000000 0.000000 0.000000
vn 1.000000 0.000000 -0.000000
vn 1.000000 0.000000 0.000000
vn 1.000000 0.000000 0.000000
vn 1.000000 0.000000 0.000000
vn 1.000000 0.000000 0.000000
vn 1.000000 0.000000 0.000000
vn 1.000000 0.000000 0.000000
vn 1.000000 0.000000 -0.000000
vn 1.000000 0.000000 0.000000
vn 0.000000 0.084807 0.996397
vn 0.000000 0.084807 0.996397
vn 0.000000 0.251979 0.967733
vn 0.000000 0.251979 0.967733
vn 0.000000 0.411893 0.911232
vn 0.000000 0.411893 0.911232
vn 0.000000 0.559962 0.828518
vn 0.000000 0.559962 0.828518
vn 0.000000 0.691954 0.721942
vn 0.000000 0.691954 0.721942
vn 0.000000 0.803987 0.594647
vn 0.000000 0.803987 0.594647
vn -0.000000 0.892935 0.450186
vn 0.000000 0.892935 0.450186
vn -0.000000 0.956158 0.292851
vn 0.000000 0.956158 0.292851
vn 0.000000 0.991907 0.126968
vn 0.000000 0.991907 0.126968
vn 0.000000 0.999101 -0.042403
vn 0.000000 0.999101 -0.042403
vn 0.000000 0.977552 -0.210696
vn 0.000000 0.977552 -0.210696
vn 0.000000 0.927884 -0.372869
vn 0.000000 0.927884 -0.372869
vn 0.000000 0.851531 -0.524305
vn 0.000000 0.851531 -0.524305
vn 0.000000 0.750669 -0.660678
vn 0.000000 0.628232 -0.778026
vn 0.000000 0.750669 -0.660678
vn 0.000000 0.628232 -0.778026
vn 0.000000 0.487719 -0.873001
vn 0.000000 0.487719 -0.873001
vn 0.000000 0.333117 -0.942886
vn 0.000000 0.333117 -0.942886
vn 0.000000 0.169017 -0.985613
vn 0.000000 0.169017 -0.985613
vn 0.000000 0.000000 -1.000000
vn 0.000000 -0.169017 -0.985613
vn -0.000000 -0.000000 -1.000000
vn 0.000000 -0.333117 -0.942886
vn 0.000000 -0.169017 -0.985613
vn 0.000000 -0.333117 -0.942886
vn 0.000000 -0.487719 -0.873001
vn 0.000000 -0.628232 -0.778026
vn -0.000000 -0.487719 -0.873001
vn 0.000000 -0.628232 -0.778026
vn 0.000000 -0.750669 -0.660678
vn -0.000000 -0.750669 -0.660678
vn 0.000000 -0.851531 -0.524305
vn 0.000000 -0.927884 -0.372869
vn -0.000000 -0.851531 -0.524305
vn 0.000000 -0.927884 -0.372869
vn 0.000000 -0.977552 -0.210696
vn -0.000000 -0.977552 -0.210696
vn 0.000000 -0.999101 -0.042403
vn 0.000000 -0.991907 0.126968
vn -0.000000 -0.999101 -0.042403
vn 0.000000 -0.991907 0.126968
vn 0.000000 -0.956158 0.292851
vn 0.000000 -0.956158 0.292851
vn 0.000000 -0.892935 0.450186
vn 0.000000 -0.892935 0.450186
vn 0.000000 -0.803987 0.594647
vn 0.000000 -0.803987 0.594647
vn 0.000000 -0.691954 0.721942
vn 0.000000 -0.559962 0.828518
vn 0.000000 -0.691954 0.721942
vn 0.000000 -0.559962 0.828518
vn 0.000000 -0.411893 0.911232
vn 0.000000 -0.411893 0.911232
vn 0.000000 -0.251979 0.967733
vn 0.000000 -0.251979 0.967733
vn 0.000000 -0.084807 0.996397
vn 0.000000 -0.084807 0.996397
vn 1.000000 0.000000 -0.000000
vn 1.000000 -0.000000 -0.000000
vn 1.000000 0.000000 -0.000000
vn 1.000000 0.000000 -0.000000
vn 1.000000 0.000000 -0.000000
vn 1.000000 0.000000 -0.000000
vn 1.000000 0.000000 -0.000000
vn 1.000000 0.000000 -0.000000
vn 1.000000 0.000000 -0.000000
vn 1.000000 0.000000 -0.000000
vn 1.000000 0.000000 -0.000000
vn 1.000000 0.000000 -0.000000
vn 1.000000 0.000000 -0.000000
vn 1.000000 0.000000 -0.000000
vn 1.000000 0.000000 -0.000000
vn 1.000000 0.000000 0.000000
vn 1.000000 0.000000 0.000000
vn 1.000000 0.000000 0.000000
vn 1.000000 0.000000 0.000000
vn 1.000000 0.000000 -0.000000
vn 1.000000 0.000000 0.000000
vn 1.000000 0.000000 -0.000000
vn 1.000000 0.000000 0.000000
vn 1.000000 -0.000000 0.000000
vn 1.000000 0.000000 0.000000
vn 1.000000 0.000000 0.000000
vn 1.000000 0.000000 0.000000
vn 1.000000 0.000000 0.000000
vn 1.000000 0.000000 0.000000
vn 1.000000 0.000000 0.000000
vn 1.000000 0.000000 0.000000
vn 1.000000 0.000000 0.000000
vn 1.000000 0.000000 0.000000
vn 1.000000 0.000000 0.000000
vn 1.000000 -0.000000 0.000000
vn -1.000000 0.000000 0.000000
vn -1.000000 0.000000 0.000000
vn -1.000000 0.000000 0.000000
vn -1.000000 0.000000 0.000000
vn -1.000000 0.000000 0.000000
vn -1.000000 0.000000 0.000000
vn -1.000000 -0.000000 0.000000
vn -1.000000 0.000000 0.000000
vn -1.000000 0.000000 0.000000
vn -1.000000 0.000000 0.000000
vn -1.000000 0.000000 0.000000
vn -1.000000 -0.000000 0.000000
vn -1.000000 0.000000 0.000000
vn -1.000000 0.000000 0.000000
vn -1.000000 0.000000 0.000000
vn -1.000000 0.000000 0.000000
vn -1.000000 0.000000 0.000000
vn -1.000000 0.000000 0.000000
vn -1.000000 0.000000 -0.000000
vn -1.000000 0.000000 0.000000
vn -1.000000 -0.000000 0.000000
vn -1.000000 0.000000 0.000000
vn -1.000000 0.000000 0.000000
vn -1.000000 0.000000 0.000000
vn -1.000000 -0.000000 0.000000
vn -1.000000 0.000000 0.000000
vn -1.000000 0.000000 -0.000000
vn -1.000000 0.000000 0.000000
vn -1.000000 0.000000 0.000000
vn -1.000000 0.000000 0.000000
vn -1.000000 0.000000 0.000000
vn -1.000000 -0.000000 0.000000
vn -1.000000 0.000000 0.000000
vn -1.000000 0.000000 -0.000000
vn -1.000000 0.000000 0.000000
vn 0.000000 0.084807 -0.996397
vn 0.000000 0.084807 -0.996397
vn 0.000000 0.251951 -0.967740
vn 0.000000 0.251951 -0.967740
vn 0.000000 0.411918 -0.911221
vn 0.000000 0.559962 -0.828518
vn 0.000000 0.411918 -0.911221
vn 0.000000 0.559962 -0.828518
vn 0.000000 0.691954 -0.721942
vn 0.000000 0.803977 -0.594661
vn 0.000000 0.691954 -0.721942
vn 0.000000 0.803977 -0.594661
vn 0.000000 0.892947 -0.450162
vn 0.000000 0.892947 -0.450162
vn 0.000000 0.956153 -0.292868
vn 0.000000 0.956153 -0.292868
vn 0.000000 0.991907 -0.126965
vn 0.000000 0.991907 -0.126965
vn 0.000000 0.999101 0.042404
vn 0.000000 0.977554 0.210684
vn -0.000000 0.999101 0.042404
vn 0.000000 0.977554 0.210684
vn 0.000000 0.927884 0.372869
vn -0.000000 0.927884 0.372869
vn 0.000000 0.851531 0.524305
vn -0.000000 0.851531 0.524305
vn 0.000000 0.750656 0.660693
vn 0.000000 0.628251 0.778011
vn -0.000000 0.750656 0.660693
vn 0.000000 0.628251 0.778011
vn 0.000000 0.487673 0.873026
vn -0.000000 0.487673 0.873026
vn 0.000000 0.333143 0.942876
vn -0.000000 0.333143 0.942876
vn 0.000000 0.169017 0.985613
vn 0.000000 0.000000 1.000000
vn -0.000000 0.169017 0.985613
vn 0.000000 0.000000 1.000000
vn 0.000000 -0.169017 0.985613
vn 0.000000 -0.333143 0.942876
vn 0.000000 -0.169017 0.985613
vn 0.000000 -0.487673 0.873026
vn 0.000000 -0.333143 0.942876
vn 0.000000 -0.487673 0.873026
vn 0.000000 -0.628251 0.778011
vn 0.000000 -0.750656 0.660693
vn 0.000000 -0.628251 0.778011
vn 0.000000 -0.750656 0.660693
vn 0.000000 -0.851531 0.524305
vn 0.000000 -0.851531 0.524305
vn 0.000000 -0.927884 0.372869
vn 0.000000 -0.927884 0.372869
vn 0.000000 -0.977554 0.210684
vn 0.000000 -0.977554 0.210684
vn 0.000000 -0.999101 0.042404
vn 0.000000 -0.999101 0.042404
vn 0.000000 -0.991907 -0.126965
vn 0.000000 -0.991907 -0.126965
vn 0.000000 -0.956153 -0.292868
vn -0.000000 -0.892947 -0.450162
vn 0.000000 -0.956153 -0.292868
vn 0.000000 -0.892947 -0.450162
vn 0.000000 -0.803977 -0.594661
vn 0.000000 -0.803977 -0.594661
vn 0.000000 -0.691954 -0.721942
vn 0.000000 -0.691954 -0.721942
vn 0.000000 -0.559962 -0.828518
vn 0.000000 -0.559962 -0.828518
vn 0.000000 -0.411918 -0.911221
vn 0.000000 -0.411918 -0.911221
vn 0.000000 -0.251951 -0.967740
vn 0.000000 -0.251951 -0.967740
vn 0.000000 -0.084807 -0.996397
vn 0.000000 -0.084807 -0.996397
vn -1.000000 0.000000 -0.000000
vn -1.000000 0.000000 -0.000000
vn -1.000000 -0.000000 -0.000000
vn -1.000000 -0.000000 -0.000000
vn -1.000000 0.000000 -0.000000
vn -1.000000 0.000000 -0.000000
vn -1.000000 0.000000 -0.000000
vn -1.000000 0.000000 -0.000000
vn -1.000000 -0.000000 -0.000000
vn -1.000000 -0.000000 -0.000000
vn -1.000000 0.000000 -0.000000
vn -1.000000 0.000000 -0.000000
vn -1.000000 0.000000 -0.000000
vn -1.000000 0.000000 -0.000000
vn -1.000000 -0.000000 -0.000000
vn -1.000000 0.000000 0.000000
vn -1.000000 0.000000 0.000000
vn -1.000000 -0.000000 0.000000
vn -1.000000 -0.000000 0.000000
vn -1.000000 0.000000 -0.000000
vn -1.000000 0.000000 0.000000
vn -1.000000 0.000000 -0.000000
vn -1.000000 0.000000 0.000000
vn -1.000000 0.000000 0.000000
vn -1.000000 0.000000 0.000000
vn -1.000000 0.000000 0.000000
vn -1.000000 -0.000000 0.000000
vn -1.000000 0.000000 0.000000
vn -1.000000 0.000000 0.000000
vn -1.000000 -0.000000 0.000000
vn -1.000000 0.000000 0.000000
vn -1.000000 0.000000 0.000000
vn -1.000000 0.000000 0.000000
vn -1.000000 0.000000 0.000000
vn -1.000000 0.000000 0.000000
vn 1.000000 0.000000 0.000000
vn 1.000000 0.000000 0.000000
vn 1.000000 0.000000 0.000000
vn 1.000000 0.000000 0.000000
vn 1.000000 0.000000 0.000000
vn 1.000000 0.000000 0.000000
vn 1.000000 0.000000 0.000000
vn 1.000000 0.000000 0.000000
vn 1.000000 0.000000 0.000000
vn 1.000000 0.000000 0.000000
vn 1.000000 0.000000 0.000000
vn 1.000000 0.000000 0.000000
vn 1.000000 0.000000 0.000000
vn 1.000000 0.000000 0.000000
vn 1.000000 0.000000 0.000000
vn 1.000000 0.000000 0.000000
vn 1.000000 0.000000 0.000000
vn 1.000000 0.000000 0.000000
vn 1.000000 0.000000 -0.000000
vn 1.000000 0.000000 0.000000
vn 1.000000 0.000000 0.000000
vn 1.000000 0.000000 0.000000
vn 1.000000 0.000000 0.000000
vn 1.000000 0.000000 0.000000
vn 1.000000 0.000000 0.000000
vn 1.000000 0.000000 0.000000
vn 1.000000 0.000000 -0.000000
vn 1.000000 0.000000 0.000000
vn 1.000000 0.000000 0.000000
vn 1.000000 0.000000 0.000000
vn 1.000000 0.000000 0.000000
vn 1.000000 0.000000 0.000000
vn 1.000000 0.000000 0.000000
vn 1.000000 0.000000 -0.000000
vn 1.000000 0.000000 0.000000
vn 0.000000 0.084807 0.996397
vn 0.000000 0.084807 0.996397
vn 0.000000 0.251951 0.967740
vn 0.000000 0.251951 0.967740
vn 0.000000 0.411918 0.911221
vn 0.000000 0.411918 0.911221
vn 0.000000 0.559962 0.828518
vn 0.000000 0.559962 0.828518
vn 0.000000 0.691954 0.721942
vn 0.000000 0.691954 0.721942
vn 0.000000 0.803977 0.594661
vn 0.000000 0.803977 0.594661
vn -0.000000 0.892947 0.450162
vn 0.000000 0.892947 0.450162
vn -0.000000 0.956153 0.292868
vn 0.000000 0.956153 0.292868
vn 0.000000 0.991907 0.126965
vn 0.000000 0.991907 0.126965
vn 0.000000 0.999101 -0.042404
vn 0.000000 0.999101 -0.042404
vn 0.000000 0.977554 -0.210684
vn 0.000000 0.977554 -0.210684
vn 0.000000 0.927884 -0.372869
vn 0.000000 0.927884 -0.372869
vn 0.000000 0.851531 -0.524305
vn 0.000000 0.851531 -0.524305
vn 0.000000 0.750656 -0.660693
vn 0.000000 0.628251 -0.778011
vn 0.000000 0.750656 -0.660693
vn 0.000000 0.628251 -0.778011
vn 0.000000 0.487673 -0.873026
vn 0.000000 0.487673 -0.873026
vn 0.000000 0.333143 -0.942876
vn 0.000000 0.333143 -0.942876
vn 0.000000 0.169017 -0.985613
vn 0.000000 0.169017 -0.985613
vn 0.000000 0.000000 -1.000000
vn 0.000000 -0.169017 -0.985613
vn -0.000000 -0.000000 -1.000000
vn 0.000000 -0.333143 -0.942876
vn 0.000000 -0.169017 -0.985613
vn 0.000000 -0.333143 -0.942876
vn 0.000000 -0.487673 -0.873026
vn 0.000000 -0.628251 -0.778011
vn -0.000000 -0.487673 -0.873026
vn 0.000000 -0.628251 -0.778011
vn 0.000000 -0.750656 -0.660693
vn -0.000000 -0.750656 -0.660693
vn 0.000000 -0.851531 -0.524305
vn 0.000000 -0.927884 -0.372869
vn -0.000000 -0.851531 -0.524305
vn 0.000000 -0.927884 -0.372869
vn 0.000000 -0.977554 -0.210684
vn -0.000000 -0.977554 -0.210684
vn 0.000000 -0.999101 -0.042404
vn 0.000000 -0.991907 0.126965
vn -0.000000 -0.999101 -0.042404
vn 0.000000 -0.991907 0.126965
vn 0.000000 -0.956153 0.292868
vn 0.000000 -0.956153 0.292868
vn 0.000000 -0.892947 0.450162
vn 0.000000 -0.892947 0.450162
vn 0.000000 -0.803977 0.594661
vn 0.000000 -0.803977 0.594661
vn 0.000000 -0.691954 0.721942
vn 0.000000 -0.559962 0.828518
vn 0.000000 -0.691954 0.721942
vn 0.000000 -0.559962 0.828518
vn 0.000000 -0.411918 0.911221
vn 0.000000 -0.411918 0.911221
vn 0.000000 -0.251951 0.967740
vn 0.000000 -0.251951 0.967740
vn 0.000000 -0.084807 0.996397
vn 0.000000 -0.084807 0.996397
vn 1.000000 0.000000 -0.000000
vn 1.000000 -0.000000 -0.000000
vn 1.000000 0.000000 -0.000000
vn 1.000000 0.000000 -0.000000
vn 1.000000 0.000000 -0.000000
vn 1.000000 0.000000 -0.000000
vn 1.000000 0.000000 -0.000000
vn 1.000000 0.000000 -0.000000
vn 1.000000 0.000000 -0.000000
vn 1.000000 0.000000 -0.000000
vn 1.000000 0.000000 -0.000000
vn 1.000000 0.000000 -0.000000
vn 1.000000 0.000000 -0.000000
vn 1.000000 0.000000 -0.000000
vn 1.000000 0.000000 -0.000000
vn 1.000000 0.000000 0.000000
vn 1.000000 0.000000 0.000000
vn 1.000000 0.000000 0.000000
vn 1.000000 0.000000 0.000000
vn 1.000000 0.000000 -0.000000
vn 1.000000 0.000000 0.000000
vn 1.000000 0.000000 -0.000000
vn 1.000000 0.000000 0.000000
vn 1.000000 -0.000000 0.000000
vn 1.000000 0.000000 0.000000
vn 1.000000 0.000000 0.000000
vn 1.000000 0.000000 0.000000
vn 1.000000 0.000000 0.000000
vn 1.000000 0.000000 0.000000
vn 1.000000 0.000000 0.000000
vn 1.000000 0.000000 0.000000
vn 1.000000 0.000000 0.000000
vn 1.000000 0.000000 0.000000
vn 1.000000 0.000000 0.000000
vn 1.000000 -0.000000 0.000000
vn -1.000000 0.000000 0.000000
vn -1.000000 0.000000 0.000000
vn -1.000000 0.000000 0.000000
vn -1.000000 0.000000 0.000000
vn -1.000000 0.000000 0.000000
vn -1.000000 0.000000 0.000000
vn -1.000000 -0.000000 0.000000
vn -1.000000 0.000000 0.000000
vn -1.000000 0.000000 0.000000
vn -1.000000 0.000000 0.000000
vn -1.000000 0.000000 0.000000
vn -1.000000 -0.000000 0.000000
vn -1.000000 0.000000 0.000000
vn -1.000000 0.000000 0.000000
vn -1.000000 0.000000 0.000000
vn -1.000000 0.000000 0.000000
vn -1.000000 0.000000 0.000000
vn -1.000000 0.000000 0.000000
vn -1.000000 0.000000 -0.000000
vn -1.000000 0.000000 0.000000
vn -1.000000 -0.000000 0.000000
vn -1.000000 0.000000 0.000000
vn -1.000000 0.000000 0.000000
vn -1.000000 0.000000 0.000000
vn -1.000000 -0.000000 0.000000
vn -1.000000 0.000000 0.000000
vn -1.000000 0.000000 -0.000000
vn -1.000000 0.000000 0.000000
vn -1.000000 0.000000 0.000000
vn -1.000000 0.000000 0.000000
vn -1.000000 0.000000 0.000000
vn -1.000000 -0.000000 0.000000
vn -1.000000 0.000000 0.000000
vn -1.000000 0.000000 -0.000000
vn -1.000000 0.000000 0.000000
vn 0.996398 -0.084805 0.000000
vn 0.996398 -0.084805 0.000000
vn 0.967738 -0.251958 0.000000
vn 0.967738 -0.251958 0.000000
vn 0.911226 -0.411906 0.000000
vn 0.911226 -0.411906 0.000000
vn 0.828499 -0.559990 0.000000
vn 0.828499 -0.559990 0.000000
vn 0.721971 -0.691924 0.000000
vn 0.721971 -0.691924 0.000000
vn 0.594627 -0.804002 0.000000
vn 0.594627 -0.804002 0.000000
vn 0.450210 -0.892923 0.000000
vn 0.450210 -0.892923 0.000000
vn 0.292832 -0.956164 0.000000
vn 0.292832 -0.956164 0.000000
vn 0.126998 -0.991903 0.000000
vn 0.126998 -0.991903 0.000000
vn -0.042433 -0.999099 0.000000
vn -0.042433 -0.999099 -0.000000
vn -0.210690 -0.977553 0.000000
vn -0.210690 -0.977553 -0.000000
vn -0.372843 -0.927894 0.000000
vn -0.372843 -0.927894 -0.000000
vn -0.524305 -0.851531 0.000000
vn -0.524305 -0.851531 -0.000000
vn -0.660678 -0.750669 0.000000
vn -0.778038 -0.628218 0.000000
vn -0.660678 -0.750669 -0.000000
vn -0.778038 -0.628218 0.000000
vn -0.873020 -0.487684 0.000000
vn -0.873020 -0.487684 -0.000000
vn -0.942870 -0.333162 0.000000
vn -0.942870 -0.333162 -0.000000
vn -0.985619 -0.168983 0.000000
vn -0.985619 -0.168983 -0.000000
vn -1.000000 0.000000 0.000000
vn -0.985620 0.168978 0.000000
vn -1.000000 0.000000 0.000000
vn -0.942870 0.333162 0.000000
vn -0.985620 0.168978 0.000000
vn -0.942870 0.333162 0.000000
vn -0.873013 0.487696 0.000000
vn -0.778038 0.628218 0.000000
vn -0.873013 0.487696 0.000000
vn -0.778038 0.628218 0.000000
vn -0.660678 0.750669 0.000000
vn -0.660678 0.750669 0.000000
vn -0.524305 0.851531 0.000000
vn -0.372869 0.927884 0.000000
vn -0.524305 0.851531 0.000000
vn -0.372869 0.927884 0.000000
vn -0.210661 0.977559 0.000000
vn -0.210661 0.977559 0.000000
vn -0.042433 0.999099 0.000000
vn 0.126998 0.991903 -0.000000
vn -0.042433 0.999099 0.000000
vn 0.126998 0.991903 0.000000
vn 0.292832 0.956164 0.000000
vn 0.292832 0.956164 0.000000
vn 0.450210 0.892923 0.000000
vn 0.450210 0.892923 0.000000
vn 0.594627 0.804002 0.000000
vn 0.594627 0.804002 0.000000
vn 0.721956 0.691939 -0.000000
vn 0.828509 0.559976 -0.000000
vn 0.721956 0.691939 0.000000
vn 0.828509 0.559976 0.000000
vn 0.911221 0.411918 0.000000
vn 0.911221 0.411918 0.000000
vn 0.967738 0.251958 -0.000000
vn 0.967738 0.251958 0.000000
vn 0.996398 0.084805 0.000000
vn 0.996398 0.084805 0.000000
vn 0.000000 0.000000 1.000000
vn -0.000000 0.000000 1.000000
vn 0.000000 0.000000 1.000000
vn 0.000000 0.000000 1.000000
vn -0.000000 0.000000 1.000000
vn -0.000000 0.000000 1.000000
vn -0.000000 0.000000 1.000000
vn -0.000000 0.000000 1.000000
vn 0.000000 0.000000 1.000000
vn 0.000000 0.000000 1.000000
vn 0.000000 0.000000 1.000000
vn -0.000000 -0.000000 1.000000
vn -0.000000 -0.000000 1.000000
vn -0.000000 -0.000000 1.000000
vn -0.000000 -0.000000 1.000000
vn 0.000000 0.000000 1.000000
vn -0.000000 -0.000000 1.000000
vn 0.000000 0.000000 1.000000
vn 0.000000 0.000000 1.000000
vn 0.000000 0.000000 1.000000
vn -0.000000 -0.000000 1.000000
vn -0.000000 -0.000000 1.000000
vn 0.000000 -0.000000 1.000000
vn 0.000000 0.000000 1.000000
vn 0.000000 0.000000 1.000000
vn 0.000000 -0.000000 1.000000
vn 0.000000 0.000000 1.000000
vn 0.000000 0.000000 1.000000
vn 0.000000 0.000000 1.000000
vn -0.000000 0.000000 1.000000
vn -0.000000 0.000000 1.000000
vn 0.000000 -0.000000 1.000000
vn 0.000000 0.000000 1.000000
vn 0.000000 -0.000000 1.000000
vn 0.000000 -0.000000 1.000000
vn 0.000000 0.000000 -1.000000
vn 0.000000 0.000000 -1.000000
vn 0.000000 0.000000 -1.000000
vn 0.000000 0.000000 -1.000000
vn 0.000000 0.000000 -1.000000
vn 0.000000 0.000000 -1.000000
vn 0.000000 0.000000 -1.000000
vn 0.000000 0.000000 -1.000000
vn 0.000000 0.000000 -1.000000
vn 0.000000 0.000000 -1.000000
vn 0.000000 0.000000 -1.000000
vn 0.000000 0.000000 -1.000000
vn 0.000000 0.000000 -1.000000
vn 0.000000 0.000000 -1.000000
vn 0.000000 0.000000 -1.000000
vn 0.000000 0.000000 -1.000000
vn 0.000000 0.000000 -1.000000
vn 0.000000 0.000000 -1.000000
vn 0.000000 0.000000 -1.000000
vn 0.000000 0.000000 -1.000000
vn 0.000000 0.000000 -1.000000
vn 0.000000 0.000000 -1.000000
vn -0.000000 0.000000 -1.000000
vn 0.000000 0.000000 -1.000000
vn 0.000000 0.000000 -1.000000
vn 0.000000 0.000000 -1.000000
vn 0.000000 0.000000 -1.000000
vn 0.000000 0.000000 -1.000000
vn 0.000000 0.000000 -1.000000
vn 0.000000 0.000000 -1.000000
vn 0.000000 0.000000 -1.000000
vn -0.000000 0.000000 -1.000000
vn 0.000000 0.000000 -1.000000
vn 0.000000 0.000000 -1.000000
vn 0.000000 0.000000 -1.000000
vn 0.996398 -0.084805 0.000000
vn 0.996398 -0.084805 0.000000
vn 0.967738 -0.251958 0.000000
vn 0.967738 -0.251958 0.000000
vn 0.911226 -0.411906 0.000000
vn 0.911226 -0.411906 0.000000
vn 0.828499 -0.559990 0.000000
vn 0.828499 -0.559990 0.000000
vn 0.721971 -0.691924 0.000000
vn 0.721971 -0.691924 0.000000
vn 0.594641 -0.803991 0.000000
vn 0.594641 -0.803991 0.000000
vn 0.450186 -0.892935 0.000000
vn 0.450186 -0.892935 0.000000
vn 0.292840 -0.956161 0.000000
vn 0.292840 -0.956161 0.000000
vn 0.126994 -0.991903 0.000000
vn 0.126994 -0.991903 0.000000
vn -0.042434 -0.999099 0.000000
vn -0.042434 -0.999099 -0.000000
vn -0.210684 -0.977554 0.000000
vn -0.210684 -0.977554 -0.000000
vn -0.372843 -0.927894 0.000000
vn -0.372843 -0.927894 -0.000000
vn -0.524305 -0.851531 0.000000
vn -0.524305 -0.851531 -0.000000
vn -0.660693 -0.750656 0.000000
vn -0.778023 -0.628236 0.000000
vn -0.660693 -0.750656 -0.000000
vn -0.778023 -0.628236 0.000000
vn -0.873033 -0.487661 0.000000
vn -0.873033 -0.487661 -0.000000
vn -0.942870 -0.333162 0.000000
vn -0.942870 -0.333162 -0.000000
vn -0.985614 -0.169012 0.000000
vn -0.985614 -0.169012 -0.000000
vn -1.000000 0.000000 0.000000
vn -0.985615 0.169007 0.000000
vn -1.000000 0.000000 0.000000
vn -0.942870 0.333162 0.000000
vn -0.985615 0.169007 0.000000
vn -0.942870 0.333162 0.000000
vn -0.873026 0.487673 0.000000
vn -0.778023 0.628236 0.000000
vn -0.873026 0.487673 0.000000
vn -0.778023 0.628236 0.000000
vn -0.660693 0.750656 0.000000
vn -0.660693 0.750656 0.000000
vn -0.524305 0.851531 0.000000
vn -0.372869 0.927884 0.000000
vn -0.524305 0.851531 0.000000
vn -0.372869 0.927884 0.000000
vn -0.210655 0.977560 0.000000
vn -0.210655 0.977560 0.000000
vn -0.042434 0.999099 0.000000
vn 0.126994 0.991903 -0.000000
vn -0.042434 0.999099 0.000000
vn 0.126994 0.991903 0.000000
vn 0.292840 0.956161 0.000000
vn 0.292840 0.956161 0.000000
vn 0.450186 0.892935 0.000000
vn 0.450186 0.892935 0.000000
vn 0.594641 0.803991 0.000000
vn 0.594641 0.803991 0.000000
vn 0.721956 0.691939 -0.000000
vn 0.828509 0.559976 -0.000000
vn 0.721956 0.691939 0.000000
vn 0.828509 0.559976 0.000000
vn 0.911221 0.411918 0.000000
vn 0.911221 0.411918 0.000000
vn 0.967738 0.251958 -0.000000
vn 0.967738 0.251958 0.000000
vn 0.996398 0.084805 0.000000
vn 0.996398 0.084805 0.000000
vn 0.000000 0.000000 1.000000
vn -0.000000 0.000000 1.000000
vn 0.000000 0.000000 1.000000
vn 0.000000 0.000000 1.000000
vn -0.000000 0.000000 1.000000
vn -0.000000 0.000000 1.000000
vn -0.000000 0.000000 1.000000
vn -0.000000 0.000000 1.000000
vn 0.000000 0.000000 1.000000
vn 0.000000 0.000000 1.000000
vn 0.000000 0.000000 1.000000
vn -0.000000 -0.000000 1.000000
vn -0.000000 -0.000000 1.000000
vn -0.000000 -0.000000 1.000000
vn -0.000000 -0.000000 1.000000
vn 0.000000 0.000000 1.000000
vn -0.000000 -0.000000 1.000000
vn 0.000000 0.000000 1.000000
vn 0.000000 0.000000 1.000000
vn 0.000000 0.000000 1.000000
vn -0.000000 -0.000000 1.000000
vn -0.000000 -0.000000 1.000000
vn 0.000000 -0.000000 1.000000
vn 0.000000 0.000000 1.000000
vn 0.000000 0.000000 1.000000
vn 0.000000 -0.000000 1.000000
vn 0.000000 0.000000 1.000000
vn 0.000000 0.000000 1.000000
vn 0.000000 0.000000 1.000000
vn -0.000000 0.000000 1.000000
vn -0.000000 0.000000 1.000000
vn 0.000000 -0.000000 1.000000
vn 0.000000 0.000000 1.000000
vn 0.000000 -0.000000 1.000000
vn 0.000000 -0.000000 1.000000
vn 0.000000 0.000000 -1.000000
vn 0.000000 0.000000 -1.000000
vn 0.000000 0.000000 -1.000000
vn 0.000000 0.000000 -1.000000
vn 0.000000 0.000000 -1.000000
vn 0.000000 0.000000 -1.000000
vn 0.000000 0.000000 -1.000000
vn 0.000000 0.000000 -1.000000
vn 0.000000 0.000000 -1.000000
vn 0.000000 0.000000 -1.000000
vn 0.000000 0.000000 -1.000000
vn 0.000000 0.000000 -1.000000
vn 0.000000 0.000000 -1.000000
vn 0.000000 0.000000 -1.000000
vn 0.000000 0.000000 -1.000000
vn 0.000000 0.000000 -1.000000
vn 0.000000 0.000000 -1.000000
vn 0.000000 0.000000 -1.000000
vn 0.000000 0.000000 -1.000000
vn 0.000000 0.000000 -1.000000
vn 0.000000 0.000000 -1.000000
vn 0.000000 0.000000 -1.000000
vn -0.000000 0.000000 -1.000000
vn 0.000000 0.000000 -1.000000
vn 0.000000 0.000000 -1.000000
vn 0.000000 0.000000 -1.000000
vn 0.000000 0.000000 -1.000000
vn 0.000000 0.000000 -1.000000
vn 0.000000 0.000000 -1.000000
vn 0.000000 0.000000 -1.000000
vn 0.000000 0.000000 -1.000000
vn -0.000000 0.000000 -1.000000
vn 0.000000 0.000000 -1.000000
vn 0.000000 0.000000 -1.000000
vn 0.000000 0.000000 -1.000000
vn 0.996397 -0.084807 0.000000
vn 0.996397 -0.084807 0.000000
vn 0.967740 -0.251951 0.000000
vn 0.967740 -0.251951 0.000000
vn 0.911221 -0.411918 0.000000
vn 0.911221 -0.411918 0.000000
vn 0.828518 -0.559962 0.000000
vn 0.828518 -0.559962 0.000000
vn 0.721942 -0.691954 0.000000
vn 0.721942 -0.691954 0.000000
vn 0.594647 -0.803987 0.000000
vn 0.594647 -0.803987 0.000000
vn 0.450186 -0.892935 0.000000
vn 0.450186 -0.892935 0.000000
vn 0.292859 -0.956156 0.000000
vn 0.292859 -0.956156 0.000000
vn 0.126968 -0.991907 0.000000
vn 0.126968 -0.991907 0.000000
vn -0.042403 -0.999101 0.000000
vn -0.042403 -0.999101 -0.000000
vn -0.210690 -0.977553 0.000000
vn -0.210690 -0.977553 -0.000000
vn -0.372869 -0.927884 0.000000
vn -0.372869 -0.927884 -0.000000
vn -0.524305 -0.851531 0.000000
vn -0.524305 -0.851531 -0.000000
vn -0.660678 -0.750669 0.000000
vn -0.778026 -0.628232 0.000000
vn -0.660678 -0.750669 -0.000000
vn -0.778026 -0.628232 0.000000
vn -0.873013 -0.487696 0.000000
vn -0.873013 -0.487696 -0.000000
vn -0.942876 -0.333143 0.000000
vn -0.942876 -0.333143 -0.000000
vn -0.985618 -0.168988 0.000000
vn -0.985618 -0.168988 -0.000000
vn -1.000000 0.000000 0.000000
vn -0.985618 0.168988 0.000000
vn -1.000000 0.000000 0.000000
vn -0.942876 0.333143 0.000000
vn -0.985618 0.168988 0.000000
vn -0.942876 0.333143 0.000000
vn -0.873013 0.487696 0.000000
vn -0.778026 0.628232 0.000000
vn -0.873013 0.487696 0.000000
vn -0.778026 0.628232 0.000000
vn -0.660678 0.750669 0.000000
vn -0.660678 0.750669 0.000000
vn -0.524305 0.851531 0.000000
vn -0.372869 0.927884 0.000000
vn -0.524305 0.851531 0.000000
vn -0.372869 0.927884 0.000000
vn -0.210690 0.977553 0.000000
vn -0.210690 0.977553 0.000000
vn -0.042403 0.999101 0.000000
vn 0.126968 0.991907 -0.000000
vn -0.042403 0.999101 0.000000
vn 0.126968 0.991907 0.000000
vn 0.292859 0.956156 0.000000
vn 0.292859 0.956156 0.000000
vn 0.450186 0.892935 0.000000
vn 0.450186 0.892935 0.000000
vn 0.594647 0.803987 0.000000
vn 0.594647 0.803987 0.000000
vn 0.721942 0.691954 -0.000000
vn 0.828518 0.559962 -0.000000
vn 0.721942 0.691954 0.000000
vn 0.828518 0.559962 0.000000
vn 0.911221 0.411918 0.000000
vn 0.911221 0.411918 0.000000
vn 0.967740 0.251951 -0.000000
vn 0.967740 0.251951 0.000000
vn 0.996397 0.084807 0.000000
vn 0.996397 0.084807 0.000000
vn -0.000000 0.000000 1.000000
vn -0.000000 0.000000 1.000000
vn -0.000000 -0.000000 1.000000
vn -0.000000 -0.000000 1.000000
vn -0.000000 0.000000 1.000000
vn -0.000000 0.000000 1.000000
vn -0.000000 0.000000 1.000000
vn -0.000000 0.000000 1.000000
vn -0.000000 -0.000000 1.000000
vn -0.000000 -0.000000 1.000000
vn -0.000000 0.000000 1.000000
vn -0.000000 0.000000 1.000000
vn -0.000000 0.000000 1.000000
vn -0.000000 0.000000 1.000000
vn -0.000000 -0.000000 1.000000
vn 0.000000 0.000000 1.000000
vn 0.000000 0.000000 1.000000
vn 0.000000 -0.000000 1.000000
vn 0.000000 -0.000000 1.000000
vn -0.000000 0.000000 1.000000
vn 0.000000 0.000000 1.000000
vn -0.000000 0.000000 1.000000
vn 0.000000 0.000000 1.000000
vn 0.000000 0.000000 1.000000
vn 0.000000 0.000000 1.000000
vn 0.000000 0.000000 1.000000
vn 0.000000 0.000000 1.000000
vn 0.000000 0.000000 1.000000
vn 0.000000 0.000000 1.000000
vn 0.000000 -0.000000 1.000000
vn 0.000000 0.000000 1.000000
vn 0.000000 0.000000 1.000000
vn 0.000000 0.000000 1.000000
vn 0.000000 0.000000 1.000000
vn 0.000000 0.000000 1.000000
vn 0.000000 0.000000 -1.000000
vn 0.000000 0.000000 -1.000000
vn 0.000000 0.000000 -1.000000
vn 0.000000 0.000000 -1.000000
vn 0.000000 0.000000 -1.000000
vn 0.000000 0.000000 -1.000000
vn 0.000000 0.000000 -1.000000
vn 0.000000 0.000000 -1.000000
vn 0.000000 0.000000 -1.000000
vn 0.000000 0.000000 -1.000000
vn 0.000000 0.000000 -1.000000
vn 0.000000 0.000000 -1.000000
vn 0.000000 0.000000 -1.000000
vn 0.000000 0.000000 -1.000000
vn 0.000000 0.000000 -1.000000
vn 0.000000 0.000000 -1.000000
vn 0.000000 0.000000 -1.000000
vn 0.000000 0.000000 -1.000000
vn -0.000000 0.000000 -1.000000
vn 0.000000 0.000000 -1.000000
vn 0.000000 0.000000 -1.000000
vn 0.000000 0.000000 -1.000000
vn 0.000000 0.000000 -1.000000
vn 0.000000 0.000000 -1.000000
vn 0.000000 0.000000 -1.000000
vn 0.000000 0.000000 -1.000000
vn -0.000000 0.000000 -1.000000
vn 0.000000 0.000000 -1.000000
vn 0.000000 0.000000 -1.000000
vn 0.000000 0.000000 -1.000000
vn 0.000000 0.000000 -1.000000
vn 0.000000 0.000000 -1.000000
vn 0.000000 0.000000 -1.000000
vn -0.000000 0.000000 -1.000000
vn 0.000000 0.000000 -1.000000
vn 0.996397 -0.084807 0.000000
vn 0.996397 -0.084807 0.000000
vn 0.967740 -0.251951 0.000000
vn 0.967740 -0.251951 0.000000
vn 0.911221 -0.411918 0.000000
vn 0.911221 -0.411918 0.000000
vn 0.828518 -0.559962 0.000000
vn 0.828518 -0.559962 0.000000
vn 0.721942 -0.691954 0.000000
vn 0.721942 -0.691954 0.000000
vn 0.594661 -0.803977 0.000000
vn 0.594661 -0.803977 0.000000
vn 0.450162 -0.892947 0.000000
vn 0.450162 -0.892947 0.000000
vn 0.292868 -0.956153 0.000000
vn 0.292868 -0.956153 0.000000
vn 0.126965 -0.991907 0.000000
vn 0.126965 -0.991907 0.000000
vn -0.042404 -0.999101 0.000000
vn -0.042404 -0.999101 -0.000000
vn -0.210684 -0.977554 0.000000
vn -0.210684 -0.977554 -0.000000
vn -0.372869 -0.927884 0.000000
vn -0.372869 -0.927884 -0.000000
vn -0.524305 -0.851531 0.000000
vn -0.524305 -0.851531 -0.000000
vn -0.660693 -0.750656 0.000000
vn -0.778011 -0.628251 0.000000
vn -0.660693 -0.750656 -0.000000
vn -0.778011 -0.628251 0.000000
vn -0.873026 -0.487673 0.000000
vn -0.873026 -0.487673 -0.000000
vn -0.942876 -0.333143 0.000000
vn -0.942876 -0.333143 -0.000000
vn -0.985613 -0.169017 0.000000
vn -0.985613 -0.169017 -0.000000
vn -1.000000 0.000000 0.000000
vn -0.985613 0.169017 0.000000
vn -1.000000 0.000000 0.000000
vn -0.942876 0.333143 0.000000
vn -0.985613 0.169017 0.000000
vn -0.942876 0.333143 0.000000
vn -0.873026 0.487673 0.000000
vn -0.778011 0.628251 0.000000
vn -0.873026 0.487673 0.000000
vn -0.778011 0.628251 0.000000
vn -0.660693 0.750656 0.000000
vn -0.660693 0.750656 0.000000
vn -0.524305 0.851531 0.000000
vn -0.372869 0.927884 0.000000
vn -0.524305 0.851531 0.000000
vn -0.372869 0.927884 0.000000
vn -0.210684 0.977554 0.000000
vn -0.210684 0.977554 0.000000
vn -0.042404 0.999101 0.000000
vn 0.126965 0.991907 -0.000000
vn -0.042404 0.999101 0.000000
vn 0.126965 0.991907 0.000000
vn 0.292868 0.956153 0.000000
vn 0.292868 0.956153 0.000000
vn 0.450162 0.892947 0.000000
vn 0.450162 0.892947 0.000000
vn 0.594661 0.803977 0.000000
vn 0.594661 0.803977 0.000000
vn 0.721942 0.691954 -0.000000
vn 0.828518 0.559962 -0.000000
vn 0.721942 0.691954 0.000000
vn 0.828518 0.559962 0.000000
vn 0.911221 0.411918 0.000000
vn 0.911221 0.411918 0.000000
vn 0.967740 0.251951 -0.000000
vn 0.967740 0.251951 0.000000
vn 0.996397 0.084807 0.000000
vn 0.996397 0.084807 0.000000
vn -0.000000 0.000000 1.000000
vn -0.000000 0.000000 1.000000
vn -0.000000 -0.000000 1.000000
vn -0.000000 -0.000000 1.000000
vn -0.000000 0.000000 1.000000
vn -0.000000 0.000000 1.000000
vn -0.000000 0.000000 1.000000
vn -0.000000 0.000000 1.000000
vn -0.000000 -0.000000 1.000000
vn -0.000000 -0.000000 1.000000
vn -0.000000 0.000000 1.000000
vn -0.000000 0.000000 1.000000
vn -0.000000 0.000000 1.000000
vn -0.000000 0.000000 1.000000
vn -0.000000 -0.000000 1.000000
vn 0.000000 0.000000 1.000000
vn 0.000000 0.000000 1.000000
vn 0.000000 -0.000000 1.000000
vn 0.000000 -0.000000 1.000000
vn -0.000000 0.000000 1.000000
vn 0.000000 0.000000 1.000000
vn -0.000000 0.000000 1.000000
vn 0.000000 0.000000 1.000000
vn 0.000000 0.000000 1.000000
vn 0.000000 0.000000 1.000000
vn 0.000000 0.000000 1.000000
vn 0.000000 0.000000 1.000000
vn 0.000000 0.000000 1.000000
vn 0.000000 0.000000 1.000000
vn 0.000000 -0.000000 1.000000
vn 0.000000 0.000000 1.000000
vn 0.000000 0.000000 1.000000
vn 0.000000 0.000000 1.000000
vn 0.000000 0.000000 1.000000
vn 0.000000 0.000000 1.000000
vn 0.000000 0.000000 -1.000000
vn 0.000000 0.000000 -1.000000
vn 0.000000 0.000000 -1.000000
vn 0.000000 0.000000 -1.000000
vn 0.000000 0.000000 -1.000000
vn 0.000000 0.000000 -1.000000
vn 0.000000 0.000000 -1.000000
vn 0.000000 0.000000 -1.000000
vn 0.000000 0.000000 -1.000000
vn 0.000000 0.000000 -1.000000
vn 0.000000 0.000000 -1.000000
vn 0.000000 0.000000 -1.000000
vn 0.000000 0.000000 -1.000000
vn 0.000000 0.000000 -1.000000
vn 0.000000 0.000000 -1.000000
vn 0.000000 0.000000 -1.000000
vn 0.000000 0.000000 -1.000000
vn 0.000000 0.000000 -1.000000
vn -0.000000 0.000000 -1.000000
vn 0.000000 0.000000 -1.000000
vn 0.000000 0.000000 -1.000000
vn 0.000000 0.000000 -1.000000
vn 0.000000 0.000000 -1.000000
vn 0.000000 0.000000 -1.000000
vn 0.000000 0.000000 -1.000000
vn 0.000000 0.000000 -1.000000
vn -0.000000 0.000000 -1.000000
vn 0.000000 0.000000 -1.000000
vn 0.000000 0.000000 -1.000000
vn 0.000000 0.000000 -1.000000
vn 0.000000 0.000000 -1.000000
vn 0.000000 0.000000 -1.000000
vn 0.000000 0.000000 -1.000000
vn -0.000000 0.000000 -1.000000
vn 0.000000 0.000000 -1.000000
vn -1.000000 0.000000 0.000000
vn -1.000000 0.000000 0.000000
vn 0.000000 -1.000000 0.000000
vn -0.000000 -1.000000 0.000000
vn 0.000000 -1.000000 0.000000
vn 0.000000 -1.000000 0.000000
vn 0.000000 -1.000000 0.000000
vn 0.000000 -1.000000 0.000000
vn 0.000000 -1.000000 0.000000
vn 0.000000 -1.000000 0.000000
vn 0.000000 0.000000 1.000000
vn 0.000000 0.000000 1.000000
vn 0.000000 1.000000 0.000000
vn 0.000000 1.000000 0.000000
vn 0.000000 1.000000 0.000000
vn 0.000000 1.000000 0.000000
vn 0.000000 0.000000 -1.000000
vn 0.000000 0.000000 -1.000000
vn 1.000000 0.000000 0.000000
vn 1.000000 -0.000000 0.000000
vn 1.000000 0.000000 0.000000
vn 0.000000 0.000000 -1.000000
vn -1.000000 0.000000 0.000000
vn 0.000000 0.000000 1.000000
vn 0.996758 0.080464 -0.000000
vn 0.996758 0.080464 0.000000
vn 0.970942 0.239317 0.000000
vn 0.970942 0.239317 -0.000000
vn 0.919979 0.391967 0.000000
vn 0.845191 0.534465 0.000000
vn 0.919979 0.391967 -0.000000
vn 0.845191 0.534465 0.000000
vn 0.748511 0.663123 0.000000
vn 0.748511 0.663123 0.000000
vn 0.632445 0.774605 0.000000
vn 0.499999 0.866026 0.000000
vn 0.632445 0.774605 -0.000000
vn 0.499999 0.866026 0.000000
vn 0.354605 0.935016 0.000000
vn 0.354605 0.935016 -0.000000
vn 0.200026 0.979791 0.000000
vn 0.200026 0.979791 -0.000000
vn 0.040265 0.999189 0.000000
vn 0.040265 0.999189 -0.000000
vn -0.120537 0.992709 0.000000
vn -0.120537 0.992709 0.000000
vn -0.278217 0.960518 0.000000
vn -0.428692 0.903450 0.000000
vn -0.278217 0.960518 0.000000
vn -0.568066 0.822983 0.000000
vn -0.428692 0.903450 0.000000
vn -0.568066 0.822983 0.000000
vn -0.692725 0.721202 0.000000
vn -0.692725 0.721202 0.000000
vn -0.799442 0.600744 0.000000
vn -0.799442 0.600744 0.000000
vn -0.885458 0.464720 0.000000
vn -0.885458 0.464720 0.000000
vn -0.948536 0.316671 0.000000
vn -0.948536 0.316671 0.000000
vn -0.987050 0.160412 0.000000
vn -0.987050 0.160412 0.000000
vn -1.000000 -0.000000 0.000000
vn -0.987050 -0.160412 -0.000000
vn -1.000000 0.000000 0.000000
vn -0.987050 -0.160412 0.000000
vn -0.948536 -0.316671 0.000000
vn -0.948536 -0.316671 0.000000
vn -0.885458 -0.464720 0.000000
vn -0.799442 -0.600744 -0.000000
vn -0.885458 -0.464720 0.000000
vn -0.799442 -0.600744 0.000000
vn -0.692725 -0.721202 0.000000
vn -0.568066 -0.822983 -0.000000
vn -0.692725 -0.721202 0.000000
vn -0.568066 -0.822983 0.000000
vn -0.428692 -0.903450 0.000000
vn -0.428692 -0.903450 0.000000
vn -0.278217 -0.960518 0.000000
vn -0.278217 -0.960518 0.000000
vn -0.120537 -0.992709 0.000000
vn -0.120537 -0.992709 0.000000
vn 0.040265 -0.999189 0.000000
vn 0.040265 -0.999189 0.000000
vn 0.200026 -0.979791 0.000000
vn 0.200026 -0.979791 0.000000
vn 0.354605 -0.935016 0.000000
vn 0.354605 -0.935016 0.000000
vn 0.499999 -0.866026 0.000000
vn 0.499999 -0.866026 0.000000
vn 0.632445 -0.774605 0.000000
vn 0.632445 -0.774605 0.000000
vn 0.748511 -0.663123 0.000000
vn 0.748511 -0.663123 0.000000
vn 0.845191 -0.534465 0.000000
vn 0.845191 -0.534465 0.000000
vn 0.919979 -0.391967 0.000000
vn 0.919979 -0.391967 0.000000
vn 0.970942 -0.239317 0.000000
vn 0.970942 -0.239317 0.000000
vn 0.996758 -0.080464 0.000000
vn 0.996758 -0.080464 0.000000
vn 0.000000 0.000000 -1.000000
vn 0.000000 0.000000 -1.000000
vn 0.000000 0.000000 -1.000000
vn 0.000000 0.000000 -1.000000
vn 0.000000 0.000000 -1.000000
vn 0.000000 0.000000 -1.000000
vn 0.000000 0.000000 -1.000000
vn 0.000000 0.000000 -1.000000
vn 0.000000 0.000000 -1.000000
vn 0.000000 0.000000 -1.000000
vn 0.000000 -0.000000 -1.000000
vn 0.000000 -0.000000 -1.000000
vn 0.000000 0.000000 -1.000000
vn 0.000000 0.000000 -1.000000
vn 0.000000 -0.000000 -1.000000
vn 0.000000 -0.000000 -1.000000
vn 0.000000 0.000000 -1.000000
vn 0.000000 0.000000 -1.000000
vn 0.000000 0.000000 -1.000000
vn 0.000000 0.000000 -1.000000
vn 0.000000 -0.000000 -1.000000
vn 0.000000 -0.000000 -1.000000
vn 0.000000 0.000000 -1.000000
vn 0.000000 -0.000000 -1.000000
vn 0.000000 -0.000000 -1.000000
vn 0.000000 -0.000000 -1.000000
vn 0.000000 0.000000 -1.000000
vn 0.000000 0.000000 -1.000000
vn -0.000000 -0.000000 -1.000000
vn 0.000000 0.000000 -1.000000
vn 0.000000 0.000000 -1.000000
vn 0.000000 0.000000 -1.000000
vn 0.000000 0.000000 -1.000000
vn 0.000000 -0.000000 -1.000000
vn -0.000000 -0.000000 -1.000000
vn 0.000000 0.000000 -1.000000
vn 0.000000 -0.000000 -1.000000
vn 0.000000 0.000000 1.000000
vn 0.000000 0.000000 1.000000
vn 0.000000 0.000000 1.000000
vn 0.000000 0.000000 1.000000
vn 0.000000 0.000000 1.000000
vn 0.000000 0.000000 1.000000
vn 0.000000 0.000000 1.000000
vn 0.000000 0.000000 1.000000
vn 0.000000 0.000000 1.000000
vn 0.000000 0.000000 1.000000
vn 0.000000 0.000000 1.000000
vn 0.000000 0.000000 1.000000
vn 0.000000 0.000000 1.000000
vn 0.000000 0.000000 1.000000
vn 0.000000 0.000000 1.000000
vn 0.000000 0.000000 1.000000
vn 0.000000 0.000000 1.000000
vn 0.000000 0.000000 1.000000
vn 0.000000 0.000000 1.000000
vn 0.000000 0.000000 1.000000
vn 0.000000 0.000000 1.000000
vn 0.000000 0.000000 1.000000
vn 0.000000 0.000000 1.000000
vn 0.000000 0.000000 1.000000
vn 0.000000 0.000000 1.000000
vn 0.000000 0.000000 1.000000
vn 0.000000 0.000000 1.000000
vn 0.000000 0.000000 1.000000
vn 0.000000 0.000000 1.000000
vn 0.000000 0.000000 1.000000
vn 0.000000 0.000000 1.000000
vn 0.000000 0.000000 1.000000
vn 0.000000 0.000000 1.000000
vn 0.000000 0.000000 1.000000
vn 0.000000 0.000000 1.000000
vn 0.000000 0.000000 1.000000
vn 0.000000 0.000000 1.000000
vn 0.996758 0.080464 -0.000000
vn 0.996758 0.080464 0.000000
vn 0.970942 0.239317 0.000000
vn 0.970942 0.239317 -0.000000
vn 0.919979 0.391967 0.000000
vn 0.845191 0.534465 0.000000
vn 0.919979 0.391967 -0.000000
vn 0.845191 0.534465 0.000000
vn 0.748511 0.663123 0.000000
vn 0.748511 0.663123 0.000000
vn 0.632445 0.774605 0.000000
vn 0.499999 0.866026 0.000000
vn 0.632445 0.774605 -0.000000
vn 0.499999 0.866026 0.000000
vn 0.354605 0.935016 0.000000
vn 0.354605 0.935016 -0.000000
vn 0.200026 0.979791 0.000000
vn 0.200026 0.979791 -0.000000
vn 0.040265 0.999189 0.000000
vn 0.040265 0.999189 -0.000000
vn -0.120537 0.992709 0.000000
vn -0.120537 0.992709 0.000000
vn -0.278217 0.960518 0.000000
vn -0.428692 0.903450 0.000000
vn -0.278217 0.960518 0.000000
vn -0.568066 0.822983 0.000000
vn -0.428692 0.903450 0.000000
vn -0.568066 0.822983 0.000000
vn -0.692725 0.721202 0.000000
vn -0.692725 0.721202 0.000000
vn -0.799442 0.600744 0.000000
vn -0.799442 0.600744 0.000000
vn -0.885458 0.464720 0.000000
vn -0.885458 0.464720 0.000000
vn -0.948536 0.316671 0.000000
vn -0.948536 0.316671 0.000000
vn -0.987050 0.160412 0.000000
vn -0.987050 0.160412 0.000000
vn -1.000000 -0.000000 0.000000
vn -0.987050 -0.160412 -0.000000
vn -1.000000 0.000000 0.000000
vn -0.987050 -0.160412 0.000000
vn -0.948536 -0.316671 0.000000
vn -0.948536 -0.316671 0.000000
vn -0.885458 -0.464720 0.000000
vn -0.799442 -0.600744 -0.000000
vn -0.885458 -0.464720 0.000000
vn -0.799442 -0.600744 0.000000
vn -0.692725 -0.721202 0.000000
vn -0.568066 -0.822983 -0.000000
vn -0.692725 -0.721202 0.000000
vn -0.568066 -0.822983 0.000000
vn -0.428692 -0.903450 0.000000
vn -0.428692 -0.903450 0.000000
vn -0.278217 -0.960518 0.000000
vn -0.278217 -0.960518 0.000000
vn -0.120537 -0.992709 0.000000
vn -0.120537 -0.992709 0.000000
vn 0.040265 -0.999189 0.000000
vn 0.040265 -0.999189 0.000000
vn 0.200026 -0.979791 0.000000
vn 0.200026 -0.979791 0.000000
vn 0.354605 -0.935016 0.000000
vn 0.354605 -0.935016 0.000000
vn 0.499999 -0.866026 0.000000
vn 0.499999 -0.866026 0.000000
vn 0.632445 -0.774605 0.000000
vn 0.632445 -0.774605 0.000000
vn 0.748511 -0.663123 0.000000
vn 0.748511 -0.663123 0.000000
vn 0.845191 -0.534465 0.000000
vn 0.845191 -0.534465 0.000000
vn 0.919979 -0.391967 0.000000
vn 0.919979 -0.391967 0.000000
vn 0.970942 -0.239317 0.000000
vn 0.970942 -0.239317 0.000000
vn 0.996758 -0.080464 0.000000
vn 0.996758 -0.080464 0.000000
vn 0.000000 0.000000 -1.000000
vn 0.000000 0.000000 -1.000000
vn 0.000000 0.000000 -1.000000
vn 0.000000 0.000000 -1.000000
vn 0.000000 0.000000 -1.000000
vn 0.000000 0.000000 -1.000000
vn 0.000000 0.000000 -1.000000
vn 0.000000 0.000000 -1.000000
vn 0.000000 0.000000 -1.000000
vn 0.000000 0.000000 -1.000000
vn 0.000000 -0.000000 -1.000000
vn 0.000000 -0.000000 -1.000000
vn 0.000000 0.000000 -1.000000
vn 0.000000 0.000000 -1.000000
vn 0.000000 -0.000000 -1.000000
vn 0.000000 -0.000000 -1.000000
vn 0.000000 0.000000 -1.000000
vn 0.000000 0.000000 -1.000000
vn 0.000000 0.000000 -1.000000
vn 0.000000 0.000000 -1.000000
vn 0.000000 -0.000000 -1.000000
vn 0.000000 -0.000000 -1.000000
vn 0.000000 0.000000 -1.000000
vn 0.000000 -0.000000 -1.000000
vn 0.000000 -0.000000 -1.000000
vn 0.000000 -0.000000 -1.000000
vn 0.000000 0.000000 -1.000000
vn 0.000000 0.000000 -1.000000
vn -0.000000 -0.000000 -1.000000
vn 0.000000 0.000000 -1.000000
vn 0.000000 0.000000 -1.000000
vn 0.000000 0.000000 -1.000000
vn 0.000000 0.000000 -1.000000
vn 0.000000 -0.000000 -1.000000
vn -0.000000 -0.000000 -1.000000
vn 0.000000 0.000000 -1.000000
vn 0.000000 -0.000000 -1.000000
vn 0.000000 0.000000 1.000000
vn 0.000000 0.000000 1.000000
vn 0.000000 0.000000 1.000000
vn 0.000000 0.000000 1.000000
vn 0.000000 0.000000 1.000000
vn 0.000000 0.000000 1.000000
vn 0.000000 0.000000 1.000000
vn 0.000000 0.000000 1.000000
vn 0.000000 0.000000 1.000000
vn 0.000000 0.000000 1.000000
vn 0.000000 0.000000 1.000000
vn 0.000000 0.000000 1.000000
vn 0.000000 0.000000 1.000000
vn 0.000000 0.000000 1.000000
vn 0.000000 0.000000 1.000000
vn 0.000000 0.000000 1.000000
vn 0.000000 0.000000 1.000000
vn 0.000000 0.000000 1.000000
vn 0.000000 0.000000 1.000000
vn 0.000000 0.000000 1.000000
vn 0.000000 0.000000 1.000000
vn 0.000000 0.000000 1.000000
vn 0.000000 0.000000 1.000000
vn 0.000000 0.000000 1.000000
vn 0.000000 0.000000 1.000000
vn 0.000000 0.000000 1.000000
vn 0.000000 0.000000 1.000000
vn 0.000000 0.000000 1.000000
vn 0.000000 0.000000 1.000000
vn 0.000000 0.000000 1.000000
vn 0.000000 0.000000 1.000000
vn 0.000000 0.000000 1.000000
vn 0.000000 0.000000 1.000000
vn 0.000000 0.000000 1.000000
vn 0.000000 0.000000 1.000000
vn 0.000000 0.000000 1.000000
vn 0.000000 0.000000 1.000000
vn -1.000000 0.000000 0.000000
vn -1.000000 0.000000 0.000000
vn 1.000000 0.000000 0.000000
vn 1.000000 -0.000000 0.000000
vn 0.000000 -1.000000 0.000000
vn 0.000000 -1.000000 0.000000
vn 0.000000 1.000000 0.000000
vn 0.000000 1.000000 0.000000
vn 0.000000 0.000000 -1.000000
vn 0.000000 0.000000 -1.000000
vn 0.000000 0.000000 1.000000
vn 0.000000 0.000000 1.000000
vn -1.000000 0.000000 0.000000
vn 0.000000 -1.000000 0.000000
vn -0.000000 -1.000000 0.000000
vn 0.000000 -1.000000 0.000000
vn 0.000000 -1.000000 0.000000
vn 0.000000 -1.000000 0.000000
vn 0.000000 -1.000000 0.000000
vn 0.000000 0.000000 1.000000
vn 0.000000 1.000000 0.000000
vn 0.000000 1.000000 0.000000
vn 0.000000 1.000000 0.000000
vn 0.000000 1.000000 0.000000
vn 0.000000 1.000000 0.000000
vn 0.000000 1.000000 0.000000
vn 0.000000 0.000000 -1.000000
vn 0.000000 0.000000 -1.000000
vn 1.000000 0.000000 0.000000
vn 1.000000 -0.000000 0.000000
vn 0.000000 0.000000 -1.000000
vn 0.000000 0.000000 -1.000000
vn -1.000000 0.000000 0.000000
vn -1.000000 0.000000 0.000000
vn 0.000000 0.000000 -1.000000
vn 0.000000 0.000000 -1.000000
vn 1.000000 0.000000 0.000000
vn 1.000000 -0.000000 0.000000
vn -1.000000 0.000000 0.000000
vn -1.000000 0.000000 0.000000
vn 0.000000 -1.000000 0.000000
vn 0.000000 -1.000000 0.000000
vn 0.000000 -1.000000 0.000000
vn 0.000000 -1.000000 0.000000
vn 0.000000 -1.000000 0.000000
vn 0.000000 -1.000000 0.000000
vn 0.000000 0.000000 1.000000
vn 0.000000 0.000000 1.000000
vn 0.000000 1.000000 0.000000
vn 0.000000 1.000000 0.000000
vn 0.000000 1.000000 0.000000
vn 0.000000 1.000000 0.000000
vn 0.000000 1.000000 0.000000
vn 0.000000 1.000000 0.000000
vn 0.000000 0.000000 -1.000000
vn 0.000000 0.000000 -1.000000
vn 1.000000 0.000000 0.000000
vn 1.000000 -0.000000 0.000000
vn 0.000000 0.000000 -1.000000
vn 0.000000 0.000000 -1.000000
vn -1.000000 0.000000 0.000000
vn -1.000000 0.000000 0.000000
vn 0.000000 0.000000 -1.000000
vn 0.000000 0.000000 -1.000000
vn 1.000000 0.000000 0.000000
vn 1.000000 -0.000000 0.000000
vn -1.000000 0.000000 0.000000
vn -1.000000 0.000000 0.000000
vn 0.000000 -1.000000 0.000000
vn -0.000000 -1.000000 0.000000
vn 0.000000 -1.000000 0.000000
vn 0.000000 -1.000000 0.000000
vn 0.000000 -1.000000 0.000000
vn 0.000000 -1.000000 0.000000
vn 0.000000 0.000000 1.000000
vn 0.000000 1.000000 0.000000
vn 0.000000 1.000000 0.000000
vn 0.000000 1.000000 0.000000
vn 0.000000 1.000000 0.000000
vn 0.000000 1.000000 0.000000
vn 0.000000 1.000000 0.000000
vn 0.000000 0.000000 -1.000000
vn 0.000000 0.000000 -1.000000
vn 1.000000 0.000000 0.000000
vn 1.000000 -0.000000 0.000000
vn 0.000000 0.000000 -1.000000
vn 0.000000 0.000000 -1.000000
vn -1.000000 0.000000 0.000000
vn -1.000000 0.000000 0.000000
vn 0.000000 0.000000 -1.000000
vn 0.000000 0.000000 -1.000000
vn 1.000000 0.000000 0.000000
vn -1.000000 0.000000 0.000000
vn -1.000000 0.000000 0.000000
vn -1.000000 0.000000 0.000000
vn 0.000000 0.000000 -1.000000
vn 0.000000 0.000000 -1.000000
vn 0.000000 -1.000000 0.000000
vn 0.000000 -1.000000 0.000000
vn 0.000000 0.000000 -1.000000
vn 0.000000 0.000000 -1.000000
vn 0.000000 1.000000 0.000000
vn 0.000000 1.000000 0.000000
vn 0.000000 0.000000 -1.000000
vn 0.000000 0.000000 -1.000000
vn 1.000000 0.000000 0.000000
vn 1.000000 0.000000 0.000000
vn 1.000000 0.000000 0.000000
vn -1.000000 0.000000 0.000000
vn -1.000000 0.000000 0.000000
vn -1.000000 0.000000 0.000000
vn 0.000000 0.000000 -1.000000
vn 0.000000 0.000000 -1.000000
vn 0.000000 -1.000000 0.000000
vn 0.000000 -1.000000 0.000000
vn 0.000000 0.000000 -1.000000
vn 0.000000 0.000000 -1.000000
vn 0.000000 1.000000 0.000000
vn 0.000000 1.000000 0.000000
vn 0.000000 0.000000 -1.000000
vn 0.000000 0.000000 -1.000000
vn 1.000000 0.000000 0.000000
vn 1.000000 0.000000 0.000000
vn 1.000000 0.000000 0.000000
vn -0.999848 0.000000 0.017453
vn -0.999848 0.000000 0.017452
vn 0.999848 -0.000000 -0.017467
vn 0.999847 -0.000000 -0.017467
vn 0.000609 -0.999391 0.034894
vn 0.000609 -0.999391 0.034894
vn -0.000609 0.999390 -0.034907
vn -0.000609 0.999390 -0.034907
vn -0.017442 -0.034900 -0.999239
vn -0.017442 -0.034900 -0.999239
vn 0.017442 0.034900 0.999239
vn 0.017442 0.034900 0.999239
f 1//1 2//1 3//1
f 3//2 2//2 4//2
f 6//3 5//3 1//3
f 1//4 5//4 2//4
f 9//5 10//5 11//5
f 11//6 10//6 12//6
f 12//7 13//7 14//7
f 10//8 13//8 12//8
f 14//9 15//9 16//9
f 13//10 15//10 14//10
f 16//11 17//11 18//11
f 15//12 17//12 16//12
f 18//13 19//13 20//13
f 17//14 19//14 18//14
f 20//15 21//15 22//15
f 19//16 21//16 20//16
f 22//17 23//17 24//17
f 21//18 23//18 22//18
f 24//19 25//19 26//19
f 23//20 25//20 24//20
f 26//21 27//21 28//21
f 28//22 27//22 29//22
f 25//23 27//23 26//23
f 27//24 30//24 29//24
f 29//25 31//25 32//25
f 30//26 31//26 29//26
f 32//27 33//27 34//27
f 31//28 33//28 32//28
f 34//29 35//29 36//29
f 33//30 35//30 34//30
f 36//31 37//31 38//31
f 35//32 37//32 36//32
f 38//33 39//33 40//33
f 37//34 39//34 38//34
f 40//35 41//35 42//35
f 39//36 41//36 40//36
f 42//37 43//37 44//37
f 41//38 43//38 42//38
f 44//39 45//39 46//39
f 43//40 45//40 44//40
f 46//41 47//41 48//41
f 45//42 47//42 46//42
f 48//43 49//43 50//43
f 50//44 49//44 51//44
f 47//45 49//45 48//45
f 49//46 52//46 51//46
f 51//47 53//47 54//47
f 52//48 53//48 51//48
f 54//49 55//49 56//49
f 53//50 55//50 54//50
f 56//51 57//51 58//51
f 55//52 57//52 56//52
f 58//53 59//53 60//53
f 57//54 59//54 58//54
f 60//55 61//55 62//55
f 59//56 61//56 60//56
f 61//57 63//57 62//57
f 62//58 63//58 64//58
f 63//59 65//59 64//59
f 64//60 65//60 66//60
f 66//61 65//61 67//61
f 65//62 68//62 67//62
f 68//63 69//63 67//63
f 67//64 69//64 70//64
f 69//65 71//65 70//65
f 70//66 71//66 72//66
f 71//67 73//67 72//67
f 72//68 73//68 74//68
f 74//69 73//69 75//69
f 73//70 76//70 75//70
f 76//71 77//71 75//71
f 75//72 77//72 78//72
f 78//73 79//73 80//73
f 77//74 79//74 78//74
f 80//75 79//75 81//75
f 79//76 82//76 81//76
f 81//77 83//77 84//77
f 84//78 83//78 85//78
f 82//79 83//79 81//79
f 83//80 86//80 85//80
f 85//81 87//81 88//81
f 88//82 87//82 89//82
f 86//83 87//83 85//83
f 89//84 90//84 91//84
f 87//85 90//85 89//85
f 90//86 92//86 91//86
f 91//87 93//87 94//87
f 92//88 93//88 91//88
f 94//89 95//89 96//89
f 96//90 95//90 97//90
f 93//91 95//91 94//91
f 95//92 98//92 97//92
f 97//93 9//93 11//93
f 98//94 9//94 97//94
f 65//95 69//95 68//95
f 61//96 59//96 63//96
f 63//97 59//97 65//97
f 57//98 55//98 59//98
f 55//99 53//99 59//99
f 69//100 82//100 71//100
f 71//101 82//101 73//101
f 73//102 82//102 76//102
f 76//103 82//103 77//103
f 77//104 82//104 79//104
f 52//105 49//105 53//105
f 53//106 49//106 59//106
f 47//107 45//107 49//107
f 83//108 87//108 86//108
f 82//109 92//109 83//109
f 87//110 92//110 90//110
f 83//111 92//111 87//111
f 92//112 95//112 93//112
f 37//113 35//113 39//113
f 39//114 35//114 41//114
f 41//115 35//115 43//115
f 43//116 35//116 45//116
f 95//117 9//117 98//117
f 92//118 9//118 95//118
f 82//119 9//119 92//119
f 35//120 30//120 45//120
f 31//121 30//121 33//121
f 33//122 30//122 35//122
f 65//123 30//123 69//123
f 59//124 30//124 65//124
f 49//125 30//125 59//125
f 45//126 30//126 49//126
f 10//127 15//127 13//127
f 27//128 25//128 30//128
f 9//129 19//129 10//129
f 15//130 19//130 17//130
f 82//131 19//131 9//131
f 10//132 19//132 15//132
f 69//133 19//133 82//133
f 30//134 21//134 69//134
f 23//135 21//135 25//135
f 25//136 21//136 30//136
f 69//137 21//137 19//137
f 70//138 66//138 67//138
f 60//139 62//139 64//139
f 60//140 64//140 66//140
f 56//141 58//141 60//141
f 54//142 56//142 60//142
f 81//143 70//143 72//143
f 81//144 72//144 74//144
f 81//145 74//145 75//145
f 81//146 75//146 78//146
f 81//147 78//147 80//147
f 50//148 51//148 54//148
f 50//149 54//149 60//149
f 46//150 48//150 50//150
f 88//151 84//151 85//151
f 91//152 81//152 84//152
f 91//153 88//153 89//153
f 91//154 84//154 88//154
f 96//155 91//155 94//155
f 36//156 38//156 40//156
f 36//157 40//157 42//157
f 36//158 42//158 44//158
f 36//159 44//159 46//159
f 11//160 96//160 97//160
f 11//161 91//161 96//161
f 11//162 81//162 91//162
f 29//163 36//163 46//163
f 29//164 32//164 34//164
f 29//165 34//165 36//165
f 29//166 66//166 70//166
f 29//167 60//167 66//167
f 29//168 50//168 60//168
f 29//169 46//169 50//169
f 16//170 12//170 14//170
f 26//171 28//171 29//171
f 20//172 11//172 12//172
f 20//173 16//173 18//173
f 20//174 81//174 11//174
f 20//175 12//175 16//175
f 20//176 70//176 81//176
f 22//177 29//177 70//177
f 22//178 24//178 26//178
f 22//179 26//179 29//179
f 22//180 70//180 20//180
f 99//181 100//181 101//181
f 101//182 100//182 102//182
f 106//183 105//183 101//183
f 106//184 101//184 102//184
f 101//185 105//185 99//185
f 106//186 102//186 100//186
f 107//187 108//187 109//187
f 109//188 108//188 110//188
f 110//189 111//189 112//189
f 108//190 111//190 110//190
f 112//191 113//191 114//191
f 111//192 113//192 112//192
f 114//193 115//193 116//193
f 113//194 115//194 114//194
f 116//195 117//195 118//195
f 115//196 117//196 116//196
f 118//197 119//197 120//197
f 117//198 119//198 118//198
f 120//199 121//199 122//199
f 119//200 121//200 120//200
f 122//201 123//201 124//201
f 121//202 123//202 122//202
f 124//203 125//203 126//203
f 126//204 125//204 127//204
f 123//205 125//205 124//205
f 125//206 128//206 127//206
f 127//207 129//207 130//207
f 128//208 129//208 127//208
f 130//209 131//209 132//209
f 129//210 131//210 130//210
f 132//211 133//211 134//211
f 131//212 133//212 132//212
f 134//213 135//213 136//213
f 133//214 135//214 134//214
f 136//215 137//215 138//215
f 135//216 137//216 136//216
f 138//217 139//217 140//217
f 137//218 139//218 138//218
f 140//219 141//219 142//219
f 139//220 141//220 140//220
f 142//221 143//221 144//221
f 141//222 143//222 142//222
f 144//223 145//223 146//223
f 143//224 145//224 144//224
f 146//225 147//225 148//225
f 148//226 147//226 149//226
f 145//227 147//227 146//227
f 147//228 150//228 149//228
f 149//229 151//229 152//229
f 150//230 151//230 149//230
f 152//231 153//231 154//231
f 151//232 153//232 152//232
f 154//233 155//233 156//233
f 153//234 155//234 154//234
f 156//235 157//235 158//235
f 155//236 157//236 156//236
f 158//237 159//237 160//237
f 157//238 159//238 158//238
f 159//239 161//239 160//239
f 160//240 161//240 162//240
f 161//241 163//241 162//241
f 162//242 163//242 164//242
f 164//243 163//243 165//243
f 163//244 166//244 165//244
f 166//245 167//245 165//245
f 165//246 167//246 168//246
f 167//247 169//247 168//247
f 168//248 169//248 170//248
f 169//249 171//249 170//249
f 170//250 171//250 172//250
f 172//251 171//251 173//251
f 171//252 174//252 173//252
f 174//253 175//253 173//253
f 173//254 175//254 176//254
f 176//255 177//255 178//255
f 175//256 177//256 176//256
f 178//257 177//257 179//257
f 177//258 180//258 179//258
f 179//259 181//259 182//259
f 182//260 181//260 183//260
f 180//261 181//261 179//261
f 181//262 184//262 183//262
f 183//263 185//263 186//263
f 186//264 185//264 187//264
f 184//265 185//265 183//265
f 187//266 188//266 189//266
f 185//267 188//267 187//267
f 188//268 190//268 189//268
f 189//269 191//269 192//269
f 190//270 191//270 189//270
f 192//271 193//271 194//271
f 194//272 193//272 195//272
f 191//273 193//273 192//273
f 193//274 196//274 195//274
f 195//275 107//275 109//275
f 196//276 107//276 195//276
f 161//277 159//277 163//277
f 163//278 157//278 166//278
f 166//279 157//279 167//279
f 159//280 157//280 163//280
f 167//281 171//281 169//281
f 155//282 153//282 157//282
f 153//283 151//283 157//283
f 175//284 180//284 177//284
f 150//285 147//285 151//285
f 151//286 147//286 157//286
f 145//287 143//287 147//287
f 181//288 188//288 184//288
f 184//289 188//289 185//289
f 139//290 137//290 141//290
f 141//291 137//291 143//291
f 180//292 191//292 181//292
f 188//293 191//293 190//293
f 181//294 191//294 188//294
f 171//295 135//295 174//295
f 174//296 135//296 175//296
f 157//297 135//297 167//297
f 167//298 135//298 171//298
f 147//299 135//299 157//299
f 143//300 135//300 147//300
f 137//301 135//301 143//301
f 180//302 193//302 191//302
f 133//303 131//303 135//303
f 193//304 107//304 196//304
f 135//305 128//305 175//305
f 131//306 128//306 135//306
f 129//307 128//307 131//307
f 175//308 128//308 180//308
f 108//309 113//309 111//309
f 123//310 121//310 125//310
f 107//311 117//311 108//311
f 113//312 117//312 115//312
f 180//313 117//313 193//313
f 128//314 117//314 180//314
f 193//315 117//315 107//315
f 108//316 117//316 113//316
f 125//317 119//317 128//317
f 128//318 119//318 117//318
f 121//319 119//319 125//319
f 160//320 162//320 164//320
f 158//321 164//321 165//321
f 158//322 165//322 168//322
f 158//323 160//323 164//323
f 172//324 168//324 170//324
f 154//325 156//325 158//325
f 152//326 154//326 158//326
f 179//327 176//327 178//327
f 148//328 149//328 152//328
f 148//329 152//329 158//329
f 144//330 146//330 148//330
f 187//331 182//331 183//331
f 187//332 183//332 186//332
f 138//333 140//333 142//333
f 138//334 142//334 144//334
f 192//335 179//335 182//335
f 192//336 187//336 189//336
f 192//337 182//337 187//337
f 136//338 172//338 173//338
f 136//339 173//339 176//339
f 136//340 158//340 168//340
f 136//341 168//341 172//341
f 136//342 148//342 158//342
f 136//343 144//343 148//343
f 136//344 138//344 144//344
f 194//345 179//345 192//345
f 132//346 134//346 136//346
f 109//347 194//347 195//347
f 127//348 136//348 176//348
f 127//349 132//349 136//349
f 127//350 130//350 132//350
f 127//351 176//351 179//351
f 114//352 110//352 112//352
f 122//353 124//353 126//353
f 118//354 109//354 110//354
f 118//355 114//355 116//355
f 118//356 179//356 194//356
f 118//357 127//357 179//357
f 118//358 194//358 109//358
f 118//359 110//359 114//359
f 120//360 126//360 127//360
f 120//361 127//361 118//361
f 120//362 122//362 126//362
f 201//363 202//363 203//363
f 201//364 203//364 204//364
f 202//365 201//365 197//365
f 197//366 201//366 198//366
f 197//367 203//367 202//367
f 204//368 198//368 201//368
f 205//369 206//369 207//369
f 207//370 206//370 208//370
f 208//371 209//371 210//371
f 206//372 209//372 208//372
f 210//373 211//373 212//373
f 209//374 211//374 210//374
f 212//375 213//375 214//375
f 211//376 213//376 212//376
f 214//377 215//377 216//377
f 213//378 215//378 214//378
f 216//379 217//379 218//379
f 215//380 217//380 216//380
f 218//381 219//381 220//381
f 217//382 219//382 218//382
f 220//383 221//383 222//383
f 219//384 221//384 220//384
f 222//385 223//385 224//385
f 224//386 223//386 225//386
f 221//387 223//387 222//387
f 223//388 226//388 225//388
f 225//389 227//389 228//389
f 226//390 227//390 225//390
f 228//391 229//391 230//391
f 227//392 229//392 228//392
f 230//393 231//393 232//393
f 229//394 231//394 230//394
f 232//395 233//395 234//395
f 231//396 233//396 232//396
f 234//397 235//397 236//397
f 233//398 235//398 234//398
f 236//399 237//399 238//399
f 235//400 237//400 236//400
f 238//401 239//401 240//401
f 237//402 239//402 238//402
f 240//403 241//403 242//403
f 239//404 241//404 240//404
f 242//405 243//405 244//405
f 241//406 243//406 242//406
f 244//407 245//407 246//407
f 246//408 245//408 247//408
f 243//409 245//409 244//409
f 245//410 248//410 247//410
f 247//411 249//411 250//411
f 248//412 249//412 247//412
f 250//413 251//413 252//413
f 249//414 251//414 250//414
f 252//415 253//415 254//415
f 251//416 253//416 252//416
f 254//417 255//417 256//417
f 253//418 255//418 254//418
f 256//419 257//419 258//419
f 255//420 257//420 256//420
f 257//421 259//421 258//421
f 258//422 259//422 260//422
f 259//423 261//423 260//423
f 260//424 261//424 262//424
f 262//425 261//425 263//425
f 261//426 264//426 263//426
f 264//427 265//427 263//427
f 263//428 265//428 266//428
f 265//429 267//429 266//429
f 266//430 267//430 268//430
f 267//431 269//431 268//431
f 268//432 269//432 270//432
f 270//433 269//433 271//433
f 269//434 272//434 271//434
f 272//435 273//435 271//435
f 271//436 273//436 274//436
f 274//437 275//437 276//437
f 273//438 275//438 274//438
f 276//439 275//439 277//439
f 275//440 278//440 277//440
f 277//441 279//441 280//441
f 280//442 279//442 281//442
f 278//443 279//443 277//443
f 279//444 282//444 281//444
f 281//445 283//445 284//445
f 284//446 283//446 285//446
f 282//447 283//447 281//447
f 285//448 286//448 287//448
f 283//449 286//449 285//449
f 286//450 288//450 287//450
f 287//451 289//451 290//451
f 288//452 289//452 287//452
f 290//453 291//453 292//453
f 292//454 291//454 293//454
f 289//455 291//455 290//455
f 291//456 294//456 293//456
f 293//457 205//457 207//457
f 294//458 205//458 293//458
f 257//459 255//459 259//459
f 259//460 255//460 261//460
f 261//461 269//461 264//461
f 264//462 269//462 265//462
f 265//463 269//463 267//463
f 251//464 249//464 253//464
f 253//465 249//465 255//465
f 261//466 249//466 269//466
f 255//467 249//467 261//467
f 273//468 278//468 275//468
f 248//469 245//469 249//469
f 269//470 245//470 272//470
f 272//471 245//471 273//471
f 249//472 245//472 269//472
f 243//473 241//473 245//473
f 278//474 283//474 279//474
f 279//475 283//475 282//475
f 239//476 237//476 241//476
f 283//477 288//477 286//477
f 278//478 289//478 283//478
f 283//479 289//479 288//479
f 235//480 233//480 237//480
f 241//481 233//481 245//481
f 237//482 233//482 241//482
f 291//483 205//483 294//483
f 229//484 227//484 231//484
f 233//485 226//485 245//485
f 231//486 226//486 233//486
f 227//487 226//487 231//487
f 245//488 226//488 273//488
f 223//489 221//489 226//489
f 206//490 213//490 209//490
f 209//491 213//491 211//491
f 205//492 215//492 206//492
f 291//493 215//493 205//493
f 206//494 215//494 213//494
f 278//495 217//495 289//495
f 219//496 217//496 221//496
f 221//497 217//497 226//497
f 226//498 217//498 273//498
f 291//499 217//499 215//499
f 289//500 217//500 291//500
f 273//501 217//501 278//501
f 256//502 258//502 260//502
f 256//503 260//503 262//503
f 270//504 262//504 263//504
f 270//505 263//505 266//505
f 270//506 266//506 268//506
f 250//507 252//507 254//507
f 250//508 254//508 256//508
f 250//509 262//509 270//509
f 250//510 256//510 262//510
f 277//511 274//511 276//511
f 246//512 247//512 250//512
f 246//513 270//513 271//513
f 246//514 271//514 274//514
f 246//515 250//515 270//515
f 242//516 244//516 246//516
f 284//517 277//517 280//517
f 284//518 280//518 281//518
f 238//519 240//519 242//519
f 287//520 284//520 285//520
f 290//521 277//521 284//521
f 290//522 284//522 287//522
f 234//523 236//523 238//523
f 234//524 242//524 246//524
f 234//525 238//525 242//525
f 207//526 292//526 293//526
f 228//527 230//527 232//527
f 225//528 234//528 246//528
f 225//529 232//529 234//529
f 225//530 228//530 232//530
f 225//531 246//531 274//531
f 222//532 224//532 225//532
f 214//533 208//533 210//533
f 214//534 210//534 212//534
f 216//535 207//535 208//535
f 216//536 292//536 207//536
f 216//537 208//537 214//537
f 218//538 277//538 290//538
f 218//539 220//539 222//539
f 218//540 222//540 225//540
f 218//541 225//541 274//541
f 218//542 292//542 216//542
f 218//543 290//543 292//543
f 218//544 274//544 277//544
f 299//545 300//545 301//545
f 299//546 301//546 302//546
f 302//547 301//547 297//547
f 302//548 297//548 298//548
f 303//549 304//549 305//549
f 305//550 304//550 306//550
f 306//551 307//551 308//551
f 304//552 307//552 306//552
f 308//553 309//553 310//553
f 307//554 309//554 308//554
f 310//555 311//555 312//555
f 309//556 311//556 310//556
f 312//557 313//557 314//557
f 311//558 313//558 312//558
f 314//559 315//559 316//559
f 313//560 315//560 314//560
f 316//561 317//561 318//561
f 315//562 317//562 316//562
f 318//563 319//563 320//563
f 317//564 319//564 318//564
f 320//565 321//565 322//565
f 322//566 321//566 323//566
f 319//567 321//567 320//567
f 321//568 324//568 323//568
f 323//569 325//569 326//569
f 324//570 325//570 323//570
f 326//571 327//571 328//571
f 325//572 327//572 326//572
f 328//573 329//573 330//573
f 327//574 329//574 328//574
f 330//575 331//575 332//575
f 329//576 331//576 330//576
f 332//577 333//577 334//577
f 331//578 333//578 332//578
f 334//579 335//579 336//579
f 333//580 335//580 334//580
f 336//581 337//581 338//581
f 335//582 337//582 336//582
f 338//583 339//583 340//583
f 337//584 339//584 338//584
f 340//585 341//585 342//585
f 339//586 341//586 340//586
f 342//587 343//587 344//587
f 344//588 343//588 345//588
f 341//589 343//589 342//589
f 343//590 346//590 345//590
f 345//591 347//591 348//591
f 346//592 347//592 345//592
f 348//593 349//593 350//593
f 347//594 349//594 348//594
f 350//595 351//595 352//595
f 349//596 351//596 350//596
f 352//597 353//597 354//597
f 351//598 353//598 352//598
f 354//599 355//599 356//599
f 353//600 355//600 354//600
f 355//601 357//601 356//601
f 356//602 357//602 358//602
f 357//603 359//603 358//603
f 358//604 359//604 360//604
f 360//605 359//605 361//605
f 359//606 362//606 361//606
f 362//607 363//607 361//607
f 361//608 363//608 364//608
f 363//609 365//609 364//609
f 364//610 365//610 366//610
f 365//611 367//611 366//611
f 366//612 367//612 368//612
f 368//613 367//613 369//613
f 367//614 370//614 369//614
f 370//615 371//615 369//615
f 369//616 371//616 372//616
f 372//617 373//617 374//617
f 371//618 373//618 372//618
f 374//619 373//619 375//619
f 373//620 376//620 375//620
f 375//621 377//621 378//621
f 378//622 377//622 379//622
f 376//623 377//623 375//623
f 377//624 380//624 379//624
f 379//625 381//625 382//625
f 382//626 381//626 383//626
f 380//627 381//627 379//627
f 383//628 384//628 385//628
f 381//629 384//629 383//629
f 384//630 386//630 385//630
f 385//631 387//631 388//631
f 386//632 387//632 385//632
f 388//633 389//633 390//633
f 390//634 389//634 391//634
f 387//635 389//635 388//635
f 389//636 392//636 391//636
f 391//637 303//637 305//637
f 392//638 303//638 391//638
f 355//639 353//639 357//639
f 357//640 353//640 359//640
f 359//641 353//641 362//641
f 362//642 353//642 363//642
f 351//643 349//643 353//643
f 371//644 376//644 373//644
f 346//645 343//645 347//645
f 341//646 339//646 343//646
f 347//647 339//647 349//647
f 349//648 339//648 353//648
f 343//649 339//649 347//649
f 376//650 384//650 377//650
f 377//651 384//651 380//651
f 380//652 384//652 381//652
f 337//653 335//653 339//653
f 376//654 386//654 384//654
f 335//655 333//655 339//655
f 333//656 331//656 339//656
f 363//657 331//657 365//657
f 365//658 331//658 367//658
f 367//659 331//659 370//659
f 370//660 331//660 371//660
f 353//661 331//661 363//661
f 339//662 331//662 353//662
f 329//663 327//663 331//663
f 327//664 325//664 331//664
f 389//665 304//665 392//665
f 392//666 304//666 303//666
f 325//667 324//667 331//667
f 371//668 324//668 376//668
f 331//669 324//669 371//669
f 304//670 309//670 307//670
f 304//671 311//671 309//671
f 389//672 311//672 304//672
f 387//673 311//673 389//673
f 319//674 317//674 321//674
f 376//675 313//675 386//675
f 324//676 313//676 376//676
f 387//677 313//677 311//677
f 386//678 313//678 387//678
f 321//679 315//679 324//679
f 324//680 315//680 313//680
f 317//681 315//681 321//681
f 354//682 356//682 358//682
f 354//683 358//683 360//683
f 354//684 360//684 361//684
f 354//685 361//685 364//685
f 350//686 352//686 354//686
f 375//687 372//687 374//687
f 344//688 345//688 348//688
f 340//689 342//689 344//689
f 340//690 348//690 350//690
f 340//691 350//691 354//691
f 340//692 344//692 348//692
f 383//693 375//693 378//693
f 383//694 378//694 379//694
f 383//695 379//695 382//695
f 336//696 338//696 340//696
f 385//697 375//697 383//697
f 334//698 336//698 340//698
f 332//699 334//699 340//699
f 332//700 364//700 366//700
f 332//701 366//701 368//701
f 332//702 368//702 369//702
f 332//703 369//703 372//703
f 332//704 354//704 364//704
f 332//705 340//705 354//705
f 328//706 330//706 332//706
f 326//707 328//707 332//707
f 306//708 390//708 391//708
f 306//709 391//709 305//709
f 323//710 326//710 332//710
f 323//711 372//711 375//711
f 323//712 332//712 372//712
f 310//713 306//713 308//713
f 312//714 306//714 310//714
f 312//715 390//715 306//715
f 312//716 388//716 390//716
f 318//717 320//717 322//717
f 314//718 375//718 385//718
f 314//719 323//719 375//719
f 314//720 388//720 312//720
f 314//721 385//721 388//721
f 316//722 322//722 323//722
f 316//723 323//723 314//723
f 316//724 318//724 322//724
f 197//725 395//725 6//725
f 6//726 395//726 393//726
f 396//727 394//727 393//727
f 396//728 393//728 395//728
f 105//729 397//729 398//729
f 399//730 297//730 400//730
f 400//731 297//731 105//731
f 400//732 105//732 398//732
f 400//733 398//733 397//733
f 400//734 397//734 399//734
f 3//735 401//735 99//735
f 99//736 401//736 402//736
f 3//737 394//737 401//737
f 397//738 99//738 402//738
f 397//739 402//739 401//739
f 397//740 401//740 394//740
f 403//741 203//741 300//741
f 403//742 300//742 404//742
f 404//743 399//743 396//743
f 404//744 396//744 403//744
f 405//745 406//745 407//745
f 409//746 410//746 411//746
f 410//747 409//747 405//747
f 405//748 409//748 406//748
f 407//749 411//749 405//749
f 405//750 411//750 410//750
f 412//751 408//751 406//751
f 412//752 406//752 409//752
f 415//753 414//753 416//753
f 417//754 419//754 420//754
f 420//755 419//755 415//755
f 420//756 415//756 416//756
f 415//757 419//757 413//757
f 413//758 419//758 418//758
f 420//759 416//759 414//759
f 420//760 414//760 417//760
f 421//761 422//761 423//761
f 423//762 422//762 424//762
f 421//763 408//763 422//763
f 414//764 423//764 424//764
f 423//765 413//765 421//765
f 421//766 413//766 407//766
f 414//767 424//767 422//767
f 414//768 422//768 408//768
f 425//769 426//769 427//769
f 425//770 427//770 428//770
f 426//771 425//771 411//771
f 428//772 427//772 418//772
f 418//773 427//773 411//773
f 411//774 427//774 426//774
f 428//775 417//775 412//775
f 428//776 412//776 425//776
f 429//777 430//777 431//777
f 433//778 434//778 435//778
f 434//779 433//779 429//779
f 429//780 433//780 430//780
f 431//781 435//781 429//781
f 429//782 435//782 434//782
f 436//783 432//783 430//783
f 436//784 430//784 433//784
f 439//785 438//785 440//785
f 441//786 443//786 444//786
f 444//787 443//787 439//787
f 444//788 439//788 440//788
f 439//789 443//789 437//789
f 437//790 443//790 442//790
f 444//791 440//791 438//791
f 444//792 438//792 441//792
f 445//793 446//793 447//793
f 447//794 446//794 448//794
f 445//795 432//795 446//795
f 438//796 447//796 448//796
f 447//797 437//797 445//797
f 445//798 437//798 431//798
f 438//799 448//799 446//799
f 438//800 446//800 432//800
f 449//801 450//801 451//801
f 449//802 451//802 452//802
f 450//803 449//803 435//803
f 452//804 451//804 442//804
f 442//805 451//805 435//805
f 435//806 451//806 450//806
f 452//807 441//807 436//807
f 452//808 436//808 449//808
f 453//809 454//809 455//809
f 457//810 458//810 459//810
f 458//811 457//811 453//811
f 453//812 457//812 454//812
f 455//813 459//813 453//813
f 453//814 459//814 458//814
f 460//815 456//815 454//815
f 460//816 454//816 457//816
f 463//817 462//817 464//817
f 465//818 467//818 468//818
f 468//819 467//819 463//819
f 468//820 463//820 464//820
f 463//821 467//821 461//821
f 461//822 467//822 466//822
f 468//823 464//823 462//823
f 468//824 462//824 465//824
f 469//825 470//825 471//825
f 471//826 470//826 472//826
f 469//827 456//827 470//827
f 462//828 471//828 472//828
f 471//829 461//829 469//829
f 469//830 461//830 455//830
f 462//831 472//831 470//831
f 462//832 470//832 456//832
f 473//833 474//833 475//833
f 473//834 475//834 476//834
f 474//835 473//835 459//835
f 476//836 475//836 466//836
f 466//837 475//837 459//837
f 459//838 475//838 474//838
f 476//839 465//839 460//839
f 476//840 460//840 473//840
f 477//841 478//841 479//841
f 481//842 482//842 483//842
f 482//843 481//843 477//843
f 477//844 481//844 478//844
f 479//845 483//845 477//845
f 477//846 483//846 482//846
f 484//847 480//847 478//847
f 484//848 478//848 481//848
f 487//849 486//849 488//849
f 489//850 491//850 492//850
f 492//851 491//851 487//851
f 492//852 487//852 488//852
f 487//853 491//853 485//853
f 485//854 491//854 490//854
f 492//855 488//855 486//855
f 492//856 486//856 489//856
f 493//857 494//857 495//857
f 495//858 494//858 496//858
f 493//859 480//859 494//859
f 486//860 495//860 496//860
f 495//861 485//861 493//861
f 493//862 485//862 479//862
f 486//863 496//863 494//863
f 486//864 494//864 480//864
f 497//865 498//865 499//865
f 497//866 499//866 500//866
f 498//867 497//867 483//867
f 500//868 499//868 490//868
f 490//869 499//869 483//869
f 483//870 499//870 498//870
f 500//871 489//871 484//871
f 500//872 484//872 497//872
f 501//873 5//873 502//873
f 198//874 503//874 504//874
f 503//875 198//875 501//875
f 501//876 198//876 5//876
f 502//877 504//877 501//877
f 501//878 504//878 503//878
f 298//879 508//879 506//879
f 298//880 506//880 106//880
f 506//881 508//881 505//881
f 505//882 508//882 507//882
f 509//883 4//883 510//883
f 510//884 4//884 100//884
f 510//885 505//885 509//885
f 509//886 505//886 502//886
f 204//887 511//887 512//887
f 204//888 512//888 299//888
f 511//889 204//889 504//889
f 299//890 512//890 507//890
f 507//891 512//891 504//891
f 504//892 512//892 511//892
f 513//893 514//893 515//893
f 515//894 514//894 516//894
f 517//895 518//895 519//895
f 517//896 519//896 520//896
f 513//897 518//897 514//897
f 518//898 517//898 514//898
f 520//899 519//899 516//899
f 513//900 515//900 518//900
f 516//901 514//901 517//901
f 520//902 516//902 517//902
f 515//903 521//903 522//903
f 522//904 521//904 523//904
f 524//905 519//905 525//905
f 524//906 525//906 526//906
f 519//907 524//907 521//907
f 523//908 525//908 522//908
f 526//909 525//909 523//909
f 522//910 525//910 519//910
f 524//911 523//911 521//911
f 526//912 523//912 524//912
f 527//913 528//913 529//913
f 529//914 528//914 530//914
f 531//915 532//915 533//915
f 531//916 533//916 534//916
f 527//917 532//917 528//917
f 532//918 531//918 528//918
f 534//919 533//919 530//919
f 527//920 529//920 532//920
f 530//921 528//921 531//921
f 534//922 530//922 531//922
f 529//923 535//923 536//923
f 536//924 535//924 537//924
f 538//925 533//925 539//925
f 538//926 539//926 540//926
f 533//927 538//927 535//927
f 537//928 539//928 536//928
f 540//929 539//929 537//929
f 536//930 539//930 533//930
f 538//931 537//931 535//931
f 540//932 537//932 538//932
f 541//933 542//933 543//933
f 543//934 542//934 544//934
f 545//935 546//935 541//935
f 541//936 546//936 542//936
f 547//937 544//937 542//937
f 547//938 542//938 546//938
f 547//939 548//939 543//939
f 547//940 543//940 544//940
f 543//941 548//941 541//941
f 541//942 548//942 545//942
f 546//943 545//943 548//943
f 546//944 548//944 547//944
f 549//945 550//945 551//945
f 549//946 551//946 552//946
f 553//947 554//947 550//947
f 553//948 550//948 549//948
f 552//949 555//949 549//949
f 549//950 555//950 553//950
f 556//951 555//951 551//951
f 551//952 555//952 552//952
f 556//953 551//953 550//953
f 556//954 550//954 554//954
f 554//955 553//955 556//955
f 556//956 553//956 555//956
f 557//957 558//957 559//957
f 559//958 558//958 560//958
f 561//959 562//959 557//959
f 557//960 562//960 558//960
f 563//961 560//961 558//961
f 563//962 558//962 562//962
f 563//963 564//963 559//963
f 563//964 559//964 560//964
f 559//965 564//965 557//965
f 557//966 564//966 561//966
f 562//967 561//967 564//967
f 562//968 564//968 563//968
f 565//969 567//969 568//969
f 569//970 566//970 565//970
f 568//971 569//971 565//971
f 568//972 571//972 569//972
f 567//973 571//973 568//973
f 572//974 569//974 571//974
f 566//975 574//975 573//975
f 576//976 570//976 575//976
f 566//977 576//977 574//977
f 575//978 567//978 573//978
f 576//979 573//979 574//979
f 575//980 573//980 576//980
f 577//981 578//981 579//981
f 579//982 578//982 580//982
f 580//983 581//983 582//983
f 578//984 581//984 580//984
f 582//985 583//985 584//985
f 581//986 583//986 582//986
f 584//987 585//987 586//987
f 583//988 585//988 584//988
f 586//989 587//989 588//989
f 588//990 587//990 589//990
f 585//991 587//991 586//991
f 587//992 590//992 589//992
f 589//993 591//993 592//993
f 592//994 591//994 593//994
f 590//995 591//995 589//995
f 591//996 594//996 593//996
f 593//997 595//997 596//997
f 594//998 595//998 593//998
f 595//999 597//999 596//999
f 596//1000 597//1000 598//1000
f 598//1001 597//1001 599//1001
f 597//1002 600//1002 599//1002
f 599//1003 601//1003 602//1003
f 600//1004 601//1004 599//1004
f 602//1005 603//1005 604//1005
f 601//1006 603//1006 602//1006
f 604//1007 605//1007 606//1007
f 603//1008 605//1008 604//1008
f 606//1009 607//1009 608//1009
f 608//1010 607//1010 609//1010
f 605//1011 607//1011 606//1011
f 607//1012 610//1012 609//1012
f 609//1013 611//1013 612//1013
f 610//1014 611//1014 609//1014
f 612//1015 613//1015 614//1015
f 614//1016 613//1016 615//1016
f 611//1017 613//1017 612//1017
f 613//1018 616//1018 615//1018
f 615//1019 617//1019 618//1019
f 618//1020 617//1020 619//1020
f 616//1021 617//1021 615//1021
f 617//1022 620//1022 619//1022
f 619//1023 621//1023 622//1023
f 620//1024 621//1024 619//1024
f 622//1025 623//1025 624//1025
f 621//1026 623//1026 622//1026
f 624//1027 625//1027 626//1027
f 626//1028 625//1028 627//1028
f 623//1029 625//1029 624//1029
f 625//1030 628//1030 627//1030
f 627//1031 629//1031 630//1031
f 628//1032 629//1032 627//1032
f 630//1033 631//1033 632//1033
f 629//1034 631//1034 630//1034
f 632//1035 633//1035 634//1035
f 631//1036 633//1036 632//1036
f 634//1037 635//1037 636//1037
f 633//1038 635//1038 634//1038
f 636//1039 637//1039 638//1039
f 638//1040 637//1040 639//1040
f 635//1041 637//1041 636//1041
f 637//1042 640//1042 639//1042
f 640//1043 641//1043 639//1043
f 639//1044 641//1044 642//1044
f 641//1045 643//1045 642//1045
f 642//1046 643//1046 644//1046
f 644//1047 643//1047 645//1047
f 643//1048 646//1048 645//1048
f 646//1049 577//1049 645//1049
f 645//1050 577//1050 579//1050
f 625//1051 633//1051 628//1051
f 628//1052 633//1052 629//1052
f 629//1053 633//1053 631//1053
f 623//1054 640//1054 625//1054
f 633//1055 640//1055 635//1055
f 635//1056 640//1056 637//1056
f 625//1057 640//1057 633//1057
f 617//1058 641//1058 620//1058
f 620//1059 641//1059 621//1059
f 621//1060 641//1060 623//1060
f 623//1061 641//1061 640//1061
f 617//1062 643//1062 641//1062
f 600//1063 597//1063 601//1063
f 616//1064 646//1064 617//1064
f 617//1065 646//1065 643//1065
f 613//1066 577//1066 616//1066
f 616//1067 577//1067 646//1067
f 595//1068 594//1068 597//1068
f 611//1069 578//1069 613//1069
f 613//1070 578//1070 577//1070
f 591//1071 590//1071 594//1071
f 597//1072 590//1072 601//1072
f 594//1073 590//1073 597//1073
f 578//1074 583//1074 581//1074
f 605//1075 583//1075 607//1075
f 607//1076 583//1076 610//1076
f 610//1077 583//1077 611//1077
f 611//1078 583//1078 578//1078
f 587//1079 585//1079 590//1079
f 601//1080 585//1080 603//1080
f 603//1081 585//1081 605//1081
f 605//1082 585//1082 583//1082
f 590//1083 585//1083 601//1083
f 634//1084 626//1084 627//1084
f 634//1085 627//1085 630//1085
f 634//1086 630//1086 632//1086
f 639//1087 624//1087 626//1087
f 639//1088 634//1088 636//1088
f 639//1089 636//1089 638//1089
f 639//1090 626//1090 634//1090
f 642//1091 618//1091 619//1091
f 642//1092 619//1092 622//1092
f 642//1093 622//1093 624//1093
f 642//1094 624//1094 639//1094
f 644//1095 618//1095 642//1095
f 598//1096 599//1096 602//1096
f 645//1097 615//1097 618//1097
f 645//1098 618//1098 644//1098
f 579//1099 614//1099 615//1099
f 579//1100 615//1100 645//1100
f 593//1101 596//1101 598//1101
f 580//1102 612//1102 614//1102
f 580//1103 614//1103 579//1103
f 589//1104 592//1104 593//1104
f 589//1105 598//1105 602//1105
f 589//1106 593//1106 598//1106
f 584//1107 580//1107 582//1107
f 584//1108 606//1108 608//1108
f 584//1109 608//1109 609//1109
f 584//1110 609//1110 612//1110
f 584//1111 612//1111 580//1111
f 586//1112 588//1112 589//1112
f 586//1113 602//1113 604//1113
f 586//1114 604//1114 606//1114
f 586//1115 606//1115 584//1115
f 586//1116 589//1116 602//1116
f 647//1117 648//1117 649//1117
f 649//1118 648//1118 650//1118
f 650//1119 651//1119 652//1119
f 648//1120 651//1120 650//1120
f 652//1121 653//1121 654//1121
f 651//1122 653//1122 652//1122
f 654//1123 653//1123 655//1123
f 653//1124 656//1124 655//1124
f 655//1125 657//1125 658//1125
f 656//1126 657//1126 655//1126
f 658//1127 659//1127 660//1127
f 657//1128 659//1128 658//1128
f 660//1129 661//1129 662//1129
f 659//1130 661//1130 660//1130
f 662//1131 663//1131 664//1131
f 661//1132 663//1132 662//1132
f 664//1133 665//1133 666//1133
f 666//1134 665//1134 667//1134
f 663//1135 665//1135 664//1135
f 665//1136 668//1136 667//1136
f 667//1137 669//1137 670//1137
f 668//1138 669//1138 667//1138
f 670//1139 671//1139 672//1139
f 669//1140 671//1140 670//1140
f 672//1141 673//1141 674//1141
f 671//1142 673//1142 672//1142
f 674//1143 675//1143 676//1143
f 673//1144 675//1144 674//1144
f 676//1145 677//1145 678//1145
f 675//1146 677//1146 676//1146
f 678//1147 679//1147 680//1147
f 677//1148 679//1148 678//1148
f 680//1149 681//1149 682//1149
f 679//1150 681//1150 680//1150
f 682//1151 683//1151 684//1151
f 681//1152 683//1152 682//1152
f 684//1153 685//1153 686//1153
f 683//1154 685//1154 684//1154
f 686//1155 687//1155 688//1155
f 685//1156 687//1156 686//1156
f 688//1157 689//1157 690//1157
f 690//1158 689//1158 691//1158
f 687//1159 689//1159 688//1159
f 691//1160 692//1160 693//1160
f 689//1161 692//1161 691//1161
f 692//1162 694//1162 693//1162
f 693//1163 695//1163 696//1163
f 696//1164 695//1164 697//1164
f 694//1165 695//1165 693//1165
f 695//1166 698//1166 697//1166
f 697//1167 699//1167 700//1167
f 698//1168 699//1168 697//1168
f 700//1169 701//1169 702//1169
f 702//1170 701//1170 703//1170
f 699//1171 701//1171 700//1171
f 701//1172 704//1172 703//1172
f 704//1173 705//1173 703//1173
f 703//1174 705//1174 706//1174
f 706//1175 705//1175 707//1175
f 705//1176 708//1176 707//1176
f 708//1177 709//1177 707//1177
f 707//1178 709//1178 710//1178
f 709//1179 711//1179 710//1179
f 710//1180 711//1180 712//1180
f 711//1181 713//1181 712//1181
f 712//1182 713//1182 714//1182
f 714//1183 713//1183 715//1183
f 713//1184 716//1184 715//1184
f 716//1185 717//1185 715//1185
f 715//1186 717//1186 718//1186
f 717//1187 719//1187 718//1187
f 718//1188 719//1188 720//1188
f 720//1189 719//1189 721//1189
f 719//1190 722//1190 721//1190
f 721//1191 723//1191 724//1191
f 722//1192 723//1192 721//1192
f 724//1193 725//1193 726//1193
f 726//1194 725//1194 727//1194
f 723//1195 725//1195 724//1195
f 725//1196 728//1196 727//1196
f 727//1197 729//1197 730//1197
f 728//1198 729//1198 727//1198
f 730//1199 731//1199 732//1199
f 729//1200 731//1200 730//1200
f 732//1201 647//1201 649//1201
f 731//1202 647//1202 732//1202
f 701//1203 705//1203 704//1203
f 695//1204 694//1204 698//1204
f 705//1205 709//1205 708//1205
f 692//1206 689//1206 694//1206
f 698//1207 689//1207 699//1207
f 699//1208 689//1208 701//1208
f 694//1209 689//1209 698//1209
f 685//1210 683//1210 687//1210
f 687//1211 683//1211 689//1211
f 689//1212 681//1212 701//1212
f 683//1213 681//1213 689//1213
f 713//1214 723//1214 716//1214
f 716//1215 723//1215 717//1215
f 717//1216 723//1216 719//1216
f 719//1217 723//1217 722//1217
f 713//1218 725//1218 723//1218
f 677//1219 675//1219 679//1219
f 679//1220 675//1220 681//1220
f 681//1221 675//1221 701//1221
f 701//1222 673//1222 705//1222
f 705//1223 673//1223 709//1223
f 675//1224 673//1224 701//1224
f 725//1225 731//1225 728//1225
f 728//1226 731//1226 729//1226
f 673//1227 669//1227 709//1227
f 671//1228 669//1228 673//1228
f 709//1229 669//1229 711//1229
f 711//1230 669//1230 713//1230
f 725//1231 648//1231 731//1231
f 731//1232 648//1232 647//1232
f 668//1233 665//1233 669//1233
f 669//1234 663//1234 713//1234
f 665//1235 663//1235 669//1235
f 648//1236 656//1236 651//1236
f 651//1237 656//1237 653//1237
f 725//1238 656//1238 648//1238
f 663//1239 656//1239 713//1239
f 713//1240 656//1240 725//1240
f 659//1241 657//1241 661//1241
f 661//1242 657//1242 663//1242
f 663//1243 657//1243 656//1243
f 706//1244 702//1244 703//1244
f 693//1245 696//1245 697//1245
f 710//1246 706//1246 707//1246
f 690//1247 691//1247 693//1247
f 690//1248 697//1248 700//1248
f 690//1249 700//1249 702//1249
f 690//1250 693//1250 697//1250
f 684//1251 686//1251 688//1251
f 684//1252 688//1252 690//1252
f 682//1253 690//1253 702//1253
f 682//1254 684//1254 690//1254
f 724//1255 714//1255 715//1255
f 724//1256 715//1256 718//1256
f 724//1257 718//1257 720//1257
f 724//1258 720//1258 721//1258
f 726//1259 714//1259 724//1259
f 676//1260 678//1260 680//1260
f 676//1261 680//1261 682//1261
f 676//1262 682//1262 702//1262
f 674//1263 702//1263 706//1263
f 674//1264 706//1264 710//1264
f 674//1265 676//1265 702//1265
f 732//1266 726//1266 727//1266
f 732//1267 727//1267 730//1267
f 670//1268 674//1268 710//1268
f 670//1269 672//1269 674//1269
f 670//1270 710//1270 712//1270
f 670//1271 712//1271 714//1271
f 650//1272 726//1272 732//1272
f 650//1273 732//1273 649//1273
f 666//1274 667//1274 670//1274
f 664//1275 670//1275 714//1275
f 664//1276 666//1276 670//1276
f 655//1277 650//1277 652//1277
f 655//1278 652//1278 654//1278
f 655//1279 726//1279 650//1279
f 655//1280 664//1280 714//1280
f 655//1281 714//1281 726//1281
f 658//1282 660//1282 662//1282
f 658//1283 662//1283 664//1283
f 658//1284 664//1284 655//1284
f 733//1285 734//1285 735//1285
f 735//1286 734//1286 736//1286
f 734//1287 737//1287 736//1287
f 736//1288 737//1288 738//1288
f 738//1289 739//1289 740//1289
f 737//1290 739//1290 738//1290
f 740//1291 741//1291 742//1291
f 742//1292 741//1292 743//1292
f 739//1293 741//1293 740//1293
f 741//1294 744//1294 743//1294
f 743//1295 745//1295 746//1295
f 744//1296 745//1296 743//1296
f 746//1297 747//1297 748//1297
f 745//1298 747//1298 746//1298
f 748//1299 749//1299 750//1299
f 747//1300 749//1300 748//1300
f 750//1301 751//1301 752//1301
f 752//1302 751//1302 753//1302
f 749//1303 751//1303 750//1303
f 751//1304 754//1304 753//1304
f 753//1305 755//1305 756//1305
f 756//1306 755//1306 757//1306
f 754//1307 755//1307 753//1307
f 755//1308 758//1308 757//1308
f 757//1309 759//1309 760//1309
f 758//1310 759//1310 757//1310
f 760//1311 761//1311 762//1311
f 759//1312 761//1312 760//1312
f 762//1313 763//1313 764//1313
f 764//1314 763//1314 765//1314
f 761//1315 763//1315 762//1315
f 763//1316 766//1316 765//1316
f 765//1317 767//1317 768//1317
f 766//1318 767//1318 765//1318
f 768//1319 769//1319 770//1319
f 767//1320 769//1320 768//1320
f 770//1321 771//1321 772//1321
f 772//1322 771//1322 773//1322
f 769//1323 771//1323 770//1323
f 771//1324 774//1324 773//1324
f 773//1325 775//1325 776//1325
f 776//1326 775//1326 777//1326
f 774//1327 775//1327 773//1327
f 775//1328 778//1328 777//1328
f 777//1329 779//1329 780//1329
f 778//1330 779//1330 777//1330
f 780//1331 781//1331 782//1331
f 782//1332 781//1332 783//1332
f 779//1333 781//1333 780//1333
f 781//1334 784//1334 783//1334
f 784//1335 785//1335 783//1335
f 783//1336 785//1336 786//1336
f 785//1337 787//1337 786//1337
f 786//1338 787//1338 788//1338
f 787//1339 789//1339 788//1339
f 788//1340 789//1340 790//1340
f 789//1341 791//1341 790//1341
f 790//1342 791//1342 792//1342
f 792//1343 791//1343 793//1343
f 791//1344 794//1344 793//1344
f 794//1345 795//1345 793//1345
f 793//1346 795//1346 796//1346
f 795//1347 797//1347 796//1347
f 796//1348 797//1348 798//1348
f 798//1349 799//1349 800//1349
f 797//1350 799//1350 798//1350
f 800//1351 801//1351 802//1351
f 799//1352 801//1352 800//1352
f 802//1353 803//1353 804//1353
f 801//1354 803//1354 802//1354
f 804//1355 805//1355 806//1355
f 803//1356 805//1356 804//1356
f 806//1357 807//1357 808//1357
f 805//1358 807//1358 806//1358
f 808//1359 809//1359 810//1359
f 807//1360 809//1360 808//1360
f 810//1361 811//1361 812//1361
f 809//1362 811//1362 810//1362
f 812//1363 813//1363 814//1363
f 811//1364 813//1364 812//1364
f 814//1365 815//1365 816//1365
f 816//1366 815//1366 817//1366
f 813//1367 815//1367 814//1367
f 817//1368 818//1368 819//1368
f 815//1369 818//1369 817//1369
f 818//1370 820//1370 819//1370
f 819//1371 821//1371 822//1371
f 822//1372 821//1372 823//1372
f 820//1373 821//1373 819//1373
f 821//1374 824//1374 823//1374
f 823//1375 825//1375 826//1375
f 824//1376 825//1376 823//1376
f 826//1377 827//1377 828//1377
f 825//1378 827//1378 826//1378
f 828//1379 733//1379 735//1379
f 827//1380 733//1380 828//1380
f 794//1381 797//1381 795//1381
f 789//1382 787//1382 791//1382
f 797//1383 801//1383 799//1383
f 785//1384 784//1384 787//1384
f 801//1385 805//1385 803//1385
f 801//1386 807//1386 805//1386
f 797//1387 807//1387 801//1387
f 781//1388 779//1388 784//1388
f 784//1389 779//1389 787//1389
f 807//1390 811//1390 809//1390
f 778//1391 775//1391 779//1391
f 791//1392 775//1392 794//1392
f 787//1393 775//1393 791//1393
f 794//1394 775//1394 797//1394
f 779//1395 775//1395 787//1395
f 811//1396 818//1396 813//1396
f 813//1397 818//1397 815//1397
f 797//1398 818//1398 807//1398
f 807//1399 818//1399 811//1399
f 775//1400 818//1400 797//1400
f 771//1401 769//1401 774//1401
f 774//1402 769//1402 775//1402
f 820//1403 824//1403 821//1403
f 766//1404 763//1404 767//1404
f 767//1405 763//1405 769//1405
f 763//1406 761//1406 769//1406
f 820//1407 827//1407 824//1407
f 818//1408 827//1408 820//1408
f 824//1409 827//1409 825//1409
f 761//1410 759//1410 769//1410
f 818//1411 734//1411 827//1411
f 827//1412 734//1412 733//1412
f 759//1413 755//1413 769//1413
f 758//1414 755//1414 759//1414
f 769//1415 755//1415 775//1415
f 775//1416 755//1416 818//1416
f 751//1417 749//1417 754//1417
f 754//1418 749//1418 755//1418
f 737//1419 741//1419 739//1419
f 818//1420 747//1420 734//1420
f 755//1421 747//1421 818//1421
f 749//1422 747//1422 755//1422
f 734//1423 744//1423 737//1423
f 737//1424 744//1424 741//1424
f 747//1425 745//1425 734//1425
f 734//1426 745//1426 744//1426
f 798//1427 793//1427 796//1427
f 788//1428 790//1428 792//1428
f 802//1429 798//1429 800//1429
f 783//1430 786//1430 788//1430
f 806//1431 802//1431 804//1431
f 808//1432 802//1432 806//1432
f 808//1433 798//1433 802//1433
f 780//1434 782//1434 783//1434
f 780//1435 783//1435 788//1435
f 812//1436 808//1436 810//1436
f 776//1437 777//1437 780//1437
f 776//1438 792//1438 793//1438
f 776//1439 788//1439 792//1439
f 776//1440 793//1440 798//1440
f 776//1441 780//1441 788//1441
f 817//1442 812//1442 814//1442
f 817//1443 814//1443 816//1443
f 817//1444 798//1444 808//1444
f 817//1445 808//1445 812//1445
f 817//1446 776//1446 798//1446
f 770//1447 772//1447 773//1447
f 770//1448 773//1448 776//1448
f 823//1449 819//1449 822//1449
f 764//1450 765//1450 768//1450
f 764//1451 768//1451 770//1451
f 762//1452 764//1452 770//1452
f 828//1453 819//1453 823//1453
f 828//1454 817//1454 819//1454
f 828//1455 823//1455 826//1455
f 760//1456 762//1456 770//1456
f 736//1457 817//1457 828//1457
f 736//1458 828//1458 735//1458
f 756//1459 760//1459 770//1459
f 756//1460 757//1460 760//1460
f 756//1461 770//1461 776//1461
f 756//1462 776//1462 817//1462
f 750//1463 752//1463 753//1463
f 750//1464 753//1464 756//1464
f 742//1465 738//1465 740//1465
f 748//1466 817//1466 736//1466
f 748//1467 756//1467 817//1467
f 748//1468 750//1468 756//1468
f 743//1469 736//1469 738//1469
f 743//1470 738//1470 742//1470
f 746//1471 748//1471 736//1471
f 746//1472 736//1472 743//1472
f 829//1473 830//1473 831//1473
f 831//1474 830//1474 832//1474
f 832//1475 833//1475 834//1475
f 830//1476 833//1476 832//1476
f 834//1477 835//1477 836//1477
f 833//1478 835//1478 834//1478
f 836//1479 837//1479 838//1479
f 835//1480 837//1480 836//1480
f 838//1481 839//1481 840//1481
f 840//1482 839//1482 841//1482
f 837//1483 839//1483 838//1483
f 839//1484 842//1484 841//1484
f 841//1485 843//1485 844//1485
f 844//1486 843//1486 845//1486
f 842//1487 843//1487 841//1487
f 843//1488 846//1488 845//1488
f 845//1489 847//1489 848//1489
f 848//1490 847//1490 849//1490
f 846//1491 847//1491 845//1491
f 847//1492 850//1492 849//1492
f 850//1493 851//1493 849//1493
f 849//1494 851//1494 852//1494
f 851//1495 853//1495 852//1495
f 852//1496 853//1496 854//1496
f 854//1497 853//1497 855//1497
f 853//1498 856//1498 855//1498
f 856//1499 857//1499 855//1499
f 855//1500 857//1500 858//1500
f 858//1501 859//1501 860//1501
f 860//1502 859//1502 861//1502
f 857//1503 859//1503 858//1503
f 859//1504 862//1504 861//1504
f 861//1505 863//1505 864//1505
f 862//1506 863//1506 861//1506
f 864//1507 865//1507 866//1507
f 863//1508 865//1508 864//1508
f 866//1509 867//1509 868//1509
f 868//1510 867//1510 869//1510
f 865//1511 867//1511 866//1511
f 869//1512 870//1512 871//1512
f 867//1513 870//1513 869//1513
f 870//1514 872//1514 871//1514
f 871//1515 873//1515 874//1515
f 872//1516 873//1516 871//1516
f 874//1517 875//1517 876//1517
f 873//1518 875//1518 874//1518
f 876//1519 877//1519 878//1519
f 875//1520 877//1520 876//1520
f 878//1521 879//1521 880//1521
f 877//1522 879//1522 878//1522
f 880//1523 881//1523 882//1523
f 882//1524 881//1524 883//1524
f 879//1525 881//1525 880//1525
f 883//1526 884//1526 885//1526
f 881//1527 884//1527 883//1527
f 884//1528 886//1528 885//1528
f 885//1529 887//1529 888//1529
f 888//1530 887//1530 889//1530
f 886//1531 887//1531 885//1531
f 887//1532 890//1532 889//1532
f 889//1533 891//1533 892//1533
f 890//1534 891//1534 889//1534
f 892//1535 893//1535 894//1535
f 894//1536 893//1536 895//1536
f 891//1537 893//1537 892//1537
f 893//1538 896//1538 895//1538
f 895//1539 897//1539 898//1539
f 898//1540 897//1540 899//1540
f 896//1541 897//1541 895//1541
f 897//1542 900//1542 899//1542
f 900//1543 901//1543 899//1543
f 899//1544 901//1544 902//1544
f 902//1545 903//1545 904//1545
f 904//1546 903//1546 905//1546
f 901//1547 903//1547 902//1547
f 903//1548 906//1548 905//1548
f 906//1549 907//1549 905//1549
f 905//1550 907//1550 908//1550
f 908//1551 907//1551 909//1551
f 907//1552 910//1552 909//1552
f 909//1553 910//1553 911//1553
f 910//1554 912//1554 911//1554
f 911//1555 912//1555 913//1555
f 912//1556 914//1556 913//1556
f 914//1557 915//1557 913//1557
f 913//1558 915//1558 916//1558
f 916//1559 915//1559 917//1559
f 915//1560 918//1560 917//1560
f 918//1561 919//1561 917//1561
f 917//1562 919//1562 920//1562
f 919//1563 921//1563 920//1563
f 920//1564 921//1564 922//1564
f 922//1565 921//1565 923//1565
f 921//1566 924//1566 923//1566
f 924//1567 925//1567 923//1567
f 923//1568 925//1568 926//1568
f 926//1569 925//1569 927//1569
f 925//1570 928//1570 927//1570
f 927//1571 929//1571 930//1571
f 930//1572 929//1572 931//1572
f 928//1573 929//1573 927//1573
f 929//1574 932//1574 931//1574
f 931//1575 933//1575 934//1575
f 932//1576 933//1576 931//1576
f 934//1577 935//1577 936//1577
f 936//1578 935//1578 937//1578
f 933//1579 935//1579 934//1579
f 935//1580 938//1580 937//1580
f 937//1581 939//1581 940//1581
f 938//1582 939//1582 937//1582
f 940//1583 941//1583 942//1583
f 942//1584 941//1584 943//1584
f 939//1585 941//1585 940//1585
f 941//1586 944//1586 943//1586
f 943//1587 945//1587 946//1587
f 944//1588 945//1588 943//1588
f 946//1589 947//1589 948//1589
f 948//1590 947//1590 949//1590
f 945//1591 947//1591 946//1591
f 949//1592 950//1592 951//1592
f 947//1593 950//1593 949//1593
f 950//1594 952//1594 951//1594
f 952//1595 953//1595 951//1595
f 951//1596 953//1596 954//1596
f 954//1597 953//1597 955//1597
f 953//1598 956//1598 955//1598
f 955//1599 956//1599 957//1599
f 956//1600 958//1600 957//1600
f 958//1601 959//1601 957//1601
f 957//1602 959//1602 960//1602
f 960//1603 959//1603 961//1603
f 959//1604 962//1604 961//1604
f 962//1605 963//1605 961//1605
f 961//1606 963//1606 964//1606
f 963//1607 965//1607 964//1607
f 964//1608 965//1608 966//1608
f 966//1609 965//1609 967//1609
f 965//1610 968//1610 967//1610
f 968//1611 969//1611 967//1611
f 967//1612 969//1612 970//1612
f 969//1613 971//1613 970//1613
f 970//1614 971//1614 972//1614
f 972//1615 971//1615 973//1615
f 971//1616 974//1616 973//1616
f 974//1617 975//1617 973//1617
f 973//1618 975//1618 976//1618
f 976//1619 975//1619 977//1619
f 975//1620 978//1620 977//1620
f 977//1621 978//1621 979//1621
f 978//1622 980//1622 979//1622
f 980//1623 981//1623 979//1623
f 979//1624 981//1624 982//1624
f 981//1625 983//1625 982//1625
f 982//1626 983//1626 984//1626
f 984//1627 983//1627 985//1627
f 983//1628 986//1628 985//1628
f 986//1629 987//1629 985//1629
f 985//1630 987//1630 988//1630
f 987//1631 989//1631 988//1631
f 988//1632 989//1632 990//1632
f 989//1633 991//1633 990//1633
f 990//1634 991//1634 992//1634
f 992//1635 991//1635 993//1635
f 991//1636 994//1636 993//1636
f 993//1637 995//1637 996//1637
f 994//1638 995//1638 993//1638
f 996//1639 995//1639 997//1639
f 995//1640 998//1640 997//1640
f 997//1641 999//1641 1000//1641
f 1000//1642 999//1642 1001//1642
f 998//1643 999//1643 997//1643
f 999//1644 1002//1644 1001//1644
f 1001//1645 1003//1645 1004//1645
f 1004//1646 1003//1646 1005//1646
f 1002//1647 1003//1647 1001//1647
f 1003//1648 1006//1648 1005//1648
f 1006//1649 1007//1649 1005//1649
f 1005//1650 1007//1650 1008//1650
f 1008//1651 1007//1651 1009//1651
f 1007//1652 1010//1652 1009//1652
f 1010//1653 1011//1653 1009//1653
f 1009//1654 1011//1654 1012//1654
f 1011//1655 1013//1655 1012//1655
f 1012//1656 1013//1656 1014//1656
f 1014//1657 1013//1657 1015//1657
f 1013//1658 1016//1658 1015//1658
f 1016//1659 1017//1659 1015//1659
f 1015//1660 1017//1660 1018//1660
f 1017//1661 1019//1661 1018//1661
f 1018//1662 1019//1662 1020//1662
f 1019//1663 1021//1663 1020//1663
f 1020//1664 1021//1664 1022//1664
f 1022//1665 1021//1665 1023//1665
f 1021//1666 1024//1666 1023//1666
f 1024//1667 1025//1667 1023//1667
f 1023//1668 1025//1668 1026//1668
f 1025//1669 1027//1669 1026//1669
f 1026//1670 1027//1670 1028//1670
f 1028//1671 1029//1671 1030//1671
f 1027//1672 1029//1672 1028//1672
f 1030//1673 1031//1673 1032//1673
f 1029//1674 1031//1674 1030//1674
f 1032//1675 1033//1675 1034//1675
f 1031//1676 1033//1676 1032//1676
f 1034//1677 1035//1677 1036//1677
f 1033//1678 1035//1678 1034//1678
f 1036//1679 1037//1679 1038//1679
f 1038//1680 1037//1680 1039//1680
f 1035//1681 1037//1681 1036//1681
f 1037//1682 1040//1682 1039//1682
f 1039//1683 1041//1683 1042//1683
f 1040//1684 1041//1684 1039//1684
f 1042//1685 1043//1685 1044//1685
f 1041//1686 1043//1686 1042//1686
f 1044//1687 1045//1687 1046//1687
f 1043//1688 1045//1688 1044//1688
f 1046//1689 1047//1689 1048//1689
f 1045//1690 1047//1690 1046//1690
f 1048//1691 1049//1691 1050//1691
f 1047//1692 1049//1692 1048//1692
f 1050//1693 1051//1693 1052//1693
f 1049//1694 1051//1694 1050//1694
f 1051//1695 1053//1695 1052//1695
f 1052//1696 1053//1696 1054//1696
f 1053//1697 1055//1697 1054//1697
f 1054//1698 1055//1698 1056//1698
f 1055//1699 1057//1699 1056//1699
f 1056//1700 1057//1700 1058//1700
f 1057//1701 1059//1701 1058//1701
f 1058//1702 1059//1702 1060//1702
f 1059//1703 1061//1703 1060//1703
f 1060//1704 1061//1704 1062//1704
f 1062//1705 1061//1705 1063//1705
f 1061//1706 1064//1706 1063//1706
f 1063//1707 1065//1707 1066//1707
f 1064//1708 1065//1708 1063//1708
f 1066//1709 1067//1709 1068//1709
f 1068//1710 1067//1710 1069//1710
f 1065//1711 1067//1711 1066//1711
f 1067//1712 1070//1712 1069//1712
f 1069//1713 1071//1713 1072//1713
f 1070//1714 1071//1714 1069//1714
f 1072//1715 1073//1715 1074//1715
f 1071//1716 1073//1716 1072//1716
f 1074//1717 1075//1717 1076//1717
f 1073//1718 1075//1718 1074//1718
f 1076//1719 1077//1719 1078//1719
f 1078//1720 1077//1720 1079//1720
f 1075//1721 1077//1721 1076//1721
f 1077//1722 1080//1722 1079//1722
f 1079//1723 829//1723 831//1723
f 1080//1724 829//1724 1079//1724
f 987//1725 991//1725 989//1725
f 983//1726 981//1726 986//1726
f 991//1727 995//1727 994//1727
f 981//1728 975//1728 986//1728
f 978//1729 975//1729 980//1729
f 980//1730 975//1730 981//1730
f 974//1731 971//1731 975//1731
f 991//1732 1006//1732 995//1732
f 995//1733 1006//1733 998//1733
f 998//1734 1006//1734 999//1734
f 999//1735 1006//1735 1002//1735
f 1002//1736 1006//1736 1003//1736
f 969//1737 968//1737 971//1737
f 987//1738 1007//1738 991//1738
f 991//1739 1007//1739 1006//1739
f 986//1740 1007//1740 987//1740
f 963//1741 962//1741 965//1741
f 1010//1742 1013//1742 1011//1742
f 962//1743 959//1743 965//1743
f 958//1744 956//1744 959//1744
f 965//1745 956//1745 968//1745
f 959//1746 956//1746 965//1746
f 952//1747 950//1747 953//1747
f 953//1748 950//1748 956//1748
f 1017//1749 1025//1749 1019//1749
f 1019//1750 1025//1750 1021//1750
f 1021//1751 1025//1751 1024//1751
f 1017//1752 1029//1752 1025//1752
f 1013//1753 1029//1753 1016//1753
f 1016//1754 1029//1754 1017//1754
f 1025//1755 1029//1755 1027//1755
f 950//1756 944//1756 956//1756
f 945//1757 944//1757 947//1757
f 947//1758 944//1758 950//1758
f 956//1759 944//1759 968//1759
f 941//1760 939//1760 944//1760
f 1029//1761 1035//1761 1031//1761
f 1031//1762 1035//1762 1033//1762
f 1013//1763 1035//1763 1029//1763
f 1010//1764 1035//1764 1013//1764
f 944//1765 938//1765 968//1765
f 939//1766 938//1766 944//1766
f 1035//1767 1041//1767 1037//1767
f 1037//1768 1041//1768 1040//1768
f 1010//1769 1041//1769 1035//1769
f 975//1770 1041//1770 986//1770
f 971//1771 1041//1771 975//1771
f 986//1772 1041//1772 1007//1772
f 1007//1773 1041//1773 1010//1773
f 933//1774 932//1774 935//1774
f 935//1775 932//1775 938//1775
f 971//1776 1043//1776 1041//1776
f 932//1777 929//1777 938//1777
f 929//1778 928//1778 938//1778
f 925//1779 924//1779 928//1779
f 1043//1780 1051//1780 1045//1780
f 1045//1781 1051//1781 1047//1781
f 1047//1782 1051//1782 1049//1782
f 928//1783 921//1783 938//1783
f 924//1784 921//1784 928//1784
f 1051//1785 1055//1785 1053//1785
f 1043//1786 1055//1786 1051//1786
f 1043//1787 1057//1787 1055//1787
f 1057//1788 1061//1788 1059//1788
f 914//1789 912//1789 915//1789
f 915//1790 912//1790 918//1790
f 918//1791 912//1791 919//1791
f 919//1792 912//1792 921//1792
f 1043//1793 1064//1793 1057//1793
f 1057//1794 1064//1794 1061//1794
f 1043//1795 1065//1795 1064//1795
f 907//1796 906//1796 910//1796
f 910//1797 906//1797 912//1797
f 1065//1798 1070//1798 1067//1798
f 971//1799 1070//1799 1043//1799
f 968//1800 1070//1800 971//1800
f 1043//1801 1070//1801 1065//1801
f 906//1802 903//1802 912//1802
f 901//1803 900//1803 903//1803
f 903//1804 900//1804 912//1804
f 1071//1805 1075//1805 1073//1805
f 1070//1806 1077//1806 1071//1806
f 968//1807 1077//1807 1070//1807
f 1071//1808 1077//1808 1075//1808
f 897//1809 896//1809 900//1809
f 900//1810 893//1810 912//1810
f 896//1811 893//1811 900//1811
f 1077//1812 829//1812 1080//1812
f 891//1813 890//1813 893//1813
f 893//1814 887//1814 912//1814
f 890//1815 887//1815 893//1815
f 912//1816 887//1816 921//1816
f 829//1817 835//1817 830//1817
f 1077//1818 835//1818 829//1818
f 830//1819 835//1819 833//1819
f 968//1820 835//1820 1077//1820
f 938//1821 835//1821 968//1821
f 887//1822 886//1822 921//1822
f 835//1823 839//1823 837//1823
f 835//1824 842//1824 839//1824
f 881//1825 879//1825 884//1825
f 884//1826 879//1826 886//1826
f 842//1827 846//1827 843//1827
f 835//1828 846//1828 842//1828
f 877//1829 875//1829 879//1829
f 846//1830 851//1830 847//1830
f 847//1831 851//1831 850//1831
f 938//1832 851//1832 835//1832
f 835//1833 851//1833 846//1833
f 872//1834 870//1834 873//1834
f 851//1835 856//1835 853//1835
f 867//1836 865//1836 870//1836
f 870//1837 865//1837 873//1837
f 938//1838 857//1838 851//1838
f 921//1839 857//1839 938//1839
f 851//1840 857//1840 856//1840
f 873//1841 863//1841 875//1841
f 879//1842 863//1842 886//1842
f 875//1843 863//1843 879//1843
f 865//1844 863//1844 873//1844
f 857//1845 862//1845 859//1845
f 886//1846 862//1846 921//1846
f 863//1847 862//1847 886//1847
f 921//1848 862//1848 857//1848
f 992//1849 988//1849 990//1849
f 982//1850 984//1850 985//1850
f 996//1851 992//1851 993//1851
f 976//1852 982//1852 985//1852
f 976//1853 977//1853 979//1853
f 976//1854 979//1854 982//1854
f 972//1855 973//1855 976//1855
f 1005//1856 992//1856 996//1856
f 1005//1857 996//1857 997//1857
f 1005//1858 997//1858 1000//1858
f 1005//1859 1000//1859 1001//1859
f 1005//1860 1001//1860 1004//1860
f 967//1861 970//1861 972//1861
f 1008//1862 988//1862 992//1862
f 1008//1863 992//1863 1005//1863
f 1008//1864 985//1864 988//1864
f 961//1865 964//1865 966//1865
f 1014//1866 1009//1866 1012//1866
f 960//1867 961//1867 966//1867
f 955//1868 957//1868 960//1868
f 955//1869 966//1869 967//1869
f 955//1870 960//1870 966//1870
f 949//1871 951//1871 954//1871
f 949//1872 954//1872 955//1872
f 1026//1873 1018//1873 1020//1873
f 1026//1874 1020//1874 1022//1874
f 1026//1875 1022//1875 1023//1875
f 1030//1876 1018//1876 1026//1876
f 1030//1877 1014//1877 1015//1877
f 1030//1878 1015//1878 1018//1878
f 1030//1879 1026//1879 1028//1879
f 943//1880 949//1880 955//1880
f 943//1881 946//1881 948//1881
f 943//1882 948//1882 949//1882
f 943//1883 955//1883 967//1883
f 940//1884 942//1884 943//1884
f 1036//1885 1030//1885 1032//1885
f 1036//1886 1032//1886 1034//1886
f 1036//1887 1014//1887 1030//1887
f 1036//1888 1009//1888 1014//1888
f 937//1889 943//1889 967//1889
f 937//1890 940//1890 943//1890
f 1042//1891 1036//1891 1038//1891
f 1042//1892 1038//1892 1039//1892
f 1042//1893 1009//1893 1036//1893
f 1042//1894 976//1894 985//1894
f 1042//1895 972//1895 976//1895
f 1042//1896 985//1896 1008//1896
f 1042//1897 1008//1897 1009//1897
f 931//1898 934//1898 936//1898
f 931//1899 936//1899 937//1899
f 1044//1900 972//1900 1042//1900
f 930//1901 931//1901 937//1901
f 927//1902 930//1902 937//1902
f 923//1903 926//1903 927//1903
f 1052//1904 1044//1904 1046//1904
f 1052//1905 1046//1905 1048//1905
f 1052//1906 1048//1906 1050//1906
f 922//1907 927//1907 937//1907
f 922//1908 923//1908 927//1908
f 1056//1909 1052//1909 1054//1909
f 1056//1910 1044//1910 1052//1910
f 1058//1911 1044//1911 1056//1911
f 1062//1912 1058//1912 1060//1912
f 911//1913 913//1913 916//1913
f 911//1914 916//1914 917//1914
f 911//1915 917//1915 920//1915
f 911//1916 920//1916 922//1916
f 1063//1917 1044//1917 1058//1917
f 1063//1918 1058//1918 1062//1918
f 1066//1919 1044//1919 1063//1919
f 905//1920 908//1920 909//1920
f 905//1921 909//1921 911//1921
f 1069//1922 1066//1922 1068//1922
f 1069//1923 972//1923 1044//1923
f 1069//1924 967//1924 972//1924
f 1069//1925 1044//1925 1066//1925
f 904//1926 905//1926 911//1926
f 899//1927 902//1927 904//1927
f 899//1928 904//1928 911//1928
f 1076//1929 1072//1929 1074//1929
f 1078//1930 1069//1930 1072//1930
f 1078//1931 967//1931 1069//1931
f 1078//1932 1072//1932 1076//1932
f 895//1933 898//1933 899//1933
f 894//1934 899//1934 911//1934
f 894//1935 895//1935 899//1935
f 831//1936 1078//1936 1079//1936
f 889//1937 892//1937 894//1937
f 888//1938 894//1938 911//1938
f 888//1939 889//1939 894//1939
f 888//1940 911//1940 922//1940
f 836//1941 831//1941 832//1941
f 836//1942 1078//1942 831//1942
f 836//1943 832//1943 834//1943
f 836//1944 967//1944 1078//1944
f 836//1945 937//1945 967//1945
f 885//1946 888//1946 922//1946
f 840//1947 836//1947 838//1947
f 841//1948 836//1948 840//1948
f 880//1949 882//1949 883//1949
f 880//1950 883//1950 885//1950
f 845//1951 841//1951 844//1951
f 845//1952 836//1952 841//1952
f 876//1953 878//1953 880//1953
f 852//1954 845//1954 848//1954
f 852//1955 848//1955 849//1955
f 852//1956 937//1956 836//1956
f 852//1957 836//1957 845//1957
f 869//1958 871//1958 874//1958
f 855//1959 852//1959 854//1959
f 866//1960 868//1960 869//1960
f 866//1961 869//1961 874//1961
f 858//1962 937//1962 852//1962
f 858//1963 922//1963 937//1963
f 858//1964 852//1964 855//1964
f 864//1965 874//1965 876//1965
f 864//1966 880//1966 885//1966
f 864//1967 876//1967 880//1967
f 864//1968 866//1968 874//1968
f 861//1969 858//1969 860//1969
f 861//1970 885//1970 922//1970
f 861//1971 864//1971 885//1971
f 861//1972 922//1972 858//1972
f 1081//1973 1082//1973 1083//1973
f 1083//1974 1082//1974 1084//1974
f 1084//1975 1085//1975 1086//1975
f 1082//1976 1085//1976 1084//1976
f 1086//1977 1087//1977 1088//1977
f 1085//1978 1087//1978 1086//1978
f 1088//1979 1089//1979 1090//1979
f 1087//1980 1089//1980 1088//1980
f 1090//1981 1091//1981 1092//1981
f 1092//1982 1091//1982 1093//1982
f 1089//1983 1091//1983 1090//1983
f 1091//1984 1094//1984 1093//1984
f 1093//1985 1095//1985 1096//1985
f 1096//1986 1095//1986 1097//1986
f 1094//1987 1095//1987 1093//1987
f 1095//1988 1098//1988 1097//1988
f 1097//1989 1099//1989 1100//1989
f 1100//1990 1099//1990 1101//1990
f 1098//1991 1099//1991 1097//1991
f 1099//1992 1102//1992 1101//1992
f 1102//1993 1103//1993 1101//1993
f 1101//1994 1103//1994 1104//1994
f 1103//1995 1105//1995 1104//1995
f 1104//1996 1105//1996 1106//1996
f 1106//1997 1105//1997 1107//1997
f 1105//1998 1108//1998 1107//1998
f 1108//1999 1109//1999 1107//1999
f 1107//2000 1109//2000 1110//2000
f 1110//2001 1111//2001 1112//2001
f 1112//2002 1111//2002 1113//2002
f 1109//2003 1111//2003 1110//2003
f 1111//2004 1114//2004 1113//2004
f 1113//2005 1115//2005 1116//2005
f 1114//2006 1115//2006 1113//2006
f 1116//2007 1117//2007 1118//2007
f 1115//2008 1117//2008 1116//2008
f 1118//2009 1119//2009 1120//2009
f 1120//2010 1119//2010 1121//2010
f 1117//2011 1119//2011 1118//2011
f 1121//2012 1122//2012 1123//2012
f 1119//2013 1122//2013 1121//2013
f 1122//2014 1124//2014 1123//2014
f 1123//2015 1125//2015 1126//2015
f 1124//2016 1125//2016 1123//2016
f 1126//2017 1127//2017 1128//2017
f 1125//2018 1127//2018 1126//2018
f 1128//2019 1129//2019 1130//2019
f 1127//2020 1129//2020 1128//2020
f 1130//2021 1131//2021 1132//2021
f 1129//2022 1131//2022 1130//2022
f 1132//2023 1133//2023 1134//2023
f 1134//2024 1133//2024 1135//2024
f 1131//2025 1133//2025 1132//2025
f 1135//2026 1136//2026 1137//2026
f 1133//2027 1136//2027 1135//2027
f 1136//2028 1138//2028 1137//2028
f 1137//2029 1139//2029 1140//2029
f 1140//2030 1139//2030 1141//2030
f 1138//2031 1139//2031 1137//2031
f 1139//2032 1142//2032 1141//2032
f 1141//2033 1143//2033 1144//2033
f 1142//2034 1143//2034 1141//2034
f 1144//2035 1145//2035 1146//2035
f 1146//2036 1145//2036 1147//2036
f 1143//2037 1145//2037 1144//2037
f 1145//2038 1148//2038 1147//2038
f 1147//2039 1149//2039 1150//2039
f 1150//2040 1149//2040 1151//2040
f 1148//2041 1149//2041 1147//2041
f 1149//2042 1152//2042 1151//2042
f 1152//2043 1153//2043 1151//2043
f 1151//2044 1153//2044 1154//2044
f 1154//2045 1155//2045 1156//2045
f 1156//2046 1155//2046 1157//2046
f 1153//2047 1155//2047 1154//2047
f 1155//2048 1158//2048 1157//2048
f 1158//2049 1159//2049 1157//2049
f 1157//2050 1159//2050 1160//2050
f 1160//2051 1159//2051 1161//2051
f 1159//2052 1162//2052 1161//2052
f 1161//2053 1162//2053 1163//2053
f 1162//2054 1164//2054 1163//2054
f 1163//2055 1164//2055 1165//2055
f 1164//2056 1166//2056 1165//2056
f 1166//2057 1167//2057 1165//2057
f 1165//2058 1167//2058 1168//2058
f 1168//2059 1167//2059 1169//2059
f 1167//2060 1170//2060 1169//2060
f 1170//2061 1171//2061 1169//2061
f 1169//2062 1171//2062 1172//2062
f 1171//2063 1173//2063 1172//2063
f 1172//2064 1173//2064 1174//2064
f 1174//2065 1173//2065 1175//2065
f 1173//2066 1176//2066 1175//2066
f 1176//2067 1177//2067 1175//2067
f 1175//2068 1177//2068 1178//2068
f 1178//2069 1177//2069 1179//2069
f 1177//2070 1180//2070 1179//2070
f 1179//2071 1181//2071 1182//2071
f 1182//2072 1181//2072 1183//2072
f 1180//2073 1181//2073 1179//2073
f 1181//2074 1184//2074 1183//2074
f 1183//2075 1185//2075 1186//2075
f 1184//2076 1185//2076 1183//2076
f 1186//2077 1187//2077 1188//2077
f 1188//2078 1187//2078 1189//2078
f 1185//2079 1187//2079 1186//2079
f 1187//2080 1190//2080 1189//2080
f 1189//2081 1191//2081 1192//2081
f 1190//2082 1191//2082 1189//2082
f 1192//2083 1193//2083 1194//2083
f 1194//2084 1193//2084 1195//2084
f 1191//2085 1193//2085 1192//2085
f 1193//2086 1196//2086 1195//2086
f 1195//2087 1197//2087 1198//2087
f 1196//2088 1197//2088 1195//2088
f 1198//2089 1199//2089 1200//2089
f 1200//2090 1199//2090 1201//2090
f 1197//2091 1199//2091 1198//2091
f 1201//2092 1202//2092 1203//2092
f 1199//2093 1202//2093 1201//2093
f 1202//2094 1204//2094 1203//2094
f 1204//2095 1205//2095 1203//2095
f 1203//2096 1205//2096 1206//2096
f 1206//2097 1205//2097 1207//2097
f 1205//2098 1208//2098 1207//2098
f 1207//2099 1208//2099 1209//2099
f 1208//2100 1210//2100 1209//2100
f 1210//2101 1211//2101 1209//2101
f 1209//2102 1211//2102 1212//2102
f 1212//2103 1211//2103 1213//2103
f 1211//2104 1214//2104 1213//2104
f 1214//2105 1215//2105 1213//2105
f 1213//2106 1215//2106 1216//2106
f 1215//2107 1217//2107 1216//2107
f 1216//2108 1217//2108 1218//2108
f 1218//2109 1217//2109 1219//2109
f 1217//2110 1220//2110 1219//2110
f 1220//2111 1221//2111 1219//2111
f 1219//2112 1221//2112 1222//2112
f 1221//2113 1223//2113 1222//2113
f 1222//2114 1223//2114 1224//2114
f 1224//2115 1223//2115 1225//2115
f 1223//2116 1226//2116 1225//2116
f 1226//2117 1227//2117 1225//2117
f 1225//2118 1227//2118 1228//2118
f 1228//2119 1227//2119 1229//2119
f 1227//2120 1230//2120 1229//2120
f 1229//2121 1230//2121 1231//2121
f 1230//2122 1232//2122 1231//2122
f 1232//2123 1233//2123 1231//2123
f 1231//2124 1233//2124 1234//2124
f 1233//2125 1235//2125 1234//2125
f 1234//2126 1235//2126 1236//2126
f 1236//2127 1235//2127 1237//2127
f 1235//2128 1238//2128 1237//2128
f 1238//2129 1239//2129 1237//2129
f 1237//2130 1239//2130 1240//2130
f 1239//2131 1241//2131 1240//2131
f 1240//2132 1241//2132 1242//2132
f 1241//2133 1243//2133 1242//2133
f 1242//2134 1243//2134 1244//2134
f 1244//2135 1243//2135 1245//2135
f 1243//2136 1246//2136 1245//2136
f 1245//2137 1247//2137 1248//2137
f 1246//2138 1247//2138 1245//2138
f 1248//2139 1247//2139 1249//2139
f 1247//2140 1250//2140 1249//2140
f 1249//2141 1251//2141 1252//2141
f 1252//2142 1251//2142 1253//2142
f 1250//2143 1251//2143 1249//2143
f 1251//2144 1254//2144 1253//2144
f 1253//2145 1255//2145 1256//2145
f 1256//2146 1255//2146 1257//2146
f 1254//2147 1255//2147 1253//2147
f 1255//2148 1258//2148 1257//2148
f 1258//2149 1259//2149 1257//2149
f 1257//2150 1259//2150 1260//2150
f 1260//2151 1259//2151 1261//2151
f 1259//2152 1262//2152 1261//2152
f 1262//2153 1263//2153 1261//2153
f 1261//2154 1263//2154 1264//2154
f 1263//2155 1265//2155 1264//2155
f 1264//2156 1265//2156 1266//2156
f 1266//2157 1265//2157 1267//2157
f 1265//2158 1268//2158 1267//2158
f 1268//2159 1269//2159 1267//2159
f 1267//2160 1269//2160 1270//2160
f 1269//2161 1271//2161 1270//2161
f 1270//2162 1271//2162 1272//2162
f 1271//2163 1273//2163 1272//2163
f 1272//2164 1273//2164 1274//2164
f 1274//2165 1273//2165 1275//2165
f 1273//2166 1276//2166 1275//2166
f 1276//2167 1277//2167 1275//2167
f 1275//2168 1277//2168 1278//2168
f 1277//2169 1279//2169 1278//2169
f 1278//2170 1279//2170 1280//2170
f 1280//2171 1281//2171 1282//2171
f 1279//2172 1281//2172 1280//2172
f 1282//2173 1283//2173 1284//2173
f 1281//2174 1283//2174 1282//2174
f 1284//2175 1285//2175 1286//2175
f 1283//2176 1285//2176 1284//2176
f 1286//2177 1287//2177 1288//2177
f 1285//2178 1287//2178 1286//2178
f 1288//2179 1289//2179 1290//2179
f 1290//2180 1289//2180 1291//2180
f 1287//2181 1289//2181 1288//2181
f 1289//2182 1292//2182 1291//2182
f 1291//2183 1293//2183 1294//2183
f 1292//2184 1293//2184 1291//2184
f 1294//2185 1295//2185 1296//2185
f 1293//2186 1295//2186 1294//2186
f 1296//2187 1297//2187 1298//2187
f 1295//2188 1297//2188 1296//2188
f 1298//2189 1299//2189 1300//2189
f 1297//2190 1299//2190 1298//2190
f 1300//2191 1301//2191 1302//2191
f 1299//2192 1301//2192 1300//2192
f 1302//2193 1303//2193 1304//2193
f 1301//2194 1303//2194 1302//2194
f 1303//2195 1305//2195 1304//2195
f 1304//2196 1305//2196 1306//2196
f 1305//2197 1307//2197 1306//2197
f 1306//2198 1307//2198 1308//2198
f 1307//2199 1309//2199 1308//2199
f 1308//2200 1309//2200 1310//2200
f 1309//2201 1311//2201 1310//2201
f 1310//2202 1311//2202 1312//2202
f 1311//2203 1313//2203 1312//2203
f 1312//2204 1313//2204 1314//2204
f 1314//2205 1313//2205 1315//2205
f 1313//2206 1316//2206 1315//2206
f 1315//2207 1317//2207 1318//2207
f 1316//2208 1317//2208 1315//2208
f 1318//2209 1319//2209 1320//2209
f 1320//2210 1319//2210 1321//2210
f 1317//2211 1319//2211 1318//2211
f 1319//2212 1322//2212 1321//2212
f 1321//2213 1323//2213 1324//2213
f 1322//2214 1323//2214 1321//2214
f 1324//2215 1325//2215 1326//2215
f 1323//2216 1325//2216 1324//2216
f 1326//2217 1327//2217 1328//2217
f 1325//2218 1327//2218 1326//2218
f 1328//2219 1329//2219 1330//2219
f 1330//2220 1329//2220 1331//2220
f 1327//2221 1329//2221 1328//2221
f 1329//2222 1332//2222 1331//2222
f 1331//2223 1081//2223 1083//2223
f 1332//2224 1081//2224 1331//2224
f 1239//2225 1243//2225 1241//2225
f 1235//2226 1233//2226 1238//2226
f 1233//2227 1232//2227 1238//2227
f 1238//2228 1232//2228 1239//2228
f 1243//2229 1247//2229 1246//2229
f 1239//2230 1250//2230 1243//2230
f 1243//2231 1250//2231 1247//2231
f 1226//2232 1223//2232 1227//2232
f 1251//2233 1255//2233 1254//2233
f 1239//2234 1258//2234 1250//2234
f 1251//2235 1258//2235 1255//2235
f 1250//2236 1258//2236 1251//2236
f 1223//2237 1217//2237 1227//2237
f 1220//2238 1217//2238 1221//2238
f 1221//2239 1217//2239 1223//2239
f 1227//2240 1217//2240 1230//2240
f 1230//2241 1217//2241 1232//2241
f 1239//2242 1262//2242 1258//2242
f 1258//2243 1262//2243 1259//2243
f 1239//2244 1263//2244 1262//2244
f 1239//2245 1265//2245 1263//2245
f 1210//2246 1208//2246 1211//2246
f 1211//2247 1205//2247 1214//2247
f 1208//2248 1205//2248 1211//2248
f 1214//2249 1204//2249 1215//2249
f 1215//2250 1204//2250 1217//2250
f 1205//2251 1204//2251 1214//2251
f 1268//2252 1277//2252 1269//2252
f 1269//2253 1277//2253 1271//2253
f 1271//2254 1277//2254 1273//2254
f 1273//2255 1277//2255 1276//2255
f 1199//2256 1197//2256 1202//2256
f 1239//2257 1283//2257 1265//2257
f 1265//2258 1283//2258 1268//2258
f 1268//2259 1283//2259 1277//2259
f 1277//2260 1283//2260 1279//2260
f 1279//2261 1283//2261 1281//2261
f 1196//2262 1193//2262 1197//2262
f 1283//2263 1287//2263 1285//2263
f 1239//2264 1287//2264 1283//2264
f 1193//2265 1187//2265 1197//2265
f 1190//2266 1187//2266 1191//2266
f 1191//2267 1187//2267 1193//2267
f 1287//2268 1292//2268 1289//2268
f 1185//2269 1184//2269 1187//2269
f 1292//2270 1297//2270 1293//2270
f 1293//2271 1297//2271 1295//2271
f 1287//2272 1297//2272 1292//2272
f 1180//2273 1177//2273 1181//2273
f 1297//2274 1301//2274 1299//2274
f 1287//2275 1301//2275 1297//2275
f 1176//2276 1173//2276 1177//2276
f 1301//2277 1305//2277 1303//2277
f 1301//2278 1307//2278 1305//2278
f 1301//2279 1309//2279 1307//2279
f 1309//2280 1313//2280 1311//2280
f 1287//2281 1313//2281 1301//2281
f 1301//2282 1313//2282 1309//2282
f 1239//2283 1316//2283 1287//2283
f 1197//2284 1316//2284 1202//2284
f 1232//2285 1316//2285 1239//2285
f 1202//2286 1316//2286 1204//2286
f 1217//2287 1316//2287 1232//2287
f 1287//2288 1316//2288 1313//2288
f 1204//2289 1316//2289 1217//2289
f 1164//2290 1162//2290 1166//2290
f 1166//2291 1162//2291 1167//2291
f 1167//2292 1162//2292 1170//2292
f 1170//2293 1162//2293 1171//2293
f 1171//2294 1162//2294 1173//2294
f 1177//2295 1162//2295 1181//2295
f 1173//2296 1162//2296 1177//2296
f 1197//2297 1317//2297 1316//2297
f 1184//2298 1159//2298 1187//2298
f 1181//2299 1159//2299 1184//2299
f 1162//2300 1159//2300 1181//2300
f 1317//2301 1323//2301 1319//2301
f 1319//2302 1323//2302 1322//2302
f 1323//2303 1327//2303 1325//2303
f 1317//2304 1327//2304 1323//2304
f 1152//2305 1149//2305 1153//2305
f 1153//2306 1149//2306 1155//2306
f 1155//2307 1149//2307 1158//2307
f 1158//2308 1149//2308 1159//2308
f 1159//2309 1149//2309 1187//2309
f 1149//2310 1148//2310 1187//2310
f 1317//2311 1332//2311 1327//2311
f 1327//2312 1332//2312 1329//2312
f 1197//2313 1332//2313 1317//2313
f 1332//2314 1082//2314 1081//2314
f 1143//2315 1142//2315 1145//2315
f 1082//2316 1087//2316 1085//2316
f 1142//2317 1136//2317 1145//2317
f 1138//2318 1136//2318 1139//2318
f 1139//2319 1136//2319 1142//2319
f 1087//2320 1091//2320 1089//2320
f 1082//2321 1091//2321 1087//2321
f 1136//2322 1133//2322 1145//2322
f 1131//2323 1129//2323 1133//2323
f 1133//2324 1129//2324 1145//2324
f 1091//2325 1098//2325 1094//2325
f 1094//2326 1098//2326 1095//2326
f 1082//2327 1098//2327 1091//2327
f 1332//2328 1098//2328 1082//2328
f 1129//2329 1127//2329 1145//2329
f 1125//2330 1124//2330 1127//2330
f 1145//2331 1124//2331 1148//2331
f 1127//2332 1124//2332 1145//2332
f 1099//2333 1103//2333 1102//2333
f 1124//2334 1122//2334 1148//2334
f 1098//2335 1105//2335 1099//2335
f 1187//2336 1105//2336 1197//2336
f 1099//2337 1105//2337 1103//2337
f 1332//2338 1105//2338 1098//2338
f 1197//2339 1105//2339 1332//2339
f 1119//2340 1117//2340 1122//2340
f 1105//2341 1109//2341 1108//2341
f 1187//2342 1109//2342 1105//2342
f 1117//2343 1115//2343 1122//2343
f 1148//2344 1114//2344 1187//2344
f 1109//2345 1114//2345 1111//2345
f 1115//2346 1114//2346 1122//2346
f 1122//2347 1114//2347 1148//2347
f 1187//2348 1114//2348 1109//2348
f 1244//2349 1240//2349 1242//2349
f 1234//2350 1236//2350 1237//2350
f 1231//2351 1234//2351 1237//2351
f 1231//2352 1237//2352 1240//2352
f 1248//2353 1244//2353 1245//2353
f 1249//2354 1240//2354 1244//2354
f 1249//2355 1244//2355 1248//2355
f 1224//2356 1225//2356 1228//2356
f 1256//2357 1252//2357 1253//2357
f 1257//2358 1240//2358 1249//2358
f 1257//2359 1252//2359 1256//2359
f 1257//2360 1249//2360 1252//2360
f 1218//2361 1224//2361 1228//2361
f 1218//2362 1219//2362 1222//2362
f 1218//2363 1222//2363 1224//2363
f 1218//2364 1228//2364 1229//2364
f 1218//2365 1229//2365 1231//2365
f 1261//2366 1240//2366 1257//2366
f 1261//2367 1257//2367 1260//2367
f 1264//2368 1240//2368 1261//2368
f 1266//2369 1240//2369 1264//2369
f 1207//2370 1209//2370 1212//2370
f 1206//2371 1212//2371 1213//2371
f 1206//2372 1207//2372 1212//2372
f 1203//2373 1213//2373 1216//2373
f 1203//2374 1216//2374 1218//2374
f 1203//2375 1206//2375 1213//2375
f 1278//2376 1267//2376 1270//2376
f 1278//2377 1270//2377 1272//2377
f 1278//2378 1272//2378 1274//2378
f 1278//2379 1274//2379 1275//2379
f 1198//2380 1200//2380 1201//2380
f 1284//2381 1240//2381 1266//2381
f 1284//2382 1266//2382 1267//2382
f 1284//2383 1267//2383 1278//2383
f 1284//2384 1278//2384 1280//2384
f 1284//2385 1280//2385 1282//2385
f 1194//2386 1195//2386 1198//2386
f 1288//2387 1284//2387 1286//2387
f 1288//2388 1240//2388 1284//2388
f 1188//2389 1194//2389 1198//2389
f 1188//2390 1189//2390 1192//2390
f 1188//2391 1192//2391 1194//2391
f 1291//2392 1288//2392 1290//2392
f 1183//2393 1186//2393 1188//2393
f 1298//2394 1291//2394 1294//2394
f 1298//2395 1294//2395 1296//2395
f 1298//2396 1288//2396 1291//2396
f 1178//2397 1179//2397 1182//2397
f 1302//2398 1298//2398 1300//2398
f 1302//2399 1288//2399 1298//2399
f 1174//2400 1175//2400 1178//2400
f 1306//2401 1302//2401 1304//2401
f 1308//2402 1302//2402 1306//2402
f 1310//2403 1302//2403 1308//2403
f 1314//2404 1310//2404 1312//2404
f 1314//2405 1288//2405 1302//2405
f 1314//2406 1302//2406 1310//2406
f 1315//2407 1240//2407 1288//2407
f 1315//2408 1198//2408 1201//2408
f 1315//2409 1231//2409 1240//2409
f 1315//2410 1201//2410 1203//2410
f 1315//2411 1218//2411 1231//2411
f 1315//2412 1288//2412 1314//2412
f 1315//2413 1203//2413 1218//2413
f 1161//2414 1163//2414 1165//2414
f 1161//2415 1165//2415 1168//2415
f 1161//2416 1168//2416 1169//2416
f 1161//2417 1169//2417 1172//2417
f 1161//2418 1172//2418 1174//2418
f 1161//2419 1178//2419 1182//2419
f 1161//2420 1174//2420 1178//2420
f 1318//2421 1198//2421 1315//2421
f 1160//2422 1183//2422 1188//2422
f 1160//2423 1182//2423 1183//2423
f 1160//2424 1161//2424 1182//2424
f 1324//2425 1318//2425 1320//2425
f 1324//2426 1320//2426 1321//2426
f 1328//2427 1324//2427 1326//2427
f 1328//2428 1318//2428 1324//2428
f 1150//2429 1151//2429 1154//2429
f 1150//2430 1154//2430 1156//2430
f 1150//2431 1156//2431 1157//2431
f 1150//2432 1157//2432 1160//2432
f 1150//2433 1160//2433 1188//2433
f 1147//2434 1150//2434 1188//2434
f 1331//2435 1318//2435 1328//2435
f 1331//2436 1328//2436 1330//2436
f 1331//2437 1198//2437 1318//2437
f 1084//2438 1331//2438 1083//2438
f 1141//2439 1144//2439 1146//2439
f 1088//2440 1084//2440 1086//2440
f 1135//2441 1141//2441 1146//2441
f 1135//2442 1137//2442 1140//2442
f 1135//2443 1140//2443 1141//2443
f 1092//2444 1088//2444 1090//2444
f 1092//2445 1084//2445 1088//2445
f 1134//2446 1135//2446 1146//2446
f 1130//2447 1132//2447 1134//2447
f 1130//2448 1134//2448 1146//2448
f 1097//2449 1092//2449 1093//2449
f 1097//2450 1093//2450 1096//2450
f 1097//2451 1084//2451 1092//2451
f 1097//2452 1331//2452 1084//2452
f 1128//2453 1130//2453 1146//2453
f 1123//2454 1126//2454 1128//2454
f 1123//2455 1146//2455 1147//2455
f 1123//2456 1128//2456 1146//2456
f 1104//2457 1100//2457 1101//2457
f 1121//2458 1123//2458 1147//2458
f 1106//2459 1097//2459 1100//2459
f 1106//2460 1188//2460 1198//2460
f 1106//2461 1100//2461 1104//2461
f 1106//2462 1331//2462 1097//2462
f 1106//2463 1198//2463 1331//2463
f 1118//2464 1120//2464 1121//2464
f 1110//2465 1106//2465 1107//2465
f 1110//2466 1188//2466 1106//2466
f 1116//2467 1118//2467 1121//2467
f 1113//2468 1147//2468 1188//2468
f 1113//2469 1110//2469 1112//2469
f 1113//2470 1116//2470 1121//2470
f 1113//2471 1121//2471 1147//2471
f 1113//2472 1188//2472 1110//2472
f 1333//2473 1334//2473 1335//2473
f 1333//2474 1336//2474 1334//2474
f 1337//2475 1338//2475 1339//2475
f 1340//2476 1338//2476 1337//2476
f 1338//2477 1336//2477 1333//2477
f 1338//2478 1340//2478 1336//2478
f 1334//2479 1339//2479 1335//2479
f 1337//2480 1339//2480 1334//2480
f 1335//2481 1339//2481 1333//2481
f 1333//2482 1339//2482 1338//2482
f 1337//2483 1334//2483 1336//2483
f 1337//2484 1336//2484 1340//2484
f 1341//2485 1342//2485 1343//2485
f 1343//2486 1344//2486 1345//2486
f 1342//2487 1344//2487 1343//2487
f 1344//2488 1346//2488 1345//2488
f 1345//2489 1347//2489 1348//2489
f 1348//2490 1347//2490 1349//2490
f 1346//2491 1347//2491 1345//2491
f 1347//2492 1350//2492 1349//2492
f 1349//2493 1351//2493 1352//2493
f 1350//2494 1351//2494 1349//2494
f 1352//2495 1353//2495 1354//2495
f 1351//2496 1353//2496 1352//2496
f 1354//2497 1355//2497 1356//2497
f 1356//2498 1355//2498 1357//2498
f 1353//2499 1355//2499 1354//2499
f 1355//2500 1358//2500 1357//2500
f 1357//2501 1359//2501 1360//2501
f 1358//2502 1359//2502 1357//2502
f 1360//2503 1361//2503 1362//2503
f 1359//2504 1361//2504 1360//2504
f 1362//2505 1363//2505 1364//2505
f 1361//2506 1363//2506 1362//2506
f 1364//2507 1365//2507 1366//2507
f 1363//2508 1365//2508 1364//2508
f 1366//2509 1367//2509 1368//2509
f 1365//2510 1367//2510 1366//2510
f 1368//2511 1369//2511 1370//2511
f 1367//2512 1369//2512 1368//2512
f 1370//2513 1371//2513 1372//2513
f 1369//2514 1371//2514 1370//2514
f 1372//2515 1373//2515 1374//2515
f 1374//2516 1373//2516 1375//2516
f 1371//2517 1373//2517 1372//2517
f 1373//2518 1376//2518 1375//2518
f 1375//2519 1377//2519 1378//2519
f 1376//2520 1377//2520 1375//2520
f 1378//2521 1379//2521 1380//2521
f 1377//2522 1379//2522 1378//2522
f 1380//2523 1381//2523 1382//2523
f 1379//2524 1381//2524 1380//2524
f 1382//2525 1383//2525 1384//2525
f 1381//2526 1383//2526 1382//2526
f 1384//2527 1385//2527 1386//2527
f 1383//2528 1385//2528 1384//2528
f 1385//2529 1387//2529 1386//2529
f 1386//2530 1387//2530 1388//2530
f 1387//2531 1389//2531 1388//2531
f 1388//2532 1389//2532 1390//2532
f 1389//2533 1391//2533 1390//2533
f 1390//2534 1391//2534 1392//2534
f 1391//2535 1393//2535 1392//2535
f 1392//2536 1393//2536 1394//2536
f 1393//2537 1395//2537 1394//2537
f 1394//2538 1395//2538 1396//2538
f 1395//2539 1397//2539 1396//2539
f 1396//2540 1397//2540 1398//2540
f 1397//2541 1399//2541 1398//2541
f 1398//2542 1399//2542 1400//2542
f 1400//2543 1401//2543 1402//2543
f 1399//2544 1401//2544 1400//2544
f 1402//2545 1403//2545 1404//2545
f 1401//2546 1403//2546 1402//2546
f 1404//2547 1405//2547 1406//2547
f 1406//2548 1405//2548 1407//2548
f 1403//2549 1405//2549 1404//2549
f 1407//2550 1408//2550 1409//2550
f 1405//2551 1408//2551 1407//2551
f 1408//2552 1410//2552 1409//2552
f 1409//2553 1411//2553 1412//2553
f 1412//2554 1411//2554 1413//2554
f 1410//2555 1411//2555 1409//2555
f 1411//2556 1414//2556 1413//2556
f 1413//2557 1415//2557 1416//2557
f 1416//2558 1415//2558 1417//2558
f 1414//2559 1415//2559 1413//2559
f 1417//2560 1418//2560 1419//2560
f 1415//2561 1418//2561 1417//2561
f 1418//2562 1420//2562 1419//2562
f 1419//2563 1421//2563 1422//2563
f 1420//2564 1421//2564 1419//2564
f 1422//2565 1423//2565 1424//2565
f 1421//2566 1423//2566 1422//2566
f 1424//2567 1425//2567 1426//2567
f 1423//2568 1425//2568 1424//2568
f 1426//2569 1427//2569 1428//2569
f 1428//2570 1427//2570 1429//2570
f 1425//2571 1427//2571 1426//2571
f 1429//2572 1430//2572 1431//2572
f 1427//2573 1430//2573 1429//2573
f 1430//2574 1432//2574 1431//2574
f 1431//2575 1433//2575 1434//2575
f 1434//2576 1433//2576 1435//2576
f 1432//2577 1433//2577 1431//2577
f 1433//2578 1436//2578 1435//2578
f 1436//2579 1437//2579 1435//2579
f 1435//2580 1437//2580 1438//2580
f 1438//2581 1437//2581 1439//2581
f 1437//2582 1440//2582 1439//2582
f 1440//2583 1441//2583 1439//2583
f 1439//2584 1441//2584 1442//2584
f 1442//2585 1441//2585 1443//2585
f 1441//2586 1444//2586 1443//2586
f 1444//2587 1445//2587 1443//2587
f 1443//2588 1445//2588 1446//2588
f 1445//2589 1342//2589 1446//2589
f 1446//2590 1342//2590 1341//2590
f 1408//2591 1414//2591 1410//2591
f 1410//2592 1414//2592 1411//2592
f 1408//2593 1415//2593 1414//2593
f 1399//2594 1397//2594 1401//2594
f 1401//2595 1397//2595 1403//2595
f 1418//2596 1421//2596 1420//2596
f 1395//2597 1393//2597 1397//2597
f 1403//2598 1393//2598 1405//2598
f 1397//2599 1393//2599 1403//2599
f 1391//2600 1389//2600 1393//2600
f 1405//2601 1389//2601 1408//2601
f 1393//2602 1389//2602 1405//2602
f 1421//2603 1427//2603 1423//2603
f 1423//2604 1427//2604 1425//2604
f 1387//2605 1385//2605 1389//2605
f 1427//2606 1432//2606 1430//2606
f 1383//2607 1381//2607 1385//2607
f 1385//2608 1377//2608 1389//2608
f 1381//2609 1377//2609 1385//2609
f 1379//2610 1377//2610 1381//2610
f 1415//2611 1377//2611 1418//2611
f 1408//2612 1377//2612 1415//2612
f 1389//2613 1377//2613 1408//2613
f 1376//2614 1373//2614 1377//2614
f 1432//2615 1444//2615 1433//2615
f 1433//2616 1444//2616 1436//2616
f 1436//2617 1444//2617 1437//2617
f 1437//2618 1444//2618 1440//2618
f 1440//2619 1444//2619 1441//2619
f 1377//2620 1371//2620 1418//2620
f 1373//2621 1371//2621 1377//2621
f 1432//2622 1342//2622 1444//2622
f 1444//2623 1342//2623 1445//2623
f 1369//2624 1367//2624 1371//2624
f 1371//2625 1367//2625 1418//2625
f 1367//2626 1365//2626 1418//2626
f 1365//2627 1363//2627 1418//2627
f 1418//2628 1363//2628 1421//2628
f 1342//2629 1347//2629 1344//2629
f 1344//2630 1347//2630 1346//2630
f 1363//2631 1361//2631 1421//2631
f 1421//2632 1361//2632 1427//2632
f 1432//2633 1350//2633 1342//2633
f 1342//2634 1350//2634 1347//2634
f 1359//2635 1358//2635 1361//2635
f 1350//2636 1353//2636 1351//2636
f 1432//2637 1355//2637 1350//2637
f 1358//2638 1355//2638 1361//2638
f 1361//2639 1355//2639 1427//2639
f 1350//2640 1355//2640 1353//2640
f 1427//2641 1355//2641 1432//2641
f 1413//2642 1407//2642 1409//2642
f 1413//2643 1409//2643 1412//2643
f 1416//2644 1407//2644 1413//2644
f 1398//2645 1400//2645 1402//2645
f 1398//2646 1402//2646 1404//2646
f 1422//2647 1417//2647 1419//2647
f 1394//2648 1396//2648 1398//2648
f 1394//2649 1404//2649 1406//2649
f 1394//2650 1398//2650 1404//2650
f 1390//2651 1392//2651 1394//2651
f 1390//2652 1406//2652 1407//2652
f 1390//2653 1394//2653 1406//2653
f 1428//2654 1422//2654 1424//2654
f 1428//2655 1424//2655 1426//2655
f 1386//2656 1388//2656 1390//2656
f 1431//2657 1428//2657 1429//2657
f 1382//2658 1384//2658 1386//2658
f 1378//2659 1386//2659 1390//2659
f 1378//2660 1382//2660 1386//2660
f 1378//2661 1380//2661 1382//2661
f 1378//2662 1416//2662 1417//2662
f 1378//2663 1407//2663 1416//2663
f 1378//2664 1390//2664 1407//2664
f 1374//2665 1375//2665 1378//2665
f 1443//2666 1431//2666 1434//2666
f 1443//2667 1434//2667 1435//2667
f 1443//2668 1435//2668 1438//2668
f 1443//2669 1438//2669 1439//2669
f 1443//2670 1439//2670 1442//2670
f 1372//2671 1378//2671 1417//2671
f 1372//2672 1374//2672 1378//2672
f 1341//2673 1431//2673 1443//2673
f 1341//2674 1443//2674 1446//2674
f 1368//2675 1370//2675 1372//2675
f 1368//2676 1372//2676 1417//2676
f 1366//2677 1368//2677 1417//2677
f 1364//2678 1366//2678 1417//2678
f 1364//2679 1417//2679 1422//2679
f 1348//2680 1341//2680 1343//2680
f 1348//2681 1343//2681 1345//2681
f 1362//2682 1364//2682 1422//2682
f 1362//2683 1422//2683 1428//2683
f 1349//2684 1431//2684 1341//2684
f 1349//2685 1341//2685 1348//2685
f 1357//2686 1360//2686 1362//2686
f 1354//2687 1349//2687 1352//2687
f 1356//2688 1431//2688 1349//2688
f 1356//2689 1357//2689 1362//2689
f 1356//2690 1362//2690 1428//2690
f 1356//2691 1349//2691 1354//2691
f 1356//2692 1428//2692 1431//2692
f 1447//2693 1448//2693 1449//2693
f 1449//2694 1448//2694 1450//2694
f 1450//2695 1451//2695 1452//2695
f 1448//2696 1451//2696 1450//2696
f 1452//2697 1453//2697 1454//2697
f 1451//2698 1453//2698 1452//2698
f 1454//2699 1455//2699 1456//2699
f 1453//2700 1455//2700 1454//2700
f 1456//2701 1457//2701 1458//2701
f 1455//2702 1457//2702 1456//2702
f 1458//2703 1459//2703 1460//2703
f 1457//2704 1459//2704 1458//2704
f 1460//2705 1461//2705 1462//2705
f 1459//2706 1461//2706 1460//2706
f 1462//2707 1463//2707 1464//2707
f 1461//2708 1463//2708 1462//2708
f 1464//2709 1465//2709 1466//2709
f 1463//2710 1465//2710 1464//2710
f 1466//2711 1467//2711 1468//2711
f 1468//2712 1467//2712 1469//2712
f 1465//2713 1467//2713 1466//2713
f 1467//2714 1470//2714 1469//2714
f 1469//2715 1471//2715 1472//2715
f 1470//2716 1471//2716 1469//2716
f 1472//2717 1473//2717 1474//2717
f 1474//2718 1473//2718 1475//2718
f 1471//2719 1473//2719 1472//2719
f 1475//2720 1476//2720 1477//2720
f 1473//2721 1476//2721 1475//2721
f 1476//2722 1478//2722 1477//2722
f 1477//2723 1479//2723 1480//2723
f 1478//2724 1479//2724 1477//2724
f 1480//2725 1481//2725 1482//2725
f 1482//2726 1481//2726 1483//2726
f 1479//2727 1481//2727 1480//2727
f 1481//2728 1484//2728 1483//2728
f 1483//2729 1485//2729 1486//2729
f 1484//2730 1485//2730 1483//2730
f 1486//2731 1487//2731 1488//2731
f 1485//2732 1487//2732 1486//2732
f 1488//2733 1489//2733 1490//2733
f 1487//2734 1489//2734 1488//2734
f 1490//2735 1491//2735 1492//2735
f 1489//2736 1491//2736 1490//2736
f 1491//2737 1493//2737 1492//2737
f 1492//2738 1493//2738 1494//2738
f 1494//2739 1493//2739 1495//2739
f 1493//2740 1496//2740 1495//2740
f 1496//2741 1497//2741 1495//2741
f 1495//2742 1497//2742 1498//2742
f 1497//2743 1499//2743 1498//2743
f 1498//2744 1499//2744 1500//2744
f 1500//2745 1499//2745 1501//2745
f 1499//2746 1502//2746 1501//2746
f 1502//2747 1503//2747 1501//2747
f 1501//2748 1503//2748 1504//2748
f 1504//2749 1505//2749 1506//2749
f 1503//2750 1505//2750 1504//2750
f 1506//2751 1505//2751 1507//2751
f 1505//2752 1508//2752 1507//2752
f 1507//2753 1509//2753 1510//2753
f 1508//2754 1509//2754 1507//2754
f 1510//2755 1511//2755 1512//2755
f 1509//2756 1511//2756 1510//2756
f 1512//2757 1513//2757 1514//2757
f 1511//2758 1513//2758 1512//2758
f 1514//2759 1515//2759 1516//2759
f 1513//2760 1515//2760 1514//2760
f 1516//2761 1517//2761 1518//2761
f 1518//2762 1517//2762 1519//2762
f 1515//2763 1517//2763 1516//2763
f 1517//2764 1520//2764 1519//2764
f 1519//2765 1521//2765 1522//2765
f 1520//2766 1521//2766 1519//2766
f 1522//2767 1523//2767 1524//2767
f 1521//2768 1523//2768 1522//2768
f 1524//2769 1525//2769 1526//2769
f 1526//2770 1525//2770 1527//2770
f 1523//2771 1525//2771 1524//2771
f 1525//2772 1528//2772 1527//2772
f 1527//2773 1529//2773 1530//2773
f 1528//2774 1529//2774 1527//2774
f 1530//2775 1531//2775 1532//2775
f 1532//2776 1531//2776 1533//2776
f 1529//2777 1531//2777 1530//2777
f 1531//2778 1534//2778 1533//2778
f 1533//2779 1535//2779 1536//2779
f 1534//2780 1535//2780 1533//2780
f 1536//2781 1537//2781 1538//2781
f 1535//2782 1537//2782 1536//2782
f 1538//2783 1539//2783 1540//2783
f 1540//2784 1539//2784 1541//2784
f 1537//2785 1539//2785 1538//2785
f 1539//2786 1542//2786 1541//2786
f 1541//2787 1542//2787 1543//2787
f 1542//2788 1544//2788 1543//2788
f 1544//2789 1545//2789 1543//2789
f 1543//2790 1545//2790 1546//2790
f 1546//2791 1545//2791 1547//2791
f 1545//2792 1548//2792 1547//2792
f 1547//2793 1548//2793 1549//2793
f 1548//2794 1550//2794 1549//2794
f 1550//2795 1551//2795 1549//2795
f 1549//2796 1551//2796 1552//2796
f 1551//2797 1553//2797 1552//2797
f 1552//2798 1553//2798 1554//2798
f 1554//2799 1553//2799 1449//2799
f 1553//2800 1447//2800 1449//2800
f 1511//2801 1509//2801 1513//2801
f 1517//2802 1521//2802 1520//2802
f 1517//2803 1523//2803 1521//2803
f 1508//2804 1505//2804 1509//2804
f 1509//2805 1505//2805 1513//2805
f 1523//2806 1528//2806 1525//2806
f 1502//2807 1499//2807 1503//2807
f 1528//2808 1534//2808 1529//2808
f 1529//2809 1534//2809 1531//2809
f 1496//2810 1493//2810 1497//2810
f 1497//2811 1493//2811 1499//2811
f 1503//2812 1493//2812 1505//2812
f 1505//2813 1493//2813 1513//2813
f 1499//2814 1493//2814 1503//2814
f 1534//2815 1537//2815 1535//2815
f 1491//2816 1489//2816 1493//2816
f 1489//2817 1487//2817 1493//2817
f 1513//2818 1487//2818 1515//2818
f 1515//2819 1487//2819 1517//2819
f 1493//2820 1487//2820 1513//2820
f 1539//2821 1545//2821 1542//2821
f 1542//2822 1545//2822 1544//2822
f 1487//2823 1484//2823 1517//2823
f 1485//2824 1484//2824 1487//2824
f 1539//2825 1548//2825 1545//2825
f 1537//2826 1548//2826 1539//2826
f 1534//2827 1548//2827 1537//2827
f 1548//2828 1551//2828 1550//2828
f 1484//2829 1478//2829 1517//2829
f 1479//2830 1478//2830 1481//2830
f 1481//2831 1478//2831 1484//2831
f 1517//2832 1478//2832 1523//2832
f 1523//2833 1478//2833 1528//2833
f 1551//2834 1447//2834 1553//2834
f 1551//2835 1448//2835 1447//2835
f 1473//2836 1471//2836 1476//2836
f 1448//2837 1455//2837 1451//2837
f 1451//2838 1455//2838 1453//2838
f 1467//2839 1465//2839 1470//2839
f 1470//2840 1465//2840 1471//2840
f 1476//2841 1465//2841 1478//2841
f 1534//2842 1465//2842 1548//2842
f 1478//2843 1465//2843 1528//2843
f 1471//2844 1465//2844 1476//2844
f 1528//2845 1465//2845 1534//2845
f 1551//2846 1457//2846 1448//2846
f 1448//2847 1457//2847 1455//2847
f 1551//2848 1459//2848 1457//2848
f 1463//2849 1461//2849 1465//2849
f 1548//2850 1461//2850 1551//2850
f 1465//2851 1461//2851 1548//2851
f 1551//2852 1461//2852 1459//2852
f 1510//2853 1512//2853 1514//2853
f 1522//2854 1518//2854 1519//2854
f 1524//2855 1518//2855 1522//2855
f 1506//2856 1507//2856 1510//2856
f 1506//2857 1510//2857 1514//2857
f 1527//2858 1524//2858 1526//2858
f 1500//2859 1501//2859 1504//2859
f 1533//2860 1527//2860 1530//2860
f 1533//2861 1530//2861 1532//2861
f 1494//2862 1495//2862 1498//2862
f 1494//2863 1498//2863 1500//2863
f 1494//2864 1504//2864 1506//2864
f 1494//2865 1506//2865 1514//2865
f 1494//2866 1500//2866 1504//2866
f 1538//2867 1533//2867 1536//2867
f 1490//2868 1492//2868 1494//2868
f 1488//2869 1490//2869 1494//2869
f 1488//2870 1514//2870 1516//2870
f 1488//2871 1516//2871 1518//2871
f 1488//2872 1494//2872 1514//2872
f 1546//2873 1540//2873 1541//2873
f 1546//2874 1541//2874 1543//2874
f 1483//2875 1488//2875 1518//2875
f 1483//2876 1486//2876 1488//2876
f 1547//2877 1540//2877 1546//2877
f 1547//2878 1538//2878 1540//2878
f 1547//2879 1533//2879 1538//2879
f 1552//2880 1547//2880 1549//2880
f 1477//2881 1483//2881 1518//2881
f 1477//2882 1480//2882 1482//2882
f 1477//2883 1482//2883 1483//2883
f 1477//2884 1518//2884 1524//2884
f 1477//2885 1524//2885 1527//2885
f 1449//2886 1552//2886 1554//2886
f 1450//2887 1552//2887 1449//2887
f 1472//2888 1474//2888 1475//2888
f 1456//2889 1450//2889 1452//2889
f 1456//2890 1452//2890 1454//2890
f 1466//2891 1468//2891 1469//2891
f 1466//2892 1469//2892 1472//2892
f 1466//2893 1475//2893 1477//2893
f 1466//2894 1533//2894 1547//2894
f 1466//2895 1477//2895 1527//2895
f 1466//2896 1472//2896 1475//2896
f 1466//2897 1527//2897 1533//2897
f 1458//2898 1552//2898 1450//2898
f 1458//2899 1450//2899 1456//2899
f 1460//2900 1552//2900 1458//2900
f 1462//2901 1464//2901 1466//2901
f 1462//2902 1547//2902 1552//2902
f 1462//2903 1466//2903 1547//2903
f 1462//2904 1552//2904 1460//2904
f 1555//2905 1556//2905 1557//2905
f 1557//2906 1556//2906 1558//2906
f 1558//2907 1559//2907 1560//2907
f 1556//2908 1559//2908 1558//2908
f 1560//2909 1561//2909 1562//2909
f 1562//2910 1561//2910 1563//2910
f 1559//2911 1561//2911 1560//2911
f 1561//2912 1564//2912 1563//2912
f 1563//2913 1565//2913 1566//2913
f 1564//2914 1565//2914 1563//2914
f 1566//2915 1567//2915 1568//2915
f 1568//2916 1567//2916 1569//2916
f 1565//2917 1567//2917 1566//2917
f 1567//2918 1570//2918 1569//2918
f 1569//2919 1571//2919 1572//2919
f 1572//2920 1571//2920 1573//2920
f 1570//2921 1571//2921 1569//2921
f 1571//2922 1574//2922 1573//2922
f 1573//2923 1575//2923 1576//2923
f 1574//2924 1575//2924 1573//2924
f 1576//2925 1577//2925 1578//2925
f 1575//2926 1577//2926 1576//2926
f 1578//2927 1579//2927 1580//2927
f 1577//2928 1579//2928 1578//2928
f 1580//2929 1581//2929 1582//2929
f 1582//2930 1581//2930 1583//2930
f 1579//2931 1581//2931 1580//2931
f 1581//2932 1584//2932 1583//2932
f 1583//2933 1585//2933 1586//2933
f 1586//2934 1585//2934 1587//2934
f 1584//2935 1585//2935 1583//2935
f 1587//2936 1588//2936 1589//2936
f 1585//2937 1588//2937 1587//2937
f 1589//2938 1590//2938 1591//2938
f 1588//2939 1590//2939 1589//2939
f 1590//2940 1592//2940 1591//2940
f 1591//2941 1593//2941 1594//2941
f 1592//2942 1593//2942 1591//2942
f 1594//2943 1595//2943 1596//2943
f 1596//2944 1595//2944 1597//2944
f 1593//2945 1595//2945 1594//2945
f 1595//2946 1598//2946 1597//2946
f 1598//2947 1599//2947 1597//2947
f 1597//2948 1599//2948 1600//2948
f 1599//2949 1601//2949 1600//2949
f 1600//2950 1601//2950 1602//2950
f 1602//2951 1601//2951 1603//2951
f 1601//2952 1604//2952 1603//2952
f 1603//2953 1604//2953 1605//2953
f 1604//2954 1606//2954 1605//2954
f 1606//2955 1607//2955 1605//2955
f 1605//2956 1607//2956 1608//2956
f 1607//2957 1609//2957 1608//2957
f 1608//2958 1609//2958 1610//2958
f 1609//2959 1611//2959 1610//2959
f 1610//2960 1611//2960 1612//2960
f 1612//2961 1613//2961 1614//2961
f 1611//2962 1613//2962 1612//2962
f 1614//2963 1615//2963 1616//2963
f 1616//2964 1615//2964 1617//2964
f 1613//2965 1615//2965 1614//2965
f 1615//2966 1618//2966 1617//2966
f 1617//2967 1619//2967 1620//2967
f 1618//2968 1619//2968 1617//2968
f 1620//2969 1621//2969 1622//2969
f 1622//2970 1621//2970 1623//2970
f 1619//2971 1621//2971 1620//2971
f 1621//2972 1624//2972 1623//2972
f 1623//2973 1625//2973 1626//2973
f 1626//2974 1625//2974 1627//2974
f 1624//2975 1625//2975 1623//2975
f 1625//2976 1628//2976 1627//2976
f 1627//2977 1629//2977 1630//2977
f 1628//2978 1629//2978 1627//2978
f 1630//2979 1631//2979 1632//2979
f 1629//2980 1631//2980 1630//2980
f 1632//2981 1633//2981 1634//2981
f 1631//2982 1633//2982 1632//2982
f 1634//2983 1635//2983 1636//2983
f 1633//2984 1635//2984 1634//2984
f 1636//2985 1637//2985 1638//2985
f 1638//2986 1637//2986 1639//2986
f 1635//2987 1637//2987 1636//2987
f 1637//2988 1640//2988 1639//2988
f 1639//2989 1641//2989 1642//2989
f 1640//2990 1641//2990 1639//2990
f 1642//2991 1643//2991 1644//2991
f 1641//2992 1643//2992 1642//2992
f 1644//2993 1645//2993 1646//2993
f 1643//2994 1645//2994 1644//2994
f 1646//2995 1647//2995 1648//2995
f 1645//2996 1647//2996 1646//2996
f 1647//2997 1649//2997 1648//2997
f 1648//2998 1649//2998 1650//2998
f 1649//2999 1651//2999 1650//2999
f 1650//3000 1651//3000 1652//3000
f 1651//3001 1653//3001 1652//3001
f 1652//3002 1653//3002 1654//3002
f 1653//3003 1655//3003 1654//3003
f 1654//3004 1655//3004 1656//3004
f 1655//3005 1657//3005 1656//3005
f 1656//3006 1657//3006 1658//3006
f 1657//3007 1659//3007 1658//3007
f 1658//3008 1659//3008 1660//3008
f 1659//3009 1661//3009 1660//3009
f 1660//3010 1661//3010 1662//3010
f 1662//3011 1661//3011 1557//3011
f 1661//3012 1555//3012 1557//3012
f 1621//3013 1625//3013 1624//3013
f 1619//3014 1618//3014 1621//3014
f 1625//3015 1629//3015 1628//3015
f 1621//3016 1631//3016 1625//3016
f 1625//3017 1631//3017 1629//3017
f 1631//3018 1635//3018 1633//3018
f 1611//3019 1609//3019 1613//3019
f 1613//3020 1609//3020 1615//3020
f 1615//3021 1609//3021 1618//3021
f 1635//3022 1640//3022 1637//3022
f 1607//3023 1606//3023 1609//3023
f 1640//3024 1647//3024 1641//3024
f 1641//3025 1647//3025 1643//3025
f 1643//3026 1647//3026 1645//3026
f 1621//3027 1647//3027 1631//3027
f 1631//3028 1647//3028 1635//3028
f 1635//3029 1647//3029 1640//3029
f 1647//3030 1651//3030 1649//3030
f 1651//3031 1655//3031 1653//3031
f 1618//3032 1655//3032 1621//3032
f 1606//3033 1655//3033 1609//3033
f 1609//3034 1655//3034 1618//3034
f 1621//3035 1655//3035 1647//3035
f 1647//3036 1655//3036 1651//3036
f 1592//3037 1590//3037 1593//3037
f 1593//3038 1590//3038 1595//3038
f 1595//3039 1590//3039 1598//3039
f 1598//3040 1590//3040 1599//3040
f 1599//3041 1590//3041 1601//3041
f 1601//3042 1590//3042 1604//3042
f 1604//3043 1590//3043 1606//3043
f 1655//3044 1659//3044 1657//3044
f 1606//3045 1659//3045 1655//3045
f 1584//3046 1581//3046 1585//3046
f 1585//3047 1581//3047 1588//3047
f 1588//3048 1581//3048 1590//3048
f 1590//3049 1581//3049 1606//3049
f 1555//3050 1561//3050 1556//3050
f 1556//3051 1561//3051 1559//3051
f 1661//3052 1561//3052 1555//3052
f 1561//3053 1565//3053 1564//3053
f 1661//3054 1565//3054 1561//3054
f 1659//3055 1565//3055 1661//3055
f 1574//3056 1571//3056 1575//3056
f 1575//3057 1571//3057 1577//3057
f 1577//3058 1571//3058 1579//3058
f 1579//3059 1571//3059 1581//3059
f 1606//3060 1567//3060 1659//3060
f 1659//3061 1567//3061 1565//3061
f 1581//3062 1570//3062 1606//3062
f 1571//3063 1570//3063 1581//3063
f 1606//3064 1570//3064 1567//3064
f 1626//3065 1622//3065 1623//3065
f 1617//3066 1620//3066 1622//3066
f 1630//3067 1626//3067 1627//3067
f 1632//3068 1622//3068 1626//3068
f 1632//3069 1626//3069 1630//3069
f 1636//3070 1632//3070 1634//3070
f 1610//3071 1612//3071 1614//3071
f 1610//3072 1614//3072 1616//3072
f 1610//3073 1616//3073 1617//3073
f 1639//3074 1636//3074 1638//3074
f 1605//3075 1608//3075 1610//3075
f 1648//3076 1639//3076 1642//3076
f 1648//3077 1642//3077 1644//3077
f 1648//3078 1644//3078 1646//3078
f 1648//3079 1622//3079 1632//3079
f 1648//3080 1632//3080 1636//3080
f 1648//3081 1636//3081 1639//3081
f 1652//3082 1648//3082 1650//3082
f 1656//3083 1652//3083 1654//3083
f 1656//3084 1617//3084 1622//3084
f 1656//3085 1605//3085 1610//3085
f 1656//3086 1610//3086 1617//3086
f 1656//3087 1622//3087 1648//3087
f 1656//3088 1648//3088 1652//3088
f 1589//3089 1591//3089 1594//3089
f 1589//3090 1594//3090 1596//3090
f 1589//3091 1596//3091 1597//3091
f 1589//3092 1597//3092 1600//3092
f 1589//3093 1600//3093 1602//3093
f 1589//3094 1602//3094 1603//3094
f 1589//3095 1603//3095 1605//3095
f 1660//3096 1656//3096 1658//3096
f 1660//3097 1605//3097 1656//3097
f 1582//3098 1583//3098 1586//3098
f 1582//3099 1586//3099 1587//3099
f 1582//3100 1587//3100 1589//3100
f 1582//3101 1589//3101 1605//3101
f 1562//3102 1557//3102 1558//3102
f 1562//3103 1558//3103 1560//3103
f 1562//3104 1662//3104 1557//3104
f 1566//3105 1562//3105 1563//3105
f 1566//3106 1662//3106 1562//3106
f 1566//3107 1660//3107 1662//3107
f 1572//3108 1573//3108 1576//3108
f 1572//3109 1576//3109 1578//3109
f 1572//3110 1578//3110 1580//3110
f 1572//3111 1580//3111 1582//3111
f 1568//3112 1605//3112 1660//3112
f 1568//3113 1660//3113 1566//3113
f 1569//3114 1582//3114 1605//3114
f 1569//3115 1572//3115 1582//3115
f 1569//3116 1605//3116 1568//3116
f 1663//3117 1664//3117 1665//3117
f 1665//3118 1666//3118 1667//3118
f 1664//3119 1666//3119 1665//3119
f 1666//3120 1668//3120 1667//3120
f 1667//3121 1669//3121 1670//3121
f 1670//3122 1669//3122 1671//3122
f 1668//3123 1669//3123 1667//3123
f 1669//3124 1672//3124 1671//3124
f 1671//3125 1673//3125 1674//3125
f 1672//3126 1673//3126 1671//3126
f 1674//3127 1675//3127 1676//3127
f 1673//3128 1675//3128 1674//3128
f 1676//3129 1677//3129 1678//3129
f 1678//3130 1677//3130 1679//3130
f 1675//3131 1677//3131 1676//3131
f 1677//3132 1680//3132 1679//3132
f 1679//3133 1681//3133 1682//3133
f 1680//3134 1681//3134 1679//3134
f 1682//3135 1683//3135 1684//3135
f 1681//3136 1683//3136 1682//3136
f 1684//3137 1685//3137 1686//3137
f 1683//3138 1685//3138 1684//3138
f 1686//3139 1687//3139 1688//3139
f 1685//3140 1687//3140 1686//3140
f 1688//3141 1689//3141 1690//3141
f 1687//3142 1689//3142 1688//3142
f 1690//3143 1691//3143 1692//3143
f 1689//3144 1691//3144 1690//3144
f 1692//3145 1693//3145 1694//3145
f 1691//3146 1693//3146 1692//3146
f 1694//3147 1695//3147 1696//3147
f 1696//3148 1695//3148 1697//3148
f 1693//3149 1695//3149 1694//3149
f 1695//3150 1698//3150 1697//3150
f 1697//3151 1699//3151 1700//3151
f 1698//3152 1699//3152 1697//3152
f 1700//3153 1701//3153 1702//3153
f 1699//3154 1701//3154 1700//3154
f 1702//3155 1703//3155 1704//3155
f 1701//3156 1703//3156 1702//3156
f 1704//3157 1705//3157 1706//3157
f 1703//3158 1705//3158 1704//3158
f 1706//3159 1707//3159 1708//3159
f 1705//3160 1707//3160 1706//3160
f 1707//3161 1709//3161 1708//3161
f 1708//3162 1709//3162 1710//3162
f 1709//3163 1711//3163 1710//3163
f 1710//3164 1711//3164 1712//3164
f 1711//3165 1713//3165 1712//3165
f 1712//3166 1713//3166 1714//3166
f 1713//3167 1715//3167 1714//3167
f 1714//3168 1715//3168 1716//3168
f 1715//3169 1717//3169 1716//3169
f 1716//3170 1717//3170 1718//3170
f 1717//3171 1719//3171 1718//3171
f 1718//3172 1719//3172 1720//3172
f 1719//3173 1721//3173 1720//3173
f 1720//3174 1721//3174 1722//3174
f 1722//3175 1723//3175 1724//3175
f 1721//3176 1723//3176 1722//3176
f 1724//3177 1725//3177 1726//3177
f 1723//3178 1725//3178 1724//3178
f 1726//3179 1727//3179 1728//3179
f 1728//3180 1727//3180 1729//3180
f 1725//3181 1727//3181 1726//3181
f 1729//3182 1730//3182 1731//3182
f 1727//3183 1730//3183 1729//3183
f 1730//3184 1732//3184 1731//3184
f 1731//3185 1733//3185 1734//3185
f 1734//3186 1733//3186 1735//3186
f 1732//3187 1733//3187 1731//3187
f 1733//3188 1736//3188 1735//3188
f 1735//3189 1737//3189 1738//3189
f 1738//3190 1737//3190 1739//3190
f 1736//3191 1737//3191 1735//3191
f 1739//3192 1740//3192 1741//3192
f 1737//3193 1740//3193 1739//3193
f 1740//3194 1742//3194 1741//3194
f 1741//3195 1743//3195 1744//3195
f 1742//3196 1743//3196 1741//3196
f 1744//3197 1745//3197 1746//3197
f 1743//3198 1745//3198 1744//3198
f 1746//3199 1747//3199 1748//3199
f 1745//3200 1747//3200 1746//3200
f 1748//3201 1749//3201 1750//3201
f 1750//3202 1749//3202 1751//3202
f 1747//3203 1749//3203 1748//3203
f 1751//3204 1752//3204 1753//3204
f 1749//3205 1752//3205 1751//3205
f 1752//3206 1754//3206 1753//3206
f 1753//3207 1755//3207 1756//3207
f 1756//3208 1755//3208 1757//3208
f 1754//3209 1755//3209 1753//3209
f 1755//3210 1758//3210 1757//3210
f 1758//3211 1759//3211 1757//3211
f 1757//3212 1759//3212 1760//3212
f 1760//3213 1759//3213 1761//3213
f 1759//3214 1762//3214 1761//3214
f 1762//3215 1763//3215 1761//3215
f 1761//3216 1763//3216 1764//3216
f 1764//3217 1763//3217 1765//3217
f 1763//3218 1766//3218 1765//3218
f 1766//3219 1767//3219 1765//3219
f 1765//3220 1767//3220 1768//3220
f 1767//3221 1664//3221 1768//3221
f 1768//3222 1664//3222 1663//3222
f 1727//3223 1725//3223 1730//3223
f 1732//3224 1736//3224 1733//3224
f 1740//3225 1743//3225 1742//3225
f 1737//3226 1749//3226 1740//3226
f 1743//3227 1749//3227 1745//3227
f 1745//3228 1749//3228 1747//3228
f 1740//3229 1749//3229 1743//3229
f 1736//3230 1752//3230 1737//3230
f 1737//3231 1752//3231 1749//3231
f 1732//3232 1752//3232 1736//3232
f 1730//3233 1755//3233 1732//3233
f 1752//3234 1755//3234 1754//3234
f 1732//3235 1755//3235 1752//3235
f 1730//3236 1758//3236 1755//3236
f 1725//3237 1758//3237 1730//3237
f 1725//3238 1759//3238 1758//3238
f 1759//3239 1763//3239 1762//3239
f 1725//3240 1763//3240 1759//3240
f 1698//3241 1695//3241 1699//3241
f 1699//3242 1695//3242 1701//3242
f 1725//3243 1767//3243 1763//3243
f 1717//3244 1767//3244 1719//3244
f 1719//3245 1767//3245 1721//3245
f 1721//3246 1767//3246 1723//3246
f 1723//3247 1767//3247 1725//3247
f 1763//3248 1767//3248 1766//3248
f 1693//3249 1691//3249 1695//3249
f 1717//3250 1664//3250 1767//3250
f 1715//3251 1664//3251 1717//3251
f 1664//3252 1668//3252 1666//3252
f 1715//3253 1668//3253 1664//3253
f 1711//3254 1669//3254 1713//3254
f 1713//3255 1669//3255 1715//3255
f 1715//3256 1669//3256 1668//3256
f 1685//3257 1683//3257 1687//3257
f 1687//3258 1683//3258 1689//3258
f 1689//3259 1683//3259 1691//3259
f 1701//3260 1683//3260 1703//3260
f 1695//3261 1683//3261 1701//3261
f 1691//3262 1683//3262 1695//3262
f 1711//3263 1672//3263 1669//3263
f 1705//3264 1672//3264 1707//3264
f 1707//3265 1672//3265 1709//3265
f 1709//3266 1672//3266 1711//3266
f 1681//3267 1680//3267 1683//3267
f 1683//3268 1680//3268 1703//3268
f 1672//3269 1675//3269 1673//3269
f 1703//3270 1675//3270 1705//3270
f 1705//3271 1675//3271 1672//3271
f 1680//3272 1675//3272 1703//3272
f 1680//3273 1677//3273 1675//3273
f 1726//3274 1728//3274 1729//3274
f 1735//3275 1731//3275 1734//3275
f 1744//3276 1739//3276 1741//3276
f 1750//3277 1738//3277 1739//3277
f 1750//3278 1744//3278 1746//3278
f 1750//3279 1746//3279 1748//3279
f 1750//3280 1739//3280 1744//3280
f 1751//3281 1735//3281 1738//3281
f 1751//3282 1738//3282 1750//3282
f 1751//3283 1731//3283 1735//3283
f 1756//3284 1729//3284 1731//3284
f 1756//3285 1751//3285 1753//3285
f 1756//3286 1731//3286 1751//3286
f 1757//3287 1729//3287 1756//3287
f 1757//3288 1726//3288 1729//3288
f 1760//3289 1726//3289 1757//3289
f 1764//3290 1760//3290 1761//3290
f 1764//3291 1726//3291 1760//3291
f 1696//3292 1697//3292 1700//3292
f 1696//3293 1700//3293 1702//3293
f 1768//3294 1726//3294 1764//3294
f 1768//3295 1718//3295 1720//3295
f 1768//3296 1720//3296 1722//3296
f 1768//3297 1722//3297 1724//3297
f 1768//3298 1724//3298 1726//3298
f 1768//3299 1764//3299 1765//3299
f 1692//3300 1694//3300 1696//3300
f 1663//3301 1718//3301 1768//3301
f 1663//3302 1716//3302 1718//3302
f 1667//3303 1663//3303 1665//3303
f 1667//3304 1716//3304 1663//3304
f 1670//3305 1712//3305 1714//3305
f 1670//3306 1714//3306 1716//3306
f 1670//3307 1716//3307 1667//3307
f 1684//3308 1686//3308 1688//3308
f 1684//3309 1688//3309 1690//3309
f 1684//3310 1690//3310 1692//3310
f 1684//3311 1702//3311 1704//3311
f 1684//3312 1696//3312 1702//3312
f 1684//3313 1692//3313 1696//3313
f 1671//3314 1712//3314 1670//3314
f 1671//3315 1706//3315 1708//3315
f 1671//3316 1708//3316 1710//3316
f 1671//3317 1710//3317 1712//3317
f 1679//3318 1682//3318 1684//3318
f 1679//3319 1684//3319 1704//3319
f 1676//3320 1671//3320 1674//3320
f 1676//3321 1704//3321 1706//3321
f 1676//3322 1706//3322 1671//3322
f 1676//3323 1679//3323 1704//3323
f 1678//3324 1679//3324 1676//3324
f 1769//3325 1770//3325 1771//3325
f 1771//3326 1770//3326 1772//3326
f 1772//3327 1773//3327 1774//3327
f 1770//3328 1773//3328 1772//3328
f 1774//3329 1775//3329 1776//3329
f 1773//3330 1775//3330 1774//3330
f 1776//3331 1777//3331 1778//3331
f 1775//3332 1777//3332 1776//3332
f 1778//3333 1779//3333 1780//3333
f 1777//3334 1779//3334 1778//3334
f 1780//3335 1781//3335 1782//3335
f 1779//3336 1781//3336 1780//3336
f 1782//3337 1783//3337 1784//3337
f 1781//3338 1783//3338 1782//3338
f 1784//3339 1785//3339 1786//3339
f 1783//3340 1785//3340 1784//3340
f 1786//3341 1787//3341 1788//3341
f 1785//3342 1787//3342 1786//3342
f 1788//3343 1789//3343 1790//3343
f 1790//3344 1789//3344 1791//3344
f 1787//3345 1789//3345 1788//3345
f 1789//3346 1792//3346 1791//3346
f 1791//3347 1793//3347 1794//3347
f 1792//3348 1793//3348 1791//3348
f 1794//3349 1795//3349 1796//3349
f 1796//3350 1795//3350 1797//3350
f 1793//3351 1795//3351 1794//3351
f 1797//3352 1798//3352 1799//3352
f 1795//3353 1798//3353 1797//3353
f 1798//3354 1800//3354 1799//3354
f 1799//3355 1801//3355 1802//3355
f 1800//3356 1801//3356 1799//3356
f 1802//3357 1803//3357 1804//3357
f 1804//3358 1803//3358 1805//3358
f 1801//3359 1803//3359 1802//3359
f 1803//3360 1806//3360 1805//3360
f 1805//3361 1807//3361 1808//3361
f 1806//3362 1807//3362 1805//3362
f 1808//3363 1809//3363 1810//3363
f 1807//3364 1809//3364 1808//3364
f 1810//3365 1811//3365 1812//3365
f 1809//3366 1811//3366 1810//3366
f 1812//3367 1813//3367 1814//3367
f 1811//3368 1813//3368 1812//3368
f 1813//3369 1815//3369 1814//3369
f 1814//3370 1815//3370 1816//3370
f 1816//3371 1815//3371 1817//3371
f 1815//3372 1818//3372 1817//3372
f 1818//3373 1819//3373 1817//3373
f 1817//3374 1819//3374 1820//3374
f 1819//3375 1821//3375 1820//3375
f 1820//3376 1821//3376 1822//3376
f 1822//3377 1821//3377 1823//3377
f 1821//3378 1824//3378 1823//3378
f 1824//3379 1825//3379 1823//3379
f 1823//3380 1825//3380 1826//3380
f 1826//3381 1827//3381 1828//3381
f 1825//3382 1827//3382 1826//3382
f 1828//3383 1827//3383 1829//3383
f 1827//3384 1830//3384 1829//3384
f 1829//3385 1831//3385 1832//3385
f 1830//3386 1831//3386 1829//3386
f 1832//3387 1833//3387 1834//3387
f 1831//3388 1833//3388 1832//3388
f 1834//3389 1835//3389 1836//3389
f 1833//3390 1835//3390 1834//3390
f 1836//3391 1837//3391 1838//3391
f 1835//3392 1837//3392 1836//3392
f 1838//3393 1839//3393 1840//3393
f 1840//3394 1839//3394 1841//3394
f 1837//3395 1839//3395 1838//3395
f 1839//3396 1842//3396 1841//3396
f 1841//3397 1843//3397 1844//3397
f 1842//3398 1843//3398 1841//3398
f 1844//3399 1845//3399 1846//3399
f 1843//3400 1845//3400 1844//3400
f 1846//3401 1847//3401 1848//3401
f 1848//3402 1847//3402 1849//3402
f 1845//3403 1847//3403 1846//3403
f 1847//3404 1850//3404 1849//3404
f 1849//3405 1851//3405 1852//3405
f 1850//3406 1851//3406 1849//3406
f 1852//3407 1853//3407 1854//3407
f 1854//3408 1853//3408 1855//3408
f 1851//3409 1853//3409 1852//3409
f 1853//3410 1856//3410 1855//3410
f 1855//3411 1857//3411 1858//3411
f 1856//3412 1857//3412 1855//3412
f 1858//3413 1859//3413 1860//3413
f 1857//3414 1859//3414 1858//3414
f 1860//3415 1861//3415 1862//3415
f 1862//3416 1861//3416 1863//3416
f 1859//3417 1861//3417 1860//3417
f 1861//3418 1864//3418 1863//3418
f 1863//3419 1864//3419 1865//3419
f 1864//3420 1866//3420 1865//3420
f 1866//3421 1867//3421 1865//3421
f 1865//3422 1867//3422 1868//3422
f 1868//3423 1867//3423 1869//3423
f 1867//3424 1870//3424 1869//3424
f 1869//3425 1870//3425 1871//3425
f 1870//3426 1872//3426 1871//3426
f 1872//3427 1873//3427 1871//3427
f 1871//3428 1873//3428 1874//3428
f 1873//3429 1875//3429 1874//3429
f 1874//3430 1875//3430 1876//3430
f 1876//3431 1875//3431 1771//3431
f 1875//3432 1769//3432 1771//3432
f 1833//3433 1831//3433 1835//3433
f 1839//3434 1843//3434 1842//3434
f 1839//3435 1845//3435 1843//3435
f 1830//3436 1827//3436 1831//3436
f 1831//3437 1827//3437 1835//3437
f 1845//3438 1850//3438 1847//3438
f 1824//3439 1821//3439 1825//3439
f 1850//3440 1856//3440 1851//3440
f 1851//3441 1856//3441 1853//3441
f 1818//3442 1815//3442 1819//3442
f 1819//3443 1815//3443 1821//3443
f 1825//3444 1815//3444 1827//3444
f 1827//3445 1815//3445 1835//3445
f 1821//3446 1815//3446 1825//3446
f 1856//3447 1859//3447 1857//3447
f 1813//3448 1811//3448 1815//3448
f 1811//3449 1809//3449 1815//3449
f 1835//3450 1809//3450 1837//3450
f 1837//3451 1809//3451 1839//3451
f 1815//3452 1809//3452 1835//3452
f 1861//3453 1867//3453 1864//3453
f 1864//3454 1867//3454 1866//3454
f 1809//3455 1806//3455 1839//3455
f 1807//3456 1806//3456 1809//3456
f 1861//3457 1870//3457 1867//3457
f 1859//3458 1870//3458 1861//3458
f 1856//3459 1870//3459 1859//3459
f 1870//3460 1873//3460 1872//3460
f 1806//3461 1800//3461 1839//3461
f 1801//3462 1800//3462 1803//3462
f 1803//3463 1800//3463 1806//3463
f 1839//3464 1800//3464 1845//3464
f 1845//3465 1800//3465 1850//3465
f 1873//3466 1769//3466 1875//3466
f 1873//3467 1770//3467 1769//3467
f 1795//3468 1793//3468 1798//3468
f 1770//3469 1777//3469 1773//3469
f 1773//3470 1777//3470 1775//3470
f 1789//3471 1787//3471 1792//3471
f 1792//3472 1787//3472 1793//3472
f 1798//3473 1787//3473 1800//3473
f 1856//3474 1787//3474 1870//3474
f 1800//3475 1787//3475 1850//3475
f 1793//3476 1787//3476 1798//3476
f 1850//3477 1787//3477 1856//3477
f 1873//3478 1779//3478 1770//3478
f 1770//3479 1779//3479 1777//3479
f 1873//3480 1781//3480 1779//3480
f 1785//3481 1783//3481 1787//3481
f 1870//3482 1783//3482 1873//3482
f 1787//3483 1783//3483 1870//3483
f 1873//3484 1783//3484 1781//3484
f 1832//3485 1834//3485 1836//3485
f 1844//3486 1840//3486 1841//3486
f 1846//3487 1840//3487 1844//3487
f 1828//3488 1829//3488 1832//3488
f 1828//3489 1832//3489 1836//3489
f 1849//3490 1846//3490 1848//3490
f 1822//3491 1823//3491 1826//3491
f 1855//3492 1849//3492 1852//3492
f 1855//3493 1852//3493 1854//3493
f 1816//3494 1817//3494 1820//3494
f 1816//3495 1820//3495 1822//3495
f 1816//3496 1826//3496 1828//3496
f 1816//3497 1828//3497 1836//3497
f 1816//3498 1822//3498 1826//3498
f 1860//3499 1855//3499 1858//3499
f 1812//3500 1814//3500 1816//3500
f 1810//3501 1812//3501 1816//3501
f 1810//3502 1836//3502 1838//3502
f 1810//3503 1838//3503 1840//3503
f 1810//3504 1816//3504 1836//3504
f 1868//3505 1862//3505 1863//3505
f 1868//3506 1863//3506 1865//3506
f 1805//3507 1810//3507 1840//3507
f 1805//3508 1808//3508 1810//3508
f 1869//3509 1862//3509 1868//3509
f 1869//3510 1860//3510 1862//3510
f 1869//3511 1855//3511 1860//3511
f 1874//3512 1869//3512 1871//3512
f 1799//3513 1805//3513 1840//3513
f 1799//3514 1802//3514 1804//3514
f 1799//3515 1804//3515 1805//3515
f 1799//3516 1840//3516 1846//3516
f 1799//3517 1846//3517 1849//3517
f 1771//3518 1874//3518 1876//3518
f 1772//3519 1874//3519 1771//3519
f 1794//3520 1796//3520 1797//3520
f 1778//3521 1772//3521 1774//3521
f 1778//3522 1774//3522 1776//3522
f 1788//3523 1790//3523 1791//3523
f 1788//3524 1791//3524 1794//3524
f 1788//3525 1797//3525 1799//3525
f 1788//3526 1855//3526 1869//3526
f 1788//3527 1799//3527 1849//3527
f 1788//3528 1794//3528 1797//3528
f 1788//3529 1849//3529 1855//3529
f 1780//3530 1874//3530 1772//3530
f 1780//3531 1772//3531 1778//3531
f 1782//3532 1874//3532 1780//3532
f 1784//3533 1786//3533 1788//3533
f 1784//3534 1869//3534 1874//3534
f 1784//3535 1788//3535 1869//3535
f 1784//3536 1874//3536 1782//3536
f 1877//3537 1878//3537 1879//3537
f 1879//3538 1878//3538 1880//3538
f 1880//3539 1881//3539 1882//3539
f 1878//3540 1881//3540 1880//3540
f 1882//3541 1883//3541 1884//3541
f 1884//3542 1883//3542 1885//3542
f 1881//3543 1883//3543 1882//3543
f 1883//3544 1886//3544 1885//3544
f 1885//3545 1887//3545 1888//3545
f 1886//3546 1887//3546 1885//3546
f 1888//3547 1889//3547 1890//3547
f 1890//3548 1889//3548 1891//3548
f 1887//3549 1889//3549 1888//3549
f 1889//3550 1892//3550 1891//3550
f 1891//3551 1893//3551 1894//3551
f 1894//3552 1893//3552 1895//3552
f 1892//3553 1893//3553 1891//3553
f 1893//3554 1896//3554 1895//3554
f 1895//3555 1897//3555 1898//3555
f 1896//3556 1897//3556 1895//3556
f 1898//3557 1899//3557 1900//3557
f 1897//3558 1899//3558 1898//3558
f 1900//3559 1901//3559 1902//3559
f 1899//3560 1901//3560 1900//3560
f 1902//3561 1903//3561 1904//3561
f 1904//3562 1903//3562 1905//3562
f 1901//3563 1903//3563 1902//3563
f 1903//3564 1906//3564 1905//3564
f 1905//3565 1907//3565 1908//3565
f 1908//3566 1907//3566 1909//3566
f 1906//3567 1907//3567 1905//3567
f 1909//3568 1910//3568 1911//3568
f 1907//3569 1910//3569 1909//3569
f 1911//3570 1912//3570 1913//3570
f 1910//3571 1912//3571 1911//3571
f 1912//3572 1914//3572 1913//3572
f 1913//3573 1915//3573 1916//3573
f 1914//3574 1915//3574 1913//3574
f 1916//3575 1917//3575 1918//3575
f 1918//3576 1917//3576 1919//3576
f 1915//3577 1917//3577 1916//3577
f 1917//3578 1920//3578 1919//3578
f 1920//3579 1921//3579 1919//3579
f 1919//3580 1921//3580 1922//3580
f 1921//3581 1923//3581 1922//3581
f 1922//3582 1923//3582 1924//3582
f 1924//3583 1923//3583 1925//3583
f 1923//3584 1926//3584 1925//3584
f 1925//3585 1926//3585 1927//3585
f 1926//3586 1928//3586 1927//3586
f 1928//3587 1929//3587 1927//3587
f 1927//3588 1929//3588 1930//3588
f 1929//3589 1931//3589 1930//3589
f 1930//3590 1931//3590 1932//3590
f 1931//3591 1933//3591 1932//3591
f 1932//3592 1933//3592 1934//3592
f 1934//3593 1935//3593 1936//3593
f 1933//3594 1935//3594 1934//3594
f 1936//3595 1937//3595 1938//3595
f 1938//3596 1937//3596 1939//3596
f 1935//3597 1937//3597 1936//3597
f 1937//3598 1940//3598 1939//3598
f 1939//3599 1941//3599 1942//3599
f 1940//3600 1941//3600 1939//3600
f 1942//3601 1943//3601 1944//3601
f 1944//3602 1943//3602 1945//3602
f 1941//3603 1943//3603 1942//3603
f 1943//3604 1946//3604 1945//3604
f 1945//3605 1947//3605 1948//3605
f 1948//3606 1947//3606 1949//3606
f 1946//3607 1947//3607 1945//3607
f 1947//3608 1950//3608 1949//3608
f 1949//3609 1951//3609 1952//3609
f 1950//3610 1951//3610 1949//3610
f 1952//3611 1953//3611 1954//3611
f 1951//3612 1953//3612 1952//3612
f 1954//3613 1955//3613 1956//3613
f 1953//3614 1955//3614 1954//3614
f 1956//3615 1957//3615 1958//3615
f 1955//3616 1957//3616 1956//3616
f 1958//3617 1959//3617 1960//3617
f 1960//3618 1959//3618 1961//3618
f 1957//3619 1959//3619 1958//3619
f 1959//3620 1962//3620 1961//3620
f 1961//3621 1963//3621 1964//3621
f 1962//3622 1963//3622 1961//3622
f 1964//3623 1965//3623 1966//3623
f 1963//3624 1965//3624 1964//3624
f 1966//3625 1967//3625 1968//3625
f 1965//3626 1967//3626 1966//3626
f 1968//3627 1969//3627 1970//3627
f 1967//3628 1969//3628 1968//3628
f 1969//3629 1971//3629 1970//3629
f 1970//3630 1971//3630 1972//3630
f 1971//3631 1973//3631 1972//3631
f 1972//3632 1973//3632 1974//3632
f 1973//3633 1975//3633 1974//3633
f 1974//3634 1975//3634 1976//3634
f 1975//3635 1977//3635 1976//3635
f 1976//3636 1977//3636 1978//3636
f 1977//3637 1979//3637 1978//3637
f 1978//3638 1979//3638 1980//3638
f 1979//3639 1981//3639 1980//3639
f 1980//3640 1981//3640 1982//3640
f 1981//3641 1983//3641 1982//3641
f 1982//3642 1983//3642 1984//3642
f 1984//3643 1983//3643 1879//3643
f 1983//3644 1877//3644 1879//3644
f 1943//3645 1947//3645 1946//3645
f 1947//3646 1951//3646 1950//3646
f 1940//3647 1937//3647 1941//3647
f 1941//3648 1937//3648 1943//3648
f 1933//3649 1931//3649 1935//3649
f 1935//3650 1931//3650 1937//3650
f 1957//3651 1962//3651 1959//3651
f 1928//3652 1926//3652 1929//3652
f 1929//3653 1926//3653 1931//3653
f 1962//3654 1969//3654 1963//3654
f 1963//3655 1969//3655 1965//3655
f 1965//3656 1969//3656 1967//3656
f 1920//3657 1917//3657 1921//3657
f 1921//3658 1917//3658 1923//3658
f 1923//3659 1917//3659 1926//3659
f 1943//3660 1917//3660 1947//3660
f 1937//3661 1917//3661 1943//3661
f 1931//3662 1917//3662 1937//3662
f 1926//3663 1917//3663 1931//3663
f 1969//3664 1973//3664 1971//3664
f 1973//3665 1977//3665 1975//3665
f 1917//3666 1912//3666 1947//3666
f 1914//3667 1912//3667 1915//3667
f 1915//3668 1912//3668 1917//3668
f 1951//3669 1912//3669 1953//3669
f 1953//3670 1912//3670 1955//3670
f 1955//3671 1912//3671 1957//3671
f 1947//3672 1912//3672 1951//3672
f 1977//3673 1981//3673 1979//3673
f 1977//3674 1983//3674 1981//3674
f 1973//3675 1983//3675 1977//3675
f 1907//3676 1906//3676 1910//3676
f 1910//3677 1906//3677 1912//3677
f 1973//3678 1877//3678 1983//3678
f 1969//3679 1877//3679 1973//3679
f 1962//3680 1903//3680 1969//3680
f 1912//3681 1903//3681 1957//3681
f 1906//3682 1903//3682 1912//3682
f 1957//3683 1903//3683 1962//3683
f 1877//3684 1883//3684 1878//3684
f 1878//3685 1883//3685 1881//3685
f 1877//3686 1886//3686 1883//3686
f 1897//3687 1896//3687 1899//3687
f 1899//3688 1896//3688 1901//3688
f 1901//3689 1896//3689 1903//3689
f 1903//3690 1896//3690 1969//3690
f 1877//3691 1887//3691 1886//3691
f 1887//3692 1892//3692 1889//3692
f 1893//3693 1892//3693 1896//3693
f 1969//3694 1892//3694 1877//3694
f 1896//3695 1892//3695 1969//3695
f 1877//3696 1892//3696 1887//3696
f 1948//3697 1944//3697 1945//3697
f 1952//3698 1948//3698 1949//3698
f 1938//3699 1939//3699 1942//3699
f 1938//3700 1942//3700 1944//3700
f 1932//3701 1934//3701 1936//3701
f 1932//3702 1936//3702 1938//3702
f 1961//3703 1958//3703 1960//3703
f 1925//3704 1927//3704 1930//3704
f 1925//3705 1930//3705 1932//3705
f 1970//3706 1961//3706 1964//3706
f 1970//3707 1964//3707 1966//3707
f 1970//3708 1966//3708 1968//3708
f 1918//3709 1919//3709 1922//3709
f 1918//3710 1922//3710 1924//3710
f 1918//3711 1924//3711 1925//3711
f 1918//3712 1944//3712 1948//3712
f 1918//3713 1938//3713 1944//3713
f 1918//3714 1932//3714 1938//3714
f 1918//3715 1925//3715 1932//3715
f 1974//3716 1970//3716 1972//3716
f 1978//3717 1974//3717 1976//3717
f 1911//3718 1918//3718 1948//3718
f 1911//3719 1913//3719 1916//3719
f 1911//3720 1916//3720 1918//3720
f 1911//3721 1952//3721 1954//3721
f 1911//3722 1954//3722 1956//3722
f 1911//3723 1956//3723 1958//3723
f 1911//3724 1948//3724 1952//3724
f 1982//3725 1978//3725 1980//3725
f 1984//3726 1978//3726 1982//3726
f 1984//3727 1974//3727 1978//3727
f 1905//3728 1908//3728 1909//3728
f 1905//3729 1909//3729 1911//3729
f 1879//3730 1974//3730 1984//3730
f 1879//3731 1970//3731 1974//3731
f 1904//3732 1961//3732 1970//3732
f 1904//3733 1911//3733 1958//3733
f 1904//3734 1905//3734 1911//3734
f 1904//3735 1958//3735 1961//3735
f 1884//3736 1879//3736 1880//3736
f 1884//3737 1880//3737 1882//3737
f 1885//3738 1879//3738 1884//3738
f 1895//3739 1898//3739 1900//3739
f 1895//3740 1900//3740 1902//3740
f 1895//3741 1902//3741 1904//3741
f 1895//3742 1904//3742 1970//3742
f 1888//3743 1879//3743 1885//3743
f 1891//3744 1888//3744 1890//3744
f 1891//3745 1894//3745 1895//3745
f 1891//3746 1970//3746 1879//3746
f 1891//3747 1895//3747 1970//3747
f 1891//3748 1879//3748 1888//3748
f 1985//3749 1986//3749 1987//3749
f 1987//3750 1988//3750 1989//3750
f 1986//3751 1988//3751 1987//3751
f 1988//3752 1990//3752 1989//3752
f 1989//3753 1991//3753 1992//3753
f 1992//3754 1991//3754 1993//3754
f 1990//3755 1991//3755 1989//3755
f 1991//3756 1994//3756 1993//3756
f 1993//3757 1995//3757 1996//3757
f 1994//3758 1995//3758 1993//3758
f 1996//3759 1997//3759 1998//3759
f 1995//3760 1997//3760 1996//3760
f 1998//3761 1999//3761 2000//3761
f 2000//3762 1999//3762 2001//3762
f 1997//3763 1999//3763 1998//3763
f 1999//3764 2002//3764 2001//3764
f 2001//3765 2003//3765 2004//3765
f 2002//3766 2003//3766 2001//3766
f 2004//3767 2005//3767 2006//3767
f 2003//3768 2005//3768 2004//3768
f 2006//3769 2007//3769 2008//3769
f 2005//3770 2007//3770 2006//3770
f 2008//3771 2009//3771 2010//3771
f 2007//3772 2009//3772 2008//3772
f 2010//3773 2011//3773 2012//3773
f 2009//3774 2011//3774 2010//3774
f 2012//3775 2013//3775 2014//3775
f 2011//3776 2013//3776 2012//3776
f 2014//3777 2015//3777 2016//3777
f 2013//3778 2015//3778 2014//3778
f 2016//3779 2017//3779 2018//3779
f 2018//3780 2017//3780 2019//3780
f 2015//3781 2017//3781 2016//3781
f 2017//3782 2020//3782 2019//3782
f 2019//3783 2021//3783 2022//3783
f 2020//3784 2021//3784 2019//3784
f 2022//3785 2023//3785 2024//3785
f 2021//3786 2023//3786 2022//3786
f 2024//3787 2025//3787 2026//3787
f 2023//3788 2025//3788 2024//3788
f 2026//3789 2027//3789 2028//3789
f 2025//3790 2027//3790 2026//3790
f 2028//3791 2029//3791 2030//3791
f 2027//3792 2029//3792 2028//3792
f 2029//3793 2031//3793 2030//3793
f 2030//3794 2031//3794 2032//3794
f 2031//3795 2033//3795 2032//3795
f 2032//3796 2033//3796 2034//3796
f 2033//3797 2035//3797 2034//3797
f 2034//3798 2035//3798 2036//3798
f 2035//3799 2037//3799 2036//3799
f 2036//3800 2037//3800 2038//3800
f 2037//3801 2039//3801 2038//3801
f 2038//3802 2039//3802 2040//3802
f 2039//3803 2041//3803 2040//3803
f 2040//3804 2041//3804 2042//3804
f 2041//3805 2043//3805 2042//3805
f 2042//3806 2043//3806 2044//3806
f 2044//3807 2045//3807 2046//3807
f 2043//3808 2045//3808 2044//3808
f 2046//3809 2047//3809 2048//3809
f 2045//3810 2047//3810 2046//3810
f 2048//3811 2049//3811 2050//3811
f 2050//3812 2049//3812 2051//3812
f 2047//3813 2049//3813 2048//3813
f 2051//3814 2052//3814 2053//3814
f 2049//3815 2052//3815 2051//3815
f 2052//3816 2054//3816 2053//3816
f 2053//3817 2055//3817 2056//3817
f 2056//3818 2055//3818 2057//3818
f 2054//3819 2055//3819 2053//3819
f 2055//3820 2058//3820 2057//3820
f 2057//3821 2059//3821 2060//3821
f 2060//3822 2059//3822 2061//3822
f 2058//3823 2059//3823 2057//3823
f 2061//3824 2062//3824 2063//3824
f 2059//3825 2062//3825 2061//3825
f 2062//3826 2064//3826 2063//3826
f 2063//3827 2065//3827 2066//3827
f 2064//3828 2065//3828 2063//3828
f 2066//3829 2067//3829 2068//3829
f 2065//3830 2067//3830 2066//3830
f 2068//3831 2069//3831 2070//3831
f 2067//3832 2069//3832 2068//3832
f 2070//3833 2071//3833 2072//3833
f 2072//3834 2071//3834 2073//3834
f 2069//3835 2071//3835 2070//3835
f 2073//3836 2074//3836 2075//3836
f 2071//3837 2074//3837 2073//3837
f 2074//3838 2076//3838 2075//3838
f 2075//3839 2077//3839 2078//3839
f 2078//3840 2077//3840 2079//3840
f 2076//3841 2077//3841 2075//3841
f 2077//3842 2080//3842 2079//3842
f 2080//3843 2081//3843 2079//3843
f 2079//3844 2081//3844 2082//3844
f 2082//3845 2081//3845 2083//3845
f 2081//3846 2084//3846 2083//3846
f 2084//3847 2085//3847 2083//3847
f 2083//3848 2085//3848 2086//3848
f 2086//3849 2085//3849 2087//3849
f 2085//3850 2088//3850 2087//3850
f 2088//3851 2089//3851 2087//3851
f 2087//3852 2089//3852 2090//3852
f 2089//3853 1986//3853 2090//3853
f 2090//3854 1986//3854 1985//3854
f 2049//3855 2047//3855 2052//3855
f 2043//3856 2041//3856 2045//3856
f 2045//3857 2041//3857 2047//3857
f 2062//3858 2065//3858 2064//3858
f 2035//3859 2033//3859 2037//3859
f 2037//3860 2033//3860 2039//3860
f 2031//3861 2029//3861 2033//3861
f 2039//3862 2029//3862 2041//3862
f 2041//3863 2029//3863 2047//3863
f 2033//3864 2029//3864 2039//3864
f 2071//3865 2077//3865 2074//3865
f 2074//3866 2077//3866 2076//3866
f 2029//3867 2025//3867 2047//3867
f 2027//3868 2025//3868 2029//3868
f 2052//3869 2025//3869 2054//3869
f 2047//3870 2025//3870 2052//3870
f 2025//3871 2023//3871 2054//3871
f 2023//3872 2021//3872 2054//3872
f 2054//3873 2021//3873 2055//3873
f 2080//3874 2084//3874 2081//3874
f 2080//3875 2085//3875 2084//3875
f 2077//3876 2085//3876 2080//3876
f 2020//3877 2017//3877 2021//3877
f 2055//3878 2017//3878 2058//3878
f 2021//3879 2017//3879 2055//3879
f 2017//3880 2015//3880 2058//3880
f 2058//3881 2015//3881 2059//3881
f 2059//3882 2015//3882 2062//3882
f 2077//3883 2089//3883 2085//3883
f 2085//3884 2089//3884 2088//3884
f 2015//3885 2013//3885 2062//3885
f 2089//3886 1988//3886 1986//3886
f 2011//3887 2009//3887 2013//3887
f 2013//3888 2009//3888 2062//3888
f 2065//3889 2009//3889 2067//3889
f 2067//3890 2009//3890 2069//3890
f 2069//3891 2009//3891 2071//3891
f 2062//3892 2009//3892 2065//3892
f 2089//3893 1990//3893 1988//3893
f 1990//3894 1994//3894 1991//3894
f 2077//3895 1994//3895 2089//3895
f 2089//3896 1994//3896 1990//3896
f 2003//3897 2002//3897 2005//3897
f 2005//3898 2002//3898 2007//3898
f 2007//3899 2002//3899 2009//3899
f 2009//3900 2002//3900 2071//3900
f 2071//3901 2002//3901 2077//3901
f 1994//3902 1997//3902 1995//3902
f 2077//3903 1999//3903 1994//3903
f 1994//3904 1999//3904 1997//3904
f 2002//3905 1999//3905 2077//3905
f 2048//3906 2050//3906 2051//3906
f 2042//3907 2044//3907 2046//3907
f 2042//3908 2046//3908 2048//3908
f 2066//3909 2061//3909 2063//3909
f 2034//3910 2036//3910 2038//3910
f 2034//3911 2038//3911 2040//3911
f 2030//3912 2032//3912 2034//3912
f 2030//3913 2040//3913 2042//3913
f 2030//3914 2042//3914 2048//3914
f 2030//3915 2034//3915 2040//3915
f 2078//3916 2072//3916 2073//3916
f 2078//3917 2073//3917 2075//3917
f 2026//3918 2030//3918 2048//3918
f 2026//3919 2028//3919 2030//3919
f 2026//3920 2051//3920 2053//3920
f 2026//3921 2048//3921 2051//3921
f 2024//3922 2026//3922 2053//3922
f 2022//3923 2024//3923 2053//3923
f 2022//3924 2053//3924 2056//3924
f 2083//3925 2079//3925 2082//3925
f 2086//3926 2079//3926 2083//3926
f 2086//3927 2078//3927 2079//3927
f 2018//3928 2019//3928 2022//3928
f 2018//3929 2056//3929 2057//3929
f 2018//3930 2022//3930 2056//3930
f 2016//3931 2018//3931 2057//3931
f 2016//3932 2057//3932 2060//3932
f 2016//3933 2060//3933 2061//3933
f 2090//3934 2078//3934 2086//3934
f 2090//3935 2086//3935 2087//3935
f 2014//3936 2016//3936 2061//3936
f 1987//3937 2090//3937 1985//3937
f 2010//3938 2012//3938 2014//3938
f 2010//3939 2014//3939 2061//3939
f 2010//3940 2066//3940 2068//3940
f 2010//3941 2068//3941 2070//3941
f 2010//3942 2070//3942 2072//3942
f 2010//3943 2061//3943 2066//3943
f 1989//3944 2090//3944 1987//3944
f 1993//3945 1989//3945 1992//3945
f 1993//3946 2078//3946 2090//3946
f 1993//3947 2090//3947 1989//3947
f 2001//3948 2004//3948 2006//3948
f 2001//3949 2006//3949 2008//3949
f 2001//3950 2008//3950 2010//3950
f 2001//3951 2010//3951 2072//3951
f 2001//3952 2072//3952 2078//3952
f 1998//3953 1993//3953 1996//3953
f 2000//3954 2078//3954 1993//3954
f 2000//3955 1993//3955 1998//3955
f 2000//3956 2001//3956 2078//3956
f 2091//3957 2092//3957 2093//3957
f 2093//3958 2092//3958 2094//3958
f 2094//3959 2095//3959 2096//3959
f 2092//3960 2095//3960 2094//3960
f 2096//3961 2097//3961 2098//3961
f 2095//3962 2097//3962 2096//3962
f 2098//3963 2099//3963 2100//3963
f 2097//3964 2099//3964 2098//3964
f 2100//3965 2101//3965 2102//3965
f 2099//3966 2101//3966 2100//3966
f 2102//3967 2103//3967 2104//3967
f 2101//3968 2103//3968 2102//3968
f 2104//3969 2105//3969 2106//3969
f 2103//3970 2105//3970 2104//3970
f 2106//3971 2107//3971 2108//3971
f 2105//3972 2107//3972 2106//3972
f 2108//3973 2109//3973 2110//3973
f 2107//3974 2109//3974 2108//3974
f 2110//3975 2111//3975 2112//3975
f 2112//3976 2111//3976 2113//3976
f 2109//3977 2111//3977 2110//3977
f 2111//3978 2114//3978 2113//3978
f 2113//3979 2115//3979 2116//3979
f 2114//3980 2115//3980 2113//3980
f 2116//3981 2117//3981 2118//3981
f 2118//3982 2117//3982 2119//3982
f 2115//3983 2117//3983 2116//3983
f 2119//3984 2120//3984 2121//3984
f 2117//3985 2120//3985 2119//3985
f 2120//3986 2122//3986 2121//3986
f 2121//3987 2123//3987 2124//3987
f 2122//3988 2123//3988 2121//3988
f 2124//3989 2125//3989 2126//3989
f 2126//3990 2125//3990 2127//3990
f 2123//3991 2125//3991 2124//3991
f 2125//3992 2128//3992 2127//3992
f 2127//3993 2129//3993 2130//3993
f 2128//3994 2129//3994 2127//3994
f 2130//3995 2131//3995 2132//3995
f 2129//3996 2131//3996 2130//3996
f 2132//3997 2133//3997 2134//3997
f 2131//3998 2133//3998 2132//3998
f 2134//3999 2135//3999 2136//3999
f 2133//4000 2135//4000 2134//4000
f 2135//4001 2137//4001 2136//4001
f 2136//4002 2137//4002 2138//4002
f 2138//4003 2137//4003 2139//4003
f 2137//4004 2140//4004 2139//4004
f 2140//4005 2141//4005 2139//4005
f 2139//4006 2141//4006 2142//4006
f 2141//4007 2143//4007 2142//4007
f 2142//4008 2143//4008 2144//4008
f 2144//4009 2143//4009 2145//4009
f 2143//4010 2146//4010 2145//4010
f 2146//4011 2147//4011 2145//4011
f 2145//4012 2147//4012 2148//4012
f 2148//4013 2149//4013 2150//4013
f 2147//4014 2149//4014 2148//4014
f 2150//4015 2149//4015 2151//4015
f 2149//4016 2152//4016 2151//4016
f 2151//4017 2153//4017 2154//4017
f 2152//4018 2153//4018 2151//4018
f 2154//4019 2155//4019 2156//4019
f 2153//4020 2155//4020 2154//4020
f 2156//4021 2157//4021 2158//4021
f 2155//4022 2157//4022 2156//4022
f 2158//4023 2159//4023 2160//4023
f 2157//4024 2159//4024 2158//4024
f 2160//4025 2161//4025 2162//4025
f 2162//4026 2161//4026 2163//4026
f 2159//4027 2161//4027 2160//4027
f 2161//4028 2164//4028 2163//4028
f 2163//4029 2165//4029 2166//4029
f 2164//4030 2165//4030 2163//4030
f 2166//4031 2167//4031 2168//4031
f 2165//4032 2167//4032 2166//4032
f 2168//4033 2169//4033 2170//4033
f 2170//4034 2169//4034 2171//4034
f 2167//4035 2169//4035 2168//4035
f 2169//4036 2172//4036 2171//4036
f 2171//4037 2173//4037 2174//4037
f 2172//4038 2173//4038 2171//4038
f 2174//4039 2175//4039 2176//4039
f 2176//4040 2175//4040 2177//4040
f 2173//4041 2175//4041 2174//4041
f 2175//4042 2178//4042 2177//4042
f 2177//4043 2179//4043 2180//4043
f 2178//4044 2179//4044 2177//4044
f 2180//4045 2181//4045 2182//4045
f 2179//4046 2181//4046 2180//4046
f 2182//4047 2183//4047 2184//4047
f 2184//4048 2183//4048 2185//4048
f 2181//4049 2183//4049 2182//4049
f 2183//4050 2186//4050 2185//4050
f 2185//4051 2186//4051 2187//4051
f 2186//4052 2188//4052 2187//4052
f 2188//4053 2189//4053 2187//4053
f 2187//4054 2189//4054 2190//4054
f 2190//4055 2189//4055 2191//4055
f 2189//4056 2192//4056 2191//4056
f 2191//4057 2192//4057 2193//4057
f 2192//4058 2194//4058 2193//4058
f 2194//4059 2195//4059 2193//4059
f 2193//4060 2195//4060 2196//4060
f 2195//4061 2197//4061 2196//4061
f 2196//4062 2197//4062 2198//4062
f 2198//4063 2197//4063 2093//4063
f 2197//4064 2091//4064 2093//4064
f 2155//4065 2153//4065 2157//4065
f 2161//4066 2165//4066 2164//4066
f 2161//4067 2167//4067 2165//4067
f 2152//4068 2149//4068 2153//4068
f 2153//4069 2149//4069 2157//4069
f 2167//4070 2172//4070 2169//4070
f 2146//4071 2143//4071 2147//4071
f 2172//4072 2178//4072 2173//4072
f 2173//4073 2178//4073 2175//4073
f 2140//4074 2137//4074 2141//4074
f 2141//4075 2137//4075 2143//4075
f 2147//4076 2137//4076 2149//4076
f 2149//4077 2137//4077 2157//4077
f 2143//4078 2137//4078 2147//4078
f 2178//4079 2181//4079 2179//4079
f 2135//4080 2133//4080 2137//4080
f 2133//4081 2131//4081 2137//4081
f 2157//4082 2131//4082 2159//4082
f 2159//4083 2131//4083 2161//4083
f 2137//4084 2131//4084 2157//4084
f 2183//4085 2189//4085 2186//4085
f 2186//4086 2189//4086 2188//4086
f 2131//4087 2128//4087 2161//4087
f 2129//4088 2128//4088 2131//4088
f 2183//4089 2192//4089 2189//4089
f 2181//4090 2192//4090 2183//4090
f 2178//4091 2192//4091 2181//4091
f 2192//4092 2195//4092 2194//4092
f 2128//4093 2122//4093 2161//4093
f 2123//4094 2122//4094 2125//4094
f 2125//4095 2122//4095 2128//4095
f 2161//4096 2122//4096 2167//4096
f 2167//4097 2122//4097 2172//4097
f 2195//4098 2091//4098 2197//4098
f 2195//4099 2092//4099 2091//4099
f 2117//4100 2115//4100 2120//4100
f 2092//4101 2099//4101 2095//4101
f 2095//4102 2099//4102 2097//4102
f 2111//4103 2109//4103 2114//4103
f 2114//4104 2109//4104 2115//4104
f 2120//4105 2109//4105 2122//4105
f 2178//4106 2109//4106 2192//4106
f 2122//4107 2109//4107 2172//4107
f 2115//4108 2109//4108 2120//4108
f 2172//4109 2109//4109 2178//4109
f 2195//4110 2101//4110 2092//4110
f 2092//4111 2101//4111 2099//4111
f 2195//4112 2103//4112 2101//4112
f 2107//4113 2105//4113 2109//4113
f 2192//4114 2105//4114 2195//4114
f 2109//4115 2105//4115 2192//4115
f 2195//4116 2105//4116 2103//4116
f 2154//4117 2156//4117 2158//4117
f 2166//4118 2162//4118 2163//4118
f 2168//4119 2162//4119 2166//4119
f 2150//4120 2151//4120 2154//4120
f 2150//4121 2154//4121 2158//4121
f 2171//4122 2168//4122 2170//4122
f 2144//4123 2145//4123 2148//4123
f 2177//4124 2171//4124 2174//4124
f 2177//4125 2174//4125 2176//4125
f 2138//4126 2139//4126 2142//4126
f 2138//4127 2142//4127 2144//4127
f 2138//4128 2148//4128 2150//4128
f 2138//4129 2150//4129 2158//4129
f 2138//4130 2144//4130 2148//4130
f 2182//4131 2177//4131 2180//4131
f 2134//4132 2136//4132 2138//4132
f 2132//4133 2134//4133 2138//4133
f 2132//4134 2158//4134 2160//4134
f 2132//4135 2160//4135 2162//4135
f 2132//4136 2138//4136 2158//4136
f 2190//4137 2184//4137 2185//4137
f 2190//4138 2185//4138 2187//4138
f 2127//4139 2132//4139 2162//4139
f 2127//4140 2130//4140 2132//4140
f 2191//4141 2184//4141 2190//4141
f 2191//4142 2182//4142 2184//4142
f 2191//4143 2177//4143 2182//4143
f 2196//4144 2191//4144 2193//4144
f 2121//4145 2127//4145 2162//4145
f 2121//4146 2124//4146 2126//4146
f 2121//4147 2126//4147 2127//4147
f 2121//4148 2162//4148 2168//4148
f 2121//4149 2168//4149 2171//4149
f 2093//4150 2196//4150 2198//4150
f 2094//4151 2196//4151 2093//4151
f 2116//4152 2118//4152 2119//4152
f 2100//4153 2094//4153 2096//4153
f 2100//4154 2096//4154 2098//4154
f 2110//4155 2112//4155 2113//4155
f 2110//4156 2113//4156 2116//4156
f 2110//4157 2119//4157 2121//4157
f 2110//4158 2177//4158 2191//4158
f 2110//4159 2121//4159 2171//4159
f 2110//4160 2116//4160 2119//4160
f 2110//4161 2171//4161 2177//4161
f 2102//4162 2196//4162 2094//4162
f 2102//4163 2094//4163 2100//4163
f 2104//4164 2196//4164 2102//4164
f 2106//4165 2108//4165 2110//4165
f 2106//4166 2191//4166 2196//4166
f 2106//4167 2110//4167 2191//4167
f 2106//4168 2196//4168 2104//4168
f 2199//4169 2200//4169 2201//4169
f 2201//4170 2200//4170 2202//4170
f 2202//4171 2203//4171 2204//4171
f 2200//4172 2203//4172 2202//4172
f 2204//4173 2205//4173 2206//4173
f 2206//4174 2205//4174 2207//4174
f 2203//4175 2205//4175 2204//4175
f 2205//4176 2208//4176 2207//4176
f 2207//4177 2209//4177 2210//4177
f 2208//4178 2209//4178 2207//4178
f 2210//4179 2211//4179 2212//4179
f 2212//4180 2211//4180 2213//4180
f 2209//4181 2211//4181 2210//4181
f 2211//4182 2214//4182 2213//4182
f 2213//4183 2215//4183 2216//4183
f 2216//4184 2215//4184 2217//4184
f 2214//4185 2215//4185 2213//4185
f 2215//4186 2218//4186 2217//4186
f 2217//4187 2219//4187 2220//4187
f 2218//4188 2219//4188 2217//4188
f 2220//4189 2221//4189 2222//4189
f 2219//4190 2221//4190 2220//4190
f 2222//4191 2223//4191 2224//4191
f 2221//4192 2223//4192 2222//4192
f 2224//4193 2225//4193 2226//4193
f 2226//4194 2225//4194 2227//4194
f 2223//4195 2225//4195 2224//4195
f 2225//4196 2228//4196 2227//4196
f 2227//4197 2229//4197 2230//4197
f 2230//4198 2229//4198 2231//4198
f 2228//4199 2229//4199 2227//4199
f 2231//4200 2232//4200 2233//4200
f 2229//4201 2232//4201 2231//4201
f 2233//4202 2234//4202 2235//4202
f 2232//4203 2234//4203 2233//4203
f 2234//4204 2236//4204 2235//4204
f 2235//4205 2237//4205 2238//4205
f 2236//4206 2237//4206 2235//4206
f 2238//4207 2239//4207 2240//4207
f 2240//4208 2239//4208 2241//4208
f 2237//4209 2239//4209 2238//4209
f 2239//4210 2242//4210 2241//4210
f 2242//4211 2243//4211 2241//4211
f 2241//4212 2243//4212 2244//4212
f 2243//4213 2245//4213 2244//4213
f 2244//4214 2245//4214 2246//4214
f 2246//4215 2245//4215 2247//4215
f 2245//4216 2248//4216 2247//4216
f 2247//4217 2248//4217 2249//4217
f 2248//4218 2250//4218 2249//4218
f 2250//4219 2251//4219 2249//4219
f 2249//4220 2251//4220 2252//4220
f 2251//4221 2253//4221 2252//4221
f 2252//4222 2253//4222 2254//4222
f 2253//4223 2255//4223 2254//4223
f 2254//4224 2255//4224 2256//4224
f 2256//4225 2257//4225 2258//4225
f 2255//4226 2257//4226 2256//4226
f 2258//4227 2259//4227 2260//4227
f 2260//4228 2259//4228 2261//4228
f 2257//4229 2259//4229 2258//4229
f 2259//4230 2262//4230 2261//4230
f 2261//4231 2263//4231 2264//4231
f 2262//4232 2263//4232 2261//4232
f 2264//4233 2265//4233 2266//4233
f 2266//4234 2265//4234 2267//4234
f 2263//4235 2265//4235 2264//4235
f 2265//4236 2268//4236 2267//4236
f 2267//4237 2269//4237 2270//4237
f 2270//4238 2269//4238 2271//4238
f 2268//4239 2269//4239 2267//4239
f 2269//4240 2272//4240 2271//4240
f 2271//4241 2273//4241 2274//4241
f 2272//4242 2273//4242 2271//4242
f 2274//4243 2275//4243 2276//4243
f 2273//4244 2275//4244 2274//4244
f 2276//4245 2277//4245 2278//4245
f 2275//4246 2277//4246 2276//4246
f 2278//4247 2279//4247 2280//4247
f 2277//4248 2279//4248 2278//4248
f 2280//4249 2281//4249 2282//4249
f 2282//4250 2281//4250 2283//4250
f 2279//4251 2281//4251 2280//4251
f 2281//4252 2284//4252 2283//4252
f 2283//4253 2285//4253 2286//4253
f 2284//4254 2285//4254 2283//4254
f 2286//4255 2287//4255 2288//4255
f 2285//4256 2287//4256 2286//4256
f 2288//4257 2289//4257 2290//4257
f 2287//4258 2289//4258 2288//4258
f 2290//4259 2291//4259 2292//4259
f 2289//4260 2291//4260 2290//4260
f 2291//4261 2293//4261 2292//4261
f 2292//4262 2293//4262 2294//4262
f 2293//4263 2295//4263 2294//4263
f 2294//4264 2295//4264 2296//4264
f 2295//4265 2297//4265 2296//4265
f 2296//4266 2297//4266 2298//4266
f 2297//4267 2299//4267 2298//4267
f 2298//4268 2299//4268 2300//4268
f 2299//4269 2301//4269 2300//4269
f 2300//4270 2301//4270 2302//4270
f 2301//4271 2303//4271 2302//4271
f 2302//4272 2303//4272 2304//4272
f 2303//4273 2305//4273 2304//4273
f 2304//4274 2305//4274 2306//4274
f 2306//4275 2305//4275 2201//4275
f 2305//4276 2199//4276 2201//4276
f 2263//4277 2262//4277 2265//4277
f 2269//4278 2273//4278 2272//4278
f 2269//4279 2275//4279 2273//4279
f 2257//4280 2255//4280 2259//4280
f 2259//4281 2253//4281 2262//4281
f 2265//4282 2253//4282 2268//4282
f 2268//4283 2253//4283 2269//4283
f 2262//4284 2253//4284 2265//4284
f 2255//4285 2253//4285 2259//4285
f 2279//4286 2284//4286 2281//4286
f 2250//4287 2248//4287 2251//4287
f 2251//4288 2245//4288 2253//4288
f 2253//4289 2245//4289 2269//4289
f 2248//4290 2245//4290 2251//4290
f 2285//4291 2289//4291 2287//4291
f 2242//4292 2239//4292 2243//4292
f 2243//4293 2239//4293 2245//4293
f 2239//4294 2237//4294 2245//4294
f 2291//4295 2297//4295 2293//4295
f 2293//4296 2297//4296 2295//4296
f 2245//4297 2236//4297 2269//4297
f 2237//4298 2236//4298 2245//4298
f 2236//4299 2234//4299 2269//4299
f 2269//4300 2234//4300 2275//4300
f 2297//4301 2303//4301 2299//4301
f 2299//4302 2303//4302 2301//4302
f 2234//4303 2229//4303 2275//4303
f 2232//4304 2229//4304 2234//4304
f 2275//4305 2229//4305 2277//4305
f 2277//4306 2229//4306 2279//4306
f 2229//4307 2228//4307 2279//4307
f 2228//4308 2225//4308 2279//4308
f 2279//4309 2225//4309 2284//4309
f 2297//4310 2200//4310 2303//4310
f 2291//4311 2200//4311 2297//4311
f 2303//4312 2200//4312 2305//4312
f 2305//4313 2200//4313 2199//4313
f 2225//4314 2223//4314 2284//4314
f 2223//4315 2221//4315 2284//4315
f 2284//4316 2221//4316 2285//4316
f 2289//4317 2221//4317 2291//4317
f 2285//4318 2221//4318 2289//4318
f 2219//4319 2218//4319 2221//4319
f 2221//4320 2218//4320 2291//4320
f 2200//4321 2209//4321 2203//4321
f 2203//4322 2209//4322 2205//4322
f 2205//4323 2209//4323 2208//4323
f 2200//4324 2211//4324 2209//4324
f 2215//4325 2214//4325 2218//4325
f 2291//4326 2214//4326 2200//4326
f 2218//4327 2214//4327 2291//4327
f 2200//4328 2214//4328 2211//4328
f 2261//4329 2264//4329 2266//4329
f 2274//4330 2270//4330 2271//4330
f 2276//4331 2270//4331 2274//4331
f 2256//4332 2258//4332 2260//4332
f 2254//4333 2260//4333 2261//4333
f 2254//4334 2266//4334 2267//4334
f 2254//4335 2267//4335 2270//4335
f 2254//4336 2261//4336 2266//4336
f 2254//4337 2256//4337 2260//4337
f 2283//4338 2280//4338 2282//4338
f 2247//4339 2249//4339 2252//4339
f 2246//4340 2252//4340 2254//4340
f 2246//4341 2254//4341 2270//4341
f 2246//4342 2247//4342 2252//4342
f 2290//4343 2286//4343 2288//4343
f 2240//4344 2241//4344 2244//4344
f 2240//4345 2244//4345 2246//4345
f 2238//4346 2240//4346 2246//4346
f 2298//4347 2292//4347 2294//4347
f 2298//4348 2294//4348 2296//4348
f 2235//4349 2246//4349 2270//4349
f 2235//4350 2238//4350 2246//4350
f 2233//4351 2235//4351 2270//4351
f 2233//4352 2270//4352 2276//4352
f 2304//4353 2298//4353 2300//4353
f 2304//4354 2300//4354 2302//4354
f 2230//4355 2233//4355 2276//4355
f 2230//4356 2231//4356 2233//4356
f 2230//4357 2276//4357 2278//4357
f 2230//4358 2278//4358 2280//4358
f 2227//4359 2230//4359 2280//4359
f 2226//4360 2227//4360 2280//4360
f 2226//4361 2280//4361 2283//4361
f 2202//4362 2298//4362 2304//4362
f 2202//4363 2292//4363 2298//4363
f 2202//4364 2304//4364 2306//4364
f 2202//4365 2306//4365 2201//4365
f 2224//4366 2226//4366 2283//4366
f 2222//4367 2224//4367 2283//4367
f 2222//4368 2283//4368 2286//4368
f 2222//4369 2290//4369 2292//4369
f 2222//4370 2286//4370 2290//4370
f 2217//4371 2220//4371 2222//4371
f 2217//4372 2222//4372 2292//4372
f 2210//4373 2202//4373 2204//4373
f 2210//4374 2204//4374 2206//4374
f 2210//4375 2206//4375 2207//4375
f 2212//4376 2202//4376 2210//4376
f 2213//4377 2216//4377 2217//4377
f 2213//4378 2292//4378 2202//4378
f 2213//4379 2217//4379 2292//4379
f 2213//4380 2202//4380 2212//4380
f 2307//4381 2308//4381 2309//4381
f 2309//4382 2310//4382 2311//4382
f 2308//4383 2310//4383 2309//4383
f 2310//4384 2312//4384 2311//4384
f 2311//4385 2313//4385 2314//4385
f 2314//4386 2313//4386 2315//4386
f 2312//4387 2313//4387 2311//4387
f 2313//4388 2316//4388 2315//4388
f 2315//4389 2317//4389 2318//4389
f 2316//4390 2317//4390 2315//4390
f 2318//4391 2319//4391 2320//4391
f 2317//4392 2319//4392 2318//4392
f 2320//4393 2321//4393 2322//4393
f 2322//4394 2321//4394 2323//4394
f 2319//4395 2321//4395 2320//4395
f 2321//4396 2324//4396 2323//4396
f 2323//4397 2325//4397 2326//4397
f 2324//4398 2325//4398 2323//4398
f 2326//4399 2327//4399 2328//4399
f 2325//4400 2327//4400 2326//4400
f 2328//4401 2329//4401 2330//4401
f 2327//4402 2329//4402 2328//4402
f 2330//4403 2331//4403 2332//4403
f 2329//4404 2331//4404 2330//4404
f 2332//4405 2333//4405 2334//4405
f 2331//4406 2333//4406 2332//4406
f 2334//4407 2335//4407 2336//4407
f 2333//4408 2335//4408 2334//4408
f 2336//4409 2337//4409 2338//4409
f 2335//4410 2337//4410 2336//4410
f 2338//4411 2339//4411 2340//4411
f 2340//4412 2339//4412 2341//4412
f 2337//4413 2339//4413 2338//4413
f 2339//4414 2342//4414 2341//4414
f 2341//4415 2343//4415 2344//4415
f 2342//4416 2343//4416 2341//4416
f 2344//4417 2345//4417 2346//4417
f 2343//4418 2345//4418 2344//4418
f 2346//4419 2347//4419 2348//4419
f 2345//4420 2347//4420 2346//4420
f 2348//4421 2349//4421 2350//4421
f 2347//4422 2349//4422 2348//4422
f 2350//4423 2351//4423 2352//4423
f 2349//4424 2351//4424 2350//4424
f 2351//4425 2353//4425 2352//4425
f 2352//4426 2353//4426 2354//4426
f 2353//4427 2355//4427 2354//4427
f 2354//4428 2355//4428 2356//4428
f 2355//4429 2357//4429 2356//4429
f 2356//4430 2357//4430 2358//4430
f 2357//4431 2359//4431 2358//4431
f 2358//4432 2359//4432 2360//4432
f 2359//4433 2361//4433 2360//4433
f 2360//4434 2361//4434 2362//4434
f 2361//4435 2363//4435 2362//4435
f 2362//4436 2363//4436 2364//4436
f 2363//4437 2365//4437 2364//4437
f 2364//4438 2365//4438 2366//4438
f 2366//4439 2367//4439 2368//4439
f 2365//4440 2367//4440 2366//4440
f 2368//4441 2369//4441 2370//4441
f 2367//4442 2369//4442 2368//4442
f 2370//4443 2371//4443 2372//4443
f 2372//4444 2371//4444 2373//4444
f 2369//4445 2371//4445 2370//4445
f 2373//4446 2374//4446 2375//4446
f 2371//4447 2374//4447 2373//4447
f 2374//4448 2376//4448 2375//4448
f 2375//4449 2377//4449 2378//4449
f 2378//4450 2377//4450 2379//4450
f 2376//4451 2377//4451 2375//4451
f 2377//4452 2380//4452 2379//4452
f 2379//4453 2381//4453 2382//4453
f 2382//4454 2381//4454 2383//4454
f 2380//4455 2381//4455 2379//4455
f 2383//4456 2384//4456 2385//4456
f 2381//4457 2384//4457 2383//4457
f 2384//4458 2386//4458 2385//4458
f 2385//4459 2387//4459 2388//4459
f 2386//4460 2387//4460 2385//4460
f 2388//4461 2389//4461 2390//4461
f 2387//4462 2389//4462 2388//4462
f 2390//4463 2391//4463 2392//4463
f 2389//4464 2391//4464 2390//4464
f 2392//4465 2393//4465 2394//4465
f 2394//4466 2393//4466 2395//4466
f 2391//4467 2393//4467 2392//4467
f 2395//4468 2396//4468 2397//4468
f 2393//4469 2396//4469 2395//4469
f 2396//4470 2398//4470 2397//4470
f 2397//4471 2399//4471 2400//4471
f 2400//4472 2399//4472 2401//4472
f 2398//4473 2399//4473 2397//4473
f 2399//4474 2402//4474 2401//4474
f 2402//4475 2403//4475 2401//4475
f 2401//4476 2403//4476 2404//4476
f 2404//4477 2403//4477 2405//4477
f 2403//4478 2406//4478 2405//4478
f 2406//4479 2407//4479 2405//4479
f 2405//4480 2407//4480 2408//4480
f 2408//4481 2407//4481 2409//4481
f 2407//4482 2410//4482 2409//4482
f 2410//4483 2411//4483 2409//4483
f 2409//4484 2411//4484 2412//4484
f 2411//4485 2308//4485 2412//4485
f 2412//4486 2308//4486 2307//4486
f 2371//4487 2369//4487 2374//4487
f 2365//4488 2363//4488 2367//4488
f 2367//4489 2363//4489 2369//4489
f 2384//4490 2387//4490 2386//4490
f 2357//4491 2355//4491 2359//4491
f 2359//4492 2355//4492 2361//4492
f 2353//4493 2351//4493 2355//4493
f 2361//4494 2351//4494 2363//4494
f 2363//4495 2351//4495 2369//4495
f 2355//4496 2351//4496 2361//4496
f 2393//4497 2399//4497 2396//4497
f 2396//4498 2399//4498 2398//4498
f 2351//4499 2347//4499 2369//4499
f 2349//4500 2347//4500 2351//4500
f 2374//4501 2347//4501 2376//4501
f 2369//4502 2347//4502 2374//4502
f 2347//4503 2345//4503 2376//4503
f 2345//4504 2343//4504 2376//4504
f 2376//4505 2343//4505 2377//4505
f 2402//4506 2406//4506 2403//4506
f 2402//4507 2407//4507 2406//4507
f 2399//4508 2407//4508 2402//4508
f 2342//4509 2339//4509 2343//4509
f 2377//4510 2339//4510 2380//4510
f 2343//4511 2339//4511 2377//4511
f 2339//4512 2337//4512 2380//4512
f 2380//4513 2337//4513 2381//4513
f 2381//4514 2337//4514 2384//4514
f 2399//4515 2411//4515 2407//4515
f 2407//4516 2411//4516 2410//4516
f 2337//4517 2335//4517 2384//4517
f 2411//4518 2310//4518 2308//4518
f 2333//4519 2331//4519 2335//4519
f 2335//4520 2331//4520 2384//4520
f 2387//4521 2331//4521 2389//4521
f 2389//4522 2331//4522 2391//4522
f 2391//4523 2331//4523 2393//4523
f 2384//4524 2331//4524 2387//4524
f 2411//4525 2312//4525 2310//4525
f 2312//4526 2316//4526 2313//4526
f 2399//4527 2316//4527 2411//4527
f 2411//4528 2316//4528 2312//4528
f 2325//4529 2324//4529 2327//4529
f 2327//4530 2324//4530 2329//4530
f 2329//4531 2324//4531 2331//4531
f 2331//4532 2324//4532 2393//4532
f 2393//4533 2324//4533 2399//4533
f 2316//4534 2319//4534 2317//4534
f 2399//4535 2321//4535 2316//4535
f 2316//4536 2321//4536 2319//4536
f 2324//4537 2321//4537 2399//4537
f 2370//4538 2372//4538 2373//4538
f 2364//4539 2366//4539 2368//4539
f 2364//4540 2368//4540 2370//4540
f 2388//4541 2383//4541 2385//4541
f 2356//4542 2358//4542 2360//4542
f 2356//4543 2360//4543 2362//4543
f 2352//4544 2354//4544 2356//4544
f 2352//4545 2362//4545 2364//4545
f 2352//4546 2364//4546 2370//4546
f 2352//4547 2356//4547 2362//4547
f 2400//4548 2394//4548 2395//4548
f 2400//4549 2395//4549 2397//4549
f 2348//4550 2352//4550 2370//4550
f 2348//4551 2350//4551 2352//4551
f 2348//4552 2373//4552 2375//4552
f 2348//4553 2370//4553 2373//4553
f 2346//4554 2348//4554 2375//4554
f 2344//4555 2346//4555 2375//4555
f 2344//4556 2375//4556 2378//4556
f 2405//4557 2401//4557 2404//4557
f 2408//4558 2401//4558 2405//4558
f 2408//4559 2400//4559 2401//4559
f 2340//4560 2341//4560 2344//4560
f 2340//4561 2378//4561 2379//4561
f 2340//4562 2344//4562 2378//4562
f 2338//4563 2340//4563 2379//4563
f 2338//4564 2379//4564 2382//4564
f 2338//4565 2382//4565 2383//4565
f 2412//4566 2400//4566 2408//4566
f 2412//4567 2408//4567 2409//4567
f 2336//4568 2338//4568 2383//4568
f 2309//4569 2412//4569 2307//4569
f 2332//4570 2334//4570 2336//4570
f 2332//4571 2336//4571 2383//4571
f 2332//4572 2388//4572 2390//4572
f 2332//4573 2390//4573 2392//4573
f 2332//4574 2392//4574 2394//4574
f 2332//4575 2383//4575 2388//4575
f 2311//4576 2412//4576 2309//4576
f 2315//4577 2311//4577 2314//4577
f 2315//4578 2400//4578 2412//4578
f 2315//4579 2412//4579 2311//4579
f 2323//4580 2326//4580 2328//4580
f 2323//4581 2328//4581 2330//4581
f 2323//4582 2330//4582 2332//4582
f 2323//4583 2332//4583 2394//4583
f 2323//4584 2394//4584 2400//4584
f 2320//4585 2315//4585 2318//4585
f 2322//4586 2400//4586 2315//4586
f 2322//4587 2315//4587 2320//4587
f 2322//4588 2323//4588 2400//4588
f 2413//4589 2414//4589 2415//4589
f 2415//4590 2414//4590 2416//4590
f 2416//4591 2417//4591 2418//4591
f 2414//4592 2417//4592 2416//4592
f 2418//4593 2419//4593 2420//4593
f 2417//4594 2419//4594 2418//4594
f 2420//4595 2421//4595 2422//4595
f 2419//4596 2421//4596 2420//4596
f 2422//4597 2423//4597 2424//4597
f 2421//4598 2423//4598 2422//4598
f 2424//4599 2425//4599 2426//4599
f 2423//4600 2425//4600 2424//4600
f 2426//4601 2427//4601 2428//4601
f 2425//4602 2427//4602 2426//4602
f 2428//4603 2429//4603 2430//4603
f 2427//4604 2429//4604 2428//4604
f 2430//4605 2431//4605 2432//4605
f 2429//4606 2431//4606 2430//4606
f 2432//4607 2433//4607 2434//4607
f 2434//4608 2433//4608 2435//4608
f 2431//4609 2433//4609 2432//4609
f 2433//4610 2436//4610 2435//4610
f 2435//4611 2437//4611 2438//4611
f 2436//4612 2437//4612 2435//4612
f 2438//4613 2439//4613 2440//4613
f 2440//4614 2439//4614 2441//4614
f 2437//4615 2439//4615 2438//4615
f 2441//4616 2442//4616 2443//4616
f 2439//4617 2442//4617 2441//4617
f 2442//4618 2444//4618 2443//4618
f 2443//4619 2445//4619 2446//4619
f 2444//4620 2445//4620 2443//4620
f 2446//4621 2447//4621 2448//4621
f 2448//4622 2447//4622 2449//4622
f 2445//4623 2447//4623 2446//4623
f 2447//4624 2450//4624 2449//4624
f 2449//4625 2451//4625 2452//4625
f 2450//4626 2451//4626 2449//4626
f 2452//4627 2453//4627 2454//4627
f 2451//4628 2453//4628 2452//4628
f 2454//4629 2455//4629 2456//4629
f 2453//4630 2455//4630 2454//4630
f 2456//4631 2457//4631 2458//4631
f 2455//4632 2457//4632 2456//4632
f 2457//4633 2459//4633 2458//4633
f 2458//4634 2459//4634 2460//4634
f 2460//4635 2459//4635 2461//4635
f 2459//4636 2462//4636 2461//4636
f 2462//4637 2463//4637 2461//4637
f 2461//4638 2463//4638 2464//4638
f 2463//4639 2465//4639 2464//4639
f 2464//4640 2465//4640 2466//4640
f 2466//4641 2465//4641 2467//4641
f 2465//4642 2468//4642 2467//4642
f 2468//4643 2469//4643 2467//4643
f 2467//4644 2469//4644 2470//4644
f 2470//4645 2471//4645 2472//4645
f 2469//4646 2471//4646 2470//4646
f 2472//4647 2471//4647 2473//4647
f 2471//4648 2474//4648 2473//4648
f 2473//4649 2475//4649 2476//4649
f 2474//4650 2475//4650 2473//4650
f 2476//4651 2477//4651 2478//4651
f 2475//4652 2477//4652 2476//4652
f 2478//4653 2479//4653 2480//4653
f 2477//4654 2479//4654 2478//4654
f 2480//4655 2481//4655 2482//4655
f 2479//4656 2481//4656 2480//4656
f 2482//4657 2483//4657 2484//4657
f 2484//4658 2483//4658 2485//4658
f 2481//4659 2483//4659 2482//4659
f 2483//4660 2486//4660 2485//4660
f 2485//4661 2487//4661 2488//4661
f 2486//4662 2487//4662 2485//4662
f 2488//4663 2489//4663 2490//4663
f 2487//4664 2489//4664 2488//4664
f 2490//4665 2491//4665 2492//4665
f 2492//4666 2491//4666 2493//4666
f 2489//4667 2491//4667 2490//4667
f 2491//4668 2494//4668 2493//4668
f 2493//4669 2495//4669 2496//4669
f 2494//4670 2495//4670 2493//4670
f 2496//4671 2497//4671 2498//4671
f 2498//4672 2497//4672 2499//4672
f 2495//4673 2497//4673 2496//4673
f 2497//4674 2500//4674 2499//4674
f 2499//4675 2501//4675 2502//4675
f 2500//4676 2501//4676 2499//4676
f 2502//4677 2503//4677 2504//4677
f 2501//4678 2503//4678 2502//4678
f 2504//4679 2505//4679 2506//4679
f 2506//4680 2505//4680 2507//4680
f 2503//4681 2505//4681 2504//4681
f 2505//4682 2508//4682 2507//4682
f 2507//4683 2508//4683 2509//4683
f 2508//4684 2510//4684 2509//4684
f 2510//4685 2511//4685 2509//4685
f 2509//4686 2511//4686 2512//4686
f 2512//4687 2511//4687 2513//4687
f 2511//4688 2514//4688 2513//4688
f 2513//4689 2514//4689 2515//4689
f 2514//4690 2516//4690 2515//4690
f 2516//4691 2517//4691 2515//4691
f 2515//4692 2517//4692 2518//4692
f 2517//4693 2519//4693 2518//4693
f 2518//4694 2519//4694 2520//4694
f 2520//4695 2519//4695 2415//4695
f 2519//4696 2413//4696 2415//4696
f 2477//4697 2475//4697 2479//4697
f 2483//4698 2487//4698 2486//4698
f 2483//4699 2489//4699 2487//4699
f 2474//4700 2471//4700 2475//4700
f 2475//4701 2471//4701 2479//4701
f 2489//4702 2494//4702 2491//4702
f 2468//4703 2465//4703 2469//4703
f 2494//4704 2500//4704 2495//4704
f 2495//4705 2500//4705 2497//4705
f 2462//4706 2459//4706 2463//4706
f 2463//4707 2459//4707 2465//4707
f 2469//4708 2459//4708 2471//4708
f 2471//4709 2459//4709 2479//4709
f 2465//4710 2459//4710 2469//4710
f 2500//4711 2503//4711 2501//4711
f 2457//4712 2455//4712 2459//4712
f 2455//4713 2453//4713 2459//4713
f 2479//4714 2453//4714 2481//4714
f 2481//4715 2453//4715 2483//4715
f 2459//4716 2453//4716 2479//4716
f 2505//4717 2511//4717 2508//4717
f 2508//4718 2511//4718 2510//4718
f 2453//4719 2450//4719 2483//4719
f 2451//4720 2450//4720 2453//4720
f 2505//4721 2514//4721 2511//4721
f 2503//4722 2514//4722 2505//4722
f 2500//4723 2514//4723 2503//4723
f 2514//4724 2517//4724 2516//4724
f 2450//4725 2444//4725 2483//4725
f 2445//4726 2444//4726 2447//4726
f 2447//4727 2444//4727 2450//4727
f 2483//4728 2444//4728 2489//4728
f 2489//4729 2444//4729 2494//4729
f 2517//4730 2413//4730 2519//4730
f 2517//4731 2414//4731 2413//4731
f 2439//4732 2437//4732 2442//4732
f 2414//4733 2421//4733 2417//4733
f 2417//4734 2421//4734 2419//4734
f 2433//4735 2431//4735 2436//4735
f 2436//4736 2431//4736 2437//4736
f 2442//4737 2431//4737 2444//4737
f 2500//4738 2431//4738 2514//4738
f 2444//4739 2431//4739 2494//4739
f 2437//4740 2431//4740 2442//4740
f 2494//4741 2431//4741 2500//4741
f 2517//4742 2423//4742 2414//4742
f 2414//4743 2423//4743 2421//4743
f 2517//4744 2425//4744 2423//4744
f 2429//4745 2427//4745 2431//4745
f 2514//4746 2427//4746 2517//4746
f 2431//4747 2427//4747 2514//4747
f 2517//4748 2427//4748 2425//4748
f 2476//4749 2478//4749 2480//4749
f 2488//4750 2484//4750 2485//4750
f 2490//4751 2484//4751 2488//4751
f 2472//4752 2473//4752 2476//4752
f 2472//4753 2476//4753 2480//4753
f 2493//4754 2490//4754 2492//4754
f 2466//4755 2467//4755 2470//4755
f 2499//4756 2493//4756 2496//4756
f 2499//4757 2496//4757 2498//4757
f 2460//4758 2461//4758 2464//4758
f 2460//4759 2464//4759 2466//4759
f 2460//4760 2470//4760 2472//4760
f 2460//4761 2472//4761 2480//4761
f 2460//4762 2466//4762 2470//4762
f 2504//4763 2499//4763 2502//4763
f 2456//4764 2458//4764 2460//4764
f 2454//4765 2456//4765 2460//4765
f 2454//4766 2480//4766 2482//4766
f 2454//4767 2482//4767 2484//4767
f 2454//4768 2460//4768 2480//4768
f 2512//4769 2506//4769 2507//4769
f 2512//4770 2507//4770 2509//4770
f 2449//4771 2454//4771 2484//4771
f 2449//4772 2452//4772 2454//4772
f 2513//4773 2506//4773 2512//4773
f 2513//4774 2504//4774 2506//4774
f 2513//4775 2499//4775 2504//4775
f 2518//4776 2513//4776 2515//4776
f 2443//4777 2449//4777 2484//4777
f 2443//4778 2446//4778 2448//4778
f 2443//4779 2448//4779 2449//4779
f 2443//4780 2484//4780 2490//4780
f 2443//4781 2490//4781 2493//4781
f 2415//4782 2518//4782 2520//4782
f 2416//4783 2518//4783 2415//4783
f 2438//4784 2440//4784 2441//4784
f 2422//4785 2416//4785 2418//4785
f 2422//4786 2418//4786 2420//4786
f 2432//4787 2434//4787 2435//4787
f 2432//4788 2435//4788 2438//4788
f 2432//4789 2441//4789 2443//4789
f 2432//4790 2499//4790 2513//4790
f 2432//4791 2443//4791 2493//4791
f 2432//4792 2438//4792 2441//4792
f 2432//4793 2493//4793 2499//4793
f 2424//4794 2518//4794 2416//4794
f 2424//4795 2416//4795 2422//4795
f 2426//4796 2518//4796 2424//4796
f 2428//4797 2430//4797 2432//4797
f 2428//4798 2513//4798 2518//4798
f 2428//4799 2432//4799 2513//4799
f 2428//4800 2518//4800 2426//4800
f 2521//4801 2522//4801 2523//4801
f 2523//4802 2522//4802 2524//4802
f 2524//4803 2525//4803 2526//4803
f 2522//4804 2525//4804 2524//4804
f 2526//4805 2527//4805 2528//4805
f 2528//4806 2527//4806 2529//4806
f 2525//4807 2527//4807 2526//4807
f 2527//4808 2530//4808 2529//4808
f 2529//4809 2531//4809 2532//4809
f 2530//4810 2531//4810 2529//4810
f 2532//4811 2533//4811 2534//4811
f 2534//4812 2533//4812 2535//4812
f 2531//4813 2533//4813 2532//4813
f 2533//4814 2536//4814 2535//4814
f 2535//4815 2537//4815 2538//4815
f 2538//4816 2537//4816 2539//4816
f 2536//4817 2537//4817 2535//4817
f 2537//4818 2540//4818 2539//4818
f 2539//4819 2541//4819 2542//4819
f 2540//4820 2541//4820 2539//4820
f 2542//4821 2543//4821 2544//4821
f 2541//4822 2543//4822 2542//4822
f 2544//4823 2545//4823 2546//4823
f 2543//4824 2545//4824 2544//4824
f 2546//4825 2547//4825 2548//4825
f 2548//4826 2547//4826 2549//4826
f 2545//4827 2547//4827 2546//4827
f 2547//4828 2550//4828 2549//4828
f 2549//4829 2551//4829 2552//4829
f 2552//4830 2551//4830 2553//4830
f 2550//4831 2551//4831 2549//4831
f 2553//4832 2554//4832 2555//4832
f 2551//4833 2554//4833 2553//4833
f 2555//4834 2556//4834 2557//4834
f 2554//4835 2556//4835 2555//4835
f 2556//4836 2558//4836 2557//4836
f 2557//4837 2559//4837 2560//4837
f 2558//4838 2559//4838 2557//4838
f 2560//4839 2561//4839 2562//4839
f 2562//4840 2561//4840 2563//4840
f 2559//4841 2561//4841 2560//4841
f 2561//4842 2564//4842 2563//4842
f 2564//4843 2565//4843 2563//4843
f 2563//4844 2565//4844 2566//4844
f 2565//4845 2567//4845 2566//4845
f 2566//4846 2567//4846 2568//4846
f 2568//4847 2567//4847 2569//4847
f 2567//4848 2570//4848 2569//4848
f 2569//4849 2570//4849 2571//4849
f 2570//4850 2572//4850 2571//4850
f 2572//4851 2573//4851 2571//4851
f 2571//4852 2573//4852 2574//4852
f 2573//4853 2575//4853 2574//4853
f 2574//4854 2575//4854 2576//4854
f 2575//4855 2577//4855 2576//4855
f 2576//4856 2577//4856 2578//4856
f 2578//4857 2579//4857 2580//4857
f 2577//4858 2579//4858 2578//4858
f 2580//4859 2581//4859 2582//4859
f 2582//4860 2581//4860 2583//4860
f 2579//4861 2581//4861 2580//4861
f 2581//4862 2584//4862 2583//4862
f 2583//4863 2585//4863 2586//4863
f 2584//4864 2585//4864 2583//4864
f 2586//4865 2587//4865 2588//4865
f 2588//4866 2587//4866 2589//4866
f 2585//4867 2587//4867 2586//4867
f 2587//4868 2590//4868 2589//4868
f 2589//4869 2591//4869 2592//4869
f 2592//4870 2591//4870 2593//4870
f 2590//4871 2591//4871 2589//4871
f 2591//4872 2594//4872 2593//4872
f 2593//4873 2595//4873 2596//4873
f 2594//4874 2595//4874 2593//4874
f 2596//4875 2597//4875 2598//4875
f 2595//4876 2597//4876 2596//4876
f 2598//4877 2599//4877 2600//4877
f 2597//4878 2599//4878 2598//4878
f 2600//4879 2601//4879 2602//4879
f 2599//4880 2601//4880 2600//4880
f 2602//4881 2603//4881 2604//4881
f 2604//4882 2603//4882 2605//4882
f 2601//4883 2603//4883 2602//4883
f 2603//4884 2606//4884 2605//4884
f 2605//4885 2607//4885 2608//4885
f 2606//4886 2607//4886 2605//4886
f 2608//4887 2609//4887 2610//4887
f 2607//4888 2609//4888 2608//4888
f 2610//4889 2611//4889 2612//4889
f 2609//4890 2611//4890 2610//4890
f 2612//4891 2613//4891 2614//4891
f 2611//4892 2613//4892 2612//4892
f 2613//4893 2615//4893 2614//4893
f 2614//4894 2615//4894 2616//4894
f 2615//4895 2617//4895 2616//4895
f 2616//4896 2617//4896 2618//4896
f 2617//4897 2619//4897 2618//4897
f 2618//4898 2619//4898 2620//4898
f 2619//4899 2621//4899 2620//4899
f 2620//4900 2621//4900 2622//4900
f 2621//4901 2623//4901 2622//4901
f 2622//4902 2623//4902 2624//4902
f 2623//4903 2625//4903 2624//4903
f 2624//4904 2625//4904 2626//4904
f 2625//4905 2627//4905 2626//4905
f 2626//4906 2627//4906 2628//4906
f 2628//4907 2627//4907 2523//4907
f 2627//4908 2521//4908 2523//4908
f 2587//4909 2591//4909 2590//4909
f 2585//4910 2584//4910 2587//4910
f 2591//4911 2597//4911 2594//4911
f 2594//4912 2597//4912 2595//4912
f 2591//4913 2599//4913 2597//4913
f 2601//4914 2606//4914 2603//4914
f 2573//4915 2572//4915 2575//4915
f 2607//4916 2611//4916 2609//4916
f 2599//4917 2613//4917 2601//4917
f 2606//4918 2613//4918 2607//4918
f 2587//4919 2613//4919 2591//4919
f 2607//4920 2613//4920 2611//4920
f 2591//4921 2613//4921 2599//4921
f 2601//4922 2613//4922 2606//4922
f 2587//4923 2617//4923 2613//4923
f 2613//4924 2617//4924 2615//4924
f 2587//4925 2621//4925 2617//4925
f 2617//4926 2621//4926 2619//4926
f 2584//4927 2621//4927 2587//4927
f 2584//4928 2623//4928 2621//4928
f 2581//4929 2623//4929 2584//4929
f 2581//4930 2625//4930 2623//4930
f 2554//4931 2551//4931 2556//4931
f 2556//4932 2551//4932 2558//4932
f 2558//4933 2551//4933 2559//4933
f 2559//4934 2551//4934 2561//4934
f 2581//4935 2627//4935 2625//4935
f 2577//4936 2627//4936 2579//4936
f 2579//4937 2627//4937 2581//4937
f 2577//4938 2521//4938 2627//4938
f 2550//4939 2547//4939 2551//4939
f 2577//4940 2522//4940 2521//4940
f 2547//4941 2545//4941 2551//4941
f 2570//4942 2525//4942 2572//4942
f 2575//4943 2525//4943 2577//4943
f 2577//4944 2525//4944 2522//4944
f 2572//4945 2525//4945 2575//4945
f 2570//4946 2527//4946 2525//4946
f 2543//4947 2541//4947 2545//4947
f 2527//4948 2531//4948 2530//4948
f 2540//4949 2537//4949 2541//4949
f 2545//4950 2537//4950 2551//4950
f 2541//4951 2537//4951 2545//4951
f 2551//4952 2537//4952 2561//4952
f 2570//4953 2533//4953 2527//4953
f 2565//4954 2533//4954 2567//4954
f 2567//4955 2533//4955 2570//4955
f 2527//4956 2533//4956 2531//4956
f 2565//4957 2536//4957 2533//4957
f 2561//4958 2536//4958 2564//4958
f 2564//4959 2536//4959 2565//4959
f 2537//4960 2536//4960 2561//4960
f 2592//4961 2588//4961 2589//4961
f 2583//4962 2586//4962 2588//4962
f 2598//4963 2592//4963 2593//4963
f 2598//4964 2593//4964 2596//4964
f 2600//4965 2592//4965 2598//4965
f 2605//4966 2602//4966 2604//4966
f 2571//4967 2574//4967 2576//4967
f 2612//4968 2608//4968 2610//4968
f 2614//4969 2600//4969 2602//4969
f 2614//4970 2605//4970 2608//4970
f 2614//4971 2588//4971 2592//4971
f 2614//4972 2608//4972 2612//4972
f 2614//4973 2592//4973 2600//4973
f 2614//4974 2602//4974 2605//4974
f 2618//4975 2588//4975 2614//4975
f 2618//4976 2614//4976 2616//4976
f 2622//4977 2588//4977 2618//4977
f 2622//4978 2618//4978 2620//4978
f 2622//4979 2583//4979 2588//4979
f 2624//4980 2583//4980 2622//4980
f 2624//4981 2582//4981 2583//4981
f 2626//4982 2582//4982 2624//4982
f 2552//4983 2553//4983 2555//4983
f 2552//4984 2555//4984 2557//4984
f 2552//4985 2557//4985 2560//4985
f 2552//4986 2560//4986 2562//4986
f 2628//4987 2582//4987 2626//4987
f 2628//4988 2578//4988 2580//4988
f 2628//4989 2580//4989 2582//4989
f 2523//4990 2578//4990 2628//4990
f 2548//4991 2549//4991 2552//4991
f 2524//4992 2578//4992 2523//4992
f 2546//4993 2548//4993 2552//4993
f 2526//4994 2569//4994 2571//4994
f 2526//4995 2576//4995 2578//4995
f 2526//4996 2578//4996 2524//4996
f 2526//4997 2571//4997 2576//4997
f 2528//4998 2569//4998 2526//4998
f 2542//4999 2544//4999 2546//4999
f 2532//5000 2528//5000 2529//5000
f 2538//5001 2539//5001 2542//5001
f 2538//5002 2546//5002 2552//5002
f 2538//5003 2542//5003 2546//5003
f 2538//5004 2552//5004 2562//5004
f 2534//5005 2569//5005 2528//5005
f 2534//5006 2566//5006 2568//5006
f 2534//5007 2568//5007 2569//5007
f 2534//5008 2528//5008 2532//5008
f 2535//5009 2566//5009 2534//5009
f 2535//5010 2562//5010 2563//5010
f 2535//5011 2563//5011 2566//5011
f 2535//5012 2538//5012 2562//5012
f 2629//5013 2630//5013 2631//5013
f 2631//5014 2630//5014 2632//5014
f 2633//5015 2634//5015 2635//5015
f 2633//5016 2635//5016 2636//5016
f 2634//5017 2633//5017 2629//5017
f 2629//5018 2633//5018 2630//5018
f 2636//5019 2635//5019 2631//5019
f 2636//5020 2631//5020 2632//5020
f 2631//5021 2635//5021 2629//5021
f 2629//5022 2635//5022 2634//5022
f 2636//5023 2632//5023 2630//5023
f 2636//5024 2630//5024 2633//5024
f 2637//5025 2638//5025 2639//5025
f 2638//5026 2640//5026 2639//5026
f 2641//5027 2642//5027 2643//5027
f 2644//5028 2641//5028 2643//5028
f 2641//5029 2644//5029 2638//5029
f 2638//5030 2644//5030 2640//5030
f 2643//5031 2642//5031 2637//5031
f 2643//5032 2637//5032 2639//5032
f 2637//5033 2642//5033 2638//5033
f 2638//5034 2642//5034 2641//5034
f 2643//5035 2639//5035 2640//5035
f 2643//5036 2640//5036 2644//5036
f 2645//5037 2646//5037 2647//5037
f 2649//5038 2650//5038 2651//5038
f 2650//5039 2649//5039 2645//5039
f 2652//5040 2651//5040 2647//5040
f 2647//5041 2650//5041 2645//5041
f 2647//5042 2651//5042 2650//5042
f 2648//5043 2653//5043 2654//5043
f 2655//5044 2652//5044 2656//5044
f 2646//5045 2655//5045 2653//5045
f 2656//5046 2648//5046 2654//5046
f 2655//5047 2654//5047 2653//5047
f 2656//5048 2654//5048 2655//5048
f 2657//5049 2658//5049 2659//5049
f 2659//5050 2658//5050 2660//5050
f 2661//5051 2662//5051 2663//5051
f 2661//5052 2663//5052 2664//5052
f 2662//5053 2661//5053 2657//5053
f 2657//5054 2661//5054 2658//5054
f 2664//5055 2663//5055 2659//5055
f 2664//5056 2659//5056 2660//5056
f 2659//5057 2663//5057 2657//5057
f 2657//5058 2663//5058 2662//5058
f 2664//5059 2660//5059 2658//5059
f 2664//5060 2658//5060 2661//5060
f 2665//5061 2666//5061 2667//5061
f 2666//5062 2668//5062 2667//5062
f 2669//5063 2670//5063 2671//5063
f 2672//5064 2669//5064 2671//5064
f 2669//5065 2672//5065 2666//5065
f 2666//5066 2672//5066 2668//5066
f 2671//5067 2670//5067 2665//5067
f 2671//5068 2665//5068 2667//5068
f 2665//5069 2670//5069 2666//5069
f 2666//5070 2670//5070 2669//5070
f 2671//5071 2667//5071 2668//5071
f 2671//5072 2668//5072 2672//5072
f 2673//5073 2674//5073 2675//5073
f 2677//5074 2678//5074 2679//5074
f 2678//5075 2677//5075 2673//5075
f 2680//5076 2679//5076 2675//5076
f 2675//5077 2678//5077 2673//5077
f 2675//5078 2679//5078 2678//5078
f 2676//5079 2681//5079 2682//5079
f 2683//5080 2680//5080 2684//5080
f 2674//5081 2683//5081 2681//5081
f 2684//5082 2676//5082 2682//5082
f 2683//5083 2682//5083 2681//5083
f 2684//5084 2682//5084 2683//5084
f 2685//5085 2686//5085 2687//5085
f 2687//5086 2686//5086 2688//5086
f 2689//5087 2690//5087 2691//5087
f 2689//5088 2691//5088 2692//5088
f 2690//5089 2689//5089 2685//5089
f 2685//5090 2689//5090 2686//5090
f 2692//5091 2691//5091 2687//5091
f 2692//5092 2687//5092 2688//5092
f 2687//5093 2691//5093 2685//5093
f 2685//5094 2691//5094 2690//5094
f 2692//5095 2688//5095 2686//5095
f 2692//5096 2686//5096 2689//5096
f 2693//5097 2694//5097 2695//5097
f 2694//5098 2696//5098 2695//5098
f 2697//5099 2698//5099 2699//5099
f 2700//5100 2697//5100 2699//5100
f 2697//5101 2700//5101 2694//5101
f 2694//5102 2700//5102 2696//5102
f 2699//5103 2698//5103 2693//5103
f 2699//5104 2693//5104 2695//5104
f 2693//5105 2698//5105 2694//5105
f 2694//5106 2698//5106 2697//5106
f 2699//5107 2695//5107 2696//5107
f 2699//5108 2696//5108 2700//5108
f 2701//5109 2702//5109 2703//5109
f 2705//5110 2706//5110 2707//5110
f 2706//5111 2705//5111 2701//5111
f 2708//5112 2707//5112 2703//5112
f 2703//5113 2706//5113 2701//5113
f 2703//5114 2707//5114 2706//5114
f 2704//5115 2709//5115 2710//5115
f 2711//5116 2708//5116 2712//5116
f 2702//5117 2711//5117 2709//5117
f 2712//5118 2704//5118 2710//5118
f 2711//5119 2710//5119 2709//5119
f 2712//5120 2710//5120 2711//5120
f 2713//5121 2714//5121 2715//5121
f 2715//5122 2714//5122 2716//5122
f 2717//5123 2718//5123 2719//5123
f 2717//5124 2719//5124 2720//5124
f 2718//5125 2717//5125 2713//5125
f 2713//5126 2717//5126 2714//5126
f 2720//5127 2719//5127 2715//5127
f 2720//5128 2715//5128 2716//5128
f 2715//5129 2719//5129 2713//5129
f 2713//5130 2719//5130 2718//5130
f 2720//5131 2716//5131 2714//5131
f 2720//5132 2714//5132 2717//5132
f 2721//5133 2722//5133 2723//5133
f 2722//5134 2724//5134 2723//5134
f 2725//5135 2726//5135 2727//5135
f 2728//5136 2725//5136 2727//5136
f 2725//5137 2728//5137 2722//5137
f 2722//5138 2728//5138 2724//5138
f 2727//5139 2726//5139 2721//5139
f 2727//5140 2721//5140 2723//5140
f 2721//5141 2726//5141 2722//5141
f 2722//5142 2726//5142 2725//5142
f 2727//5143 2723//5143 2724//5143
f 2727//5144 2724//5144 2728//5144
f 2729//5145 2730//5145 2731//5145
f 2733//5146 2734//5146 2735//5146
f 2734//5147 2733//5147 2729//5147
f 2736//5148 2735//5148 2731//5148
f 2731//5149 2734//5149 2729//5149
f 2731//5150 2735//5150 2734//5150
f 2732//5151 2737//5151 2738//5151
f 2739//5152 2736//5152 2740//5152
f 2730//5153 2739//5153 2737//5153
f 2740//5154 2732//5154 2738//5154
f 2739//5155 2738//5155 2737//5155
f 2740//5156 2738//5156 2739//5156
f 2741//5157 2742//5157 2743//5157
f 2743//5158 2742//5158 2744//5158
f 2745//5159 2746//5159 2747//5159
f 2745//5160 2747//5160 2748//5160
f 2746//5161 2745//5161 2741//5161
f 2741//5162 2745//5162 2742//5162
f 2748//5163 2747//5163 2743//5163
f 2748//5164 2743//5164 2744//5164
f 2743//5165 2747//5165 2741//5165
f 2741//5166 2747//5166 2746//5166
f 2748//5167 2744//5167 2742//5167
f 2748//5168 2742//5168 2745//5168
f 2749//5169 2750//5169 2751//5169
f 2750//5170 2752//5170 2751//5170
f 2753//5171 2754//5171 2755//5171
f 2756//5172 2753//5172 2755//5172
f 2753//5173 2756//5173 2750//5173
f 2750//5174 2756//5174 2752//5174
f 2755//5175 2754//5175 2749//5175
f 2755//5176 2749//5176 2751//5176
f 2749//5177 2754//5177 2750//5177
f 2750//5178 2754//5178 2753//5178
f 2755//5179 2751//5179 2752//5179
f 2755//5180 2752//5180 2756//5180
f 2757//5181 2758//5181 2759//5181
f 2761//5182 2762//5182 2763//5182
f 2762//5183 2761//5183 2757//5183
f 2764//5184 2763//5184 2759//5184
f 2759//5185 2762//5185 2757//5185
f 2759//5186 2763//5186 2762//5186
f 2760//5187 2765//5187 2766//5187
f 2767//5188 2764//5188 2768//5188
f 2758//5189 2767//5189 2765//5189
f 2768//5190 2760//5190 2766//5190
f 2767//5191 2766//5191 2765//5191
f 2768//5192 2766//5192 2767//5192
f 2769//5193 2770//5193 2771//5193
f 2771//5194 2770//5194 2772//5194
f 2773//5195 2774//5195 2775//5195
f 2773//5196 2775//5196 2776//5196
f 2774//5197 2773//5197 2769//5197
f 2769//5198 2773//5198 2770//5198
f 2776//5199 2775//5199 2771//5199
f 2776//5200 2771//5200 2772//5200
f 2771//5201 2775//5201 2769//5201
f 2769//5202 2775//5202 2774//5202
f 2776//5203 2772//5203 2770//5203
f 2776//5204 2770//5204 2773//5204
f 2777//5205 2778//5205 2779//5205
f 2778//5206 2780//5206 2779//5206
f 2781//5207 2782//5207 2783//5207
f 2784//5208 2781//5208 2783//5208
f 2781//5209 2784//5209 2778//5209
f 2778//5210 2784//5210 2780//5210
f 2783//5211 2782//5211 2777//5211
f 2783//5212 2777//5212 2779//5212
f 2777//5213 2782//5213 2778//5213
f 2778//5214 2782//5214 2781//5214
f 2783//5215 2779//5215 2780//5215
f 2783//5216 2780//5216 2784//5216
f 2785//5217 2786//5217 2787//5217
f 2789//5218 2790//5218 2791//5218
f 2790//5219 2789//5219 2785//5219
f 2792//5220 2791//5220 2787//5220
f 2787//5221 2790//5221 2785//5221
f 2787//5222 2791//5222 2790//5222
f 2788//5223 2793//5223 2794//5223
f 2795//5224 2792//5224 2796//5224
f 2786//5225 2795//5225 2793//5225
f 2796//5226 2788//5226 2794//5226
f 2795//5227 2794//5227 2793//5227
f 2796//5228 2794//5228 2795//5228
f 2797//5229 2798//5229 2799//5229
f 2799//5230 2798//5230 2800//5230
f 2801//5231 2802//5231 2803//5231
f 2801//5232 2803//5232 2804//5232
f 2802//5233 2801//5233 2797//5233
f 2797//5234 2801//5234 2798//5234
f 2804//5235 2803//5235 2799//5235
f 2804//5236 2799//5236 2800//5236
f 2799//5237 2802//5237 2797//5237
f 2799//5238 2803//5238 2802//5238
f 2801//5239 2800//5239 2798//5239
f 2804//5240 2800//5240 2801//5240
f 2805//5241 2806//5241 2807//5241
f 2807//5242 2806//5242 2808//5242
f 2809//5243 2810//5243 2811//5243
f 2809//5244 2811//5244 2812//5244
f 2810//5245 2809//5245 2805//5245
f 2805//5246 2809//5246 2806//5246
f 2812//5247 2811//5247 2807//5247
f 2812//5248 2807//5248 2808//5248
f 2807//5249 2810//5249 2805//5249
f 2807//5250 2811//5250 2810//5250
f 2809//5251 2808//5251 2806//5251
f 2812//5252 2808//5252 2809//5252
f 2813//5253 2814//5253 2815//5253
f 2815//5254 2814//5254 2816//5254
f 2817//5255 2818//5255 2819//5255
f 2817//5256 2819//5256 2820//5256
f 2818//5257 2817//5257 2813//5257
f 2813//5258 2817//5258 2814//5258
f 2820//5259 2819//5259 2815//5259
f 2820//5260 2815//5260 2816//5260
f 2815//5261 2818//5261 2813//5261
f 2815//5262 2819//5262 2818//5262
f 2817//5263 2816//5263 2814//5263
f 2820//5264 2816//5264 2817//5264
f 2821//5265 2822//5265 2823//5265
f 2823//5266 2822//5266 2824//5266
f 2825//5267 2826//5267 2827//5267
f 2825//5268 2827//5268 2828//5268
f 2826//5269 2825//5269 2821//5269
f 2821//5270 2825//5270 2822//5270
f 2828//5271 2827//5271 2823//5271
f 2828//5272 2823//5272 2824//5272
f 2823//5273 2826//5273 2821//5273
f 2823//5274 2827//5274 2826//5274
f 2825//5275 2824//5275 2822//5275
f 2828//5276 2824//5276 2825//5276
f 2829//5277 2830//5277 2831//5277
f 2831//5278 2830//5278 2832//5278
f 2833//5279 2834//5279 2835//5279
f 2833//5280 2835//5280 2836//5280
f 2834//5281 2833//5281 2829//5281
f 2829//5282 2833//5282 2830//5282
f 2836//5283 2835//5283 2831//5283
f 2836//5284 2831//5284 2832//5284
f 2831//5285 2834//5285 2829//5285
f 2831//5286 2835//5286 2834//5286
f 2833//5287 2832//5287 2830//5287
f 2836//5288 2832//5288 2833//5288
f 2837//5289 2838//5289 2839//5289
f 2839//5290 2838//5290 2840//5290
f 2841//5291 2842//5291 2843//5291
f 2841//5292 2843//5292 2844//5292
f 2842//5293 2841//5293 2837//5293
f 2837//5294 2841//5294 2838//5294
f 2844//5295 2843//5295 2839//5295
f 2844//5296 2839//5296 2840//5296
f 2839//5297 2842//5297 2837//5297
f 2839//5298 2843//5298 2842//5298
f 2841//5299 2840//5299 2838//5299
f 2844//5300 2840//5300 2841//5300
f 2845//5301 2846//5301 2894//5301
f 2894//5302 2846//5302 2847//5302
f 2847//5303 2848//5303 2896//5303
f 2896//5304 2848//5304 2895//5304
f 2846//5305 2848//5305 2847//5305
f 2848//5306 2849//5306 2895//5306
f 2895//5307 2850//5307 2851//5307
f 2849//5308 2850//5308 2895//5308
f 2851//5309 2852//5309 2853//5309
f 2850//5310 2852//5310 2851//5310
f 2853//5311 2854//5311 2855//5311
f 2855//5312 2854//5312 2856//5312
f 2852//5313 2854//5313 2853//5313
f 2854//5314 2857//5314 2856//5314
f 2856//5315 2858//5315 2859//5315
f 2859//5316 2858//5316 2890//5316
f 2857//5317 2858//5317 2856//5317
f 2858//5318 2860//5318 2890//5318
f 2890//5319 2861//5319 2891//5319
f 2891//5320 2861//5320 2892//5320
f 2860//5321 2861//5321 2890//5321
f 2861//5322 2862//5322 2892//5322
f 2862//5323 2863//5323 2892//5323
f 2892//5324 2863//5324 2885//5324
f 2863//5325 2864//5325 2885//5325
f 2885//5326 2864//5326 2865//5326
f 2865//5327 2864//5327 2866//5327
f 2864//5328 2867//5328 2866//5328
f 2867//5329 2868//5329 2866//5329
f 2866//5330 2868//5330 2869//5330
f 2869//5331 2870//5331 2887//5331
f 2868//5332 2870//5332 2869//5332
f 2887//5333 2871//5333 2888//5333
f 2870//5334 2871//5334 2887//5334
f 2888//5335 2872//5335 2884//5335
f 2871//5336 2872//5336 2888//5336
f 2884//5337 2873//5337 2874//5337
f 2872//5338 2873//5338 2884//5338
f 2874//5339 2875//5339 2883//5339
f 2873//5340 2875//5340 2874//5340
f 2883//5341 2876//5341 2886//5341
f 2886//5342 2876//5342 2877//5342
f 2875//5343 2876//5343 2883//5343
f 2876//5344 2878//5344 2877//5344
f 2877//5345 2879//5345 2889//5345
f 2878//5346 2879//5346 2877//5346
f 2889//5347 2880//5347 2881//5347
f 2879//5348 2880//5348 2889//5348
f 2881//5349 2882//5349 2893//5349
f 2893//5350 2882//5350 2894//5350
f 2880//5351 2882//5351 2881//5351
f 2882//5352 2845//5352 2894//5352
f 2872//5353 2875//5353 2873//5353
f 2864//5354 2863//5354 2867//5354
f 2867//5355 2863//5355 2868//5355
f 2875//5356 2878//5356 2876//5356
f 2872//5357 2878//5357 2875//5357
f 2870//5358 2880//5358 2871//5358
f 2871//5359 2880//5359 2872//5359
f 2878//5360 2880//5360 2879//5360
f 2872//5361 2880//5361 2878//5361
f 2860//5362 2858//5362 2861//5362
f 2861//5363 2858//5363 2862//5363
f 2880//5364 2846//5364 2882//5364
f 2882//5365 2846//5365 2845//5365
f 2854//5366 2852//5366 2857//5366
f 2857//5367 2852//5367 2858//5367
f 2862//5368 2852//5368 2863//5368
f 2868//5369 2852//5369 2870//5369
f 2863//5370 2852//5370 2868//5370
f 2858//5371 2852//5371 2862//5371
f 2846//5372 2849//5372 2848//5372
f 2850//5373 2849//5373 2852//5373
f 2852//5374 2849//5374 2870//5374
f 2870//5375 2849//5375 2880//5375
f 2880//5376 2849//5376 2846//5376
f 2883//5377 2884//5377 2874//5377
f 2885//5378 2865//5378 2866//5378
f 2885//5379 2866//5379 2869//5379
f 2877//5380 2883//5380 2886//5380
f 2877//5381 2884//5381 2883//5381
f 2881//5382 2887//5382 2888//5382
f 2881//5383 2888//5383 2884//5383
f 2881//5384 2877//5384 2889//5384
f 2881//5385 2884//5385 2877//5385
f 2859//5386 2890//5386 2891//5386
f 2859//5387 2891//5387 2892//5387
f 2847//5388 2881//5388 2893//5388
f 2847//5389 2893//5389 2894//5389
f 2853//5390 2855//5390 2856//5390
f 2853//5391 2856//5391 2859//5391
f 2853//5392 2892//5392 2885//5392
f 2853//5393 2869//5393 2887//5393
f 2853//5394 2885//5394 2869//5394
f 2853//5395 2859//5395 2892//5395
f 2895//5396 2847//5396 2896//5396
f 2895//5397 2851//5397 2853//5397
f 2895//5398 2853//5398 2887//5398
f 2895//5399 2887//5399 2881//5399
f 2895//5400 2881//5400 2847//5400
f 2897//5401 2898//5401 2899//5401
f 2899//5402 2898//5402 2900//5402
f 2900//5403 2901//5403 2902//5403
f 2898//5404 2901//5404 2900//5404
f 2901//5405 2903//5405 2902//5405
f 2902//5406 2903//5406 2904//5406
f 2903//5407 2905//5407 2904//5407
f 2904//5408 2905//5408 2906//5408
f 2906//5409 2907//5409 2908//5409
f 2908//5410 2907//5410 2909//5410
f 2905//5411 2907//5411 2906//5411
f 2909//5412 2910//5412 2911//5412
f 2907//5413 2910//5413 2909//5413
f 2911//5414 2912//5414 2913//5414
f 2910//5415 2912//5415 2911//5415
f 2912//5416 2914//5416 2913//5416
f 2913//5417 2915//5417 2916//5417
f 2914//5418 2915//5418 2913//5418
f 2916//5419 2917//5419 2918//5419
f 2915//5420 2917//5420 2916//5420
f 2918//5421 2919//5421 2920//5421
f 2917//5422 2919//5422 2918//5422
f 2920//5423 2921//5423 2922//5423
f 2922//5424 2921//5424 2923//5424
f 2919//5425 2921//5425 2920//5425
f 2921//5426 2924//5426 2923//5426
f 2923//5427 2925//5427 2926//5427
f 2924//5428 2925//5428 2923//5428
f 2926//5429 2927//5429 2928//5429
f 2928//5430 2927//5430 2929//5430
f 2925//5431 2927//5431 2926//5431
f 2927//5432 2930//5432 2929//5432
f 2929//5433 2931//5433 2932//5433
f 2932//5434 2931//5434 2933//5434
f 2930//5435 2931//5435 2929//5435
f 2933//5436 2934//5436 2935//5436
f 2931//5437 2934//5437 2933//5437
f 2934//5438 2936//5438 2935//5438
f 2935//5439 2937//5439 2938//5439
f 2936//5440 2937//5440 2935//5440
f 2938//5441 2939//5441 2940//5441
f 2940//5442 2939//5442 2941//5442
f 2937//5443 2939//5443 2938//5443
f 2939//5444 2942//5444 2941//5444
f 2941//5445 2943//5445 2944//5445
f 2944//5446 2943//5446 2945//5446
f 2942//5447 2943//5447 2941//5447
f 2945//5448 2946//5448 2947//5448
f 2943//5449 2946//5449 2945//5449
f 2946//5450 2948//5450 2947//5450
f 2947//5451 2949//5451 2950//5451
f 2950//5452 2949//5452 2951//5452
f 2948//5453 2949//5453 2947//5453
f 2951//5454 2952//5454 2953//5454
f 2949//5455 2952//5455 2951//5455
f 2952//5456 2954//5456 2953//5456
f 2954//5457 2955//5457 2953//5457
f 2953//5458 2955//5458 2956//5458
f 2955//5459 2957//5459 2956//5459
f 2956//5460 2957//5460 2958//5460
f 2957//5461 2959//5461 2958//5461
f 2958//5462 2959//5462 2960//5462
f 2960//5463 2959//5463 2961//5463
f 2959//5464 2962//5464 2961//5464
f 2962//5465 2963//5465 2961//5465
f 2961//5466 2963//5466 2964//5466
f 2964//5467 2963//5467 2965//5467
f 2963//5468 2966//5468 2965//5468
f 2966//5469 2967//5469 2965//5469
f 2965//5470 2967//5470 2968//5470
f 2968//5471 2967//5471 2969//5471
f 2967//5472 2970//5472 2969//5472
f 2970//5473 2971//5473 2969//5473
f 2969//5474 2971//5474 2972//5474
f 2972//5475 2971//5475 2973//5475
f 2971//5476 2974//5476 2973//5476
f 2973//5477 2975//5477 2976//5477
f 2976//5478 2975//5478 2977//5478
f 2974//5479 2975//5479 2973//5479
f 2975//5480 2978//5480 2977//5480
f 2977//5481 2979//5481 2980//5481
f 2980//5482 2979//5482 2899//5482
f 2978//5483 2979//5483 2977//5483
f 2979//5484 2897//5484 2899//5484
f 2948//5485 2946//5485 2949//5485
f 2943//5486 2942//5486 2946//5486
f 2937//5487 2936//5487 2939//5487
f 2934//5488 2931//5488 2936//5488
f 2939//5489 2931//5489 2942//5489
f 2936//5490 2931//5490 2939//5490
f 2966//5491 2970//5491 2967//5491
f 2966//5492 2971//5492 2970//5492
f 2930//5493 2927//5493 2931//5493
f 2971//5494 2975//5494 2974//5494
f 2925//5495 2924//5495 2927//5495
f 2949//5496 2924//5496 2952//5496
f 2952//5497 2924//5497 2954//5497
f 2954//5498 2924//5498 2955//5498
f 2946//5499 2924//5499 2949//5499
f 2942//5500 2924//5500 2946//5500
f 2931//5501 2924//5501 2942//5501
f 2927//5502 2924//5502 2931//5502
f 2975//5503 2979//5503 2978//5503
f 2921//5504 2919//5504 2924//5504
f 2955//5505 2919//5505 2957//5505
f 2924//5506 2919//5506 2955//5506
f 2975//5507 2897//5507 2979//5507
f 2971//5508 2897//5508 2975//5508
f 2917//5509 2915//5509 2919//5509
f 2897//5510 2901//5510 2898//5510
f 2915//5511 2914//5511 2919//5511
f 2957//5512 2914//5512 2959//5512
f 2959//5513 2914//5513 2962//5513
f 2962//5514 2914//5514 2963//5514
f 2919//5515 2914//5515 2957//5515
f 2971//5516 2903//5516 2897//5516
f 2897//5517 2903//5517 2901//5517
f 2914//5518 2912//5518 2963//5518
f 2963//5519 2912//5519 2966//5519
f 2912//5520 2910//5520 2966//5520
f 2966//5521 2910//5521 2971//5521
f 2903//5522 2907//5522 2905//5522
f 2910//5523 2907//5523 2971//5523
f 2971//5524 2907//5524 2903//5524
f 2945//5525 2947//5525 2950//5525
f 2941//5526 2944//5526 2945//5526
f 2935//5527 2938//5527 2940//5527
f 2932//5528 2933//5528 2935//5528
f 2932//5529 2940//5529 2941//5529
f 2932//5530 2935//5530 2940//5530
f 2969//5531 2965//5531 2968//5531
f 2972//5532 2965//5532 2969//5532
f 2928//5533 2929//5533 2932//5533
f 2976//5534 2972//5534 2973//5534
f 2923//5535 2926//5535 2928//5535
f 2923//5536 2950//5536 2951//5536
f 2923//5537 2951//5537 2953//5537
f 2923//5538 2953//5538 2956//5538
f 2923//5539 2945//5539 2950//5539
f 2923//5540 2941//5540 2945//5540
f 2923//5541 2932//5541 2941//5541
f 2923//5542 2928//5542 2932//5542
f 2980//5543 2976//5543 2977//5543
f 2920//5544 2922//5544 2923//5544
f 2920//5545 2956//5545 2958//5545
f 2920//5546 2923//5546 2956//5546
f 2899//5547 2976//5547 2980//5547
f 2899//5548 2972//5548 2976//5548
f 2916//5549 2918//5549 2920//5549
f 2902//5550 2899//5550 2900//5550
f 2913//5551 2916//5551 2920//5551
f 2913//5552 2958//5552 2960//5552
f 2913//5553 2960//5553 2961//5553
f 2913//5554 2961//5554 2964//5554
f 2913//5555 2920//5555 2958//5555
f 2904//5556 2972//5556 2899//5556
f 2904//5557 2899//5557 2902//5557
f 2911//5558 2913//5558 2964//5558
f 2911//5559 2964//5559 2965//5559
f 2909//5560 2911//5560 2965//5560
f 2909//5561 2965//5561 2972//5561
f 2908//5562 2904//5562 2906//5562
f 2908//5563 2909//5563 2972//5563
f 2908//5564 2972//5564 2904//5564
f 2981//5565 2982//5565 2983//5565
f 2983//5566 2982//5566 2984//5566
f 2984//5567 2985//5567 2986//5567
f 2982//5568 2985//5568 2984//5568
f 2985//5569 2987//5569 2986//5569
f 2986//5570 2987//5570 2988//5570
f 2987//5571 2989//5571 2988//5571
f 2988//5572 2989//5572 2990//5572
f 2990//5573 2991//5573 2992//5573
f 2992//5574 2991//5574 2993//5574
f 2989//5575 2991//5575 2990//5575
f 2993//5576 2994//5576 2995//5576
f 2991//5577 2994//5577 2993//5577
f 2995//5578 2996//5578 2997//5578
f 2994//5579 2996//5579 2995//5579
f 2996//5580 2998//5580 2997//5580
f 2997//5581 2999//5581 3000//5581
f 2998//5582 2999//5582 2997//5582
f 3000//5583 3001//5583 3002//5583
f 2999//5584 3001//5584 3000//5584
f 3002//5585 3003//5585 3004//5585
f 3001//5586 3003//5586 3002//5586
f 3004//5587 3005//5587 3006//5587
f 3006//5588 3005//5588 3007//5588
f 3003//5589 3005//5589 3004//5589
f 3005//5590 3008//5590 3007//5590
f 3007//5591 3009//5591 3010//5591
f 3008//5592 3009//5592 3007//5592
f 3010//5593 3011//5593 3012//5593
f 3012//5594 3011//5594 3013//5594
f 3009//5595 3011//5595 3010//5595
f 3011//5596 3014//5596 3013//5596
f 3013//5597 3015//5597 3016//5597
f 3016//5598 3015//5598 3017//5598
f 3014//5599 3015//5599 3013//5599
f 3017//5600 3018//5600 3019//5600
f 3015//5601 3018//5601 3017//5601
f 3018//5602 3020//5602 3019//5602
f 3019//5603 3021//5603 3022//5603
f 3020//5604 3021//5604 3019//5604
f 3022//5605 3023//5605 3024//5605
f 3024//5606 3023//5606 3025//5606
f 3021//5607 3023//5607 3022//5607
f 3023//5608 3026//5608 3025//5608
f 3025//5609 3027//5609 3028//5609
f 3028//5610 3027//5610 3029//5610
f 3026//5611 3027//5611 3025//5611
f 3029//5612 3030//5612 3031//5612
f 3027//5613 3030//5613 3029//5613
f 3030//5614 3032//5614 3031//5614
f 3031//5615 3033//5615 3034//5615
f 3034//5616 3033//5616 3035//5616
f 3032//5617 3033//5617 3031//5617
f 3035//5618 3036//5618 3037//5618
f 3033//5619 3036//5619 3035//5619
f 3036//5620 3038//5620 3037//5620
f 3038//5621 3039//5621 3037//5621
f 3037//5622 3039//5622 3040//5622
f 3039//5623 3041//5623 3040//5623
f 3040//5624 3041//5624 3042//5624
f 3041//5625 3043//5625 3042//5625
f 3042//5626 3043//5626 3044//5626
f 3044//5627 3043//5627 3045//5627
f 3043//5628 3046//5628 3045//5628
f 3046//5629 3047//5629 3045//5629
f 3045//5630 3047//5630 3048//5630
f 3048//5631 3047//5631 3049//5631
f 3047//5632 3050//5632 3049//5632
f 3050//5633 3051//5633 3049//5633
f 3049//5634 3051//5634 3052//5634
f 3052//5635 3051//5635 3053//5635
f 3051//5636 3054//5636 3053//5636
f 3054//5637 3055//5637 3053//5637
f 3053//5638 3055//5638 3056//5638
f 3056//5639 3055//5639 3057//5639
f 3055//5640 3058//5640 3057//5640
f 3057//5641 3059//5641 3060//5641
f 3060//5642 3059//5642 3061//5642
f 3058//5643 3059//5643 3057//5643
f 3059//5644 3062//5644 3061//5644
f 3061//5645 3063//5645 3064//5645
f 3064//5646 3063//5646 2983//5646
f 3062//5647 3063//5647 3061//5647
f 3063//5648 2981//5648 2983//5648
f 3032//5649 3030//5649 3033//5649
f 3027//5650 3026//5650 3030//5650
f 3021//5651 3020//5651 3023//5651
f 3018//5652 3015//5652 3020//5652
f 3023//5653 3015//5653 3026//5653
f 3020//5654 3015//5654 3023//5654
f 3050//5655 3054//5655 3051//5655
f 3050//5656 3055//5656 3054//5656
f 3014//5657 3011//5657 3015//5657
f 3055//5658 3059//5658 3058//5658
f 3009//5659 3008//5659 3011//5659
f 3033//5660 3008//5660 3036//5660
f 3036//5661 3008//5661 3038//5661
f 3038//5662 3008//5662 3039//5662
f 3030//5663 3008//5663 3033//5663
f 3026//5664 3008//5664 3030//5664
f 3015//5665 3008//5665 3026//5665
f 3011//5666 3008//5666 3015//5666
f 3059//5667 3063//5667 3062//5667
f 3005//5668 3003//5668 3008//5668
f 3039//5669 3003//5669 3041//5669
f 3008//5670 3003//5670 3039//5670
f 3059//5671 2981//5671 3063//5671
f 3055//5672 2981//5672 3059//5672
f 3001//5673 2999//5673 3003//5673
f 2981//5674 2985//5674 2982//5674
f 2999//5675 2998//5675 3003//5675
f 3041//5676 2998//5676 3043//5676
f 3043//5677 2998//5677 3046//5677
f 3046//5678 2998//5678 3047//5678
f 3003//5679 2998//5679 3041//5679
f 3055//5680 2987//5680 2981//5680
f 2981//5681 2987//5681 2985//5681
f 2998//5682 2996//5682 3047//5682
f 3047//5683 2996//5683 3050//5683
f 2996//5684 2994//5684 3050//5684
f 3050//5685 2994//5685 3055//5685
f 2987//5686 2991//5686 2989//5686
f 2994//5687 2991//5687 3055//5687
f 3055//5688 2991//5688 2987//5688
f 3029//5689 3031//5689 3034//5689
f 3025//5690 3028//5690 3029//5690
f 3019//5691 3022//5691 3024//5691
f 3016//5692 3017//5692 3019//5692
f 3016//5693 3024//5693 3025//5693
f 3016//5694 3019//5694 3024//5694
f 3053//5695 3049//5695 3052//5695
f 3056//5696 3049//5696 3053//5696
f 3012//5697 3013//5697 3016//5697
f 3060//5698 3056//5698 3057//5698
f 3007//5699 3010//5699 3012//5699
f 3007//5700 3034//5700 3035//5700
f 3007//5701 3035//5701 3037//5701
f 3007//5702 3037//5702 3040//5702
f 3007//5703 3029//5703 3034//5703
f 3007//5704 3025//5704 3029//5704
f 3007//5705 3016//5705 3025//5705
f 3007//5706 3012//5706 3016//5706
f 3064//5707 3060//5707 3061//5707
f 3004//5708 3006//5708 3007//5708
f 3004//5709 3040//5709 3042//5709
f 3004//5710 3007//5710 3040//5710
f 2983//5711 3060//5711 3064//5711
f 2983//5712 3056//5712 3060//5712
f 3000//5713 3002//5713 3004//5713
f 2986//5714 2983//5714 2984//5714
f 2997//5715 3000//5715 3004//5715
f 2997//5716 3042//5716 3044//5716
f 2997//5717 3044//5717 3045//5717
f 2997//5718 3045//5718 3048//5718
f 2997//5719 3004//5719 3042//5719
f 2988//5720 3056//5720 2983//5720
f 2988//5721 2983//5721 2986//5721
f 2995//5722 2997//5722 3048//5722
f 2995//5723 3048//5723 3049//5723
f 2993//5724 2995//5724 3049//5724
f 2993//5725 3049//5725 3056//5725
f 2992//5726 2988//5726 2990//5726
f 2992//5727 2993//5727 3056//5727
f 2992//5728 3056//5728 2988//5728
f 3065//5729 3066//5729 3067//5729
f 3067//5730 3066//5730 3068//5730
f 3069//5731 3070//5731 3071//5731
f 3069//5732 3071//5732 3072//5732
f 3070//5733 3069//5733 3065//5733
f 3065//5734 3069//5734 3066//5734
f 3072//5735 3071//5735 3067//5735
f 3072//5736 3067//5736 3068//5736
f 3067//5737 3071//5737 3065//5737
f 3065//5738 3071//5738 3070//5738
f 3072//5739 3068//5739 3066//5739
f 3072//5740 3066//5740 3069//5740
f 3073//5741 3074//5741 3075//5741
f 3075//5742 3074//5742 3076//5742
f 3076//5743 3077//5743 3078//5743
f 3074//5744 3077//5744 3076//5744
f 3078//5745 3079//5745 3153//5745
f 3077//5746 3079//5746 3078//5746
f 3079//5747 3080//5747 3153//5747
f 3153//5748 3080//5748 3081//5748
f 3080//5749 3082//5749 3081//5749
f 3081//5750 3082//5750 3083//5750
f 3083//5751 3084//5751 3154//5751
f 3082//5752 3084//5752 3083//5752
f 3154//5753 3085//5753 3086//5753
f 3084//5754 3085//5754 3154//5754
f 3086//5755 3087//5755 3088//5755
f 3088//5756 3087//5756 3089//5756
f 3085//5757 3087//5757 3086//5757
f 3087//5758 3090//5758 3089//5758
f 3089//5759 3091//5759 3092//5759
f 3092//5760 3091//5760 3093//5760
f 3090//5761 3091//5761 3089//5761
f 3091//5762 3094//5762 3093//5762
f 3093//5763 3095//5763 3096//5763
f 3096//5764 3095//5764 3097//5764
f 3094//5765 3095//5765 3093//5765
f 3095//5766 3098//5766 3097//5766
f 3097//5767 3099//5767 3100//5767
f 3098//5768 3099//5768 3097//5768
f 3100//5769 3101//5769 3102//5769
f 3099//5770 3101//5770 3100//5770
f 3102//5771 3103//5771 3104//5771
f 3101//5772 3103//5772 3102//5772
f 3104//5773 3105//5773 3151//5773
f 3151//5774 3105//5774 3150//5774
f 3103//5775 3105//5775 3104//5775
f 3105//5776 3106//5776 3150//5776
f 3150//5777 3107//5777 3108//5777
f 3108//5778 3107//5778 3109//5778
f 3106//5779 3107//5779 3150//5779
f 3109//5780 3110//5780 3148//5780
f 3107//5781 3110//5781 3109//5781
f 3110//5782 3111//5782 3148//5782
f 3148//5783 3112//5783 3113//5783
f 3111//5784 3112//5784 3148//5784
f 3113//5785 3114//5785 3115//5785
f 3112//5786 3114//5786 3113//5786
f 3115//5787 3116//5787 3117//5787
f 3114//5788 3116//5788 3115//5788
f 3117//5789 3118//5789 3119//5789
f 3119//5790 3118//5790 3146//5790
f 3116//5791 3118//5791 3117//5791
f 3118//5792 3120//5792 3146//5792
f 3146//5793 3121//5793 3147//5793
f 3147//5794 3121//5794 3122//5794
f 3120//5795 3121//5795 3146//5795
f 3121//5796 3123//5796 3122//5796
f 3123//5797 3124//5797 3122//5797
f 3122//5798 3124//5798 3149//5798
f 3149//5799 3124//5799 3125//5799
f 3124//5800 3126//5800 3125//5800
f 3126//5801 3127//5801 3125//5801
f 3125//5802 3127//5802 3128//5802
f 3128//5803 3127//5803 3129//5803
f 3127//5804 3130//5804 3129//5804
f 3130//5805 3131//5805 3129//5805
f 3129//5806 3131//5806 3132//5806
f 3132//5807 3131//5807 3133//5807
f 3131//5808 3134//5808 3133//5808
f 3134//5809 3135//5809 3133//5809
f 3133//5810 3135//5810 3136//5810
f 3135//5811 3137//5811 3136//5811
f 3136//5812 3137//5812 3138//5812
f 3137//5813 3139//5813 3138//5813
f 3138//5814 3139//5814 3152//5814
f 3152//5815 3139//5815 3140//5815
f 3139//5816 3141//5816 3140//5816
f 3140//5817 3142//5817 3143//5817
f 3143//5818 3142//5818 3144//5818
f 3141//5819 3142//5819 3140//5819
f 3142//5820 3145//5820 3144//5820
f 3144//5821 3073//5821 3075//5821
f 3145//5822 3073//5822 3144//5822
f 3116//5823 3123//5823 3118//5823
f 3118//5824 3123//5824 3120//5824
f 3120//5825 3123//5825 3121//5825
f 3112//5826 3111//5826 3114//5826
f 3123//5827 3127//5827 3124//5827
f 3124//5828 3127//5828 3126//5828
f 3111//5829 3110//5829 3114//5829
f 3107//5830 3106//5830 3110//5830
f 3127//5831 3134//5831 3130//5831
f 3130//5832 3134//5832 3131//5832
f 3103//5833 3101//5833 3105//5833
f 3105//5834 3101//5834 3106//5834
f 3114//5835 3101//5835 3116//5835
f 3110//5836 3101//5836 3114//5836
f 3106//5837 3101//5837 3110//5837
f 3134//5838 3139//5838 3135//5838
f 3135//5839 3139//5839 3137//5839
f 3134//5840 3141//5840 3139//5840
f 3099//5841 3098//5841 3101//5841
f 3094//5842 3091//5842 3095//5842
f 3095//5843 3091//5843 3098//5843
f 3116//5844 3091//5844 3123//5844
f 3123//5845 3091//5845 3127//5845
f 3101//5846 3091//5846 3116//5846
f 3098//5847 3091//5847 3101//5847
f 3127//5848 3090//5848 3134//5848
f 3134//5849 3090//5849 3141//5849
f 3091//5850 3090//5850 3127//5850
f 3073//5851 3077//5851 3074//5851
f 3141//5852 3087//5852 3142//5852
f 3142//5853 3087//5853 3145//5853
f 3090//5854 3087//5854 3141//5854
f 3073//5855 3079//5855 3077//5855
f 3145//5856 3079//5856 3073//5856
f 3087//5857 3085//5857 3145//5857
f 3079//5858 3082//5858 3080//5858
f 3084//5859 3082//5859 3085//5859
f 3145//5860 3082//5860 3079//5860
f 3085//5861 3082//5861 3145//5861
f 3122//5862 3117//5862 3119//5862
f 3122//5863 3119//5863 3146//5863
f 3122//5864 3146//5864 3147//5864
f 3148//5865 3113//5865 3115//5865
f 3128//5866 3122//5866 3149//5866
f 3128//5867 3149//5867 3125//5867
f 3109//5868 3148//5868 3115//5868
f 3150//5869 3108//5869 3109//5869
f 3133//5870 3128//5870 3129//5870
f 3133//5871 3129//5871 3132//5871
f 3102//5872 3104//5872 3151//5872
f 3102//5873 3151//5873 3150//5873
f 3102//5874 3115//5874 3117//5874
f 3102//5875 3109//5875 3115//5875
f 3102//5876 3150//5876 3109//5876
f 3152//5877 3133//5877 3136//5877
f 3152//5878 3136//5878 3138//5878
f 3140//5879 3133//5879 3152//5879
f 3097//5880 3100//5880 3102//5880
f 3092//5881 3093//5881 3096//5881
f 3092//5882 3096//5882 3097//5882
f 3092//5883 3117//5883 3122//5883
f 3092//5884 3122//5884 3128//5884
f 3092//5885 3102//5885 3117//5885
f 3092//5886 3097//5886 3102//5886
f 3089//5887 3128//5887 3133//5887
f 3089//5888 3133//5888 3140//5888
f 3089//5889 3092//5889 3128//5889
f 3078//5890 3075//5890 3076//5890
f 3088//5891 3140//5891 3143//5891
f 3088//5892 3143//5892 3144//5892
f 3088//5893 3089//5893 3140//5893
f 3153//5894 3075//5894 3078//5894
f 3153//5895 3144//5895 3075//5895
f 3086//5896 3088//5896 3144//5896
f 3083//5897 3153//5897 3081//5897
f 3083//5898 3154//5898 3086//5898
f 3083//5899 3144//5899 3153//5899
f 3083//5900 3086//5900 3144//5900
f 3155//5901 3156//5901 3157//5901
f 3157//5902 3158//5902 3159//5902
f 3156//5903 3158//5903 3157//5903
f 3158//5904 3160//5904 3159//5904
f 3159//5905 3160//5905 3161//5905
f 3160//5906 3162//5906 3161//5906
f 3161//5907 3163//5907 3164//5907
f 3162//5908 3163//5908 3161//5908
f 3164//5909 3165//5909 3166//5909
f 3163//5910 3165//5910 3164//5910
f 3166//5911 3167//5911 3168//5911
f 3165//5912 3167//5912 3166//5912
f 3168//5913 3169//5913 3170//5913
f 3167//5914 3169//5914 3168//5914
f 3170//5915 3171//5915 3172//5915
f 3172//5916 3171//5916 3173//5916
f 3169//5917 3171//5917 3170//5917
f 3171//5918 3174//5918 3173//5918
f 3173//5919 3175//5919 3242//5919
f 3174//5920 3175//5920 3173//5920
f 3242//5921 3176//5921 3177//5921
f 3175//5922 3176//5922 3242//5922
f 3177//5923 3178//5923 3179//5923
f 3179//5924 3178//5924 3180//5924
f 3176//5925 3178//5925 3177//5925
f 3180//5926 3181//5926 3182//5926
f 3178//5927 3181//5927 3180//5927
f 3181//5928 3183//5928 3182//5928
f 3182//5929 3184//5929 3185//5929
f 3185//5930 3184//5930 3186//5930
f 3183//5931 3184//5931 3182//5931
f 3186//5932 3187//5932 3188//5932
f 3184//5933 3187//5933 3186//5933
f 3188//5934 3189//5934 3190//5934
f 3187//5935 3189//5935 3188//5935
f 3189//5936 3191//5936 3190//5936
f 3190//5937 3192//5937 3237//5937
f 3191//5938 3192//5938 3190//5938
f 3237//5939 3193//5939 3238//5939
f 3238//5940 3193//5940 3194//5940
f 3192//5941 3193//5941 3237//5941
f 3193//5942 3195//5942 3194//5942
f 3194//5943 3196//5943 3197//5943
f 3195//5944 3196//5944 3194//5944
f 3197//5945 3198//5945 3235//5945
f 3235//5946 3198//5946 3199//5946
f 3196//5947 3198//5947 3197//5947
f 3198//5948 3200//5948 3199//5948
f 3199//5949 3201//5949 3202//5949
f 3202//5950 3201//5950 3203//5950
f 3200//5951 3201//5951 3199//5951
f 3201//5952 3204//5952 3203//5952
f 3204//5953 3205//5953 3203//5953
f 3203//5954 3205//5954 3206//5954
f 3206//5955 3205//5955 3207//5955
f 3205//5956 3208//5956 3207//5956
f 3208//5957 3209//5957 3207//5957
f 3207//5958 3209//5958 3210//5958
f 3209//5959 3211//5959 3210//5959
f 3210//5960 3211//5960 3212//5960
f 3211//5961 3213//5961 3212//5961
f 3212//5962 3213//5962 3214//5962
f 3214//5963 3213//5963 3215//5963
f 3213//5964 3216//5964 3215//5964
f 3216//5965 3217//5965 3215//5965
f 3215//5966 3217//5966 3218//5966
f 3218//5967 3217//5967 3219//5967
f 3217//5968 3220//5968 3219//5968
f 3219//5969 3220//5969 3221//5969
f 3220//5970 3222//5970 3221//5970
f 3221//5971 3222//5971 3236//5971
f 3222//5972 3223//5972 3236//5972
f 3236//5973 3223//5973 3224//5973
f 3223//5974 3225//5974 3224//5974
f 3224//5975 3226//5975 3240//5975
f 3240//5976 3226//5976 3241//5976
f 3225//5977 3226//5977 3224//5977
f 3226//5978 3227//5978 3241//5978
f 3241//5979 3228//5979 3239//5979
f 3227//5980 3228//5980 3241//5980
f 3239//5981 3229//5981 3230//5981
f 3230//5982 3229//5982 3231//5982
f 3228//5983 3229//5983 3239//5983
f 3231//5984 3232//5984 3233//5984
f 3229//5985 3232//5985 3231//5985
f 3232//5986 3234//5986 3233//5986
f 3233//5987 3156//5987 3155//5987
f 3234//5988 3156//5988 3233//5988
f 3204//5989 3201//5989 3205//5989
f 3205//5990 3201//5990 3208//5990
f 3211//5991 3216//5991 3213//5991
f 3198//5992 3196//5992 3200//5992
f 3216//5993 3220//5993 3217//5993
f 3200//5994 3195//5994 3201//5994
f 3196//5995 3195//5995 3200//5995
f 3220//5996 3223//5996 3222//5996
f 3193//5997 3192//5997 3195//5997
f 3189//5998 3187//5998 3191//5998
f 3191//5999 3187//5999 3192//5999
f 3226//6000 3228//6000 3227//6000
f 3208//6001 3229//6001 3209//6001
f 3209//6002 3229//6002 3211//6002
f 3223//6003 3229//6003 3225//6003
f 3225//6004 3229//6004 3226//6004
f 3211//6005 3229//6005 3216//6005
f 3201//6006 3229//6006 3208//6006
f 3216//6007 3229//6007 3220//6007
f 3220//6008 3229//6008 3223//6008
f 3226//6009 3229//6009 3228//6009
f 3184//6010 3183//6010 3187//6010
f 3195//6011 3183//6011 3201//6011
f 3192//6012 3183//6012 3195//6012
f 3187//6013 3183//6013 3192//6013
f 3201//6014 3234//6014 3229//6014
f 3229//6015 3234//6015 3232//6015
f 3201//6016 3156//6016 3234//6016
f 3183//6017 3156//6017 3201//6017
f 3178//6018 3176//6018 3181//6018
f 3181//6019 3176//6019 3183//6019
f 3158//6020 3162//6020 3160//6020
f 3156//6021 3165//6021 3158//6021
f 3162//6022 3165//6022 3163//6022
f 3158//6023 3165//6023 3162//6023
f 3169//6024 3167//6024 3171//6024
f 3171//6025 3167//6025 3174//6025
f 3174//6026 3167//6026 3175//6026
f 3175//6027 3167//6027 3176//6027
f 3183//6028 3167//6028 3156//6028
f 3176//6029 3167//6029 3183//6029
f 3156//6030 3167//6030 3165//6030
f 3202//6031 3203//6031 3206//6031
f 3202//6032 3206//6032 3207//6032
f 3215//6033 3212//6033 3214//6033
f 3197//6034 3235//6034 3199//6034
f 3219//6035 3215//6035 3218//6035
f 3194//6036 3199//6036 3202//6036
f 3194//6037 3197//6037 3199//6037
f 3236//6038 3219//6038 3221//6038
f 3237//6039 3238//6039 3194//6039
f 3186//6040 3188//6040 3190//6040
f 3186//6041 3190//6041 3237//6041
f 3239//6042 3240//6042 3241//6042
f 3230//6043 3207//6043 3210//6043
f 3230//6044 3210//6044 3212//6044
f 3230//6045 3236//6045 3224//6045
f 3230//6046 3224//6046 3240//6046
f 3230//6047 3212//6047 3215//6047
f 3230//6048 3202//6048 3207//6048
f 3230//6049 3215//6049 3219//6049
f 3230//6050 3219//6050 3236//6050
f 3230//6051 3240//6051 3239//6051
f 3182//6052 3185//6052 3186//6052
f 3182//6053 3194//6053 3202//6053
f 3182//6054 3237//6054 3194//6054
f 3182//6055 3186//6055 3237//6055
f 3233//6056 3202//6056 3230//6056
f 3233//6057 3230//6057 3231//6057
f 3155//6058 3202//6058 3233//6058
f 3155//6059 3182//6059 3202//6059
f 3177//6060 3179//6060 3180//6060
f 3177//6061 3180//6061 3182//6061
f 3161//6062 3157//6062 3159//6062
f 3166//6063 3155//6063 3157//6063
f 3166//6064 3161//6064 3164//6064
f 3166//6065 3157//6065 3161//6065
f 3168//6066 3170//6066 3172//6066
f 3168//6067 3172//6067 3173//6067
f 3168//6068 3173//6068 3242//6068
f 3168//6069 3242//6069 3177//6069
f 3168//6070 3182//6070 3155//6070
f 3168//6071 3177//6071 3182//6071
f 3168//6072 3155//6072 3166//6072
f 3243//6073 3244//6073 3245//6073
f 3245//6074 3244//6074 3246//6074
f 3247//6075 3248//6075 3249//6075
f 3247//6076 3249//6076 3250//6076
f 3243//6077 3248//6077 3244//6077
f 3248//6078 3247//6078 3244//6078
f 3249//6079 3245//6079 3246//6079
f 3250//6080 3249//6080 3246//6080
f 3245//6081 3249//6081 3243//6081
f 3243//6082 3249//6082 3248//6082
f 3250//6083 3246//6083 3244//6083
f 3250//6084 3244//6084 3247//6084
f 3251//6085 3252//6085 3253//6085
f 3253//6086 3252//6086 3254//6086
f 3254//6087 3255//6087 3340//6087
f 3252//6088 3255//6088 3254//6088
f 3340//6089 3256//6089 3257//6089
f 3257//6090 3256//6090 3258//6090
f 3255//6091 3256//6091 3340//6091
f 3256//6092 3259//6092 3258//6092
f 3258//6093 3260//6093 3261//6093
f 3259//6094 3260//6094 3258//6094
f 3261//6095 3262//6095 3342//6095
f 3260//6096 3262//6096 3261//6096
f 3342//6097 3263//6097 3343//6097
f 3343//6098 3263//6098 3344//6098
f 3262//6099 3263//6099 3342//6099
f 3263//6100 3264//6100 3344//6100
f 3344//6101 3265//6101 3338//6101
f 3264//6102 3265//6102 3344//6102
f 3338//6103 3266//6103 3267//6103
f 3267//6104 3266//6104 3268//6104
f 3265//6105 3266//6105 3338//6105
f 3266//6106 3269//6106 3268//6106
f 3268//6107 3270//6107 3271//6107
f 3271//6108 3270//6108 3272//6108
f 3269//6109 3270//6109 3268//6109
f 3270//6110 3273//6110 3272//6110
f 3272//6111 3274//6111 3275//6111
f 3275//6112 3274//6112 3337//6112
f 3273//6113 3274//6113 3272//6113
f 3337//6114 3276//6114 3339//6114
f 3274//6115 3276//6115 3337//6115
f 3276//6116 3277//6116 3339//6116
f 3339//6117 3278//6117 3279//6117
f 3279//6118 3278//6118 3280//6118
f 3277//6119 3278//6119 3339//6119
f 3280//6120 3281//6120 3333//6120
f 3278//6121 3281//6121 3280//6121
f 3281//6122 3282//6122 3333//6122
f 3333//6123 3283//6123 3284//6123
f 3284//6124 3283//6124 3332//6124
f 3282//6125 3283//6125 3333//6125
f 3332//6126 3285//6126 3286//6126
f 3283//6127 3285//6127 3332//6127
f 3285//6128 3287//6128 3286//6128
f 3286//6129 3288//6129 3289//6129
f 3287//6130 3288//6130 3286//6130
f 3289//6131 3290//6131 3291//6131
f 3291//6132 3290//6132 3329//6132
f 3288//6133 3290//6133 3289//6133
f 3290//6134 3292//6134 3329//6134
f 3292//6135 3293//6135 3329//6135
f 3329//6136 3293//6136 3330//6136
f 3293//6137 3294//6137 3330//6137
f 3330//6138 3294//6138 3331//6138
f 3331//6139 3294//6139 3327//6139
f 3294//6140 3295//6140 3327//6140
f 3295//6141 3296//6141 3327//6141
f 3327//6142 3296//6142 3297//6142
f 3297//6143 3296//6143 3298//6143
f 3296//6144 3299//6144 3298//6144
f 3298//6145 3299//6145 3300//6145
f 3299//6146 3301//6146 3300//6146
f 3301//6147 3302//6147 3300//6147
f 3300//6148 3302//6148 3303//6148
f 3302//6149 3304//6149 3303//6149
f 3303//6150 3304//6150 3328//6150
f 3328//6151 3304//6151 3305//6151
f 3304//6152 3306//6152 3305//6152
f 3305//6153 3306//6153 3307//6153
f 3307//6154 3308//6154 3309//6154
f 3306//6155 3308//6155 3307//6155
f 3308//6156 3310//6156 3309//6156
f 3309//6157 3311//6157 3312//6157
f 3312//6158 3311//6158 3313//6158
f 3310//6159 3311//6159 3309//6159
f 3311//6160 3314//6160 3313//6160
f 3313//6161 3315//6161 3316//6161
f 3316//6162 3315//6162 3317//6162
f 3314//6163 3315//6163 3313//6163
f 3317//6164 3318//6164 3335//6164
f 3315//6165 3318//6165 3317//6165
f 3335//6166 3319//6166 3334//6166
f 3318//6167 3319//6167 3335//6167
f 3319//6168 3320//6168 3334//6168
f 3334//6169 3321//6169 3322//6169
f 3320//6170 3321//6170 3334//6170
f 3322//6171 3323//6171 3324//6171
f 3321//6172 3323//6172 3322//6172
f 3324//6173 3325//6173 3336//6173
f 3323//6174 3325//6174 3324//6174
f 3336//6175 3326//6175 3341//6175
f 3341//6176 3326//6176 3253//6176
f 3325//6177 3326//6177 3336//6177
f 3326//6178 3251//6178 3253//6178
f 3296//6179 3301//6179 3299//6179
f 3295//6180 3302//6180 3296//6180
f 3296//6181 3302//6181 3301//6181
f 3295//6182 3304//6182 3302//6182
f 3293//6183 3292//6183 3294//6183
f 3294//6184 3292//6184 3295//6184
f 3295//6185 3306//6185 3304//6185
f 3290//6186 3288//6186 3292//6186
f 3306//6187 3310//6187 3308//6187
f 3287//6188 3285//6188 3288//6188
f 3310//6189 3314//6189 3311//6189
f 3295//6190 3314//6190 3306//6190
f 3306//6191 3314//6191 3310//6191
f 3295//6192 3315//6192 3314//6192
f 3282//6193 3281//6193 3283//6193
f 3283//6194 3281//6194 3285//6194
f 3281//6195 3278//6195 3285//6195
f 3315//6196 3320//6196 3318//6196
f 3318//6197 3320//6197 3319//6197
f 3292//6198 3320//6198 3295//6198
f 3295//6199 3320//6199 3315//6199
f 3320//6200 3325//6200 3321//6200
f 3321//6201 3325//6201 3323//6201
f 3288//6202 3325//6202 3292//6202
f 3285//6203 3325//6203 3288//6203
f 3292//6204 3325//6204 3320//6204
f 3273//6205 3270//6205 3274//6205
f 3274//6206 3270//6206 3276//6206
f 3269//6207 3266//6207 3270//6207
f 3270//6208 3265//6208 3276//6208
f 3276//6209 3265//6209 3277//6209
f 3277//6210 3265//6210 3278//6210
f 3266//6211 3265//6211 3270//6211
f 3278//6212 3265//6212 3285//6212
f 3251//6213 3256//6213 3252//6213
f 3252//6214 3256//6214 3255//6214
f 3285//6215 3256//6215 3325//6215
f 3325//6216 3256//6216 3326//6216
f 3326//6217 3256//6217 3251//6217
f 3285//6218 3259//6218 3256//6218
f 3285//6219 3260//6219 3259//6219
f 3263//6220 3262//6220 3264//6220
f 3264//6221 3262//6221 3265//6221
f 3265//6222 3262//6222 3285//6222
f 3285//6223 3262//6223 3260//6223
f 3300//6224 3297//6224 3298//6224
f 3303//6225 3327//6225 3297//6225
f 3303//6226 3297//6226 3300//6226
f 3328//6227 3327//6227 3303//6227
f 3329//6228 3330//6228 3331//6228
f 3329//6229 3331//6229 3327//6229
f 3305//6230 3327//6230 3328//6230
f 3289//6231 3291//6231 3329//6231
f 3309//6232 3305//6232 3307//6232
f 3332//6233 3286//6233 3289//6233
f 3313//6234 3309//6234 3312//6234
f 3313//6235 3327//6235 3305//6235
f 3313//6236 3305//6236 3309//6236
f 3316//6237 3327//6237 3313//6237
f 3280//6238 3333//6238 3284//6238
f 3280//6239 3284//6239 3332//6239
f 3279//6240 3280//6240 3332//6240
f 3334//6241 3316//6241 3317//6241
f 3334//6242 3317//6242 3335//6242
f 3334//6243 3329//6243 3327//6243
f 3334//6244 3327//6244 3316//6244
f 3336//6245 3334//6245 3322//6245
f 3336//6246 3322//6246 3324//6246
f 3336//6247 3289//6247 3329//6247
f 3336//6248 3332//6248 3289//6248
f 3336//6249 3329//6249 3334//6249
f 3271//6250 3272//6250 3275//6250
f 3271//6251 3275//6251 3337//6251
f 3267//6252 3268//6252 3271//6252
f 3338//6253 3271//6253 3337//6253
f 3338//6254 3337//6254 3339//6254
f 3338//6255 3339//6255 3279//6255
f 3338//6256 3267//6256 3271//6256
f 3338//6257 3279//6257 3332//6257
f 3257//6258 3253//6258 3254//6258
f 3257//6259 3254//6259 3340//6259
f 3257//6260 3332//6260 3336//6260
f 3257//6261 3336//6261 3341//6261
f 3257//6262 3341//6262 3253//6262
f 3258//6263 3332//6263 3257//6263
f 3261//6264 3332//6264 3258//6264
f 3342//6265 3343//6265 3344//6265
f 3342//6266 3344//6266 3338//6266
f 3342//6267 3338//6267 3332//6267
f 3342//6268 3332//6268 3261//6268
f 3345//6269 3346//6269 3347//6269
f 3347//6270 3346//6270 3348//6270
f 3349//6271 3351//6271 3352//6271
f 3350//6272 3346//6272 3345//6272
f 3350//6273 3349//6273 3346//6273
f 3348//6274 3351//6274 3347//6274
f 3352//6275 3351//6275 3348//6275
f 3347//6276 3351//6276 3345//6276
f 3352//6277 3348//6277 3346//6277
f 3352//6278 3346//6278 3349//6278
f 3355//6279 3354//6279 3356//6279
f 3357//6280 3358//6280 3359//6280
f 3357//6281 3359//6281 3360//6281
f 3358//6282 3354//6282 3353//6282
f 3358//6283 3357//6283 3354//6283
f 3356//6284 3359//6284 3355//6284
f 3360//6285 3359//6285 3356//6285
f 3353//6286 3359//6286 3358//6286
f 3360//6287 3356//6287 3354//6287
f 3360//6288 3354//6288 3357//6288
f 2749//6289 3361//6289 3362//6289
f 2749//6290 3363//6290 3361//6290
f 3364//6291 2782//6291 3365//6291
f 3366//6292 2782//6292 3364//6292
f 2782//6293 3366//6293 2749//6293
f 2749//6294 3366//6294 3363//6294
f 3364//6295 3365//6295 3362//6295
f 3364//6296 3362//6296 3361//6296
f 3362//6297 3365//6297 2749//6297
f 2749//6298 3365//6298 2782//6298
f 3364//6299 3361//6299 3363//6299
f 3364//6300 3363//6300 3366//6300
f 3367//6301 3368//6301 3369//6301
f 3368//6302 3370//6302 3369//6302
f 3372//6303 3370//6303 3368//6303
f 3373//6304 3374//6304 3368//6304
f 3373//6305 3376//6305 3375//6305
f 3375//6306 3376//6306 3370//6306
f 3376//6307 3369//6307 3370//6307
f 3377//6308 3369//6308 3376//6308
f 3378//6309 3379//6309 3367//6309
f 3380//6310 3367//6310 3379//6310
f 3381//6311 3378//6311 3367//6311
f 3382//6312 3367//6312 3380//6312
f 3383//6313 3381//6313 3367//6313
f 3384//6314 3367//6314 3382//6314
f 3385//6315 3383//6315 3367//6315
f 3386//6316 3367//6316 3384//6316
f 3387//6317 3385//6317 3367//6317
f 3388//6318 3367//6318 3386//6318
f 3389//6319 3387//6319 3367//6319
f 3390//6320 3367//6320 3388//6320
f 3391//6321 3389//6321 3367//6321
f 3392//6322 3367//6322 3390//6322
f 3393//6323 3391//6323 3367//6323
f 3394//6324 3367//6324 3392//6324
f 3395//6325 3393//6325 3367//6325
f 3396//6326 3367//6326 3394//6326
f 3397//6327 3395//6327 3367//6327
f 3398//6328 3397//6328 3367//6328
f 3399//6329 3398//6329 3367//6329
f 3400//6330 3399//6330 3367//6330
f 3401//6331 3400//6331 3367//6331
f 3402//6332 3401//6332 3367//6332
f 3403//6333 3402//6333 3367//6333
f 3404//6334 3403//6334 3367//6334
f 3405//6335 3404//6335 3367//6335
f 3406//6336 3405//6336 3367//6336
f 3407//6337 3406//6337 3367//6337
f 3408//6338 3407//6338 3367//6338
f 3409//6339 3408//6339 3367//6339
f 3410//6340 3409//6340 3367//6340
f 3411//6341 3410//6341 3367//6341
f 3412//6342 3411//6342 3367//6342
f 3413//6343 3412//6343 3367//6343
f 3414//6344 3413//6344 3367//6344
f 3415//6345 3414//6345 3367//6345
f 3416//6346 3415//6346 3367//6346
f 3417//6347 3367//6347 3369//6347
f 3417//6348 3416//6348 3367//6348
f 3418//6349 3417//6349 3369//6349
f 3419//6350 3418//6350 3369//6350
f 3420//6351 3419//6351 3369//6351
f 3421//6352 3420//6352 3369//6352
f 3422//6353 3423//6353 3424//6353
f 3422//6354 3424//6354 3425//6354
f 3422//6355 3425//6355 3426//6355
f 3422//6356 3426//6356 3427//6356
f 3422//6357 3427//6357 3428//6357
f 3422//6358 3428//6358 3429//6358
f 3422//6359 3251//6359 3430//6359
f 3422//6360 3429//6360 3431//6360
f 3422//6361 3430//6361 3432//6361
f 3422//6362 3431//6362 3433//6362
f 3422//6363 3432//6363 3434//6363
f 3422//6364 3433//6364 3435//6364
f 3422//6365 3434//6365 3436//6365
f 3422//6366 3436//6366 3437//6366
f 3422//6367 3435//6367 3438//6367
f 3422//6368 3437//6368 3439//6368
f 3422//6369 3438//6369 3440//6369
f 3422//6370 3439//6370 3441//6370
f 3422//6371 3440//6371 3442//6371
f 3422//6372 3441//6372 3443//6372
f 3422//6373 3442//6373 3444//6373
f 3422//6374 3443//6374 3445//6374
f 3422//6375 3444//6375 3446//6375
f 3422//6376 3445//6376 3447//6376
f 3422//6377 3446//6377 3448//6377
f 3422//6378 3447//6378 3449//6378
f 3422//6379 3448//6379 3450//6379
f 3422//6380 3449//6380 3451//6380
f 3422//6381 3450//6381 3452//6381
f 3422//6382 3451//6382 3453//6382
f 3422//6383 3452//6383 3454//6383
f 3422//6384 3453//6384 3455//6384
f 3422//6385 3454//6385 3456//6385
f 3422//6386 3455//6386 3457//6386
f 3422//6387 3456//6387 3458//6387
f 3422//6388 3457//6388 3459//6388
f 3422//6389 3458//6389 3460//6389
f 3422//6390 3459//6390 3461//6390
f 3422//6391 3460//6391 3462//6391
f 3422//6392 3461//6392 3463//6392
f 3422//6393 3462//6393 3464//6393
f 3422//6394 3463//6394 3465//6394
f 3422//6395 3464//6395 3466//6395
f 3422//6396 3465//6396 3467//6396
f 3422//6397 3466//6397 3468//6397
f 3422//6398 3468//6398 3469//6398
f 3422//6399 3469//6399 3470//6399
f 3422//6400 3470//6400 3471//6400
f 3422//6401 3471//6401 3472//6401
f 3422//6402 3472//6402 3251//6402
f 3422//6403 3473//6403 3474//6403
f 3422//6404 3474//6404 3423//6404
f 3377//6405 3467//6405 3475//6405
f 3377//6406 3475//6406 3476//6406
f 3377//6407 3476//6407 3477//6407
f 3377//6408 3477//6408 3478//6408
f 3377//6409 3478//6409 3479//6409
f 3377//6410 3422//6410 3467//6410
f 3377//6411 3479//6411 3480//6411
f 3377//6412 3480//6412 3481//6412
f 3377//6413 3481//6413 3482//6413
f 3377//6414 3482//6414 3483//6414
f 3377//6415 3483//6415 3484//6415
f 3377//6416 3484//6416 3485//6416
f 3377//6417 3485//6417 3486//6417
f 3377//6418 3486//6418 3487//6418
f 3377//6419 3487//6419 3488//6419
f 3377//6420 3488//6420 3489//6420
f 3377//6421 3489//6421 3490//6421
f 3377//6422 3490//6422 3491//6422
f 3377//6423 3491//6423 3492//6423
f 3377//6424 3492//6424 3493//6424
f 3377//6425 3493//6425 3494//6425
f 3377//6426 3494//6426 3495//6426
f 3377//6427 3495//6427 3496//6427
f 3377//6428 3496//6428 3497//6428
f 3377//6429 3497//6429 3498//6429
f 3377//6430 3498//6430 3421//6430
f 3377//6431 3421//6431 3369//6431
f 3422//6432 3367//6432 3473//6432
f 3473//6433 3367//6433 3499//6433
f 3499//6434 3367//6434 3500//6434
f 3500//6435 3367//6435 3501//6435
f 3501//6436 3367//6436 3502//6436
f 3502//6437 3367//6437 3503//6437
f 3503//6438 3367//6438 3396//6438
f 3367//6439 3373//6439 3368//6439
f 3367//6440 3422//6440 3373//6440
f 3373//6441 3422//6441 3377//6441
f 3376//6442 3373//6442 3377//6442
f 3504//6443 3505//6443 3371//6443
f 3506//6444 3375//6444 3505//6444
f 3506//6445 3507//6445 3372//6445
f 3371//6446 3507//6446 3504//6446
f 3508//6447 3509//6447 3251//6447
f 3508//6448 3251//6448 3472//6448
f 3510//6449 3472//6449 3471//6449
f 3510//6450 3508//6450 3472//6450
f 3511//6451 3471//6451 3470//6451
f 3511//6452 3510//6452 3471//6452
f 3512//6453 3470//6453 3469//6453
f 3512//6454 3511//6454 3470//6454
f 3513//6455 3469//6455 3468//6455
f 3513//6456 3512//6456 3469//6456
f 3514//6457 3468//6457 3466//6457
f 3514//6458 3513//6458 3468//6458
f 3515//6459 3466//6459 3464//6459
f 3515//6460 3514//6460 3466//6460
f 3516//6461 3464//6461 3462//6461
f 3516//6462 3515//6462 3464//6462
f 3517//6463 3462//6463 3460//6463
f 3517//6464 3516//6464 3462//6464
f 3518//6465 3460//6465 3458//6465
f 3518//6466 3517//6466 3460//6466
f 3519//6467 3518//6467 3458//6467
f 3519//6468 3458//6468 3456//6468
f 3520//6469 3519//6469 3456//6469
f 3520//6470 3456//6470 3454//6470
f 3521//6471 3520//6471 3454//6471
f 3521//6472 3454//6472 3452//6472
f 3522//6473 3521//6473 3452//6473
f 3522//6474 3452//6474 3450//6474
f 3523//6475 3522//6475 3450//6475
f 3523//6476 3450//6476 3448//6476
f 3524//6477 3523//6477 3448//6477
f 3524//6478 3448//6478 3446//6478
f 3525//6479 3524//6479 3446//6479
f 3525//6480 3446//6480 3444//6480
f 3526//6481 3525//6481 3444//6481
f 3526//6482 3444//6482 3442//6482
f 3527//6483 3442//6483 3440//6483
f 3527//6484 3526//6484 3442//6484
f 3528//6485 3440//6485 3438//6485
f 3528//6486 3527//6486 3440//6486
f 3529//6487 3438//6487 3435//6487
f 3529//6488 3528//6488 3438//6488
f 3530//6489 3433//6489 3431//6489
f 3530//6490 3435//6490 3433//6490
f 3530//6491 3529//6491 3435//6491
f 3531//6492 3530//6492 3431//6492
f 3532//6493 3431//6493 3429//6493
f 3532//6494 3531//6494 3431//6494
f 3533//6495 3429//6495 3428//6495
f 3533//6496 3532//6496 3429//6496
f 3534//6497 3428//6497 3427//6497
f 3534//6498 3533//6498 3428//6498
f 3535//6499 3427//6499 3426//6499
f 3535//6500 3534//6500 3427//6500
f 3536//6501 3426//6501 3425//6501
f 3536//6502 3535//6502 3426//6502
f 3537//6503 3425//6503 3424//6503
f 3537//6504 3536//6504 3425//6504
f 3538//6505 3423//6505 3474//6505
f 3538//6506 3424//6506 3423//6506
f 3538//6507 3537//6507 3424//6507
f 3539//6508 3538//6508 3474//6508
f 3540//6509 3474//6509 3473//6509
f 3540//6510 3539//6510 3474//6510
f 3541//6511 3473//6511 3499//6511
f 3541//6512 3540//6512 3473//6512
f 3542//6513 3499//6513 3500//6513
f 3542//6514 3541//6514 3499//6514
f 3543//6515 3500//6515 3501//6515
f 3543//6516 3542//6516 3500//6516
f 3544//6517 3543//6517 3501//6517
f 3544//6518 3501//6518 3502//6518
f 3545//6519 3544//6519 3502//6519
f 3545//6520 3502//6520 3503//6520
f 3546//6521 3545//6521 3503//6521
f 3546//6522 3503//6522 3396//6522
f 3547//6523 3396//6523 3394//6523
f 3547//6524 3546//6524 3396//6524
f 3548//6525 3394//6525 3392//6525
f 3548//6526 3547//6526 3394//6526
f 3549//6527 3392//6527 3390//6527
f 3549//6528 3548//6528 3392//6528
f 3550//6529 3390//6529 3388//6529
f 3550//6530 3549//6530 3390//6530
f 3551//6531 3388//6531 3386//6531
f 3551//6532 3550//6532 3388//6532
f 3552//6533 3386//6533 3384//6533
f 3552//6534 3551//6534 3386//6534
f 3553//6535 3384//6535 3382//6535
f 3553//6536 3552//6536 3384//6536
f 3554//6537 3382//6537 3380//6537
f 3554//6538 3553//6538 3382//6538
f 3555//6539 3380//6539 3379//6539
f 3555//6540 3554//6540 3380//6540
f 3556//6541 3379//6541 3378//6541
f 3556//6542 3555//6542 3379//6542
f 3557//6543 3378//6543 3381//6543
f 3557//6544 3556//6544 3378//6544
f 3558//6545 3381//6545 3383//6545
f 3558//6546 3557//6546 3381//6546
f 3559//6547 3385//6547 3387//6547
f 3559//6548 3383//6548 3385//6548
f 3559//6549 3558//6549 3383//6549
f 3560//6550 3559//6550 3387//6550
f 3561//6551 3560//6551 3387//6551
f 3561//6552 3387//6552 3389//6552
f 3562//6553 3561//6553 3389//6553
f 3562//6554 3389//6554 3391//6554
f 3563//6555 3562//6555 3391//6555
f 3563//6556 3391//6556 3393//6556
f 3564//6557 3563//6557 3393//6557
f 3564//6558 3393//6558 3395//6558
f 3565//6559 3564//6559 3395//6559
f 3565//6560 3395//6560 3397//6560
f 3566//6561 3565//6561 3397//6561
f 3566//6562 3397//6562 3398//6562
f 3567//6563 3398//6563 3399//6563
f 3567//6564 3566//6564 3398//6564
f 3568//6565 3399//6565 3400//6565
f 3568//6566 3567//6566 3399//6566
f 3569//6567 3400//6567 3401//6567
f 3569//6568 3568//6568 3400//6568
f 3570//6569 3569//6569 3401//6569
f 3570//6570 3401//6570 3402//6570
f 3571//6571 3570//6571 3402//6571
f 3571//6572 3402//6572 3403//6572
f 3572//6573 3571//6573 3403//6573
f 3572//6574 3403//6574 3404//6574
f 3573//6575 3572//6575 3404//6575
f 3573//6576 3404//6576 3405//6576
f 3574//6577 3573//6577 3405//6577
f 3574//6578 3405//6578 3406//6578
f 3575//6579 3574//6579 3406//6579
f 3575//6580 3406//6580 3407//6580
f 3576//6581 3575//6581 3407//6581
f 3576//6582 3407//6582 3408//6582
f 3577//6583 3576//6583 3408//6583
f 3577//6584 3408//6584 3409//6584
f 3578//6585 3577//6585 3409//6585
f 3578//6586 3409//6586 3410//6586
f 3579//6587 3578//6587 3410//6587
f 3579//6588 3410//6588 3411//6588
f 3580//6589 3579//6589 3411//6589
f 3580//6590 3411//6590 3412//6590
f 3581//6591 3580//6591 3412//6591
f 3581//6592 3412//6592 3413//6592
f 3582//6593 3581//6593 3413//6593
f 3582//6594 3413//6594 3414//6594
f 3583//6595 3582//6595 3414//6595
f 3583//6596 3414//6596 3415//6596
f 3584//6597 3583//6597 3415//6597
f 3584//6598 3415//6598 3416//6598
f 3585//6599 3584//6599 3416//6599
f 3585//6600 3416//6600 3417//6600
f 3586//6601 3585//6601 3417//6601
f 3586//6602 3417//6602 3418//6602
f 3587//6603 3586//6603 3418//6603
f 3587//6604 3419//6604 3420//6604
f 3587//6605 3418//6605 3419//6605
f 3588//6606 3587//6606 3420//6606
f 3589//6607 3420//6607 3421//6607
f 3589//6608 3588//6608 3420//6608
f 3590//6609 3421//6609 3498//6609
f 3590//6610 3589//6610 3421//6610
f 3591//6611 3498//6611 3497//6611
f 3591//6612 3590//6612 3498//6612
f 3592//6613 3497//6613 3496//6613
f 3592//6614 3591//6614 3497//6614
f 3593//6615 3496//6615 3495//6615
f 3593//6616 3592//6616 3496//6616
f 3594//6617 3495//6617 3494//6617
f 3594//6618 3593//6618 3495//6618
f 3595//6619 3594//6619 3494//6619
f 3595//6620 3494//6620 3493//6620
f 3596//6621 3595//6621 3493//6621
f 3596//6622 3493//6622 3492//6622
f 3597//6623 3596//6623 3492//6623
f 3597//6624 3492//6624 3491//6624
f 3598//6625 3597//6625 3491//6625
f 3598//6626 3491//6626 3490//6626
f 3599//6627 3598//6627 3490//6627
f 3599//6628 3490//6628 3489//6628
f 3600//6629 3599//6629 3489//6629
f 3600//6630 3489//6630 3488//6630
f 3601//6631 3600//6631 3488//6631
f 3601//6632 3488//6632 3487//6632
f 3602//6633 3601//6633 3487//6633
f 3602//6634 3487//6634 3486//6634
f 3603//6635 3602//6635 3486//6635
f 3603//6636 3486//6636 3485//6636
f 3604//6637 3603//6637 3485//6637
f 3604//6638 3485//6638 3484//6638
f 3605//6639 3604//6639 3484//6639
f 3605//6640 3484//6640 3483//6640
f 3606//6641 3605//6641 3483//6641
f 3606//6642 3483//6642 3482//6642
f 3607//6643 3606//6643 3482//6643
f 3607//6644 3482//6644 3481//6644
f 3608//6645 3481//6645 3480//6645
f 3608//6646 3607//6646 3481//6646
f 3609//6647 3608//6647 3480//6647
f 3609//6648 3480//6648 3479//6648
f 3610//6649 3479//6649 3478//6649
f 3610//6650 3609//6650 3479//6650
f 3611//6651 3478//6651 3477//6651
f 3611//6652 3610//6652 3478//6652
f 3612//6653 3477//6653 3476//6653
f 3612//6654 3611//6654 3477//6654
f 3613//6655 3476//6655 3475//6655
f 3613//6656 3612//6656 3476//6656
f 3614//6657 3475//6657 3467//6657
f 3614//6658 3613//6658 3475//6658
f 3615//6659 3467//6659 3465//6659
f 3615//6660 3614//6660 3467//6660
f 3616//6661 3465//6661 3463//6661
f 3616//6662 3615//6662 3465//6662
f 3617//6663 3463//6663 3461//6663
f 3617//6664 3616//6664 3463//6664
f 3618//6665 3461//6665 3459//6665
f 3618//6666 3617//6666 3461//6666
f 3619//6667 3459//6667 3457//6667
f 3619//6668 3618//6668 3459//6668
f 3620//6669 3457//6669 3455//6669
f 3620//6670 3619//6670 3457//6670
f 3621//6671 3620//6671 3455//6671
f 3621//6672 3455//6672 3453//6672
f 3622//6673 3621//6673 3453//6673
f 3622//6674 3453//6674 3451//6674
f 3623//6675 3622//6675 3451//6675
f 3623//6676 3451//6676 3449//6676
f 3624//6677 3623//6677 3449//6677
f 3624//6678 3449//6678 3447//6678
f 3625//6679 3624//6679 3447//6679
f 3625//6680 3445//6680 3443//6680
f 3625//6681 3447//6681 3445//6681
f 3626//6682 3625//6682 3443//6682
f 3627//6683 3626//6683 3443//6683
f 3627//6684 3443//6684 3441//6684
f 3628//6685 3441//6685 3439//6685
f 3628//6686 3627//6686 3441//6686
f 3629//6687 3628//6687 3439//6687
f 3629//6688 3439//6688 3437//6688
f 3630//6689 3437//6689 3436//6689
f 3630//6690 3629//6690 3437//6690
f 3631//6691 3436//6691 3434//6691
f 3631//6692 3630//6692 3436//6692
f 3632//6693 3434//6693 3432//6693
f 3632//6694 3631//6694 3434//6694
f 3633//6695 3432//6695 3430//6695
f 3633//6696 3632//6696 3432//6696
f 3509//6697 3430//6697 3251//6697
f 3509//6698 3633//6698 3430//6698
f 3634//6699 3504//6699 3507//6699
f 3634//6700 3507//6700 3635//6700
f 3636//6701 3635//6701 3507//6701
f 3506//6702 3636//6702 3507//6702
f 3505//6703 3504//6703 3634//6703
f 3505//6704 3636//6704 3506//6704
f 3637//6705 3505//6705 3634//6705
f 3637//6706 3636//6706 3505//6706
f 3555//6707 3556//6707 3638//6707
f 3638//6708 3554//6708 3555//6708
f 3556//6709 3557//6709 3638//6709
f 3638//6710 3553//6710 3554//6710
f 3557//6711 3558//6711 3638//6711
f 3638//6712 3552//6712 3553//6712
f 3558//6713 3559//6713 3638//6713
f 3638//6714 3551//6714 3552//6714
f 3559//6715 3560//6715 3638//6715
f 3638//6716 3550//6716 3551//6716
f 3560//6717 3561//6717 3638//6717
f 3638//6718 3549//6718 3550//6718
f 3561//6719 3562//6719 3638//6719
f 3638//6720 3548//6720 3549//6720
f 3562//6721 3563//6721 3638//6721
f 3638//6722 3547//6722 3548//6722
f 3563//6723 3564//6723 3638//6723
f 3638//6724 3546//6724 3547//6724
f 3564//6725 3565//6725 3638//6725
f 3565//6726 3566//6726 3638//6726
f 3566//6727 3567//6727 3638//6727
f 3567//6728 3568//6728 3638//6728
f 3568//6729 3569//6729 3638//6729
f 3569//6730 3570//6730 3638//6730
f 3570//6731 3571//6731 3638//6731
f 3571//6732 3572//6732 3638//6732
f 3572//6733 3573//6733 3638//6733
f 3573//6734 3574//6734 3638//6734
f 3574//6735 3575//6735 3638//6735
f 3575//6736 3576//6736 3638//6736
f 3576//6737 3577//6737 3638//6737
f 3577//6738 3578//6738 3638//6738
f 3578//6739 3579//6739 3638//6739
f 3579//6740 3580//6740 3638//6740
f 3580//6741 3581//6741 3638//6741
f 3581//6742 3582//6742 3638//6742
f 3582//6743 3583//6743 3638//6743
f 3583//6744 3584//6744 3638//6744
f 3638//6745 3585//6745 3639//6745
f 3584//6746 3585//6746 3638//6746
f 3585//6747 3586//6747 3639//6747
f 3586//6748 3587//6748 3639//6748
f 3587//6749 3588//6749 3639//6749
f 3588//6750 3589//6750 3639//6750
f 3538//6751 3640//6751 3537//6751
f 3537//6752 3640//6752 3536//6752
f 3536//6753 3640//6753 3535//6753
f 3535//6754 3640//6754 3534//6754
f 3534//6755 3640//6755 3533//6755
f 3533//6756 3640//6756 3532//6756
f 3509//6757 3640//6757 3633//6757
f 3532//6758 3640//6758 3531//6758
f 3633//6759 3640//6759 3632//6759
f 3531//6760 3640//6760 3530//6760
f 3632//6761 3640//6761 3631//6761
f 3530//6762 3640//6762 3529//6762
f 3631//6763 3640//6763 3630//6763
f 3630//6764 3640//6764 3629//6764
f 3529//6765 3640//6765 3528//6765
f 3629//6766 3640//6766 3628//6766
f 3528//6767 3640//6767 3527//6767
f 3628//6768 3640//6768 3627//6768
f 3527//6769 3640//6769 3526//6769
f 3627//6770 3640//6770 3626//6770
f 3526//6771 3640//6771 3525//6771
f 3626//6772 3640//6772 3625//6772
f 3525//6773 3640//6773 3524//6773
f 3625//6774 3640//6774 3624//6774
f 3524//6775 3640//6775 3523//6775
f 3624//6776 3640//6776 3623//6776
f 3523//6777 3640//6777 3522//6777
f 3623//6778 3640//6778 3622//6778
f 3522//6779 3640//6779 3521//6779
f 3622//6780 3640//6780 3621//6780
f 3521//6781 3640//6781 3520//6781
f 3621//6782 3640//6782 3620//6782
f 3520//6783 3640//6783 3519//6783
f 3620//6784 3640//6784 3619//6784
f 3519//6785 3640//6785 3518//6785
f 3619//6786 3640//6786 3618//6786
f 3518//6787 3640//6787 3517//6787
f 3618//6788 3640//6788 3617//6788
f 3517//6789 3640//6789 3516//6789
f 3617//6790 3640//6790 3616//6790
f 3516//6791 3640//6791 3515//6791
f 3616//6792 3640//6792 3615//6792
f 3515//6793 3640//6793 3514//6793
f 3615//6794 3640//6794 3614//6794
f 3514//6795 3640//6795 3513//6795
f 3614//6796 3640//6796 3613//6796
f 3513//6797 3640//6797 3512//6797
f 3512//6798 3640//6798 3511//6798
f 3511//6799 3640//6799 3510//6799
f 3510//6800 3640//6800 3508//6800
f 3508//6801 3640//6801 3509//6801
f 3540//6802 3640//6802 3539//6802
f 3539//6803 3640//6803 3538//6803
f 3613//6804 3641//6804 3612//6804
f 3640//6805 3641//6805 3613//6805
f 3612//6806 3641//6806 3611//6806
f 3611//6807 3641//6807 3610//6807
f 3610//6808 3641//6808 3609//6808
f 3609//6809 3641//6809 3608//6809
f 3608//6810 3641//6810 3607//6810
f 3607//6811 3641//6811 3606//6811
f 3606//6812 3641//6812 3605//6812
f 3605//6813 3641//6813 3604//6813
f 3604//6814 3641//6814 3603//6814
f 3603//6815 3641//6815 3602//6815
f 3602//6816 3641//6816 3601//6816
f 3601//6817 3641//6817 3600//6817
f 3600//6818 3641//6818 3599//6818
f 3599//6819 3641//6819 3598//6819
f 3598//6820 3641//6820 3597//6820
f 3597//6821 3641//6821 3596//6821
f 3596//6822 3641//6822 3595//6822
f 3595//6823 3641//6823 3594//6823
f 3594//6824 3641//6824 3593//6824
f 3593//6825 3641//6825 3592//6825
f 3592//6826 3641//6826 3591//6826
f 3591//6827 3641//6827 3590//6827
f 3590//6828 3641//6828 3589//6828
f 3589//6829 3641//6829 3639//6829
f 3638//6830 3640//6830 3540//6830
f 3638//6831 3540//6831 3541//6831
f 3638//6832 3541//6832 3542//6832
f 3638//6833 3542//6833 3543//6833
f 3638//6834 3543//6834 3544//6834
f 3638//6835 3544//6835 3545//6835
f 3638//6836 3545//6836 3546//6836
f 3640//6837 3638//6837 3635//6837
f 3640//6838 3635//6838 3636//6838
f 3636//6839 3637//6839 3640//6839
f 3640//6840 3637//6840 3641//6840
f 3634//6841 3635//6841 3638//6841
f 3634//6842 3638//6842 3639//6842
f 3639//6843 3641//6843 3634//6843
f 3634//6844 3641//6844 3637//6844
f 3642//6845 3643//6845 3644//6845
f 3644//6846 3643//6846 3645//6846
f 3646//6847 3647//6847 3648//6847
f 3646//6848 3648//6848 3649//6848
f 3647//6849 3646//6849 3642//6849
f 3642//6850 3646//6850 3643//6850
f 3649//6851 3648//6851 3644//6851
f 3649//6852 3644//6852 3645//6852
f 3644//6853 3648//6853 3642//6853
f 3642//6854 3648//6854 3647//6854
f 3649//6855 3645//6855 3643//6855
f 3649//6856 3643//6856 3646//6856
f 3650//6857 3651//6857 3652//6857
f 3651//6858 3653//6858 3652//6858
f 3654//6859 3655//6859 3656//6859
f 3657//6860 3654//6860 3656//6860
f 3651//6861 3654//6861 3653//6861
f 3654//6862 3657//6862 3653//6862
f 3655//6863 3650//6863 3652//6863
f 3656//6864 3655//6864 3652//6864
f 3650//6865 3654//6865 3651//6865
f 3650//6866 3655//6866 3654//6866
f 3657//6867 3652//6867 3653//6867
f 3656//6868 3652//6868 3657//6868
f 3658//6869 3659//6869 3660//6869
f 3660//6870 3659//6870 3661//6870
f 3658//6871 3662//6871 3659//6871
f 3665//6872 3660//6872 3661//6872
f 3660//6873 3664//6873 3658//6873
f 3658//6874 3664//6874 3663//6874
f 3665//6875 3661//6875 3659//6875
f 3670//6876 3671//6876 3672//6876
f 3670//6877 3672//6877 3673//6877
f 3671//6878 3670//6878 3666//6878
f 3673//6879 3672//6879 3668//6879
f 3668//6880 3672//6880 3666//6880
f 3666//6881 3672//6881 3671//6881
f 3673//6882 3667//6882 3670//6882
f 3674//6883 3675//6883 3676//6883
f 3676//6884 3675//6884 3677//6884
f 3674//6885 3678//6885 3675//6885
f 3681//6886 3676//6886 3677//6886
f 3676//6887 3680//6887 3674//6887
f 3674//6888 3680//6888 3679//6888
f 3681//6889 3677//6889 3675//6889
f 3686//6890 3687//6890 3688//6890
f 3686//6891 3688//6891 3689//6891
f 3687//6892 3686//6892 3682//6892
f 3689//6893 3688//6893 3684//6893
f 3684//6894 3688//6894 3682//6894
f 3682//6895 3688//6895 3687//6895
f 3689//6896 3683//6896 3686//6896
f 3690//6897 3691//6897 3692//6897
f 3692//6898 3691//6898 3693//6898
f 3693//6899 3694//6899 3695//6899
f 3691//6900 3694//6900 3693//6900
f 3695//6901 3696//6901 3697//6901
f 3697//6902 3696//6902 3698//6902
f 3694//6903 3696//6903 3695//6903
f 3696//6904 3699//6904 3698//6904
f 3698//6905 3700//6905 3701//6905
f 3701//6906 3700//6906 3702//6906
f 3699//6907 3700//6907 3698//6907
f 3700//6908 3703//6908 3702//6908
f 3703//6909 3704//6909 3702//6909
f 3702//6910 3704//6910 3705//6910
f 3705//6911 3706//6911 3707//6911
f 3704//6912 3706//6912 3705//6912
f 3706//6913 3708//6913 3707//6913
f 3707//6914 3708//6914 3709//6914
f 3709//6915 3710//6915 3711//6915
f 3711//6916 3710//6916 3712//6916
f 3708//6917 3710//6917 3709//6917
f 3710//6918 3713//6918 3712//6918
f 3712//6919 3714//6919 3763//6919
f 3713//6920 3714//6920 3712//6920
f 3763//6921 3715//6921 3716//6921
f 3714//6922 3715//6922 3763//6922
f 3716//6923 3717//6923 3718//6923
f 3718//6924 3717//6924 3719//6924
f 3715//6925 3717//6925 3716//6925
f 3717//6926 3720//6926 3719//6926
f 3719//6927 3721//6927 3722//6927
f 3720//6928 3721//6928 3719//6928
f 3722//6929 3723//6929 3724//6929
f 3721//6930 3723//6930 3722//6930
f 3724//6931 3725//6931 3726//6931
f 3726//6932 3725//6932 3727//6932
f 3723//6933 3725//6933 3724//6933
f 3725//6934 3728//6934 3727//6934
f 3727//6935 3729//6935 3730//6935
f 3730//6936 3729//6936 3731//6936
f 3728//6937 3729//6937 3727//6937
f 3731//6938 3732//6938 3733//6938
f 3729//6939 3732//6939 3731//6939
f 3732//6940 3734//6940 3733//6940
f 3733//6941 3735//6941 3736//6941
f 3736//6942 3735//6942 3737//6942
f 3734//6943 3735//6943 3733//6943
f 3735//6944 3738//6944 3737//6944
f 3737//6945 3739//6945 3740//6945
f 3738//6946 3739//6946 3737//6946
f 3740//6947 3741//6947 3762//6947
f 3739//6948 3741//6948 3740//6948
f 3762//6949 3742//6949 3743//6949
f 3741//6950 3742//6950 3762//6950
f 3743//6951 3744//6951 3745//6951
f 3742//6952 3744//6952 3743//6952
f 3745//6953 3746//6953 3747//6953
f 3744//6954 3746//6954 3745//6954
f 3747//6955 3748//6955 3749//6955
f 3749//6956 3748//6956 3750//6956
f 3746//6957 3748//6957 3747//6957
f 3748//6958 3751//6958 3750//6958
f 3751//6959 3752//6959 3750//6959
f 3750//6960 3752//6960 3753//6960
f 3752//6961 3754//6961 3753//6961
f 3753//6962 3754//6962 3755//6962
f 3754//6963 3756//6963 3755//6963
f 3755//6964 3756//6964 3757//6964
f 3756//6965 3758//6965 3757//6965
f 3757//6966 3758//6966 3759//6966
f 3758//6967 3760//6967 3759//6967
f 3759//6968 3760//6968 3761//6968
f 3760//6969 3690//6969 3761//6969
f 3761//6970 3690//6970 3692//6970
f 3738//6971 3741//6971 3739//6971
f 3729//6972 3728//6972 3732//6972
f 3741//6973 3744//6973 3742//6973
f 3738//6974 3744//6974 3741//6974
f 3732//6975 3725//6975 3734//6975
f 3734//6976 3725//6976 3735//6976
f 3735//6977 3725//6977 3738//6977
f 3728//6978 3725//6978 3732//6978
f 3744//6979 3752//6979 3746//6979
f 3746//6980 3752//6980 3748//6980
f 3748//6981 3752//6981 3751//6981
f 3717//6982 3715//6982 3720//6982
f 3720//6983 3715//6983 3721//6983
f 3721//6984 3715//6984 3723//6984
f 3723//6985 3715//6985 3725//6985
f 3752//6986 3756//6986 3754//6986
f 3714//6987 3713//6987 3715//6987
f 3756//6988 3760//6988 3758//6988
f 3752//6989 3760//6989 3756//6989
f 3744//6990 3760//6990 3752//6990
f 3710//6991 3708//6991 3713//6991
f 3713//6992 3706//6992 3715//6992
f 3708//6993 3706//6993 3713//6993
f 3690//6994 3696//6994 3691//6994
f 3691//6995 3696//6995 3694//6995
f 3704//6996 3703//6996 3706//6996
f 3760//6997 3699//6997 3690//6997
f 3690//6998 3699//6998 3696//6998
f 3760//6999 3700//6999 3699//6999
f 3725//7000 3700//7000 3738//7000
f 3738//7001 3700//7001 3744//7001
f 3715//7002 3700//7002 3725//7002
f 3744//7003 3700//7003 3760//7003
f 3706//7004 3700//7004 3715//7004
f 3703//7005 3700//7005 3706//7005
f 3762//7006 3737//7006 3740//7006
f 3727//7007 3730//7007 3731//7007
f 3745//7008 3762//7008 3743//7008
f 3745//7009 3737//7009 3762//7009
f 3726//7010 3731//7010 3733//7010
f 3726//7011 3733//7011 3736//7011
f 3726//7012 3736//7012 3737//7012
f 3726//7013 3727//7013 3731//7013
f 3753//7014 3745//7014 3747//7014
f 3753//7015 3747//7015 3749//7015
f 3753//7016 3749//7016 3750//7016
f 3716//7017 3718//7017 3719//7017
f 3716//7018 3719//7018 3722//7018
f 3716//7019 3722//7019 3724//7019
f 3716//7020 3724//7020 3726//7020
f 3757//7021 3753//7021 3755//7021
f 3712//7022 3763//7022 3716//7022
f 3761//7023 3757//7023 3759//7023
f 3761//7024 3753//7024 3757//7024
f 3761//7025 3745//7025 3753//7025
f 3709//7026 3711//7026 3712//7026
f 3707//7027 3712//7027 3716//7027
f 3707//7028 3709//7028 3712//7028
f 3697//7029 3692//7029 3693//7029
f 3697//7030 3693//7030 3695//7030
f 3702//7031 3705//7031 3707//7031
f 3698//7032 3761//7032 3692//7032
f 3698//7033 3692//7033 3697//7033
f 3701//7034 3761//7034 3698//7034
f 3701//7035 3726//7035 3737//7035
f 3701//7036 3737//7036 3745//7036
f 3701//7037 3716//7037 3726//7037
f 3701//7038 3745//7038 3761//7038
f 3701//7039 3707//7039 3716//7039
f 3701//7040 3702//7040 3707//7040
f 3764//7041 3765//7041 3766//7041
f 3766//7042 3765//7042 3767//7042
f 3767//7043 3768//7043 3769//7043
f 3765//7044 3768//7044 3767//7044
f 3769//7045 3770//7045 3771//7045
f 3768//7046 3770//7046 3769//7046
f 3771//7047 3772//7047 3773//7047
f 3770//7048 3772//7048 3771//7048
f 3773//7049 3774//7049 3775//7049
f 3772//7050 3774//7050 3773//7050
f 3774//7051 3776//7051 3775//7051
f 3775//7052 3776//7052 3777//7052
f 3777//7053 3776//7053 3778//7053
f 3776//7054 3779//7054 3778//7054
f 3778//7055 3779//7055 3780//7055
f 3779//7056 3781//7056 3780//7056
f 3781//7057 3782//7057 3780//7057
f 3780//7058 3782//7058 3783//7058
f 3783//7059 3784//7059 3785//7059
f 3782//7060 3784//7060 3783//7060
f 3785//7061 3786//7061 3787//7061
f 3784//7062 3786//7062 3785//7062
f 3787//7063 3788//7063 3789//7063
f 3786//7064 3788//7064 3787//7064
f 3789//7065 3790//7065 3791//7065
f 3788//7066 3790//7066 3789//7066
f 3791//7067 3792//7067 3793//7067
f 3793//7068 3792//7068 3794//7068
f 3790//7069 3792//7069 3791//7069
f 3792//7070 3795//7070 3794//7070
f 3794//7071 3796//7071 3797//7071
f 3795//7072 3796//7072 3794//7072
f 3797//7073 3798//7073 3837//7073
f 3796//7074 3798//7074 3797//7074
f 3837//7075 3799//7075 3800//7075
f 3798//7076 3799//7076 3837//7076
f 3800//7077 3801//7077 3802//7077
f 3802//7078 3801//7078 3803//7078
f 3799//7079 3801//7079 3800//7079
f 3803//7080 3804//7080 3834//7080
f 3801//7081 3804//7081 3803//7081
f 3804//7082 3805//7082 3834//7082
f 3834//7083 3806//7083 3807//7083
f 3807//7084 3806//7084 3808//7084
f 3805//7085 3806//7085 3834//7085
f 3806//7086 3809//7086 3808//7086
f 3808//7087 3810//7087 3811//7087
f 3809//7088 3810//7088 3808//7088
f 3811//7089 3812//7089 3813//7089
f 3813//7090 3812//7090 3814//7090
f 3810//7091 3812//7091 3811//7091
f 3812//7092 3815//7092 3814//7092
f 3814//7093 3816//7093 3817//7093
f 3815//7094 3816//7094 3814//7094
f 3817//7095 3818//7095 3819//7095
f 3819//7096 3818//7096 3835//7096
f 3816//7097 3818//7097 3817//7097
f 3818//7098 3820//7098 3835//7098
f 3835//7099 3821//7099 3822//7099
f 3820//7100 3821//7100 3835//7100
f 3821//7101 3823//7101 3822//7101
f 3822//7102 3823//7102 3836//7102
f 3823//7103 3824//7103 3836//7103
f 3836//7104 3824//7104 3825//7104
f 3825//7105 3824//7105 3826//7105
f 3826//7106 3827//7106 3828//7106
f 3824//7107 3827//7107 3826//7107
f 3827//7108 3829//7108 3828//7108
f 3829//7109 3830//7109 3828//7109
f 3828//7110 3830//7110 3831//7110
f 3831//7111 3830//7111 3832//7111
f 3830//7112 3833//7112 3832//7112
f 3833//7113 3764//7113 3832//7113
f 3832//7114 3764//7114 3766//7114
f 3810//7115 3815//7115 3812//7115
f 3804//7116 3801//7116 3805//7116
f 3815//7117 3818//7117 3816//7117
f 3810//7118 3818//7118 3815//7118
f 3805//7119 3799//7119 3806//7119
f 3806//7120 3799//7120 3809//7120
f 3809//7121 3799//7121 3810//7121
f 3801//7122 3799//7122 3805//7122
f 3818//7123 3824//7123 3820//7123
f 3820//7124 3824//7124 3821//7124
f 3821//7125 3824//7125 3823//7125
f 3792//7126 3790//7126 3795//7126
f 3795//7127 3790//7127 3796//7127
f 3796//7128 3790//7128 3798//7128
f 3798//7129 3790//7129 3799//7129
f 3824//7130 3829//7130 3827//7130
f 3788//7131 3786//7131 3790//7131
f 3829//7132 3833//7132 3830//7132
f 3824//7133 3833//7133 3829//7133
f 3818//7134 3833//7134 3824//7134
f 3784//7135 3782//7135 3786//7135
f 3786//7136 3781//7136 3790//7136
f 3782//7137 3781//7137 3786//7137
f 3764//7138 3770//7138 3765//7138
f 3765//7139 3770//7139 3768//7139
f 3779//7140 3776//7140 3781//7140
f 3833//7141 3772//7141 3764//7141
f 3764//7142 3772//7142 3770//7142
f 3833//7143 3774//7143 3772//7143
f 3799//7144 3774//7144 3810//7144
f 3810//7145 3774//7145 3818//7145
f 3790//7146 3774//7146 3799//7146
f 3818//7147 3774//7147 3833//7147
f 3781//7148 3774//7148 3790//7148
f 3776//7149 3774//7149 3781//7149
f 3814//7150 3811//7150 3813//7150
f 3802//7151 3803//7151 3834//7151
f 3819//7152 3814//7152 3817//7152
f 3819//7153 3811//7153 3814//7153
f 3800//7154 3834//7154 3807//7154
f 3800//7155 3807//7155 3808//7155
f 3800//7156 3808//7156 3811//7156
f 3800//7157 3802//7157 3834//7157
f 3825//7158 3819//7158 3835//7158
f 3825//7159 3835//7159 3822//7159
f 3825//7160 3822//7160 3836//7160
f 3791//7161 3793//7161 3794//7161
f 3791//7162 3794//7162 3797//7162
f 3791//7163 3797//7163 3837//7163
f 3791//7164 3837//7164 3800//7164
f 3828//7165 3825//7165 3826//7165
f 3787//7166 3789//7166 3791//7166
f 3832//7167 3828//7167 3831//7167
f 3832//7168 3825//7168 3828//7168
f 3832//7169 3819//7169 3825//7169
f 3783//7170 3785//7170 3787//7170
f 3780//7171 3787//7171 3791//7171
f 3780//7172 3783//7172 3787//7172
f 3771//7173 3766//7173 3767//7173
f 3771//7174 3767//7174 3769//7174
f 3777//7175 3778//7175 3780//7175
f 3773//7176 3832//7176 3766//7176
f 3773//7177 3766//7177 3771//7177
f 3775//7178 3832//7178 3773//7178
f 3775//7179 3800//7179 3811//7179
f 3775//7180 3811//7180 3819//7180
f 3775//7181 3791//7181 3800//7181
f 3775//7182 3819//7182 3832//7182
f 3775//7183 3780//7183 3791//7183
f 3775//7184 3777//7184 3780//7184
f 3838//7185 3839//7185 3840//7185
f 3840//7186 3839//7186 3841//7186
f 3841//7187 3842//7187 3843//7187
f 3839//7188 3842//7188 3841//7188
f 3843//7189 3844//7189 3845//7189
f 3845//7190 3844//7190 3846//7190
f 3842//7191 3844//7191 3843//7191
f 3844//7192 3847//7192 3846//7192
f 3846//7193 3848//7193 3849//7193
f 3849//7194 3848//7194 3850//7194
f 3847//7195 3848//7195 3846//7195
f 3848//7196 3851//7196 3850//7196
f 3851//7197 3852//7197 3850//7197
f 3850//7198 3852//7198 3853//7198
f 3853//7199 3854//7199 3855//7199
f 3852//7200 3854//7200 3853//7200
f 3854//7201 3856//7201 3855//7201
f 3855//7202 3856//7202 3857//7202
f 3857//7203 3858//7203 3859//7203
f 3859//7204 3858//7204 3860//7204
f 3856//7205 3858//7205 3857//7205
f 3858//7206 3861//7206 3860//7206
f 3860//7207 3862//7207 3863//7207
f 3861//7208 3862//7208 3860//7208
f 3863//7209 3864//7209 3865//7209
f 3862//7210 3864//7210 3863//7210
f 3865//7211 3866//7211 3867//7211
f 3867//7212 3866//7212 3868//7212
f 3864//7213 3866//7213 3865//7213
f 3866//7214 3869//7214 3868//7214
f 3868//7215 3870//7215 3871//7215
f 3869//7216 3870//7216 3868//7216
f 3871//7217 3872//7217 3873//7217
f 3870//7218 3872//7218 3871//7218
f 3873//7219 3874//7219 3875//7219
f 3875//7220 3874//7220 3876//7220
f 3872//7221 3874//7221 3873//7221
f 3874//7222 3877//7222 3876//7222
f 3876//7223 3878//7223 3879//7223
f 3879//7224 3878//7224 3880//7224
f 3877//7225 3878//7225 3876//7225
f 3880//7226 3881//7226 3882//7226
f 3878//7227 3881//7227 3880//7227
f 3881//7228 3883//7228 3882//7228
f 3882//7229 3884//7229 3885//7229
f 3885//7230 3884//7230 3886//7230
f 3883//7231 3884//7231 3882//7231
f 3884//7232 3887//7232 3886//7232
f 3886//7233 3888//7233 3889//7233
f 3887//7234 3888//7234 3886//7234
f 3889//7235 3890//7235 3891//7235
f 3888//7236 3890//7236 3889//7236
f 3891//7237 3892//7237 3893//7237
f 3890//7238 3892//7238 3891//7238
f 3893//7239 3894//7239 3895//7239
f 3892//7240 3894//7240 3893//7240
f 3895//7241 3896//7241 3897//7241
f 3894//7242 3896//7242 3895//7242
f 3897//7243 3898//7243 3899//7243
f 3899//7244 3898//7244 3900//7244
f 3896//7245 3898//7245 3897//7245
f 3898//7246 3901//7246 3900//7246
f 3901//7247 3902//7247 3900//7247
f 3900//7248 3902//7248 3903//7248
f 3902//7249 3904//7249 3903//7249
f 3903//7250 3904//7250 3905//7250
f 3904//7251 3906//7251 3905//7251
f 3905//7252 3906//7252 3907//7252
f 3906//7253 3908//7253 3907//7253
f 3907//7254 3908//7254 3909//7254
f 3908//7255 3910//7255 3909//7255
f 3909//7256 3910//7256 3911//7256
f 3910//7257 3838//7257 3911//7257
f 3911//7258 3838//7258 3840//7258
f 3887//7259 3890//7259 3888//7259
f 3878//7260 3877//7260 3881//7260
f 3890//7261 3894//7261 3892//7261
f 3887//7262 3894//7262 3890//7262
f 3881//7263 3874//7263 3883//7263
f 3883//7264 3874//7264 3884//7264
f 3884//7265 3874//7265 3887//7265
f 3877//7266 3874//7266 3881//7266
f 3894//7267 3902//7267 3896//7267
f 3896//7268 3902//7268 3898//7268
f 3898//7269 3902//7269 3901//7269
f 3866//7270 3864//7270 3869//7270
f 3869//7271 3864//7271 3870//7271
f 3870//7272 3864//7272 3872//7272
f 3872//7273 3864//7273 3874//7273
f 3902//7274 3906//7274 3904//7274
f 3862//7275 3861//7275 3864//7275
f 3906//7276 3910//7276 3908//7276
f 3902//7277 3910//7277 3906//7277
f 3894//7278 3910//7278 3902//7278
f 3858//7279 3856//7279 3861//7279
f 3861//7280 3854//7280 3864//7280
f 3856//7281 3854//7281 3861//7281
f 3838//7282 3844//7282 3839//7282
f 3839//7283 3844//7283 3842//7283
f 3852//7284 3851//7284 3854//7284
f 3910//7285 3847//7285 3838//7285
f 3838//7286 3847//7286 3844//7286
f 3910//7287 3848//7287 3847//7287
f 3874//7288 3848//7288 3887//7288
f 3887//7289 3848//7289 3894//7289
f 3864//7290 3848//7290 3874//7290
f 3894//7291 3848//7291 3910//7291
f 3854//7292 3848//7292 3864//7292
f 3851//7293 3848//7293 3854//7293
f 3891//7294 3886//7294 3889//7294
f 3876//7295 3879//7295 3880//7295
f 3895//7296 3891//7296 3893//7296
f 3895//7297 3886//7297 3891//7297
f 3875//7298 3880//7298 3882//7298
f 3875//7299 3882//7299 3885//7299
f 3875//7300 3885//7300 3886//7300
f 3875//7301 3876//7301 3880//7301
f 3903//7302 3895//7302 3897//7302
f 3903//7303 3897//7303 3899//7303
f 3903//7304 3899//7304 3900//7304
f 3865//7305 3867//7305 3868//7305
f 3865//7306 3868//7306 3871//7306
f 3865//7307 3871//7307 3873//7307
f 3865//7308 3873//7308 3875//7308
f 3907//7309 3903//7309 3905//7309
f 3860//7310 3863//7310 3865//7310
f 3911//7311 3907//7311 3909//7311
f 3911//7312 3903//7312 3907//7312
f 3911//7313 3895//7313 3903//7313
f 3857//7314 3859//7314 3860//7314
f 3855//7315 3860//7315 3865//7315
f 3855//7316 3857//7316 3860//7316
f 3845//7317 3840//7317 3841//7317
f 3845//7318 3841//7318 3843//7318
f 3850//7319 3853//7319 3855//7319
f 3846//7320 3911//7320 3840//7320
f 3846//7321 3840//7321 3845//7321
f 3849//7322 3911//7322 3846//7322
f 3849//7323 3875//7323 3886//7323
f 3849//7324 3886//7324 3895//7324
f 3849//7325 3865//7325 3875//7325
f 3849//7326 3895//7326 3911//7326
f 3849//7327 3855//7327 3865//7327
f 3849//7328 3850//7328 3855//7328
f 3912//7329 3913//7329 3914//7329
f 3914//7330 3913//7330 3915//7330
f 3915//7331 3916//7331 3917//7331
f 3913//7332 3916//7332 3915//7332
f 3917//7333 3918//7333 3919//7333
f 3916//7334 3918//7334 3917//7334
f 3919//7335 3920//7335 3921//7335
f 3918//7336 3920//7336 3919//7336
f 3921//7337 3922//7337 3923//7337
f 3920//7338 3922//7338 3921//7338
f 3922//7339 3924//7339 3923//7339
f 3923//7340 3924//7340 3925//7340
f 3925//7341 3924//7341 3926//7341
f 3924//7342 3927//7342 3926//7342
f 3926//7343 3927//7343 3928//7343
f 3927//7344 3929//7344 3928//7344
f 3929//7345 3930//7345 3928//7345
f 3928//7346 3930//7346 3931//7346
f 3931//7347 3932//7347 3933//7347
f 3930//7348 3932//7348 3931//7348
f 3933//7349 3934//7349 3935//7349
f 3932//7350 3934//7350 3933//7350
f 3935//7351 3936//7351 3937//7351
f 3934//7352 3936//7352 3935//7352
f 3937//7353 3938//7353 3939//7353
f 3936//7354 3938//7354 3937//7354
f 3939//7355 3940//7355 3941//7355
f 3941//7356 3940//7356 3942//7356
f 3938//7357 3940//7357 3939//7357
f 3940//7358 3943//7358 3942//7358
f 3942//7359 3944//7359 3945//7359
f 3943//7360 3944//7360 3942//7360
f 3945//7361 3946//7361 3947//7361
f 3944//7362 3946//7362 3945//7362
f 3947//7363 3948//7363 3949//7363
f 3946//7364 3948//7364 3947//7364
f 3949//7365 3950//7365 3951//7365
f 3951//7366 3950//7366 3952//7366
f 3948//7367 3950//7367 3949//7367
f 3952//7368 3953//7368 3954//7368
f 3950//7369 3953//7369 3952//7369
f 3953//7370 3955//7370 3954//7370
f 3954//7371 3956//7371 3957//7371
f 3957//7372 3956//7372 3958//7372
f 3955//7373 3956//7373 3954//7373
f 3956//7374 3959//7374 3958//7374
f 3958//7375 3960//7375 3961//7375
f 3959//7376 3960//7376 3958//7376
f 3961//7377 3962//7377 3963//7377
f 3963//7378 3962//7378 3964//7378
f 3960//7379 3962//7379 3961//7379
f 3962//7380 3965//7380 3964//7380
f 3964//7381 3966//7381 3967//7381
f 3965//7382 3966//7382 3964//7382
f 3967//7383 3968//7383 3969//7383
f 3969//7384 3968//7384 3970//7384
f 3966//7385 3968//7385 3967//7385
f 3968//7386 3971//7386 3970//7386
f 3970//7387 3972//7387 3973//7387
f 3971//7388 3972//7388 3970//7388
f 3972//7389 3974//7389 3973//7389
f 3973//7390 3974//7390 3975//7390
f 3974//7391 3976//7391 3975//7391
f 3975//7392 3976//7392 3977//7392
f 3977//7393 3976//7393 3978//7393
f 3978//7394 3979//7394 3980//7394
f 3976//7395 3979//7395 3978//7395
f 3979//7396 3981//7396 3980//7396
f 3981//7397 3982//7397 3980//7397
f 3980//7398 3982//7398 3983//7398
f 3983//7399 3982//7399 3984//7399
f 3982//7400 3985//7400 3984//7400
f 3985//7401 3912//7401 3984//7401
f 3984//7402 3912//7402 3914//7402
f 3960//7403 3965//7403 3962//7403
f 3953//7404 3950//7404 3955//7404
f 3965//7405 3968//7405 3966//7405
f 3960//7406 3968//7406 3965//7406
f 3955//7407 3948//7407 3956//7407
f 3956//7408 3948//7408 3959//7408
f 3959//7409 3948//7409 3960//7409
f 3950//7410 3948//7410 3955//7410
f 3968//7411 3976//7411 3971//7411
f 3971//7412 3976//7412 3972//7412
f 3972//7413 3976//7413 3974//7413
f 3940//7414 3938//7414 3943//7414
f 3943//7415 3938//7415 3944//7415
f 3944//7416 3938//7416 3946//7416
f 3946//7417 3938//7417 3948//7417
f 3976//7418 3981//7418 3979//7418
f 3936//7419 3934//7419 3938//7419
f 3981//7420 3985//7420 3982//7420
f 3976//7421 3985//7421 3981//7421
f 3968//7422 3985//7422 3976//7422
f 3932//7423 3930//7423 3934//7423
f 3934//7424 3929//7424 3938//7424
f 3930//7425 3929//7425 3934//7425
f 3912//7426 3918//7426 3913//7426
f 3913//7427 3918//7427 3916//7427
f 3927//7428 3924//7428 3929//7428
f 3985//7429 3920//7429 3912//7429
f 3912//7430 3920//7430 3918//7430
f 3985//7431 3922//7431 3920//7431
f 3948//7432 3922//7432 3960//7432
f 3960//7433 3922//7433 3968//7433
f 3938//7434 3922//7434 3948//7434
f 3968//7435 3922//7435 3985//7435
f 3929//7436 3922//7436 3938//7436
f 3924//7437 3922//7437 3929//7437
f 3964//7438 3961//7438 3963//7438
f 3951//7439 3952//7439 3954//7439
f 3969//7440 3964//7440 3967//7440
f 3969//7441 3961//7441 3964//7441
f 3949//7442 3954//7442 3957//7442
f 3949//7443 3957//7443 3958//7443
f 3949//7444 3958//7444 3961//7444
f 3949//7445 3951//7445 3954//7445
f 3977//7446 3969//7446 3970//7446
f 3977//7447 3970//7447 3973//7447
f 3977//7448 3973//7448 3975//7448
f 3939//7449 3941//7449 3942//7449
f 3939//7450 3942//7450 3945//7450
f 3939//7451 3945//7451 3947//7451
f 3939//7452 3947//7452 3949//7452
f 3980//7453 3977//7453 3978//7453
f 3935//7454 3937//7454 3939//7454
f 3984//7455 3980//7455 3983//7455
f 3984//7456 3977//7456 3980//7456
f 3984//7457 3969//7457 3977//7457
f 3931//7458 3933//7458 3935//7458
f 3928//7459 3935//7459 3939//7459
f 3928//7460 3931//7460 3935//7460
f 3919//7461 3914//7461 3915//7461
f 3919//7462 3915//7462 3917//7462
f 3925//7463 3926//7463 3928//7463
f 3921//7464 3984//7464 3914//7464
f 3921//7465 3914//7465 3919//7465
f 3923//7466 3984//7466 3921//7466
f 3923//7467 3949//7467 3961//7467
f 3923//7468 3961//7468 3969//7468
f 3923//7469 3939//7469 3949//7469
f 3923//7470 3969//7470 3984//7470
f 3923//7471 3928//7471 3939//7471
f 3923//7472 3925//7472 3928//7472
f 3986//7473 3987//7473 3988//7473
f 3988//7474 3987//7474 3989//7474
f 3989//7475 3990//7475 3991//7475
f 3987//7476 3990//7476 3989//7476
f 3991//7477 3992//7477 3993//7477
f 3993//7478 3992//7478 3994//7478
f 3990//7479 3992//7479 3991//7479
f 3992//7480 3995//7480 3994//7480
f 3994//7481 3996//7481 3997//7481
f 3997//7482 3996//7482 3998//7482
f 3995//7483 3996//7483 3994//7483
f 3996//7484 3999//7484 3998//7484
f 3999//7485 4000//7485 3998//7485
f 3998//7486 4000//7486 4001//7486
f 4001//7487 4002//7487 4003//7487
f 4000//7488 4002//7488 4001//7488
f 4002//7489 4004//7489 4003//7489
f 4003//7490 4004//7490 4005//7490
f 4005//7491 4006//7491 4007//7491
f 4007//7492 4006//7492 4008//7492
f 4004//7493 4006//7493 4005//7493
f 4006//7494 4009//7494 4008//7494
f 4008//7495 4010//7495 4011//7495
f 4009//7496 4010//7496 4008//7496
f 4011//7497 4012//7497 4013//7497
f 4010//7498 4012//7498 4011//7498
f 4013//7499 4014//7499 4015//7499
f 4015//7500 4014//7500 4016//7500
f 4012//7501 4014//7501 4013//7501
f 4014//7502 4017//7502 4016//7502
f 4016//7503 4018//7503 4019//7503
f 4017//7504 4018//7504 4016//7504
f 4019//7505 4020//7505 4021//7505
f 4018//7506 4020//7506 4019//7506
f 4021//7507 4022//7507 4023//7507
f 4023//7508 4022//7508 4024//7508
f 4020//7509 4022//7509 4021//7509
f 4022//7510 4025//7510 4024//7510
f 4024//7511 4026//7511 4027//7511
f 4027//7512 4026//7512 4028//7512
f 4025//7513 4026//7513 4024//7513
f 4028//7514 4029//7514 4030//7514
f 4026//7515 4029//7515 4028//7515
f 4029//7516 4031//7516 4030//7516
f 4030//7517 4032//7517 4033//7517
f 4033//7518 4032//7518 4034//7518
f 4031//7519 4032//7519 4030//7519
f 4032//7520 4035//7520 4034//7520
f 4034//7521 4036//7521 4037//7521
f 4035//7522 4036//7522 4034//7522
f 4037//7523 4038//7523 4059//7523
f 4036//7524 4038//7524 4037//7524
f 4059//7525 4039//7525 4040//7525
f 4038//7526 4039//7526 4059//7526
f 4040//7527 4041//7527 4042//7527
f 4039//7528 4041//7528 4040//7528
f 4042//7529 4043//7529 4044//7529
f 4041//7530 4043//7530 4042//7530
f 4044//7531 4045//7531 4046//7531
f 4046//7532 4045//7532 4047//7532
f 4043//7533 4045//7533 4044//7533
f 4045//7534 4048//7534 4047//7534
f 4048//7535 4049//7535 4047//7535
f 4047//7536 4049//7536 4050//7536
f 4049//7537 4051//7537 4050//7537
f 4050//7538 4051//7538 4052//7538
f 4051//7539 4053//7539 4052//7539
f 4052//7540 4053//7540 4054//7540
f 4053//7541 4055//7541 4054//7541
f 4054//7542 4055//7542 4056//7542
f 4055//7543 4057//7543 4056//7543
f 4056//7544 4057//7544 4058//7544
f 4057//7545 3986//7545 4058//7545
f 4058//7546 3986//7546 3988//7546
f 4025//7547 4022//7547 4026//7547
f 4026//7548 4022//7548 4029//7548
f 4018//7549 4017//7549 4020//7549
f 4020//7550 4017//7550 4022//7550
f 4022//7551 4017//7551 4029//7551
f 4029//7552 4014//7552 4031//7552
f 4031//7553 4014//7553 4032//7553
f 4032//7554 4014//7554 4035//7554
f 4017//7555 4014//7555 4029//7555
f 4012//7556 4010//7556 4014//7556
f 4035//7557 4009//7557 4036//7557
f 4036//7558 4009//7558 4038//7558
f 4038//7559 4009//7559 4039//7559
f 4014//7560 4009//7560 4035//7560
f 4010//7561 4009//7561 4014//7561
f 4051//7562 4057//7562 4053//7562
f 4053//7563 4057//7563 4055//7563
f 4004//7564 4002//7564 4006//7564
f 4006//7565 4002//7565 4009//7565
f 4039//7566 4002//7566 4041//7566
f 4041//7567 4002//7567 4043//7567
f 4009//7568 4002//7568 4039//7568
f 3986//7569 3990//7569 3987//7569
f 4057//7570 3990//7570 3986//7570
f 4043//7571 4000//7571 4045//7571
f 4045//7572 4000//7572 4048//7572
f 4002//7573 4000//7573 4043//7573
f 4057//7574 3992//7574 3990//7574
f 4057//7575 3995//7575 3992//7575
f 3999//7576 3996//7576 4000//7576
f 4057//7577 3996//7577 3995//7577
f 4048//7578 3996//7578 4049//7578
f 4049//7579 3996//7579 4051//7579
f 4000//7580 3996//7580 4048//7580
f 4051//7581 3996//7581 4057//7581
f 4023//7582 4024//7582 4027//7582
f 4023//7583 4027//7583 4028//7583
f 4016//7584 4019//7584 4021//7584
f 4016//7585 4021//7585 4023//7585
f 4016//7586 4023//7586 4028//7586
f 4015//7587 4028//7587 4030//7587
f 4015//7588 4030//7588 4033//7588
f 4015//7589 4033//7589 4034//7589
f 4015//7590 4016//7590 4028//7590
f 4011//7591 4013//7591 4015//7591
f 4008//7592 4034//7592 4037//7592
f 4008//7593 4037//7593 4059//7593
f 4008//7594 4059//7594 4040//7594
f 4008//7595 4015//7595 4034//7595
f 4008//7596 4011//7596 4015//7596
f 4058//7597 4052//7597 4054//7597
f 4058//7598 4054//7598 4056//7598
f 4003//7599 4005//7599 4007//7599
f 4003//7600 4007//7600 4008//7600
f 4003//7601 4040//7601 4042//7601
f 4003//7602 4042//7602 4044//7602
f 4003//7603 4008//7603 4040//7603
f 3991//7604 3988//7604 3989//7604
f 3991//7605 4058//7605 3988//7605
f 4001//7606 4044//7606 4046//7606
f 4001//7607 4046//7607 4047//7607
f 4001//7608 4003//7608 4044//7608
f 3993//7609 4058//7609 3991//7609
f 3994//7610 4058//7610 3993//7610
f 3997//7611 3998//7611 4001//7611
f 3997//7612 4058//7612 3994//7612
f 3997//7613 4047//7613 4050//7613
f 3997//7614 4050//7614 4052//7614
f 3997//7615 4001//7615 4047//7615
f 3997//7616 4052//7616 4058//7616
f 4060//7617 4061//7617 4062//7617
f 4062//7618 4061//7618 4063//7618
f 4063//7619 4064//7619 4065//7619
f 4061//7620 4064//7620 4063//7620
f 4065//7621 4066//7621 4067//7621
f 4064//7622 4066//7622 4065//7622
f 4067//7623 4068//7623 4069//7623
f 4066//7624 4068//7624 4067//7624
f 4069//7625 4070//7625 4071//7625
f 4068//7626 4070//7626 4069//7626
f 4070//7627 4072//7627 4071//7627
f 4071//7628 4072//7628 4073//7628
f 4073//7629 4072//7629 4074//7629
f 4072//7630 4075//7630 4074//7630
f 4074//7631 4075//7631 4076//7631
f 4075//7632 4077//7632 4076//7632
f 4077//7633 4078//7633 4076//7633
f 4076//7634 4078//7634 4079//7634
f 4079//7635 4080//7635 4081//7635
f 4078//7636 4080//7636 4079//7636
f 4081//7637 4082//7637 4083//7637
f 4080//7638 4082//7638 4081//7638
f 4083//7639 4084//7639 4085//7639
f 4082//7640 4084//7640 4083//7640
f 4085//7641 4086//7641 4087//7641
f 4084//7642 4086//7642 4085//7642
f 4087//7643 4088//7643 4089//7643
f 4089//7644 4088//7644 4090//7644
f 4086//7645 4088//7645 4087//7645
f 4088//7646 4091//7646 4090//7646
f 4090//7647 4092//7647 4129//7647
f 4091//7648 4092//7648 4090//7648
f 4129//7649 4093//7649 4130//7649
f 4092//7650 4093//7650 4129//7650
f 4130//7651 4094//7651 4095//7651
f 4093//7652 4094//7652 4130//7652
f 4095//7653 4096//7653 4097//7653
f 4097//7654 4096//7654 4127//7654
f 4094//7655 4096//7655 4095//7655
f 4127//7656 4098//7656 4128//7656
f 4096//7657 4098//7657 4127//7657
f 4098//7658 4099//7658 4128//7658
f 4128//7659 4100//7659 4101//7659
f 4101//7660 4100//7660 4102//7660
f 4099//7661 4100//7661 4128//7661
f 4100//7662 4103//7662 4102//7662
f 4102//7663 4104//7663 4105//7663
f 4103//7664 4104//7664 4102//7664
f 4105//7665 4106//7665 4107//7665
f 4107//7666 4106//7666 4108//7666
f 4104//7667 4106//7667 4105//7667
f 4106//7668 4109//7668 4108//7668
f 4108//7669 4110//7669 4111//7669
f 4109//7670 4110//7670 4108//7670
f 4111//7671 4112//7671 4113//7671
f 4113//7672 4112//7672 4132//7672
f 4110//7673 4112//7673 4111//7673
f 4112//7674 4114//7674 4132//7674
f 4132//7675 4115//7675 4116//7675
f 4114//7676 4115//7676 4132//7676
f 4115//7677 4117//7677 4116//7677
f 4116//7678 4117//7678 4133//7678
f 4117//7679 4118//7679 4133//7679
f 4133//7680 4118//7680 4119//7680
f 4119//7681 4118//7681 4131//7681
f 4131//7682 4120//7682 4121//7682
f 4118//7683 4120//7683 4131//7683
f 4120//7684 4122//7684 4121//7684
f 4122//7685 4123//7685 4121//7685
f 4121//7686 4123//7686 4124//7686
f 4124//7687 4123//7687 4125//7687
f 4123//7688 4126//7688 4125//7688
f 4126//7689 4060//7689 4125//7689
f 4125//7690 4060//7690 4062//7690
f 4096//7691 4094//7691 4098//7691
f 4098//7692 4094//7692 4099//7692
f 4092//7693 4091//7693 4093//7693
f 4093//7694 4091//7694 4094//7694
f 4094//7695 4091//7695 4099//7695
f 4099//7696 4088//7696 4100//7696
f 4100//7697 4088//7697 4103//7697
f 4103//7698 4088//7698 4104//7698
f 4091//7699 4088//7699 4099//7699
f 4086//7700 4084//7700 4088//7700
f 4104//7701 4082//7701 4106//7701
f 4106//7702 4082//7702 4109//7702
f 4109//7703 4082//7703 4110//7703
f 4088//7704 4082//7704 4104//7704
f 4084//7705 4082//7705 4088//7705
f 4120//7706 4126//7706 4122//7706
f 4122//7707 4126//7707 4123//7707
f 4078//7708 4077//7708 4080//7708
f 4080//7709 4077//7709 4082//7709
f 4110//7710 4077//7710 4112//7710
f 4112//7711 4077//7711 4114//7711
f 4082//7712 4077//7712 4110//7712
f 4060//7713 4064//7713 4061//7713
f 4126//7714 4064//7714 4060//7714
f 4114//7715 4075//7715 4115//7715
f 4115//7716 4075//7716 4117//7716
f 4077//7717 4075//7717 4114//7717
f 4126//7718 4066//7718 4064//7718
f 4126//7719 4068//7719 4066//7719
f 4072//7720 4070//7720 4075//7720
f 4126//7721 4070//7721 4068//7721
f 4117//7722 4070//7722 4118//7722
f 4118//7723 4070//7723 4120//7723
f 4075//7724 4070//7724 4117//7724
f 4120//7725 4070//7725 4126//7725
f 4095//7726 4097//7726 4127//7726
f 4095//7727 4127//7727 4128//7727
f 4090//7728 4129//7728 4130//7728
f 4090//7729 4130//7729 4095//7729
f 4090//7730 4095//7730 4128//7730
f 4089//7731 4128//7731 4101//7731
f 4089//7732 4101//7732 4102//7732
f 4089//7733 4102//7733 4105//7733
f 4089//7734 4090//7734 4128//7734
f 4085//7735 4087//7735 4089//7735
f 4083//7736 4105//7736 4107//7736
f 4083//7737 4107//7737 4108//7737
f 4083//7738 4108//7738 4111//7738
f 4083//7739 4089//7739 4105//7739
f 4083//7740 4085//7740 4089//7740
f 4125//7741 4131//7741 4121//7741
f 4125//7742 4121//7742 4124//7742
f 4076//7743 4079//7743 4081//7743
f 4076//7744 4081//7744 4083//7744
f 4076//7745 4111//7745 4113//7745
f 4076//7746 4113//7746 4132//7746
f 4076//7747 4083//7747 4111//7747
f 4065//7748 4062//7748 4063//7748
f 4065//7749 4125//7749 4062//7749
f 4074//7750 4132//7750 4116//7750
f 4074//7751 4116//7751 4133//7751
f 4074//7752 4076//7752 4132//7752
f 4067//7753 4125//7753 4065//7753
f 4069//7754 4125//7754 4067//7754
f 4071//7755 4073//7755 4074//7755
f 4071//7756 4125//7756 4069//7756
f 4071//7757 4133//7757 4119//7757
f 4071//7758 4119//7758 4131//7758
f 4071//7759 4074//7759 4133//7759
f 4071//7760 4131//7760 4125//7760
f 4134//7761 4135//7761 4136//7761
f 4136//7762 4135//7762 4137//7762
f 4137//7763 4138//7763 4139//7763
f 4135//7764 4138//7764 4137//7764
f 4139//7765 4140//7765 4141//7765
f 4141//7766 4140//7766 4142//7766
f 4138//7767 4140//7767 4139//7767
f 4140//7768 4143//7768 4142//7768
f 4142//7769 4144//7769 4145//7769
f 4145//7770 4144//7770 4146//7770
f 4143//7771 4144//7771 4142//7771
f 4144//7772 4147//7772 4146//7772
f 4147//7773 4148//7773 4146//7773
f 4146//7774 4148//7774 4149//7774
f 4149//7775 4150//7775 4151//7775
f 4148//7776 4150//7776 4149//7776
f 4150//7777 4152//7777 4151//7777
f 4151//7778 4152//7778 4153//7778
f 4153//7779 4154//7779 4155//7779
f 4155//7780 4154//7780 4156//7780
f 4152//7781 4154//7781 4153//7781
f 4154//7782 4157//7782 4156//7782
f 4156//7783 4158//7783 4159//7783
f 4157//7784 4158//7784 4156//7784
f 4159//7785 4160//7785 4161//7785
f 4158//7786 4160//7786 4159//7786
f 4161//7787 4162//7787 4163//7787
f 4163//7788 4162//7788 4164//7788
f 4160//7789 4162//7789 4161//7789
f 4162//7790 4165//7790 4164//7790
f 4164//7791 4166//7791 4167//7791
f 4165//7792 4166//7792 4164//7792
f 4167//7793 4168//7793 4169//7793
f 4166//7794 4168//7794 4167//7794
f 4169//7795 4170//7795 4171//7795
f 4171//7796 4170//7796 4172//7796
f 4168//7797 4170//7797 4169//7797
f 4170//7798 4173//7798 4172//7798
f 4172//7799 4174//7799 4175//7799
f 4175//7800 4174//7800 4176//7800
f 4173//7801 4174//7801 4172//7801
f 4176//7802 4177//7802 4178//7802
f 4174//7803 4177//7803 4176//7803
f 4177//7804 4179//7804 4178//7804
f 4178//7805 4180//7805 4181//7805
f 4181//7806 4180//7806 4182//7806
f 4179//7807 4180//7807 4178//7807
f 4180//7808 4183//7808 4182//7808
f 4182//7809 4184//7809 4185//7809
f 4183//7810 4184//7810 4182//7810
f 4185//7811 4186//7811 4187//7811
f 4184//7812 4186//7812 4185//7812
f 4187//7813 4188//7813 4189//7813
f 4186//7814 4188//7814 4187//7814
f 4189//7815 4190//7815 4191//7815
f 4188//7816 4190//7816 4189//7816
f 4191//7817 4192//7817 4193//7817
f 4190//7818 4192//7818 4191//7818
f 4193//7819 4194//7819 4195//7819
f 4195//7820 4194//7820 4196//7820
f 4192//7821 4194//7821 4193//7821
f 4194//7822 4197//7822 4196//7822
f 4197//7823 4198//7823 4196//7823
f 4196//7824 4198//7824 4199//7824
f 4198//7825 4200//7825 4199//7825
f 4199//7826 4200//7826 4201//7826
f 4200//7827 4202//7827 4201//7827
f 4201//7828 4202//7828 4203//7828
f 4202//7829 4204//7829 4203//7829
f 4203//7830 4204//7830 4205//7830
f 4204//7831 4206//7831 4205//7831
f 4205//7832 4206//7832 4207//7832
f 4206//7833 4134//7833 4207//7833
f 4207//7834 4134//7834 4136//7834
f 4173//7835 4170//7835 4174//7835
f 4174//7836 4170//7836 4177//7836
f 4166//7837 4165//7837 4168//7837
f 4168//7838 4165//7838 4170//7838
f 4170//7839 4165//7839 4177//7839
f 4177//7840 4162//7840 4179//7840
f 4179//7841 4162//7841 4180//7841
f 4180//7842 4162//7842 4183//7842
f 4165//7843 4162//7843 4177//7843
f 4160//7844 4158//7844 4162//7844
f 4183//7845 4157//7845 4184//7845
f 4184//7846 4157//7846 4186//7846
f 4186//7847 4157//7847 4188//7847
f 4162//7848 4157//7848 4183//7848
f 4158//7849 4157//7849 4162//7849
f 4200//7850 4206//7850 4202//7850
f 4202//7851 4206//7851 4204//7851
f 4152//7852 4150//7852 4154//7852
f 4154//7853 4150//7853 4157//7853
f 4188//7854 4150//7854 4190//7854
f 4190//7855 4150//7855 4192//7855
f 4157//7856 4150//7856 4188//7856
f 4134//7857 4138//7857 4135//7857
f 4206//7858 4138//7858 4134//7858
f 4192//7859 4148//7859 4194//7859
f 4194//7860 4148//7860 4197//7860
f 4150//7861 4148//7861 4192//7861
f 4206//7862 4140//7862 4138//7862
f 4206//7863 4143//7863 4140//7863
f 4147//7864 4144//7864 4148//7864
f 4206//7865 4144//7865 4143//7865
f 4197//7866 4144//7866 4198//7866
f 4198//7867 4144//7867 4200//7867
f 4148//7868 4144//7868 4197//7868
f 4200//7869 4144//7869 4206//7869
f 4171//7870 4172//7870 4175//7870
f 4171//7871 4175//7871 4176//7871
f 4164//7872 4167//7872 4169//7872
f 4164//7873 4169//7873 4171//7873
f 4164//7874 4171//7874 4176//7874
f 4163//7875 4176//7875 4178//7875
f 4163//7876 4178//7876 4181//7876
f 4163//7877 4181//7877 4182//7877
f 4163//7878 4164//7878 4176//7878
f 4159//7879 4161//7879 4163//7879
f 4156//7880 4182//7880 4185//7880
f 4156//7881 4185//7881 4187//7881
f 4156//7882 4187//7882 4189//7882
f 4156//7883 4163//7883 4182//7883
f 4156//7884 4159//7884 4163//7884
f 4207//7885 4201//7885 4203//7885
f 4207//7886 4203//7886 4205//7886
f 4151//7887 4153//7887 4155//7887
f 4151//7888 4155//7888 4156//7888
f 4151//7889 4189//7889 4191//7889
f 4151//7890 4191//7890 4193//7890
f 4151//7891 4156//7891 4189//7891
f 4139//7892 4136//7892 4137//7892
f 4139//7893 4207//7893 4136//7893
f 4149//7894 4193//7894 4195//7894
f 4149//7895 4195//7895 4196//7895
f 4149//7896 4151//7896 4193//7896
f 4141//7897 4207//7897 4139//7897
f 4142//7898 4207//7898 4141//7898
f 4145//7899 4146//7899 4149//7899
f 4145//7900 4207//7900 4142//7900
f 4145//7901 4196//7901 4199//7901
f 4145//7902 4199//7902 4201//7902
f 4145//7903 4149//7903 4196//7903
f 4145//7904 4201//7904 4207//7904
f 4208//7905 4209//7905 4210//7905
f 4210//7906 4209//7906 4211//7906
f 4211//7907 4212//7907 4213//7907
f 4209//7908 4212//7908 4211//7908
f 4213//7909 4214//7909 4215//7909
f 4212//7910 4214//7910 4213//7910
f 4215//7911 4216//7911 4217//7911
f 4214//7912 4216//7912 4215//7912
f 4217//7913 4218//7913 4219//7913
f 4216//7914 4218//7914 4217//7914
f 4218//7915 4220//7915 4219//7915
f 4219//7916 4220//7916 4221//7916
f 4221//7917 4220//7917 4222//7917
f 4220//7918 4223//7918 4222//7918
f 4222//7919 4223//7919 4224//7919
f 4223//7920 4225//7920 4224//7920
f 4225//7921 4226//7921 4224//7921
f 4224//7922 4226//7922 4227//7922
f 4227//7923 4228//7923 4229//7923
f 4226//7924 4228//7924 4227//7924
f 4229//7925 4230//7925 4231//7925
f 4228//7926 4230//7926 4229//7926
f 4231//7927 4232//7927 4233//7927
f 4230//7928 4232//7928 4231//7928
f 4233//7929 4234//7929 4235//7929
f 4232//7930 4234//7930 4233//7930
f 4235//7931 4236//7931 4237//7931
f 4237//7932 4236//7932 4238//7932
f 4234//7933 4236//7933 4235//7933
f 4236//7934 4239//7934 4238//7934
f 4238//7935 4240//7935 4241//7935
f 4239//7936 4240//7936 4238//7936
f 4241//7937 4242//7937 4243//7937
f 4240//7938 4242//7938 4241//7938
f 4243//7939 4244//7939 4245//7939
f 4242//7940 4244//7940 4243//7940
f 4245//7941 4246//7941 4247//7941
f 4247//7942 4246//7942 4248//7942
f 4244//7943 4246//7943 4245//7943
f 4248//7944 4249//7944 4250//7944
f 4246//7945 4249//7945 4248//7945
f 4249//7946 4251//7946 4250//7946
f 4250//7947 4252//7947 4253//7947
f 4253//7948 4252//7948 4254//7948
f 4251//7949 4252//7949 4250//7949
f 4252//7950 4255//7950 4254//7950
f 4254//7951 4256//7951 4257//7951
f 4255//7952 4256//7952 4254//7952
f 4257//7953 4258//7953 4259//7953
f 4259//7954 4258//7954 4260//7954
f 4256//7955 4258//7955 4257//7955
f 4258//7956 4261//7956 4260//7956
f 4260//7957 4262//7957 4263//7957
f 4261//7958 4262//7958 4260//7958
f 4263//7959 4264//7959 4265//7959
f 4265//7960 4264//7960 4266//7960
f 4262//7961 4264//7961 4263//7961
f 4264//7962 4267//7962 4266//7962
f 4266//7963 4268//7963 4269//7963
f 4267//7964 4268//7964 4266//7964
f 4268//7965 4270//7965 4269//7965
f 4269//7966 4270//7966 4271//7966
f 4270//7967 4272//7967 4271//7967
f 4271//7968 4272//7968 4273//7968
f 4273//7969 4272//7969 4274//7969
f 4274//7970 4275//7970 4276//7970
f 4272//7971 4275//7971 4274//7971
f 4275//7972 4277//7972 4276//7972
f 4277//7973 4278//7973 4276//7973
f 4276//7974 4278//7974 4279//7974
f 4279//7975 4278//7975 4280//7975
f 4278//7976 4281//7976 4280//7976
f 4281//7977 4208//7977 4280//7977
f 4280//7978 4208//7978 4210//7978
f 4246//7979 4244//7979 4249//7979
f 4249//7980 4244//7980 4251//7980
f 4240//7981 4239//7981 4242//7981
f 4242//7982 4239//7982 4244//7982
f 4244//7983 4239//7983 4251//7983
f 4251//7984 4236//7984 4252//7984
f 4252//7985 4236//7985 4255//7985
f 4255//7986 4236//7986 4256//7986
f 4239//7987 4236//7987 4251//7987
f 4234//7988 4232//7988 4236//7988
f 4256//7989 4230//7989 4258//7989
f 4258//7990 4230//7990 4261//7990
f 4261//7991 4230//7991 4262//7991
f 4236//7992 4230//7992 4256//7992
f 4232//7993 4230//7993 4236//7993
f 4275//7994 4281//7994 4277//7994
f 4277//7995 4281//7995 4278//7995
f 4226//7996 4225//7996 4228//7996
f 4228//7997 4225//7997 4230//7997
f 4262//7998 4225//7998 4264//7998
f 4264//7999 4225//7999 4267//7999
f 4230//8000 4225//8000 4262//8000
f 4208//8001 4212//8001 4209//8001
f 4281//8002 4212//8002 4208//8002
f 4267//8003 4223//8003 4268//8003
f 4268//8004 4223//8004 4270//8004
f 4225//8005 4223//8005 4267//8005
f 4281//8006 4214//8006 4212//8006
f 4281//8007 4216//8007 4214//8007
f 4220//8008 4218//8008 4223//8008
f 4281//8009 4218//8009 4216//8009
f 4270//8010 4218//8010 4272//8010
f 4272//8011 4218//8011 4275//8011
f 4223//8012 4218//8012 4270//8012
f 4275//8013 4218//8013 4281//8013
f 4245//8014 4247//8014 4248//8014
f 4245//8015 4248//8015 4250//8015
f 4238//8016 4241//8016 4243//8016
f 4238//8017 4243//8017 4245//8017
f 4238//8018 4245//8018 4250//8018
f 4237//8019 4250//8019 4253//8019
f 4237//8020 4253//8020 4254//8020
f 4237//8021 4254//8021 4257//8021
f 4237//8022 4238//8022 4250//8022
f 4233//8023 4235//8023 4237//8023
f 4231//8024 4257//8024 4259//8024
f 4231//8025 4259//8025 4260//8025
f 4231//8026 4260//8026 4263//8026
f 4231//8027 4237//8027 4257//8027
f 4231//8028 4233//8028 4237//8028
f 4280//8029 4274//8029 4276//8029
f 4280//8030 4276//8030 4279//8030
f 4224//8031 4227//8031 4229//8031
f 4224//8032 4229//8032 4231//8032
f 4224//8033 4263//8033 4265//8033
f 4224//8034 4265//8034 4266//8034
f 4224//8035 4231//8035 4263//8035
f 4213//8036 4210//8036 4211//8036
f 4213//8037 4280//8037 4210//8037
f 4222//8038 4266//8038 4269//8038
f 4222//8039 4269//8039 4271//8039
f 4222//8040 4224//8040 4266//8040
f 4215//8041 4280//8041 4213//8041
f 4217//8042 4280//8042 4215//8042
f 4219//8043 4221//8043 4222//8043
f 4219//8044 4280//8044 4217//8044
f 4219//8045 4271//8045 4273//8045
f 4219//8046 4273//8046 4274//8046
f 4219//8047 4222//8047 4271//8047
f 4219//8048 4274//8048 4280//8048
f 4282//8049 4283//8049 4284//8049
f 4284//8050 4283//8050 4285//8050
f 4285//8051 4286//8051 4287//8051
f 4283//8052 4286//8052 4285//8052
f 4287//8053 4288//8053 4289//8053
f 4286//8054 4288//8054 4287//8054
f 4289//8055 4290//8055 4291//8055
f 4288//8056 4290//8056 4289//8056
f 4291//8057 4292//8057 4355//8057
f 4290//8058 4292//8058 4291//8058
f 4292//8059 4293//8059 4355//8059
f 4355//8060 4293//8060 4354//8060
f 4354//8061 4293//8061 4294//8061
f 4293//8062 4295//8062 4294//8062
f 4294//8063 4295//8063 4296//8063
f 4295//8064 4297//8064 4296//8064
f 4297//8065 4298//8065 4296//8065
f 4296//8066 4298//8066 4299//8066
f 4299//8067 4300//8067 4301//8067
f 4298//8068 4300//8068 4299//8068
f 4301//8069 4302//8069 4303//8069
f 4300//8070 4302//8070 4301//8070
f 4303//8071 4304//8071 4305//8071
f 4302//8072 4304//8072 4303//8072
f 4305//8073 4306//8073 4307//8073
f 4304//8074 4306//8074 4305//8074
f 4307//8075 4308//8075 4309//8075
f 4309//8076 4308//8076 4310//8076
f 4306//8077 4308//8077 4307//8077
f 4308//8078 4311//8078 4310//8078
f 4310//8079 4312//8079 4313//8079
f 4311//8080 4312//8080 4310//8080
f 4313//8081 4314//8081 4315//8081
f 4312//8082 4314//8082 4313//8082
f 4315//8083 4316//8083 4317//8083
f 4314//8084 4316//8084 4315//8084
f 4317//8085 4318//8085 4319//8085
f 4319//8086 4318//8086 4320//8086
f 4316//8087 4318//8087 4317//8087
f 4320//8088 4321//8088 4322//8088
f 4318//8089 4321//8089 4320//8089
f 4321//8090 4323//8090 4322//8090
f 4322//8091 4324//8091 4325//8091
f 4325//8092 4324//8092 4350//8092
f 4323//8093 4324//8093 4322//8093
f 4324//8094 4326//8094 4350//8094
f 4350//8095 4327//8095 4349//8095
f 4326//8096 4327//8096 4350//8096
f 4349//8097 4328//8097 4329//8097
f 4329//8098 4328//8098 4330//8098
f 4327//8099 4328//8099 4349//8099
f 4328//8100 4331//8100 4330//8100
f 4330//8101 4332//8101 4333//8101
f 4331//8102 4332//8102 4330//8102
f 4333//8103 4334//8103 4335//8103
f 4335//8104 4334//8104 4351//8104
f 4332//8105 4334//8105 4333//8105
f 4334//8106 4336//8106 4351//8106
f 4351//8107 4337//8107 4338//8107
f 4336//8108 4337//8108 4351//8108
f 4337//8109 4339//8109 4338//8109
f 4338//8110 4339//8110 4352//8110
f 4339//8111 4340//8111 4352//8111
f 4352//8112 4340//8112 4341//8112
f 4341//8113 4340//8113 4342//8113
f 4342//8114 4343//8114 4344//8114
f 4340//8115 4343//8115 4342//8115
f 4343//8116 4345//8116 4344//8116
f 4345//8117 4346//8117 4344//8117
f 4344//8118 4346//8118 4353//8118
f 4353//8119 4346//8119 4347//8119
f 4346//8120 4348//8120 4347//8120
f 4348//8121 4282//8121 4347//8121
f 4347//8122 4282//8122 4284//8122
f 4327//8123 4331//8123 4328//8123
f 4321//8124 4318//8124 4323//8124
f 4331//8125 4334//8125 4332//8125
f 4327//8126 4334//8126 4331//8126
f 4323//8127 4316//8127 4324//8127
f 4324//8128 4316//8128 4326//8128
f 4326//8129 4316//8129 4327//8129
f 4318//8130 4316//8130 4323//8130
f 4334//8131 4340//8131 4336//8131
f 4336//8132 4340//8132 4337//8132
f 4337//8133 4340//8133 4339//8133
f 4308//8134 4306//8134 4311//8134
f 4311//8135 4306//8135 4312//8135
f 4312//8136 4306//8136 4314//8136
f 4314//8137 4306//8137 4316//8137
f 4340//8138 4345//8138 4343//8138
f 4304//8139 4302//8139 4306//8139
f 4345//8140 4348//8140 4346//8140
f 4340//8141 4348//8141 4345//8141
f 4334//8142 4348//8142 4340//8142
f 4300//8143 4298//8143 4302//8143
f 4302//8144 4297//8144 4306//8144
f 4298//8145 4297//8145 4302//8145
f 4282//8146 4288//8146 4283//8146
f 4283//8147 4288//8147 4286//8147
f 4295//8148 4293//8148 4297//8148
f 4348//8149 4290//8149 4282//8149
f 4282//8150 4290//8150 4288//8150
f 4348//8151 4292//8151 4290//8151
f 4316//8152 4292//8152 4327//8152
f 4327//8153 4292//8153 4334//8153
f 4306//8154 4292//8154 4316//8154
f 4334//8155 4292//8155 4348//8155
f 4297//8156 4292//8156 4306//8156
f 4293//8157 4292//8157 4297//8157
f 4330//8158 4349//8158 4329//8158
f 4319//8159 4320//8159 4322//8159
f 4335//8160 4330//8160 4333//8160
f 4335//8161 4349//8161 4330//8161
f 4317//8162 4322//8162 4325//8162
f 4317//8163 4325//8163 4350//8163
f 4317//8164 4350//8164 4349//8164
f 4317//8165 4319//8165 4322//8165
f 4341//8166 4335//8166 4351//8166
f 4341//8167 4351//8167 4338//8167
f 4341//8168 4338//8168 4352//8168
f 4307//8169 4309//8169 4310//8169
f 4307//8170 4310//8170 4313//8170
f 4307//8171 4313//8171 4315//8171
f 4307//8172 4315//8172 4317//8172
f 4344//8173 4341//8173 4342//8173
f 4303//8174 4305//8174 4307//8174
f 4347//8175 4344//8175 4353//8175
f 4347//8176 4341//8176 4344//8176
f 4347//8177 4335//8177 4341//8177
f 4299//8178 4301//8178 4303//8178
f 4296//8179 4303//8179 4307//8179
f 4296//8180 4299//8180 4303//8180
f 4289//8181 4284//8181 4285//8181
f 4289//8182 4285//8182 4287//8182
f 4354//8183 4294//8183 4296//8183
f 4291//8184 4347//8184 4284//8184
f 4291//8185 4284//8185 4289//8185
f 4355//8186 4347//8186 4291//8186
f 4355//8187 4317//8187 4349//8187
f 4355//8188 4349//8188 4335//8188
f 4355//8189 4307//8189 4317//8189
f 4355//8190 4335//8190 4347//8190
f 4355//8191 4296//8191 4307//8191
f 4355//8192 4354//8192 4296//8192
f 4356//8193 4357//8193 4358//8193
f 4358//8194 4357//8194 4428//8194
f 4428//8195 4359//8195 4360//8195
f 4357//8196 4359//8196 4428//8196
f 4360//8197 4361//8197 4362//8197
f 4359//8198 4361//8198 4360//8198
f 4362//8199 4363//8199 4364//8199
f 4361//8200 4363//8200 4362//8200
f 4364//8201 4365//8201 4366//8201
f 4363//8202 4365//8202 4364//8202
f 4365//8203 4367//8203 4366//8203
f 4366//8204 4367//8204 4429//8204
f 4429//8205 4367//8205 4368//8205
f 4367//8206 4369//8206 4368//8206
f 4368//8207 4369//8207 4370//8207
f 4369//8208 4371//8208 4370//8208
f 4371//8209 4372//8209 4370//8209
f 4370//8210 4372//8210 4373//8210
f 4373//8211 4374//8211 4375//8211
f 4372//8212 4374//8212 4373//8212
f 4375//8213 4376//8213 4377//8213
f 4374//8214 4376//8214 4375//8214
f 4377//8215 4378//8215 4379//8215
f 4376//8216 4378//8216 4377//8216
f 4379//8217 4380//8217 4381//8217
f 4378//8218 4380//8218 4379//8218
f 4381//8219 4382//8219 4383//8219
f 4383//8220 4382//8220 4384//8220
f 4380//8221 4382//8221 4381//8221
f 4382//8222 4385//8222 4384//8222
f 4384//8223 4386//8223 4387//8223
f 4385//8224 4386//8224 4384//8224
f 4387//8225 4388//8225 4389//8225
f 4386//8226 4388//8226 4387//8226
f 4389//8227 4390//8227 4391//8227
f 4388//8228 4390//8228 4389//8228
f 4391//8229 4392//8229 4393//8229
f 4393//8230 4392//8230 4423//8230
f 4390//8231 4392//8231 4391//8231
f 4423//8232 4394//8232 4395//8232
f 4392//8233 4394//8233 4423//8233
f 4394//8234 4396//8234 4395//8234
f 4395//8235 4397//8235 4398//8235
f 4398//8236 4397//8236 4399//8236
f 4396//8237 4397//8237 4395//8237
f 4397//8238 4400//8238 4399//8238
f 4399//8239 4401//8239 4422//8239
f 4400//8240 4401//8240 4399//8240
f 4422//8241 4402//8241 4403//8241
f 4403//8242 4402//8242 4404//8242
f 4401//8243 4402//8243 4422//8243
f 4402//8244 4405//8244 4404//8244
f 4404//8245 4406//8245 4407//8245
f 4405//8246 4406//8246 4404//8246
f 4407//8247 4408//8247 4424//8247
f 4424//8248 4408//8248 4425//8248
f 4406//8249 4408//8249 4407//8249
f 4408//8250 4409//8250 4425//8250
f 4425//8251 4410//8251 4411//8251
f 4409//8252 4410//8252 4425//8252
f 4410//8253 4412//8253 4411//8253
f 4411//8254 4412//8254 4413//8254
f 4412//8255 4414//8255 4413//8255
f 4413//8256 4414//8256 4415//8256
f 4415//8257 4414//8257 4416//8257
f 4416//8258 4417//8258 4426//8258
f 4414//8259 4417//8259 4416//8259
f 4417//8260 4418//8260 4426//8260
f 4418//8261 4419//8261 4426//8261
f 4426//8262 4419//8262 4427//8262
f 4427//8263 4419//8263 4420//8263
f 4419//8264 4421//8264 4420//8264
f 4421//8265 4356//8265 4420//8265
f 4420//8266 4356//8266 4358//8266
f 4401//8267 4405//8267 4402//8267
f 4394//8268 4392//8268 4396//8268
f 4405//8269 4408//8269 4406//8269
f 4401//8270 4408//8270 4405//8270
f 4396//8271 4390//8271 4397//8271
f 4397//8272 4390//8272 4400//8272
f 4400//8273 4390//8273 4401//8273
f 4392//8274 4390//8274 4396//8274
f 4408//8275 4414//8275 4409//8275
f 4409//8276 4414//8276 4410//8276
f 4410//8277 4414//8277 4412//8277
f 4382//8278 4380//8278 4385//8278
f 4385//8279 4380//8279 4386//8279
f 4386//8280 4380//8280 4388//8280
f 4388//8281 4380//8281 4390//8281
f 4414//8282 4418//8282 4417//8282
f 4378//8283 4376//8283 4380//8283
f 4418//8284 4421//8284 4419//8284
f 4414//8285 4421//8285 4418//8285
f 4408//8286 4421//8286 4414//8286
f 4374//8287 4372//8287 4376//8287
f 4376//8288 4371//8288 4380//8288
f 4372//8289 4371//8289 4376//8289
f 4356//8290 4361//8290 4357//8290
f 4357//8291 4361//8291 4359//8291
f 4369//8292 4367//8292 4371//8292
f 4421//8293 4363//8293 4356//8293
f 4356//8294 4363//8294 4361//8294
f 4421//8295 4365//8295 4363//8295
f 4390//8296 4365//8296 4401//8296
f 4401//8297 4365//8297 4408//8297
f 4380//8298 4365//8298 4390//8298
f 4408//8299 4365//8299 4421//8299
f 4371//8300 4365//8300 4380//8300
f 4367//8301 4365//8301 4371//8301
f 4404//8302 4422//8302 4403//8302
f 4393//8303 4423//8303 4395//8303
f 4424//8304 4404//8304 4407//8304
f 4424//8305 4422//8305 4404//8305
f 4391//8306 4395//8306 4398//8306
f 4391//8307 4398//8307 4399//8307
f 4391//8308 4399//8308 4422//8308
f 4391//8309 4393//8309 4395//8309
f 4415//8310 4424//8310 4425//8310
f 4415//8311 4425//8311 4411//8311
f 4415//8312 4411//8312 4413//8312
f 4381//8313 4383//8313 4384//8313
f 4381//8314 4384//8314 4387//8314
f 4381//8315 4387//8315 4389//8315
f 4381//8316 4389//8316 4391//8316
f 4426//8317 4415//8317 4416//8317
f 4377//8318 4379//8318 4381//8318
f 4420//8319 4426//8319 4427//8319
f 4420//8320 4415//8320 4426//8320
f 4420//8321 4424//8321 4415//8321
f 4373//8322 4375//8322 4377//8322
f 4370//8323 4377//8323 4381//8323
f 4370//8324 4373//8324 4377//8324
f 4362//8325 4358//8325 4428//8325
f 4362//8326 4428//8326 4360//8326
f 4429//8327 4368//8327 4370//8327
f 4364//8328 4420//8328 4358//8328
f 4364//8329 4358//8329 4362//8329
f 4366//8330 4420//8330 4364//8330
f 4366//8331 4391//8331 4422//8331
f 4366//8332 4422//8332 4424//8332
f 4366//8333 4381//8333 4391//8333
f 4366//8334 4424//8334 4420//8334
f 4366//8335 4370//8335 4381//8335
f 4366//8336 4429//8336 4370//8336
f 4430//8337 4431//8337 4432//8337
f 4432//8338 4431//8338 4433//8338
f 4433//8339 4434//8339 4435//8339
f 4431//8340 4434//8340 4433//8340
f 4435//8341 4436//8341 4437//8341
f 4434//8342 4436//8342 4435//8342
f 4437//8343 4438//8343 4439//8343
f 4436//8344 4438//8344 4437//8344
f 4439//8345 4440//8345 4441//8345
f 4438//8346 4440//8346 4439//8346
f 4440//8347 4442//8347 4441//8347
f 4441//8348 4442//8348 4443//8348
f 4443//8349 4442//8349 4444//8349
f 4442//8350 4445//8350 4444//8350
f 4444//8351 4445//8351 4446//8351
f 4445//8352 4447//8352 4446//8352
f 4447//8353 4448//8353 4446//8353
f 4446//8354 4448//8354 4449//8354
f 4449//8355 4450//8355 4451//8355
f 4448//8356 4450//8356 4449//8356
f 4451//8357 4452//8357 4453//8357
f 4450//8358 4452//8358 4451//8358
f 4453//8359 4454//8359 4455//8359
f 4452//8360 4454//8360 4453//8360
f 4455//8361 4456//8361 4457//8361
f 4454//8362 4456//8362 4455//8362
f 4457//8363 4458//8363 4459//8363
f 4459//8364 4458//8364 4460//8364
f 4456//8365 4458//8365 4457//8365
f 4458//8366 4461//8366 4460//8366
f 4460//8367 4462//8367 4463//8367
f 4461//8368 4462//8368 4460//8368
f 4463//8369 4464//8369 4465//8369
f 4462//8370 4464//8370 4463//8370
f 4465//8371 4466//8371 4467//8371
f 4464//8372 4466//8372 4465//8372
f 4467//8373 4468//8373 4469//8373
f 4469//8374 4468//8374 4470//8374
f 4466//8375 4468//8375 4467//8375
f 4470//8376 4471//8376 4472//8376
f 4468//8377 4471//8377 4470//8377
f 4471//8378 4473//8378 4472//8378
f 4472//8379 4474//8379 4475//8379
f 4475//8380 4474//8380 4476//8380
f 4473//8381 4474//8381 4472//8381
f 4474//8382 4477//8382 4476//8382
f 4476//8383 4478//8383 4479//8383
f 4477//8384 4478//8384 4476//8384
f 4479//8385 4480//8385 4481//8385
f 4481//8386 4480//8386 4482//8386
f 4478//8387 4480//8387 4479//8387
f 4480//8388 4483//8388 4482//8388
f 4482//8389 4484//8389 4485//8389
f 4483//8390 4484//8390 4482//8390
f 4485//8391 4486//8391 4487//8391
f 4487//8392 4486//8392 4488//8392
f 4484//8393 4486//8393 4485//8393
f 4486//8394 4489//8394 4488//8394
f 4488//8395 4490//8395 4491//8395
f 4489//8396 4490//8396 4488//8396
f 4490//8397 4492//8397 4491//8397
f 4491//8398 4492//8398 4493//8398
f 4492//8399 4494//8399 4493//8399
f 4493//8400 4494//8400 4495//8400
f 4495//8401 4494//8401 4496//8401
f 4496//8402 4497//8402 4498//8402
f 4494//8403 4497//8403 4496//8403
f 4497//8404 4499//8404 4498//8404
f 4499//8405 4500//8405 4498//8405
f 4498//8406 4500//8406 4501//8406
f 4501//8407 4500//8407 4502//8407
f 4500//8408 4503//8408 4502//8408
f 4503//8409 4430//8409 4502//8409
f 4502//8410 4430//8410 4432//8410
f 4468//8411 4466//8411 4471//8411
f 4471//8412 4466//8412 4473//8412
f 4462//8413 4461//8413 4464//8413
f 4464//8414 4461//8414 4466//8414
f 4466//8415 4461//8415 4473//8415
f 4473//8416 4458//8416 4474//8416
f 4474//8417 4458//8417 4477//8417
f 4477//8418 4458//8418 4478//8418
f 4461//8419 4458//8419 4473//8419
f 4456//8420 4454//8420 4458//8420
f 4478//8421 4452//8421 4480//8421
f 4480//8422 4452//8422 4483//8422
f 4483//8423 4452//8423 4484//8423
f 4458//8424 4452//8424 4478//8424
f 4454//8425 4452//8425 4458//8425
f 4497//8426 4503//8426 4499//8426
f 4499//8427 4503//8427 4500//8427
f 4448//8428 4447//8428 4450//8428
f 4450//8429 4447//8429 4452//8429
f 4484//8430 4447//8430 4486//8430
f 4486//8431 4447//8431 4489//8431
f 4452//8432 4447//8432 4484//8432
f 4430//8433 4434//8433 4431//8433
f 4503//8434 4434//8434 4430//8434
f 4489//8435 4445//8435 4490//8435
f 4490//8436 4445//8436 4492//8436
f 4447//8437 4445//8437 4489//8437
f 4503//8438 4436//8438 4434//8438
f 4503//8439 4438//8439 4436//8439
f 4442//8440 4440//8440 4445//8440
f 4503//8441 4440//8441 4438//8441
f 4492//8442 4440//8442 4494//8442
f 4494//8443 4440//8443 4497//8443
f 4445//8444 4440//8444 4492//8444
f 4497//8445 4440//8445 4503//8445
f 4467//8446 4469//8446 4470//8446
f 4467//8447 4470//8447 4472//8447
f 4460//8448 4463//8448 4465//8448
f 4460//8449 4465//8449 4467//8449
f 4460//8450 4467//8450 4472//8450
f 4459//8451 4472//8451 4475//8451
f 4459//8452 4475//8452 4476//8452
f 4459//8453 4476//8453 4479//8453
f 4459//8454 4460//8454 4472//8454
f 4455//8455 4457//8455 4459//8455
f 4453//8456 4479//8456 4481//8456
f 4453//8457 4481//8457 4482//8457
f 4453//8458 4482//8458 4485//8458
f 4453//8459 4459//8459 4479//8459
f 4453//8460 4455//8460 4459//8460
f 4502//8461 4496//8461 4498//8461
f 4502//8462 4498//8462 4501//8462
f 4446//8463 4449//8463 4451//8463
f 4446//8464 4451//8464 4453//8464
f 4446//8465 4485//8465 4487//8465
f 4446//8466 4487//8466 4488//8466
f 4446//8467 4453//8467 4485//8467
f 4435//8468 4432//8468 4433//8468
f 4435//8469 4502//8469 4432//8469
f 4444//8470 4488//8470 4491//8470
f 4444//8471 4491//8471 4493//8471
f 4444//8472 4446//8472 4488//8472
f 4437//8473 4502//8473 4435//8473
f 4439//8474 4502//8474 4437//8474
f 4441//8475 4443//8475 4444//8475
f 4441//8476 4502//8476 4439//8476
f 4441//8477 4493//8477 4495//8477
f 4441//8478 4495//8478 4496//8478
f 4441//8479 4444//8479 4493//8479
f 4441//8480 4496//8480 4502//8480
f 4504//8481 4505//8481 4506//8481
f 4506//8482 4505//8482 4507//8482
f 4507//8483 4508//8483 4509//8483
f 4505//8484 4508//8484 4507//8484
f 4509//8485 4510//8485 4511//8485
f 4508//8486 4510//8486 4509//8486
f 4511//8487 4512//8487 4513//8487
f 4510//8488 4512//8488 4511//8488
f 4513//8489 4514//8489 4515//8489
f 4512//8490 4514//8490 4513//8490
f 4514//8491 4516//8491 4515//8491
f 4515//8492 4516//8492 4517//8492
f 4517//8493 4516//8493 4518//8493
f 4516//8494 4519//8494 4518//8494
f 4518//8495 4519//8495 4520//8495
f 4519//8496 4521//8496 4520//8496
f 4521//8497 4522//8497 4520//8497
f 4520//8498 4522//8498 4523//8498
f 4523//8499 4524//8499 4525//8499
f 4522//8500 4524//8500 4523//8500
f 4525//8501 4526//8501 4527//8501
f 4524//8502 4526//8502 4525//8502
f 4527//8503 4528//8503 4529//8503
f 4526//8504 4528//8504 4527//8504
f 4529//8505 4530//8505 4531//8505
f 4528//8506 4530//8506 4529//8506
f 4531//8507 4532//8507 4533//8507
f 4533//8508 4532//8508 4534//8508
f 4530//8509 4532//8509 4531//8509
f 4532//8510 4535//8510 4534//8510
f 4534//8511 4536//8511 4537//8511
f 4535//8512 4536//8512 4534//8512
f 4537//8513 4538//8513 4539//8513
f 4536//8514 4538//8514 4537//8514
f 4539//8515 4540//8515 4541//8515
f 4538//8516 4540//8516 4539//8516
f 4541//8517 4542//8517 4543//8517
f 4543//8518 4542//8518 4544//8518
f 4540//8519 4542//8519 4541//8519
f 4544//8520 4545//8520 4546//8520
f 4542//8521 4545//8521 4544//8521
f 4545//8522 4547//8522 4546//8522
f 4546//8523 4548//8523 4549//8523
f 4549//8524 4548//8524 4550//8524
f 4547//8525 4548//8525 4546//8525
f 4548//8526 4551//8526 4550//8526
f 4550//8527 4552//8527 4553//8527
f 4551//8528 4552//8528 4550//8528
f 4553//8529 4554//8529 4555//8529
f 4555//8530 4554//8530 4556//8530
f 4552//8531 4554//8531 4553//8531
f 4554//8532 4557//8532 4556//8532
f 4556//8533 4558//8533 4559//8533
f 4557//8534 4558//8534 4556//8534
f 4559//8535 4560//8535 4561//8535
f 4561//8536 4560//8536 4562//8536
f 4558//8537 4560//8537 4559//8537
f 4560//8538 4563//8538 4562//8538
f 4562//8539 4564//8539 4565//8539
f 4563//8540 4564//8540 4562//8540
f 4564//8541 4566//8541 4565//8541
f 4565//8542 4566//8542 4567//8542
f 4566//8543 4568//8543 4567//8543
f 4567//8544 4568//8544 4569//8544
f 4569//8545 4568//8545 4570//8545
f 4570//8546 4571//8546 4572//8546
f 4568//8547 4571//8547 4570//8547
f 4571//8548 4573//8548 4572//8548
f 4573//8549 4574//8549 4572//8549
f 4572//8550 4574//8550 4575//8550
f 4575//8551 4574//8551 4576//8551
f 4574//8552 4577//8552 4576//8552
f 4577//8553 4504//8553 4576//8553
f 4576//8554 4504//8554 4506//8554
f 4542//8555 4540//8555 4545//8555
f 4545//8556 4540//8556 4547//8556
f 4536//8557 4535//8557 4538//8557
f 4538//8558 4535//8558 4540//8558
f 4540//8559 4535//8559 4547//8559
f 4547//8560 4532//8560 4548//8560
f 4548//8561 4532//8561 4551//8561
f 4551//8562 4532//8562 4552//8562
f 4535//8563 4532//8563 4547//8563
f 4530//8564 4528//8564 4532//8564
f 4552//8565 4526//8565 4554//8565
f 4554//8566 4526//8566 4557//8566
f 4557//8567 4526//8567 4558//8567
f 4532//8568 4526//8568 4552//8568
f 4528//8569 4526//8569 4532//8569
f 4571//8570 4577//8570 4573//8570
f 4573//8571 4577//8571 4574//8571
f 4522//8572 4521//8572 4524//8572
f 4524//8573 4521//8573 4526//8573
f 4558//8574 4521//8574 4560//8574
f 4560//8575 4521//8575 4563//8575
f 4526//8576 4521//8576 4558//8576
f 4504//8577 4508//8577 4505//8577
f 4577//8578 4508//8578 4504//8578
f 4563//8579 4519//8579 4564//8579
f 4564//8580 4519//8580 4566//8580
f 4521//8581 4519//8581 4563//8581
f 4577//8582 4510//8582 4508//8582
f 4577//8583 4512//8583 4510//8583
f 4516//8584 4514//8584 4519//8584
f 4577//8585 4514//8585 4512//8585
f 4566//8586 4514//8586 4568//8586
f 4568//8587 4514//8587 4571//8587
f 4519//8588 4514//8588 4566//8588
f 4571//8589 4514//8589 4577//8589
f 4541//8590 4543//8590 4544//8590
f 4541//8591 4544//8591 4546//8591
f 4534//8592 4537//8592 4539//8592
f 4534//8593 4539//8593 4541//8593
f 4534//8594 4541//8594 4546//8594
f 4533//8595 4546//8595 4549//8595
f 4533//8596 4549//8596 4550//8596
f 4533//8597 4550//8597 4553//8597
f 4533//8598 4534//8598 4546//8598
f 4529//8599 4531//8599 4533//8599
f 4527//8600 4553//8600 4555//8600
f 4527//8601 4555//8601 4556//8601
f 4527//8602 4556//8602 4559//8602
f 4527//8603 4533//8603 4553//8603
f 4527//8604 4529//8604 4533//8604
f 4576//8605 4570//8605 4572//8605
f 4576//8606 4572//8606 4575//8606
f 4520//8607 4523//8607 4525//8607
f 4520//8608 4525//8608 4527//8608
f 4520//8609 4559//8609 4561//8609
f 4520//8610 4561//8610 4562//8610
f 4520//8611 4527//8611 4559//8611
f 4509//8612 4506//8612 4507//8612
f 4509//8613 4576//8613 4506//8613
f 4518//8614 4562//8614 4565//8614
f 4518//8615 4565//8615 4567//8615
f 4518//8616 4520//8616 4562//8616
f 4511//8617 4576//8617 4509//8617
f 4513//8618 4576//8618 4511//8618
f 4515//8619 4517//8619 4518//8619
f 4515//8620 4576//8620 4513//8620
f 4515//8621 4567//8621 4569//8621
f 4515//8622 4569//8622 4570//8622
f 4515//8623 4518//8623 4567//8623
f 4515//8624 4570//8624 4576//8624
f 4578//8625 4579//8625 4580//8625
f 4578//8626 4581//8626 4579//8626
f 4578//8627 4582//8627 4581//8627
f 4583//8628 4582//8628 4578//8628
f 4578//8629 4584//8629 4583//8629
f 4584//8630 4585//8630 4583//8630
f 4582//8631 4586//8631 4581//8631
f 4585//8632 4587//8632 4586//8632
f 4586//8633 4587//8633 4581//8633
f 4584//8634 4587//8634 4585//8634
f 4588//8635 4579//8635 4581//8635
f 4588//8636 4581//8636 4587//8636
f 3371//8637 4580//8637 4579//8637
f 4589//8638 4580//8638 3372//8638
f 4588//8639 3375//8639 4579//8639
f 4588//8640 4589//8640 3374//8640
f 4580//8641 4589//8641 4578//8641
f 4578//8642 4589//8642 4584//8642
f 4588//8643 4584//8643 4589//8643
f 4587//8644 4584//8644 4588//8644
f 4582//8645 4583//8645 3372//8645
f 4582//8646 3375//8646 4586//8646
f 4585//8647 4586//8647 3374//8647
f 3374//8648 4583//8648 4585//8648
f 4590//8649 4591//8649 4592//8649
f 4592//8650 4591//8650 4593//8650
f 4593//8651 4594//8651 4595//8651
f 4591//8652 4594//8652 4593//8652
f 4595//8653 4596//8653 4597//8653
f 4597//8654 4596//8654 4598//8654
f 4594//8655 4596//8655 4595//8655
f 4596//8656 4599//8656 4598//8656
f 4598//8657 4599//8657 4600//8657
f 4599//8658 4601//8658 4600//8658
f 4600//8659 4602//8659 4603//8659
f 4603//8660 4602//8660 4604//8660
f 4601//8661 4602//8661 4600//8661
f 4602//8662 4605//8662 4604//8662
f 4604//8663 4606//8663 4607//8663
f 4605//8664 4606//8664 4604//8664
f 4607//8665 4608//8665 4609//8665
f 4606//8666 4608//8666 4607//8666
f 4609//8667 4610//8667 4611//8667
f 4608//8668 4610//8668 4609//8668
f 4611//8669 4612//8669 4613//8669
f 4610//8670 4612//8670 4611//8670
f 4613//8671 4614//8671 4615//8671
f 4615//8672 4614//8672 4616//8672
f 4612//8673 4614//8673 4613//8673
f 4616//8674 4617//8674 4618//8674
f 4614//8675 4617//8675 4616//8675
f 4617//8676 4619//8676 4618//8676
f 4618//8677 4620//8677 4621//8677
f 4619//8678 4620//8678 4618//8678
f 4621//8679 4622//8679 4623//8679
f 4620//8680 4622//8680 4621//8680
f 4623//8681 4624//8681 4625//8681
f 4622//8682 4624//8682 4623//8682
f 4625//8683 4626//8683 4627//8683
f 4624//8684 4626//8684 4625//8684
f 4627//8685 4628//8685 4629//8685
f 4626//8686 4628//8686 4627//8686
f 4629//8687 4630//8687 4631//8687
f 4631//8688 4630//8688 4632//8688
f 4628//8689 4630//8689 4629//8689
f 4630//8690 4633//8690 4632//8690
f 4632//8691 4634//8691 4635//8691
f 4633//8692 4634//8692 4632//8692
f 4635//8693 4636//8693 4637//8693
f 4637//8694 4636//8694 4638//8694
f 4634//8695 4636//8695 4635//8695
f 4636//8696 4639//8696 4638//8696
f 4638//8697 4640//8697 4641//8697
f 4641//8698 4640//8698 4642//8698
f 4639//8699 4640//8699 4638//8699
f 4640//8700 4643//8700 4642//8700
f 4642//8701 4644//8701 4645//8701
f 4643//8702 4644//8702 4642//8702
f 4645//8703 4646//8703 4647//8703
f 4644//8704 4646//8704 4645//8704
f 4647//8705 4648//8705 4649//8705
f 4646//8706 4648//8706 4647//8706
f 4648//8707 4650//8707 4649//8707
f 4649//8708 4650//8708 4651//8708
f 4651//8709 4650//8709 4652//8709
f 4650//8710 4653//8710 4652//8710
f 4653//8711 4654//8711 4652//8711
f 4652//8712 4654//8712 4655//8712
f 4654//8713 4656//8713 4655//8713
f 4655//8714 4656//8714 4657//8714
f 4656//8715 4658//8715 4657//8715
f 4657//8716 4658//8716 4659//8716
f 4659//8717 4658//8717 4660//8717
f 4658//8718 4661//8718 4660//8718
f 4661//8719 4662//8719 4660//8719
f 4660//8720 4662//8720 4663//8720
f 4662//8721 4664//8721 4663//8721
f 4663//8722 4664//8722 4665//8722
f 4664//8723 4666//8723 4665//8723
f 4665//8724 4666//8724 4667//8724
f 4667//8725 4590//8725 4592//8725
f 4666//8726 4590//8726 4667//8726
f 4636//8727 4634//8727 4639//8727
f 4639//8728 4634//8728 4640//8728
f 4633//8729 4630//8729 4634//8729
f 4643//8730 4648//8730 4644//8730
f 4644//8731 4648//8731 4646//8731
f 4628//8732 4626//8732 4630//8732
f 4640//8733 4653//8733 4643//8733
f 4648//8734 4653//8734 4650//8734
f 4634//8735 4653//8735 4640//8735
f 4643//8736 4653//8736 4648//8736
f 4624//8737 4622//8737 4626//8737
f 4626//8738 4622//8738 4630//8738
f 4653//8739 4656//8739 4654//8739
f 4653//8740 4658//8740 4656//8740
f 4620//8741 4619//8741 4622//8741
f 4622//8742 4619//8742 4630//8742
f 4653//8743 4661//8743 4658//8743
f 4653//8744 4662//8744 4661//8744
f 4634//8745 4664//8745 4653//8745
f 4653//8746 4664//8746 4662//8746
f 4614//8747 4612//8747 4617//8747
f 4617//8748 4612//8748 4619//8748
f 4634//8749 4666//8749 4664//8749
f 4610//8750 4608//8750 4612//8750
f 4612//8751 4606//8751 4619//8751
f 4608//8752 4606//8752 4612//8752
f 4590//8753 4594//8753 4591//8753
f 4666//8754 4594//8754 4590//8754
f 4605//8755 4602//8755 4606//8755
f 4594//8756 4599//8756 4596//8756
f 4666//8757 4599//8757 4594//8757
f 4630//8758 4599//8758 4634//8758
f 4634//8759 4599//8759 4666//8759
f 4606//8760 4601//8760 4619//8760
f 4602//8761 4601//8761 4606//8761
f 4630//8762 4601//8762 4599//8762
f 4619//8763 4601//8763 4630//8763
f 4635//8764 4637//8764 4638//8764
f 4635//8765 4638//8765 4641//8765
f 4631//8766 4632//8766 4635//8766
f 4649//8767 4642//8767 4645//8767
f 4649//8768 4645//8768 4647//8768
f 4627//8769 4629//8769 4631//8769
f 4652//8770 4641//8770 4642//8770
f 4652//8771 4649//8771 4651//8771
f 4652//8772 4635//8772 4641//8772
f 4652//8773 4642//8773 4649//8773
f 4623//8774 4625//8774 4627//8774
f 4623//8775 4627//8775 4631//8775
f 4657//8776 4652//8776 4655//8776
f 4659//8777 4652//8777 4657//8777
f 4618//8778 4621//8778 4623//8778
f 4618//8779 4623//8779 4631//8779
f 4660//8780 4652//8780 4659//8780
f 4663//8781 4652//8781 4660//8781
f 4665//8782 4635//8782 4652//8782
f 4665//8783 4652//8783 4663//8783
f 4613//8784 4615//8784 4616//8784
f 4613//8785 4616//8785 4618//8785
f 4667//8786 4635//8786 4665//8786
f 4609//8787 4611//8787 4613//8787
f 4607//8788 4613//8788 4618//8788
f 4607//8789 4609//8789 4613//8789
f 4595//8790 4592//8790 4593//8790
f 4595//8791 4667//8791 4592//8791
f 4603//8792 4604//8792 4607//8792
f 4598//8793 4595//8793 4597//8793
f 4598//8794 4667//8794 4595//8794
f 4598//8795 4631//8795 4635//8795
f 4598//8796 4635//8796 4667//8796
f 4600//8797 4607//8797 4618//8797
f 4600//8798 4603//8798 4607//8798
f 4600//8799 4631//8799 4598//8799
f 4600//8800 4618//8800 4631//8800
f 4668//8801 4669//8801 4670//8801
f 4670//8802 4669//8802 4671//8802
f 4671//8803 4672//8803 4673//8803
f 4669//8804 4672//8804 4671//8804
f 4673//8805 4674//8805 4675//8805
f 4675//8806 4674//8806 4676//8806
f 4672//8807 4674//8807 4673//8807
f 4674//8808 4677//8808 4676//8808
f 4676//8809 4677//8809 4678//8809
f 4677//8810 4679//8810 4678//8810
f 4678//8811 4680//8811 4681//8811
f 4681//8812 4680//8812 4682//8812
f 4679//8813 4680//8813 4678//8813
f 4680//8814 4683//8814 4682//8814
f 4682//8815 4684//8815 4685//8815
f 4683//8816 4684//8816 4682//8816
f 4685//8817 4686//8817 4687//8817
f 4684//8818 4686//8818 4685//8818
f 4687//8819 4688//8819 4689//8819
f 4686//8820 4688//8820 4687//8820
f 4689//8821 4690//8821 4691//8821
f 4688//8822 4690//8822 4689//8822
f 4691//8823 4692//8823 4693//8823
f 4693//8824 4692//8824 4694//8824
f 4690//8825 4692//8825 4691//8825
f 4694//8826 4695//8826 4696//8826
f 4692//8827 4695//8827 4694//8827
f 4695//8828 4697//8828 4696//8828
f 4696//8829 4698//8829 4699//8829
f 4697//8830 4698//8830 4696//8830
f 4699//8831 4700//8831 4701//8831
f 4698//8832 4700//8832 4699//8832
f 4701//8833 4702//8833 4703//8833
f 4700//8834 4702//8834 4701//8834
f 4703//8835 4704//8835 4705//8835
f 4702//8836 4704//8836 4703//8836
f 4705//8837 4706//8837 4707//8837
f 4704//8838 4706//8838 4705//8838
f 4707//8839 4708//8839 4709//8839
f 4709//8840 4708//8840 4710//8840
f 4706//8841 4708//8841 4707//8841
f 4708//8842 4711//8842 4710//8842
f 4710//8843 4712//8843 4713//8843
f 4711//8844 4712//8844 4710//8844
f 4713//8845 4714//8845 4715//8845
f 4715//8846 4714//8846 4716//8846
f 4712//8847 4714//8847 4713//8847
f 4714//8848 4717//8848 4716//8848
f 4716//8849 4718//8849 4719//8849
f 4719//8850 4718//8850 4720//8850
f 4717//8851 4718//8851 4716//8851
f 4718//8852 4721//8852 4720//8852
f 4720//8853 4722//8853 4723//8853
f 4721//8854 4722//8854 4720//8854
f 4723//8855 4724//8855 4725//8855
f 4722//8856 4724//8856 4723//8856
f 4725//8857 4726//8857 4727//8857
f 4724//8858 4726//8858 4725//8858
f 4726//8859 4728//8859 4727//8859
f 4727//8860 4728//8860 4729//8860
f 4729//8861 4728//8861 4730//8861
f 4728//8862 4731//8862 4730//8862
f 4731//8863 4732//8863 4730//8863
f 4730//8864 4732//8864 4733//8864
f 4732//8865 4734//8865 4733//8865
f 4733//8866 4734//8866 4735//8866
f 4734//8867 4736//8867 4735//8867
f 4735//8868 4736//8868 4737//8868
f 4737//8869 4736//8869 4738//8869
f 4736//8870 4739//8870 4738//8870
f 4739//8871 4740//8871 4738//8871
f 4738//8872 4740//8872 4741//8872
f 4740//8873 4742//8873 4741//8873
f 4741//8874 4742//8874 4743//8874
f 4742//8875 4744//8875 4743//8875
f 4743//8876 4744//8876 4745//8876
f 4745//8877 4668//8877 4670//8877
f 4744//8878 4668//8878 4745//8878
f 4714//8879 4712//8879 4717//8879
f 4717//8880 4712//8880 4718//8880
f 4711//8881 4708//8881 4712//8881
f 4721//8882 4726//8882 4722//8882
f 4722//8883 4726//8883 4724//8883
f 4706//8884 4704//8884 4708//8884
f 4718//8885 4731//8885 4721//8885
f 4726//8886 4731//8886 4728//8886
f 4712//8887 4731//8887 4718//8887
f 4721//8888 4731//8888 4726//8888
f 4702//8889 4700//8889 4704//8889
f 4704//8890 4700//8890 4708//8890
f 4731//8891 4734//8891 4732//8891
f 4731//8892 4736//8892 4734//8892
f 4698//8893 4697//8893 4700//8893
f 4700//8894 4697//8894 4708//8894
f 4731//8895 4739//8895 4736//8895
f 4731//8896 4740//8896 4739//8896
f 4712//8897 4742//8897 4731//8897
f 4731//8898 4742//8898 4740//8898
f 4692//8899 4690//8899 4695//8899
f 4695//8900 4690//8900 4697//8900
f 4712//8901 4744//8901 4742//8901
f 4688//8902 4686//8902 4690//8902
f 4690//8903 4684//8903 4697//8903
f 4686//8904 4684//8904 4690//8904
f 4668//8905 4672//8905 4669//8905
f 4744//8906 4672//8906 4668//8906
f 4683//8907 4680//8907 4684//8907
f 4672//8908 4677//8908 4674//8908
f 4744//8909 4677//8909 4672//8909
f 4708//8910 4677//8910 4712//8910
f 4712//8911 4677//8911 4744//8911
f 4684//8912 4679//8912 4697//8912
f 4680//8913 4679//8913 4684//8913
f 4708//8914 4679//8914 4677//8914
f 4697//8915 4679//8915 4708//8915
f 4713//8916 4715//8916 4716//8916
f 4713//8917 4716//8917 4719//8917
f 4709//8918 4710//8918 4713//8918
f 4727//8919 4720//8919 4723//8919
f 4727//8920 4723//8920 4725//8920
f 4705//8921 4707//8921 4709//8921
f 4730//8922 4719//8922 4720//8922
f 4730//8923 4727//8923 4729//8923
f 4730//8924 4713//8924 4719//8924
f 4730//8925 4720//8925 4727//8925
f 4701//8926 4703//8926 4705//8926
f 4701//8927 4705//8927 4709//8927
f 4735//8928 4730//8928 4733//8928
f 4737//8929 4730//8929 4735//8929
f 4696//8930 4699//8930 4701//8930
f 4696//8931 4701//8931 4709//8931
f 4738//8932 4730//8932 4737//8932
f 4741//8933 4730//8933 4738//8933
f 4743//8934 4713//8934 4730//8934
f 4743//8935 4730//8935 4741//8935
f 4691//8936 4693//8936 4694//8936
f 4691//8937 4694//8937 4696//8937
f 4745//8938 4713//8938 4743//8938
f 4687//8939 4689//8939 4691//8939
f 4685//8940 4691//8940 4696//8940
f 4685//8941 4687//8941 4691//8941
f 4673//8942 4670//8942 4671//8942
f 4673//8943 4745//8943 4670//8943
f 4681//8944 4682//8944 4685//8944
f 4676//8945 4673//8945 4675//8945
f 4676//8946 4745//8946 4673//8946
f 4676//8947 4709//8947 4713//8947
f 4676//8948 4713//8948 4745//8948
f 4678//8949 4685//8949 4696//8949
f 4678//8950 4681//8950 4685//8950
f 4678//8951 4709//8951 4676//8951
f 4678//8952 4696//8952 4709//8952
f 4746//8953 4747//8953 4748//8953
f 4748//8954 4747//8954 4749//8954
f 4750//8955 4751//8955 4752//8955
f 4750//8956 4752//8956 4753//8956
f 4751//8957 4750//8957 4746//8957
f 4746//8958 4750//8958 4747//8958
f 4753//8959 4752//8959 4748//8959
f 4753//8960 4748//8960 4749//8960
f 4748//8961 4752//8961 4746//8961
f 4746//8962 4752//8962 4751//8962
f 4753//8963 4749//8963 4747//8963
f 4753//8964 4747//8964 4750//8964
f 4754//8965 3350//8965 4755//8965
f 4756//8966 4757//8966 4754//8966
f 4757//8967 3350//8967 4754//8967
f 4758//8968 4759//8968 4760//8968
f 4759//8969 4761//8969 4757//8969
f 4757//8970 4761//8970 3350//8970
f 4758//8971 4761//8971 4759//8971
f 4762//8972 3350//8972 4761//8972
f 4763//8973 4764//8973 4755//8973
f 3351//8974 4763//8974 4755//8974
f 4765//8975 4766//8975 4767//8975
f 4762//8976 4765//8976 4763//8976
f 4762//8977 4763//8977 3351//8977
f 4762//8978 4766//8978 4765//8978
f 4755//8979 4764//8979 4754//8979
f 4754//8980 4764//8980 4756//8980
f 4757//8981 4756//8981 4764//8981
f 4757//8982 4764//8982 4763//8982
f 4763//8983 4765//8983 4757//8983
f 4757//8984 4765//8984 4759//8984
f 4760//8985 4759//8985 4767//8985
f 4767//8986 4759//8986 4765//8986
f 4767//8987 4766//8987 4760//8987
f 4760//8988 4766//8988 4758//8988
f 4761//8989 4758//8989 4766//8989
f 4761//8990 4766//8990 4762//8990
f 4768//8991 4769//8991 4770//8991
f 4770//8992 4769//8992 4771//8992
f 4772//8993 4773//8993 4768//8993
f 4768//8994 4773//8994 4769//8994
f 4774//8995 4775//8995 4776//8995
f 4775//8996 4777//8996 4773//8996
f 4774//8997 4777//8997 4775//8997
f 4773//8998 4777//8998 4769//8998
f 4778//8999 4771//8999 4769//8999
f 4778//9000 4769//9000 4777//9000
f 4779//9001 4780//9001 4770//9001
f 4779//9002 4770//9002 4771//9002
f 4781//9003 4782//9003 4783//9003
f 4778//9004 4781//9004 4779//9004
f 4778//9005 4782//9005 4781//9005
f 4778//9006 4779//9006 4771//9006
f 4770//9007 4780//9007 4768//9007
f 4768//9008 4780//9008 4772//9008
f 4773//9009 4772//9009 4780//9009
f 4773//9010 4780//9010 4779//9010
f 4779//9011 4781//9011 4773//9011
f 4773//9012 4781//9012 4775//9012
f 4776//9013 4775//9013 4783//9013
f 4783//9014 4775//9014 4781//9014
f 4783//9015 4782//9015 4776//9015
f 4776//9016 4782//9016 4774//9016
f 4777//9017 4774//9017 4782//9017
f 4777//9018 4782//9018 4778//9018
f 4784//9019 4785//9019 4786//9019
f 4786//9020 4785//9020 4787//9020
f 4788//9021 4789//9021 4784//9021
f 4789//9022 4785//9022 4784//9022
f 4790//9023 4791//9023 4792//9023
f 4791//9024 3353//9024 4789//9024
f 4789//9025 3353//9025 4785//9025
f 4790//9026 3353//9026 4791//9026
f 3355//9027 4787//9027 4785//9027
f 4793//9028 4794//9028 4786//9028
f 4787//9029 4793//9029 4786//9029
f 4795//9030 4796//9030 4797//9030
f 3355//9031 4795//9031 4793//9031
f 3355//9032 4793//9032 4787//9032
f 3355//9033 4796//9033 4795//9033
f 4786//9034 4794//9034 4784//9034
f 4784//9035 4794//9035 4788//9035
f 4789//9036 4788//9036 4794//9036
f 4789//9037 4794//9037 4793//9037
f 4793//9038 4795//9038 4789//9038
f 4789//9039 4795//9039 4791//9039
f 4792//9040 4791//9040 4797//9040
f 4797//9041 4791//9041 4795//9041
f 4797//9042 4796//9042 4792//9042
f 4792//9043 4796//9043 4790//9043
f 3353//9044 4790//9044 4796//9044
f 4798//9045 4799//9045 3664//9045
f 3663//9046 4800//9046 4801//9046
f 4800//9047 3662//9047 4799//9047
f 3664//9048 3668//9048 4798//9048
f 4798//9049 3668//9049 4802//9049
f 4802//9050 4803//9050 4798//9050
f 4798//9051 4803//9051 4799//9051
f 4799//9052 4803//9052 4800//9052
f 4800//9053 4803//9053 4804//9053
f 4804//9054 4805//9054 4801//9054
f 4804//9055 4801//9055 4800//9055
f 4801//9056 4805//9056 3663//9056
f 3663//9057 4805//9057 3666//9057
f 4803//9058 4802//9058 3668//9058
f 4804//9059 3666//9059 4805//9059
f 3667//9060 4804//9060 4803//9060
f 4806//9061 4807//9061 3680//9061
f 3679//9062 4808//9062 4809//9062
f 4808//9063 3678//9063 4807//9063
f 3680//9064 3684//9064 4806//9064
f 4806//9065 3684//9065 4810//9065
f 4810//9066 4811//9066 4806//9066
f 4806//9067 4811//9067 4807//9067
f 4807//9068 4811//9068 4808//9068
f 4808//9069 4811//9069 4812//9069
f 4812//9070 4813//9070 4809//9070
f 4812//9071 4809//9071 4808//9071
f 4809//9072 4813//9072 3679//9072
f 3679//9073 4813//9073 3682//9073
f 4811//9074 4810//9074 3684//9074
f 4812//9075 3682//9075 4813//9075
f 3683//9076 4812//9076 4811//9076
f 4814//9077 4815//9077 4816//9077
f 4816//9078 4815//9078 4817//9078
f 4818//9079 4819//9079 4820//9079
f 4818//9080 4820//9080 4821//9080
f 4819//9081 4818//9081 4814//9081
f 4814//9082 4818//9082 4815//9082
f 4821//9083 4820//9083 4816//9083
f 4821//9084 4816//9084 4817//9084
f 4816//9085 4820//9085 4814//9085
f 4814//9086 4820//9086 4819//9086
f 4821//9087 4817//9087 4815//9087
f 4821//9088 4815//9088 4818//9088
