ISO-10303-21;
HEADER;
FILE_DESCRIPTION(('FreeCAD Model'),'2;1');
FILE_NAME('Open CASCADE Shape Model','2026-08-21T11:19:06',('Author'),(
    ''),'Open CASCADE STEP processor 7.8','FreeCAD','Unknown');
FILE_SCHEMA(('AUTOMOTIVE_DESIGN { 1 0 10303 214 1 1 1 1 }'));
ENDSEC;
DATA;
#1 = APPLICATION_PROTOCOL_DEFINITION('international standard',
  'automotive_design',2000,#2);
#2 = APPLICATION_CONTEXT(
  'core data for automotive mechanical design processes');
#3 = SHAPE_DEFINITION_REPRESENTATION(#4,#10);
#4 = PRODUCT_DEFINITION_SHAPE('','',#5);
#5 = PRODUCT_DEFINITION('design','',#6,#9);
#6 = PRODUCT_DEFINITION_FORMATION('','',#7);
#7 = PRODUCT('MikrogruenRack','MikrogruenRack','',(#8));
#8 = PRODUCT_CONTEXT('',#2,'mechanical');
#9 = PRODUCT_DEFINITION_CONTEXT('part definition',#2,'design');
#10 = SHAPE_REPRESENTATION('',(#11,#15,#19,#23,#27,#31,#35,#39,#43,#47,
    #51,#55,#59,#63,#67,#71,#75,#79,#83,#87,#91,#95,#99,#103,#107,#111,
    #115,#119,#123,#127,#131,#135,#139,#143,#147,#151,#155,#159,#163,
    #167,#171,#175,#179,#183,#187,#191,#195,#199,#203,#207,#211,#215,
    #219,#223,#227,#231,#235,#239,#243,#247),#251);
#11 = AXIS2_PLACEMENT_3D('',#12,#13,#14);
#12 = CARTESIAN_POINT('',(0.,0.,0.));
#13 = DIRECTION('',(0.,0.,1.));
#14 = DIRECTION('',(1.,0.,-0.));
#15 = AXIS2_PLACEMENT_3D('',#16,#17,#18);
#16 = CARTESIAN_POINT('',(0.,0.,25.));
#17 = DIRECTION('',(0.,0.,1.));
#18 = DIRECTION('',(1.,0.,0.));
#19 = AXIS2_PLACEMENT_3D('',#20,#21,#22);
#20 = CARTESIAN_POINT('',(15.,15.,0.));
#21 = DIRECTION('',(0.,0.,1.));
#22 = DIRECTION('',(1.,0.,0.));
#23 = AXIS2_PLACEMENT_3D('',#24,#25,#26);
#24 = CARTESIAN_POINT('',(0.,520.,25.));
#25 = DIRECTION('',(0.,0.,1.));
#26 = DIRECTION('',(1.,0.,0.));
#27 = AXIS2_PLACEMENT_3D('',#28,#29,#30);
#28 = CARTESIAN_POINT('',(15.,535.,0.));
#29 = DIRECTION('',(0.,0.,1.));
#30 = DIRECTION('',(1.,0.,0.));
#31 = AXIS2_PLACEMENT_3D('',#32,#33,#34);
#32 = CARTESIAN_POINT('',(484.,0.,25.));
#33 = DIRECTION('',(0.,0.,1.));
#34 = DIRECTION('',(1.,0.,0.));
#35 = AXIS2_PLACEMENT_3D('',#36,#37,#38);
#36 = CARTESIAN_POINT('',(499.,15.,0.));
#37 = DIRECTION('',(0.,0.,1.));
#38 = DIRECTION('',(1.,0.,0.));
#39 = AXIS2_PLACEMENT_3D('',#40,#41,#42);
#40 = CARTESIAN_POINT('',(484.,520.,25.));
#41 = DIRECTION('',(0.,0.,1.));
#42 = DIRECTION('',(1.,0.,0.));
#43 = AXIS2_PLACEMENT_3D('',#44,#45,#46);
#44 = CARTESIAN_POINT('',(499.,535.,0.));
#45 = DIRECTION('',(0.,0.,1.));
#46 = DIRECTION('',(1.,0.,0.));
#47 = AXIS2_PLACEMENT_3D('',#48,#49,#50);
#48 = CARTESIAN_POINT('',(30.,0.,25.));
#49 = DIRECTION('',(0.,0.,1.));
#50 = DIRECTION('',(1.,0.,0.));
#51 = AXIS2_PLACEMENT_3D('',#52,#53,#54);
#52 = CARTESIAN_POINT('',(30.,520.,25.));
#53 = DIRECTION('',(0.,0.,1.));
#54 = DIRECTION('',(1.,0.,0.));
#55 = AXIS2_PLACEMENT_3D('',#56,#57,#58);
#56 = CARTESIAN_POINT('',(0.,30.,25.));
#57 = DIRECTION('',(0.,0.,1.));
#58 = DIRECTION('',(1.,0.,0.));
#59 = AXIS2_PLACEMENT_3D('',#60,#61,#62);
#60 = CARTESIAN_POINT('',(484.,30.,25.));
#61 = DIRECTION('',(0.,0.,1.));
#62 = DIRECTION('',(1.,0.,0.));
#63 = AXIS2_PLACEMENT_3D('',#64,#65,#66);
#64 = CARTESIAN_POINT('',(30.,0.,60.));
#65 = DIRECTION('',(0.,0.,1.));
#66 = DIRECTION('',(1.,0.,0.));
#67 = AXIS2_PLACEMENT_3D('',#68,#69,#70);
#68 = CARTESIAN_POINT('',(30.,520.,60.));
#69 = DIRECTION('',(0.,0.,1.));
#70 = DIRECTION('',(1.,0.,0.));
#71 = AXIS2_PLACEMENT_3D('',#72,#73,#74);
#72 = CARTESIAN_POINT('',(0.,30.,60.));
#73 = DIRECTION('',(0.,0.,1.));
#74 = DIRECTION('',(1.,0.,0.));
#75 = AXIS2_PLACEMENT_3D('',#76,#77,#78);
#76 = CARTESIAN_POINT('',(484.,30.,60.));
#77 = DIRECTION('',(0.,0.,1.));
#78 = DIRECTION('',(1.,0.,0.));
#79 = AXIS2_PLACEMENT_3D('',#80,#81,#82);
#80 = CARTESIAN_POINT('',(30.,0.,460.));
#81 = DIRECTION('',(0.,0.,1.));
#82 = DIRECTION('',(1.,0.,0.));
#83 = AXIS2_PLACEMENT_3D('',#84,#85,#86);
#84 = CARTESIAN_POINT('',(30.,520.,460.));
#85 = DIRECTION('',(0.,0.,1.));
#86 = DIRECTION('',(1.,0.,0.));
#87 = AXIS2_PLACEMENT_3D('',#88,#89,#90);
#88 = CARTESIAN_POINT('',(0.,30.,460.));
#89 = DIRECTION('',(0.,0.,1.));
#90 = DIRECTION('',(1.,0.,0.));
#91 = AXIS2_PLACEMENT_3D('',#92,#93,#94);
#92 = CARTESIAN_POINT('',(484.,30.,460.));
#93 = DIRECTION('',(0.,0.,1.));
#94 = DIRECTION('',(1.,0.,0.));
#95 = AXIS2_PLACEMENT_3D('',#96,#97,#98);
#96 = CARTESIAN_POINT('',(30.,0.,860.));
#97 = DIRECTION('',(0.,0.,1.));
#98 = DIRECTION('',(1.,0.,0.));
#99 = AXIS2_PLACEMENT_3D('',#100,#101,#102);
#100 = CARTESIAN_POINT('',(30.,520.,860.));
#101 = DIRECTION('',(0.,0.,1.));
#102 = DIRECTION('',(1.,0.,0.));
#103 = AXIS2_PLACEMENT_3D('',#104,#105,#106);
#104 = CARTESIAN_POINT('',(0.,30.,860.));
#105 = DIRECTION('',(0.,0.,1.));
#106 = DIRECTION('',(1.,0.,0.));
#107 = AXIS2_PLACEMENT_3D('',#108,#109,#110);
#108 = CARTESIAN_POINT('',(484.,30.,860.));
#109 = DIRECTION('',(0.,0.,1.));
#110 = DIRECTION('',(1.,0.,0.));
#111 = AXIS2_PLACEMENT_3D('',#112,#113,#114);
#112 = CARTESIAN_POINT('',(30.,0.,1.26E+03));
#113 = DIRECTION('',(0.,0.,1.));
#114 = DIRECTION('',(1.,0.,0.));
#115 = AXIS2_PLACEMENT_3D('',#116,#117,#118);
#116 = CARTESIAN_POINT('',(30.,520.,1.26E+03));
#117 = DIRECTION('',(0.,0.,1.));
#118 = DIRECTION('',(1.,0.,0.));
#119 = AXIS2_PLACEMENT_3D('',#120,#121,#122);
#120 = CARTESIAN_POINT('',(0.,30.,1.26E+03));
#121 = DIRECTION('',(0.,0.,1.));
#122 = DIRECTION('',(1.,0.,0.));
#123 = AXIS2_PLACEMENT_3D('',#124,#125,#126);
#124 = CARTESIAN_POINT('',(484.,30.,1.26E+03));
#125 = DIRECTION('',(0.,0.,1.));
#126 = DIRECTION('',(1.,0.,0.));
#127 = AXIS2_PLACEMENT_3D('',#128,#129,#130);
#128 = CARTESIAN_POINT('',(30.,0.,1.69E+03));
#129 = DIRECTION('',(0.,0.,1.));
#130 = DIRECTION('',(1.,0.,0.));
#131 = AXIS2_PLACEMENT_3D('',#132,#133,#134);
#132 = CARTESIAN_POINT('',(30.,520.,1.69E+03));
#133 = DIRECTION('',(0.,0.,1.));
#134 = DIRECTION('',(1.,0.,0.));
#135 = AXIS2_PLACEMENT_3D('',#136,#137,#138);
#136 = CARTESIAN_POINT('',(0.,30.,1.69E+03));
#137 = DIRECTION('',(0.,0.,1.));
#138 = DIRECTION('',(1.,0.,0.));
#139 = AXIS2_PLACEMENT_3D('',#140,#141,#142);
#140 = CARTESIAN_POINT('',(484.,30.,1.69E+03));
#141 = DIRECTION('',(0.,0.,1.));
#142 = DIRECTION('',(1.,0.,0.));
#143 = AXIS2_PLACEMENT_3D('',#144,#145,#146);
#144 = CARTESIAN_POINT('',(0.,550.,1.64E+03));
#145 = DIRECTION('',(0.,0.,1.));
#146 = DIRECTION('',(1.,0.,0.));
#147 = AXIS2_PLACEMENT_3D('',#148,#149,#150);
#148 = CARTESIAN_POINT('',(0.,610.,1.64E+03));
#149 = DIRECTION('',(0.,0.,1.));
#150 = DIRECTION('',(1.,0.,0.));
#151 = AXIS2_PLACEMENT_3D('',#152,#153,#154);
#152 = CARTESIAN_POINT('',(484.,550.,1.64E+03));
#153 = DIRECTION('',(0.,0.,1.));
#154 = DIRECTION('',(1.,0.,0.));
#155 = AXIS2_PLACEMENT_3D('',#156,#157,#158);
#156 = CARTESIAN_POINT('',(484.,610.,1.64E+03));
#157 = DIRECTION('',(0.,0.,1.));
#158 = DIRECTION('',(1.,0.,0.));
#159 = AXIS2_PLACEMENT_3D('',#160,#161,#162);
#160 = CARTESIAN_POINT('',(0.,0.,0.));
#161 = DIRECTION('',(0.,0.,1.));
#162 = DIRECTION('',(1.,0.,0.));
#163 = AXIS2_PLACEMENT_3D('',#164,#165,#166);
#164 = CARTESIAN_POINT('',(0.,0.,0.));
#165 = DIRECTION('',(0.,0.,1.));
#166 = DIRECTION('',(1.,0.,0.));
#167 = AXIS2_PLACEMENT_3D('',#168,#169,#170);
#168 = CARTESIAN_POINT('',(715.,1.,1.));
#169 = DIRECTION('',(0.,0.,1.));
#170 = DIRECTION('',(1.,0.,0.));
#171 = AXIS2_PLACEMENT_3D('',#172,#173,#174);
#172 = CARTESIAN_POINT('',(794.,200.,195.));
#173 = DIRECTION('',(0.,1.,-2.22044604925E-16));
#174 = DIRECTION('',(1.,0.,0.));
#175 = AXIS2_PLACEMENT_3D('',#176,#177,#178);
#176 = CARTESIAN_POINT('',(914.,200.,255.));
#177 = DIRECTION('',(0.,1.,-2.22044604925E-16));
#178 = DIRECTION('',(1.,0.,0.));
#179 = AXIS2_PLACEMENT_3D('',#180,#181,#182);
#180 = CARTESIAN_POINT('',(864.,75.,1.395E+03));
#181 = DIRECTION('',(0.,0.,1.));
#182 = DIRECTION('',(1.,0.,0.));
#183 = AXIS2_PLACEMENT_3D('',#184,#185,#186);
#184 = CARTESIAN_POINT('',(145.,505.,60.));
#185 = DIRECTION('',(0.,0.,1.));
#186 = DIRECTION('',(1.,0.,0.));
#187 = AXIS2_PLACEMENT_3D('',#188,#189,#190);
#188 = CARTESIAN_POINT('',(429.,505.,60.));
#189 = DIRECTION('',(0.,0.,1.));
#190 = DIRECTION('',(1.,0.,0.));
#191 = AXIS2_PLACEMENT_3D('',#192,#193,#194);
#192 = CARTESIAN_POINT('',(347.,490.,60.));
#193 = DIRECTION('',(0.,0.,1.));
#194 = DIRECTION('',(1.,0.,0.));
#195 = AXIS2_PLACEMENT_3D('',#196,#197,#198);
#196 = CARTESIAN_POINT('',(145.,490.,285.));
#197 = DIRECTION('',(0.,1.,-2.22044604925E-16));
#198 = DIRECTION('',(1.,0.,0.));
#199 = AXIS2_PLACEMENT_3D('',#200,#201,#202);
#200 = CARTESIAN_POINT('',(369.,490.,285.));
#201 = DIRECTION('',(0.,1.,-2.22044604925E-16));
#202 = DIRECTION('',(1.,0.,0.));
#203 = AXIS2_PLACEMENT_3D('',#204,#205,#206);
#204 = CARTESIAN_POINT('',(429.,490.,106.));
#205 = DIRECTION('',(0.,1.,-2.22044604925E-16));
#206 = DIRECTION('',(1.,0.,0.));
#207 = AXIS2_PLACEMENT_3D('',#208,#209,#210);
#208 = CARTESIAN_POINT('',(145.,490.,685.));
#209 = DIRECTION('',(0.,1.,-2.22044604925E-16));
#210 = DIRECTION('',(1.,0.,0.));
#211 = AXIS2_PLACEMENT_3D('',#212,#213,#214);
#212 = CARTESIAN_POINT('',(369.,490.,685.));
#213 = DIRECTION('',(0.,1.,-2.22044604925E-16));
#214 = DIRECTION('',(1.,0.,0.));
#215 = AXIS2_PLACEMENT_3D('',#216,#217,#218);
#216 = CARTESIAN_POINT('',(429.,490.,506.));
#217 = DIRECTION('',(0.,1.,-2.22044604925E-16));
#218 = DIRECTION('',(1.,0.,0.));
#219 = AXIS2_PLACEMENT_3D('',#220,#221,#222);
#220 = CARTESIAN_POINT('',(145.,490.,1.085E+03));
#221 = DIRECTION('',(0.,1.,-2.22044604925E-16));
#222 = DIRECTION('',(1.,0.,0.));
#223 = AXIS2_PLACEMENT_3D('',#224,#225,#226);
#224 = CARTESIAN_POINT('',(369.,490.,1.085E+03));
#225 = DIRECTION('',(0.,1.,-2.22044604925E-16));
#226 = DIRECTION('',(1.,0.,0.));
#227 = AXIS2_PLACEMENT_3D('',#228,#229,#230);
#228 = CARTESIAN_POINT('',(429.,490.,906.));
#229 = DIRECTION('',(0.,1.,-2.22044604925E-16));
#230 = DIRECTION('',(1.,0.,0.));
#231 = AXIS2_PLACEMENT_3D('',#232,#233,#234);
#232 = CARTESIAN_POINT('',(145.,490.,1.485E+03));
#233 = DIRECTION('',(0.,1.,-2.22044604925E-16));
#234 = DIRECTION('',(1.,0.,0.));
#235 = AXIS2_PLACEMENT_3D('',#236,#237,#238);
#236 = CARTESIAN_POINT('',(369.,490.,1.485E+03));
#237 = DIRECTION('',(0.,1.,-2.22044604925E-16));
#238 = DIRECTION('',(1.,0.,0.));
#239 = AXIS2_PLACEMENT_3D('',#240,#241,#242);
#240 = CARTESIAN_POINT('',(429.,490.,1.306E+03));
#241 = DIRECTION('',(0.,1.,-2.22044604925E-16));
#242 = DIRECTION('',(1.,0.,0.));
#243 = AXIS2_PLACEMENT_3D('',#244,#245,#246);
#244 = CARTESIAN_POINT('',(33.,33.,93.));
#245 = DIRECTION('',(0.,0.,1.));
#246 = DIRECTION('',(1.,0.,0.));
#247 = AXIS2_PLACEMENT_3D('',#248,#249,#250);
#248 = CARTESIAN_POINT('',(1.,1.,23.451682144519));
#249 = DIRECTION('',(1.744181175284E-02,3.489957046433E-02,
    0.999238611736));
#250 = DIRECTION('',(0.999847694512,-6.441034599127E-10,
    -1.745244333225E-02));
#251 = ( GEOMETRIC_REPRESENTATION_CONTEXT(3) 
GLOBAL_UNCERTAINTY_ASSIGNED_CONTEXT((#255)) GLOBAL_UNIT_ASSIGNED_CONTEXT
((#252,#253,#254)) REPRESENTATION_CONTEXT('Context #1',
  '3D Context with UNIT and UNCERTAINTY') );
#252 = ( LENGTH_UNIT() NAMED_UNIT(*) SI_UNIT(.MILLI.,.METRE.) );
#253 = ( NAMED_UNIT(*) PLANE_ANGLE_UNIT() SI_UNIT($,.RADIAN.) );
#254 = ( NAMED_UNIT(*) SI_UNIT($,.STERADIAN.) SOLID_ANGLE_UNIT() );
#255 = UNCERTAINTY_MEASURE_WITH_UNIT(LENGTH_MEASURE(2.E-06),#252,
  'distance_accuracy_value','confusion accuracy');
#256 = PRODUCT_RELATED_PRODUCT_CATEGORY('part',$,(#7));
#257 = SHAPE_DEFINITION_REPRESENTATION(#258,#264);
#258 = PRODUCT_DEFINITION_SHAPE('','',#259);
#259 = PRODUCT_DEFINITION('design','',#260,#263);
#260 = PRODUCT_DEFINITION_FORMATION('','',#261);
#261 = PRODUCT('Staender_X0_Y0','Staender_X0_Y0','',(#262));
#262 = PRODUCT_CONTEXT('',#2,'mechanical');
#263 = PRODUCT_DEFINITION_CONTEXT('part definition',#2,'design');
#264 = ADVANCED_BREP_SHAPE_REPRESENTATION('',(#11,#265),#415);
#265 = MANIFOLD_SOLID_BREP('',#266);
#266 = CLOSED_SHELL('',(#267,#307,#347,#369,#391,#403));
#267 = ADVANCED_FACE('',(#268),#302,.F.);
#268 = FACE_BOUND('',#269,.F.);
#269 = EDGE_LOOP('',(#270,#280,#288,#296));
#270 = ORIENTED_EDGE('',*,*,#271,.F.);
#271 = EDGE_CURVE('',#272,#274,#276,.T.);
#272 = VERTEX_POINT('',#273);
#273 = CARTESIAN_POINT('',(0.,0.,0.));
#274 = VERTEX_POINT('',#275);
#275 = CARTESIAN_POINT('',(0.,0.,1.695E+03));
#276 = LINE('',#277,#278);
#277 = CARTESIAN_POINT('',(0.,0.,0.));
#278 = VECTOR('',#279,1.);
#279 = DIRECTION('',(0.,0.,1.));
#280 = ORIENTED_EDGE('',*,*,#281,.T.);
#281 = EDGE_CURVE('',#272,#282,#284,.T.);
#282 = VERTEX_POINT('',#283);
#283 = CARTESIAN_POINT('',(0.,30.,0.));
#284 = LINE('',#285,#286);
#285 = CARTESIAN_POINT('',(0.,0.,0.));
#286 = VECTOR('',#287,1.);
#287 = DIRECTION('',(-0.,1.,0.));
#288 = ORIENTED_EDGE('',*,*,#289,.T.);
#289 = EDGE_CURVE('',#282,#290,#292,.T.);
#290 = VERTEX_POINT('',#291);
#291 = CARTESIAN_POINT('',(0.,30.,1.695E+03));
#292 = LINE('',#293,#294);
#293 = CARTESIAN_POINT('',(0.,30.,0.));
#294 = VECTOR('',#295,1.);
#295 = DIRECTION('',(0.,0.,1.));
#296 = ORIENTED_EDGE('',*,*,#297,.F.);
#297 = EDGE_CURVE('',#274,#290,#298,.T.);
#298 = LINE('',#299,#300);
#299 = CARTESIAN_POINT('',(0.,0.,1.695E+03));
#300 = VECTOR('',#301,1.);
#301 = DIRECTION('',(-0.,1.,0.));
#302 = PLANE('',#303);
#303 = AXIS2_PLACEMENT_3D('',#304,#305,#306);
#304 = CARTESIAN_POINT('',(0.,0.,0.));
#305 = DIRECTION('',(1.,0.,-0.));
#306 = DIRECTION('',(0.,0.,1.));
#307 = ADVANCED_FACE('',(#308),#342,.T.);
#308 = FACE_BOUND('',#309,.T.);
#309 = EDGE_LOOP('',(#310,#320,#328,#336));
#310 = ORIENTED_EDGE('',*,*,#311,.F.);
#311 = EDGE_CURVE('',#312,#314,#316,.T.);
#312 = VERTEX_POINT('',#313);
#313 = CARTESIAN_POINT('',(30.,0.,0.));
#314 = VERTEX_POINT('',#315);
#315 = CARTESIAN_POINT('',(30.,0.,1.695E+03));
#316 = LINE('',#317,#318);
#317 = CARTESIAN_POINT('',(30.,0.,0.));
#318 = VECTOR('',#319,1.);
#319 = DIRECTION('',(0.,0.,1.));
#320 = ORIENTED_EDGE('',*,*,#321,.T.);
#321 = EDGE_CURVE('',#312,#322,#324,.T.);
#322 = VERTEX_POINT('',#323);
#323 = CARTESIAN_POINT('',(30.,30.,0.));
#324 = LINE('',#325,#326);
#325 = CARTESIAN_POINT('',(30.,0.,0.));
#326 = VECTOR('',#327,1.);
#327 = DIRECTION('',(-0.,1.,0.));
#328 = ORIENTED_EDGE('',*,*,#329,.T.);
#329 = EDGE_CURVE('',#322,#330,#332,.T.);
#330 = VERTEX_POINT('',#331);
#331 = CARTESIAN_POINT('',(30.,30.,1.695E+03));
#332 = LINE('',#333,#334);
#333 = CARTESIAN_POINT('',(30.,30.,0.));
#334 = VECTOR('',#335,1.);
#335 = DIRECTION('',(0.,0.,1.));
#336 = ORIENTED_EDGE('',*,*,#337,.F.);
#337 = EDGE_CURVE('',#314,#330,#338,.T.);
#338 = LINE('',#339,#340);
#339 = CARTESIAN_POINT('',(30.,0.,1.695E+03));
#340 = VECTOR('',#341,1.);
#341 = DIRECTION('',(-0.,1.,0.));
#342 = PLANE('',#343);
#343 = AXIS2_PLACEMENT_3D('',#344,#345,#346);
#344 = CARTESIAN_POINT('',(30.,0.,0.));
#345 = DIRECTION('',(1.,0.,-0.));
#346 = DIRECTION('',(0.,0.,1.));
#347 = ADVANCED_FACE('',(#348),#364,.F.);
#348 = FACE_BOUND('',#349,.F.);
#349 = EDGE_LOOP('',(#350,#356,#357,#363));
#350 = ORIENTED_EDGE('',*,*,#351,.F.);
#351 = EDGE_CURVE('',#272,#312,#352,.T.);
#352 = LINE('',#353,#354);
#353 = CARTESIAN_POINT('',(0.,0.,0.));
#354 = VECTOR('',#355,1.);
#355 = DIRECTION('',(1.,0.,-0.));
#356 = ORIENTED_EDGE('',*,*,#271,.T.);
#357 = ORIENTED_EDGE('',*,*,#358,.T.);
#358 = EDGE_CURVE('',#274,#314,#359,.T.);
#359 = LINE('',#360,#361);
#360 = CARTESIAN_POINT('',(0.,0.,1.695E+03));
#361 = VECTOR('',#362,1.);
#362 = DIRECTION('',(1.,0.,-0.));
#363 = ORIENTED_EDGE('',*,*,#311,.F.);
#364 = PLANE('',#365);
#365 = AXIS2_PLACEMENT_3D('',#366,#367,#368);
#366 = CARTESIAN_POINT('',(0.,0.,0.));
#367 = DIRECTION('',(-0.,1.,0.));
#368 = DIRECTION('',(0.,0.,1.));
#369 = ADVANCED_FACE('',(#370),#386,.T.);
#370 = FACE_BOUND('',#371,.T.);
#371 = EDGE_LOOP('',(#372,#378,#379,#385));
#372 = ORIENTED_EDGE('',*,*,#373,.F.);
#373 = EDGE_CURVE('',#282,#322,#374,.T.);
#374 = LINE('',#375,#376);
#375 = CARTESIAN_POINT('',(0.,30.,0.));
#376 = VECTOR('',#377,1.);
#377 = DIRECTION('',(1.,0.,-0.));
#378 = ORIENTED_EDGE('',*,*,#289,.T.);
#379 = ORIENTED_EDGE('',*,*,#380,.T.);
#380 = EDGE_CURVE('',#290,#330,#381,.T.);
#381 = LINE('',#382,#383);
#382 = CARTESIAN_POINT('',(0.,30.,1.695E+03));
#383 = VECTOR('',#384,1.);
#384 = DIRECTION('',(1.,0.,-0.));
#385 = ORIENTED_EDGE('',*,*,#329,.F.);
#386 = PLANE('',#387);
#387 = AXIS2_PLACEMENT_3D('',#388,#389,#390);
#388 = CARTESIAN_POINT('',(0.,30.,0.));
#389 = DIRECTION('',(-0.,1.,0.));
#390 = DIRECTION('',(0.,0.,1.));
#391 = ADVANCED_FACE('',(#392),#398,.F.);
#392 = FACE_BOUND('',#393,.F.);
#393 = EDGE_LOOP('',(#394,#395,#396,#397));
#394 = ORIENTED_EDGE('',*,*,#281,.F.);
#395 = ORIENTED_EDGE('',*,*,#351,.T.);
#396 = ORIENTED_EDGE('',*,*,#321,.T.);
#397 = ORIENTED_EDGE('',*,*,#373,.F.);
#398 = PLANE('',#399);
#399 = AXIS2_PLACEMENT_3D('',#400,#401,#402);
#400 = CARTESIAN_POINT('',(0.,0.,0.));
#401 = DIRECTION('',(0.,0.,1.));
#402 = DIRECTION('',(1.,0.,-0.));
#403 = ADVANCED_FACE('',(#404),#410,.T.);
#404 = FACE_BOUND('',#405,.T.);
#405 = EDGE_LOOP('',(#406,#407,#408,#409));
#406 = ORIENTED_EDGE('',*,*,#297,.F.);
#407 = ORIENTED_EDGE('',*,*,#358,.T.);
#408 = ORIENTED_EDGE('',*,*,#337,.T.);
#409 = ORIENTED_EDGE('',*,*,#380,.F.);
#410 = PLANE('',#411);
#411 = AXIS2_PLACEMENT_3D('',#412,#413,#414);
#412 = CARTESIAN_POINT('',(0.,0.,1.695E+03));
#413 = DIRECTION('',(0.,0.,1.));
#414 = DIRECTION('',(1.,0.,-0.));
#415 = ( GEOMETRIC_REPRESENTATION_CONTEXT(3) 
GLOBAL_UNCERTAINTY_ASSIGNED_CONTEXT((#419)) GLOBAL_UNIT_ASSIGNED_CONTEXT
((#416,#417,#418)) REPRESENTATION_CONTEXT('Context #1',
  '3D Context with UNIT and UNCERTAINTY') );
#416 = ( LENGTH_UNIT() NAMED_UNIT(*) SI_UNIT(.MILLI.,.METRE.) );
#417 = ( NAMED_UNIT(*) PLANE_ANGLE_UNIT() SI_UNIT($,.RADIAN.) );
#418 = ( NAMED_UNIT(*) SI_UNIT($,.STERADIAN.) SOLID_ANGLE_UNIT() );
#419 = UNCERTAINTY_MEASURE_WITH_UNIT(LENGTH_MEASURE(1.E-07),#416,
  'distance_accuracy_value','confusion accuracy');
#420 = CONTEXT_DEPENDENT_SHAPE_REPRESENTATION(#421,#423);
#421 = ( REPRESENTATION_RELATIONSHIP('','',#264,#10) 
REPRESENTATION_RELATIONSHIP_WITH_TRANSFORMATION(#422) 
SHAPE_REPRESENTATION_RELATIONSHIP() );
#422 = ITEM_DEFINED_TRANSFORMATION('','',#11,#15);
#423 = PRODUCT_DEFINITION_SHAPE('Placement','Placement of an item',#424
  );
#424 = NEXT_ASSEMBLY_USAGE_OCCURRENCE('1','Staender_X0_Y0','',#5,#259,$
  );
#425 = PRODUCT_RELATED_PRODUCT_CATEGORY('part',$,(#261));
#426 = SHAPE_DEFINITION_REPRESENTATION(#427,#433);
#427 = PRODUCT_DEFINITION_SHAPE('','',#428);
#428 = PRODUCT_DEFINITION('design','',#429,#432);
#429 = PRODUCT_DEFINITION_FORMATION('','',#430);
#430 = PRODUCT('Stellfuss_X0_Y0','Stellfuss_X0_Y0','',(#431));
#431 = PRODUCT_CONTEXT('',#2,'mechanical');
#432 = PRODUCT_DEFINITION_CONTEXT('part definition',#2,'design');
#433 = ADVANCED_BREP_SHAPE_REPRESENTATION('',(#11,#434),#487);
#434 = MANIFOLD_SOLID_BREP('',#435);
#435 = CLOSED_SHELL('',(#436,#469,#478));
#436 = ADVANCED_FACE('',(#437),#464,.T.);
#437 = FACE_BOUND('',#438,.F.);
#438 = EDGE_LOOP('',(#439,#449,#456,#457));
#439 = ORIENTED_EDGE('',*,*,#440,.T.);
#440 = EDGE_CURVE('',#441,#443,#445,.T.);
#441 = VERTEX_POINT('',#442);
#442 = CARTESIAN_POINT('',(12.,-2.939152317954E-15,0.));
#443 = VERTEX_POINT('',#444);
#444 = CARTESIAN_POINT('',(12.,-2.939152317954E-15,40.));
#445 = LINE('',#446,#447);
#446 = CARTESIAN_POINT('',(12.,-2.939152317954E-15,0.));
#447 = VECTOR('',#448,1.);
#448 = DIRECTION('',(0.,0.,1.));
#449 = ORIENTED_EDGE('',*,*,#450,.T.);
#450 = EDGE_CURVE('',#443,#443,#451,.T.);
#451 = CIRCLE('',#452,12.);
#452 = AXIS2_PLACEMENT_3D('',#453,#454,#455);
#453 = CARTESIAN_POINT('',(0.,0.,40.));
#454 = DIRECTION('',(0.,0.,1.));
#455 = DIRECTION('',(1.,0.,-0.));
#456 = ORIENTED_EDGE('',*,*,#440,.F.);
#457 = ORIENTED_EDGE('',*,*,#458,.F.);
#458 = EDGE_CURVE('',#441,#441,#459,.T.);
#459 = CIRCLE('',#460,12.);
#460 = AXIS2_PLACEMENT_3D('',#461,#462,#463);
#461 = CARTESIAN_POINT('',(0.,0.,0.));
#462 = DIRECTION('',(0.,0.,1.));
#463 = DIRECTION('',(1.,0.,-0.));
#464 = CYLINDRICAL_SURFACE('',#465,12.);
#465 = AXIS2_PLACEMENT_3D('',#466,#467,#468);
#466 = CARTESIAN_POINT('',(0.,0.,0.));
#467 = DIRECTION('',(-0.,-0.,-1.));
#468 = DIRECTION('',(1.,0.,-0.));
#469 = ADVANCED_FACE('',(#470),#473,.F.);
#470 = FACE_BOUND('',#471,.T.);
#471 = EDGE_LOOP('',(#472));
#472 = ORIENTED_EDGE('',*,*,#458,.F.);
#473 = PLANE('',#474);
#474 = AXIS2_PLACEMENT_3D('',#475,#476,#477);
#475 = CARTESIAN_POINT('',(0.,0.,0.));
#476 = DIRECTION('',(0.,0.,1.));
#477 = DIRECTION('',(1.,0.,-0.));
#478 = ADVANCED_FACE('',(#479),#482,.T.);
#479 = FACE_BOUND('',#480,.F.);
#480 = EDGE_LOOP('',(#481));
#481 = ORIENTED_EDGE('',*,*,#450,.F.);
#482 = PLANE('',#483);
#483 = AXIS2_PLACEMENT_3D('',#484,#485,#486);
#484 = CARTESIAN_POINT('',(0.,0.,40.));
#485 = DIRECTION('',(0.,0.,1.));
#486 = DIRECTION('',(1.,0.,-0.));
#487 = ( GEOMETRIC_REPRESENTATION_CONTEXT(3) 
GLOBAL_UNCERTAINTY_ASSIGNED_CONTEXT((#491)) GLOBAL_UNIT_ASSIGNED_CONTEXT
((#488,#489,#490)) REPRESENTATION_CONTEXT('Context #1',
  '3D Context with UNIT and UNCERTAINTY') );
#488 = ( LENGTH_UNIT() NAMED_UNIT(*) SI_UNIT(.MILLI.,.METRE.) );
#489 = ( NAMED_UNIT(*) PLANE_ANGLE_UNIT() SI_UNIT($,.RADIAN.) );
#490 = ( NAMED_UNIT(*) SI_UNIT($,.STERADIAN.) SOLID_ANGLE_UNIT() );
#491 = UNCERTAINTY_MEASURE_WITH_UNIT(LENGTH_MEASURE(1.E-07),#488,
  'distance_accuracy_value','confusion accuracy');
#492 = CONTEXT_DEPENDENT_SHAPE_REPRESENTATION(#493,#495);
#493 = ( REPRESENTATION_RELATIONSHIP('','',#433,#10) 
REPRESENTATION_RELATIONSHIP_WITH_TRANSFORMATION(#494) 
SHAPE_REPRESENTATION_RELATIONSHIP() );
#494 = ITEM_DEFINED_TRANSFORMATION('','',#11,#19);
#495 = PRODUCT_DEFINITION_SHAPE('Placement','Placement of an item',#496
  );
#496 = NEXT_ASSEMBLY_USAGE_OCCURRENCE('2','Stellfuss_X0_Y0','',#5,#428,$
  );
#497 = PRODUCT_RELATED_PRODUCT_CATEGORY('part',$,(#430));
#498 = SHAPE_DEFINITION_REPRESENTATION(#499,#505);
#499 = PRODUCT_DEFINITION_SHAPE('','',#500);
#500 = PRODUCT_DEFINITION('design','',#501,#504);
#501 = PRODUCT_DEFINITION_FORMATION('','',#502);
#502 = PRODUCT('Staender_X0_Y1','Staender_X0_Y1','',(#503));
#503 = PRODUCT_CONTEXT('',#2,'mechanical');
#504 = PRODUCT_DEFINITION_CONTEXT('part definition',#2,'design');
#505 = ADVANCED_BREP_SHAPE_REPRESENTATION('',(#11,#506),#656);
#506 = MANIFOLD_SOLID_BREP('',#507);
#507 = CLOSED_SHELL('',(#508,#548,#588,#610,#632,#644));
#508 = ADVANCED_FACE('',(#509),#543,.F.);
#509 = FACE_BOUND('',#510,.F.);
#510 = EDGE_LOOP('',(#511,#521,#529,#537));
#511 = ORIENTED_EDGE('',*,*,#512,.F.);
#512 = EDGE_CURVE('',#513,#515,#517,.T.);
#513 = VERTEX_POINT('',#514);
#514 = CARTESIAN_POINT('',(0.,0.,0.));
#515 = VERTEX_POINT('',#516);
#516 = CARTESIAN_POINT('',(0.,0.,1.695E+03));
#517 = LINE('',#518,#519);
#518 = CARTESIAN_POINT('',(0.,0.,0.));
#519 = VECTOR('',#520,1.);
#520 = DIRECTION('',(0.,0.,1.));
#521 = ORIENTED_EDGE('',*,*,#522,.T.);
#522 = EDGE_CURVE('',#513,#523,#525,.T.);
#523 = VERTEX_POINT('',#524);
#524 = CARTESIAN_POINT('',(0.,30.,0.));
#525 = LINE('',#526,#527);
#526 = CARTESIAN_POINT('',(0.,0.,0.));
#527 = VECTOR('',#528,1.);
#528 = DIRECTION('',(-0.,1.,0.));
#529 = ORIENTED_EDGE('',*,*,#530,.T.);
#530 = EDGE_CURVE('',#523,#531,#533,.T.);
#531 = VERTEX_POINT('',#532);
#532 = CARTESIAN_POINT('',(0.,30.,1.695E+03));
#533 = LINE('',#534,#535);
#534 = CARTESIAN_POINT('',(0.,30.,0.));
#535 = VECTOR('',#536,1.);
#536 = DIRECTION('',(0.,0.,1.));
#537 = ORIENTED_EDGE('',*,*,#538,.F.);
#538 = EDGE_CURVE('',#515,#531,#539,.T.);
#539 = LINE('',#540,#541);
#540 = CARTESIAN_POINT('',(0.,0.,1.695E+03));
#541 = VECTOR('',#542,1.);
#542 = DIRECTION('',(-0.,1.,0.));
#543 = PLANE('',#544);
#544 = AXIS2_PLACEMENT_3D('',#545,#546,#547);
#545 = CARTESIAN_POINT('',(0.,0.,0.));
#546 = DIRECTION('',(1.,0.,-0.));
#547 = DIRECTION('',(0.,0.,1.));
#548 = ADVANCED_FACE('',(#549),#583,.T.);
#549 = FACE_BOUND('',#550,.T.);
#550 = EDGE_LOOP('',(#551,#561,#569,#577));
#551 = ORIENTED_EDGE('',*,*,#552,.F.);
#552 = EDGE_CURVE('',#553,#555,#557,.T.);
#553 = VERTEX_POINT('',#554);
#554 = CARTESIAN_POINT('',(30.,0.,0.));
#555 = VERTEX_POINT('',#556);
#556 = CARTESIAN_POINT('',(30.,0.,1.695E+03));
#557 = LINE('',#558,#559);
#558 = CARTESIAN_POINT('',(30.,0.,0.));
#559 = VECTOR('',#560,1.);
#560 = DIRECTION('',(0.,0.,1.));
#561 = ORIENTED_EDGE('',*,*,#562,.T.);
#562 = EDGE_CURVE('',#553,#563,#565,.T.);
#563 = VERTEX_POINT('',#564);
#564 = CARTESIAN_POINT('',(30.,30.,0.));
#565 = LINE('',#566,#567);
#566 = CARTESIAN_POINT('',(30.,0.,0.));
#567 = VECTOR('',#568,1.);
#568 = DIRECTION('',(-0.,1.,0.));
#569 = ORIENTED_EDGE('',*,*,#570,.T.);
#570 = EDGE_CURVE('',#563,#571,#573,.T.);
#571 = VERTEX_POINT('',#572);
#572 = CARTESIAN_POINT('',(30.,30.,1.695E+03));
#573 = LINE('',#574,#575);
#574 = CARTESIAN_POINT('',(30.,30.,0.));
#575 = VECTOR('',#576,1.);
#576 = DIRECTION('',(0.,0.,1.));
#577 = ORIENTED_EDGE('',*,*,#578,.F.);
#578 = EDGE_CURVE('',#555,#571,#579,.T.);
#579 = LINE('',#580,#581);
#580 = CARTESIAN_POINT('',(30.,0.,1.695E+03));
#581 = VECTOR('',#582,1.);
#582 = DIRECTION('',(-0.,1.,0.));
#583 = PLANE('',#584);
#584 = AXIS2_PLACEMENT_3D('',#585,#586,#587);
#585 = CARTESIAN_POINT('',(30.,0.,0.));
#586 = DIRECTION('',(1.,0.,-0.));
#587 = DIRECTION('',(0.,0.,1.));
#588 = ADVANCED_FACE('',(#589),#605,.F.);
#589 = FACE_BOUND('',#590,.F.);
#590 = EDGE_LOOP('',(#591,#597,#598,#604));
#591 = ORIENTED_EDGE('',*,*,#592,.F.);
#592 = EDGE_CURVE('',#513,#553,#593,.T.);
#593 = LINE('',#594,#595);
#594 = CARTESIAN_POINT('',(0.,0.,0.));
#595 = VECTOR('',#596,1.);
#596 = DIRECTION('',(1.,0.,-0.));
#597 = ORIENTED_EDGE('',*,*,#512,.T.);
#598 = ORIENTED_EDGE('',*,*,#599,.T.);
#599 = EDGE_CURVE('',#515,#555,#600,.T.);
#600 = LINE('',#601,#602);
#601 = CARTESIAN_POINT('',(0.,0.,1.695E+03));
#602 = VECTOR('',#603,1.);
#603 = DIRECTION('',(1.,0.,-0.));
#604 = ORIENTED_EDGE('',*,*,#552,.F.);
#605 = PLANE('',#606);
#606 = AXIS2_PLACEMENT_3D('',#607,#608,#609);
#607 = CARTESIAN_POINT('',(0.,0.,0.));
#608 = DIRECTION('',(-0.,1.,0.));
#609 = DIRECTION('',(0.,0.,1.));
#610 = ADVANCED_FACE('',(#611),#627,.T.);
#611 = FACE_BOUND('',#612,.T.);
#612 = EDGE_LOOP('',(#613,#619,#620,#626));
#613 = ORIENTED_EDGE('',*,*,#614,.F.);
#614 = EDGE_CURVE('',#523,#563,#615,.T.);
#615 = LINE('',#616,#617);
#616 = CARTESIAN_POINT('',(0.,30.,0.));
#617 = VECTOR('',#618,1.);
#618 = DIRECTION('',(1.,0.,-0.));
#619 = ORIENTED_EDGE('',*,*,#530,.T.);
#620 = ORIENTED_EDGE('',*,*,#621,.T.);
#621 = EDGE_CURVE('',#531,#571,#622,.T.);
#622 = LINE('',#623,#624);
#623 = CARTESIAN_POINT('',(0.,30.,1.695E+03));
#624 = VECTOR('',#625,1.);
#625 = DIRECTION('',(1.,0.,-0.));
#626 = ORIENTED_EDGE('',*,*,#570,.F.);
#627 = PLANE('',#628);
#628 = AXIS2_PLACEMENT_3D('',#629,#630,#631);
#629 = CARTESIAN_POINT('',(0.,30.,0.));
#630 = DIRECTION('',(-0.,1.,0.));
#631 = DIRECTION('',(0.,0.,1.));
#632 = ADVANCED_FACE('',(#633),#639,.F.);
#633 = FACE_BOUND('',#634,.F.);
#634 = EDGE_LOOP('',(#635,#636,#637,#638));
#635 = ORIENTED_EDGE('',*,*,#522,.F.);
#636 = ORIENTED_EDGE('',*,*,#592,.T.);
#637 = ORIENTED_EDGE('',*,*,#562,.T.);
#638 = ORIENTED_EDGE('',*,*,#614,.F.);
#639 = PLANE('',#640);
#640 = AXIS2_PLACEMENT_3D('',#641,#642,#643);
#641 = CARTESIAN_POINT('',(0.,0.,0.));
#642 = DIRECTION('',(0.,0.,1.));
#643 = DIRECTION('',(1.,0.,-0.));
#644 = ADVANCED_FACE('',(#645),#651,.T.);
#645 = FACE_BOUND('',#646,.T.);
#646 = EDGE_LOOP('',(#647,#648,#649,#650));
#647 = ORIENTED_EDGE('',*,*,#538,.F.);
#648 = ORIENTED_EDGE('',*,*,#599,.T.);
#649 = ORIENTED_EDGE('',*,*,#578,.T.);
#650 = ORIENTED_EDGE('',*,*,#621,.F.);
#651 = PLANE('',#652);
#652 = AXIS2_PLACEMENT_3D('',#653,#654,#655);
#653 = CARTESIAN_POINT('',(0.,0.,1.695E+03));
#654 = DIRECTION('',(0.,0.,1.));
#655 = DIRECTION('',(1.,0.,-0.));
#656 = ( GEOMETRIC_REPRESENTATION_CONTEXT(3) 
GLOBAL_UNCERTAINTY_ASSIGNED_CONTEXT((#660)) GLOBAL_UNIT_ASSIGNED_CONTEXT
((#657,#658,#659)) REPRESENTATION_CONTEXT('Context #1',
  '3D Context with UNIT and UNCERTAINTY') );
#657 = ( LENGTH_UNIT() NAMED_UNIT(*) SI_UNIT(.MILLI.,.METRE.) );
#658 = ( NAMED_UNIT(*) PLANE_ANGLE_UNIT() SI_UNIT($,.RADIAN.) );
#659 = ( NAMED_UNIT(*) SI_UNIT($,.STERADIAN.) SOLID_ANGLE_UNIT() );
#660 = UNCERTAINTY_MEASURE_WITH_UNIT(LENGTH_MEASURE(1.E-07),#657,
  'distance_accuracy_value','confusion accuracy');
#661 = CONTEXT_DEPENDENT_SHAPE_REPRESENTATION(#662,#664);
#662 = ( REPRESENTATION_RELATIONSHIP('','',#505,#10) 
REPRESENTATION_RELATIONSHIP_WITH_TRANSFORMATION(#663) 
SHAPE_REPRESENTATION_RELATIONSHIP() );
#663 = ITEM_DEFINED_TRANSFORMATION('','',#11,#23);
#664 = PRODUCT_DEFINITION_SHAPE('Placement','Placement of an item',#665
  );
#665 = NEXT_ASSEMBLY_USAGE_OCCURRENCE('3','Staender_X0_Y1','',#5,#500,$
  );
#666 = PRODUCT_RELATED_PRODUCT_CATEGORY('part',$,(#502));
#667 = SHAPE_DEFINITION_REPRESENTATION(#668,#674);
#668 = PRODUCT_DEFINITION_SHAPE('','',#669);
#669 = PRODUCT_DEFINITION('design','',#670,#673);
#670 = PRODUCT_DEFINITION_FORMATION('','',#671);
#671 = PRODUCT('Stellfuss_X0_Y1','Stellfuss_X0_Y1','',(#672));
#672 = PRODUCT_CONTEXT('',#2,'mechanical');
#673 = PRODUCT_DEFINITION_CONTEXT('part definition',#2,'design');
#674 = ADVANCED_BREP_SHAPE_REPRESENTATION('',(#11,#675),#728);
#675 = MANIFOLD_SOLID_BREP('',#676);
#676 = CLOSED_SHELL('',(#677,#710,#719));
#677 = ADVANCED_FACE('',(#678),#705,.T.);
#678 = FACE_BOUND('',#679,.F.);
#679 = EDGE_LOOP('',(#680,#690,#697,#698));
#680 = ORIENTED_EDGE('',*,*,#681,.T.);
#681 = EDGE_CURVE('',#682,#684,#686,.T.);
#682 = VERTEX_POINT('',#683);
#683 = CARTESIAN_POINT('',(12.,-2.939152317954E-15,0.));
#684 = VERTEX_POINT('',#685);
#685 = CARTESIAN_POINT('',(12.,-2.939152317954E-15,40.));
#686 = LINE('',#687,#688);
#687 = CARTESIAN_POINT('',(12.,-2.939152317954E-15,0.));
#688 = VECTOR('',#689,1.);
#689 = DIRECTION('',(0.,0.,1.));
#690 = ORIENTED_EDGE('',*,*,#691,.T.);
#691 = EDGE_CURVE('',#684,#684,#692,.T.);
#692 = CIRCLE('',#693,12.);
#693 = AXIS2_PLACEMENT_3D('',#694,#695,#696);
#694 = CARTESIAN_POINT('',(0.,0.,40.));
#695 = DIRECTION('',(0.,0.,1.));
#696 = DIRECTION('',(1.,0.,-0.));
#697 = ORIENTED_EDGE('',*,*,#681,.F.);
#698 = ORIENTED_EDGE('',*,*,#699,.F.);
#699 = EDGE_CURVE('',#682,#682,#700,.T.);
#700 = CIRCLE('',#701,12.);
#701 = AXIS2_PLACEMENT_3D('',#702,#703,#704);
#702 = CARTESIAN_POINT('',(0.,0.,0.));
#703 = DIRECTION('',(0.,0.,1.));
#704 = DIRECTION('',(1.,0.,-0.));
#705 = CYLINDRICAL_SURFACE('',#706,12.);
#706 = AXIS2_PLACEMENT_3D('',#707,#708,#709);
#707 = CARTESIAN_POINT('',(0.,0.,0.));
#708 = DIRECTION('',(-0.,-0.,-1.));
#709 = DIRECTION('',(1.,0.,-0.));
#710 = ADVANCED_FACE('',(#711),#714,.F.);
#711 = FACE_BOUND('',#712,.T.);
#712 = EDGE_LOOP('',(#713));
#713 = ORIENTED_EDGE('',*,*,#699,.F.);
#714 = PLANE('',#715);
#715 = AXIS2_PLACEMENT_3D('',#716,#717,#718);
#716 = CARTESIAN_POINT('',(0.,0.,0.));
#717 = DIRECTION('',(0.,0.,1.));
#718 = DIRECTION('',(1.,0.,-0.));
#719 = ADVANCED_FACE('',(#720),#723,.T.);
#720 = FACE_BOUND('',#721,.F.);
#721 = EDGE_LOOP('',(#722));
#722 = ORIENTED_EDGE('',*,*,#691,.F.);
#723 = PLANE('',#724);
#724 = AXIS2_PLACEMENT_3D('',#725,#726,#727);
#725 = CARTESIAN_POINT('',(0.,0.,40.));
#726 = DIRECTION('',(0.,0.,1.));
#727 = DIRECTION('',(1.,0.,-0.));
#728 = ( GEOMETRIC_REPRESENTATION_CONTEXT(3) 
GLOBAL_UNCERTAINTY_ASSIGNED_CONTEXT((#732)) GLOBAL_UNIT_ASSIGNED_CONTEXT
((#729,#730,#731)) REPRESENTATION_CONTEXT('Context #1',
  '3D Context with UNIT and UNCERTAINTY') );
#729 = ( LENGTH_UNIT() NAMED_UNIT(*) SI_UNIT(.MILLI.,.METRE.) );
#730 = ( NAMED_UNIT(*) PLANE_ANGLE_UNIT() SI_UNIT($,.RADIAN.) );
#731 = ( NAMED_UNIT(*) SI_UNIT($,.STERADIAN.) SOLID_ANGLE_UNIT() );
#732 = UNCERTAINTY_MEASURE_WITH_UNIT(LENGTH_MEASURE(1.E-07),#729,
  'distance_accuracy_value','confusion accuracy');
#733 = CONTEXT_DEPENDENT_SHAPE_REPRESENTATION(#734,#736);
#734 = ( REPRESENTATION_RELATIONSHIP('','',#674,#10) 
REPRESENTATION_RELATIONSHIP_WITH_TRANSFORMATION(#735) 
SHAPE_REPRESENTATION_RELATIONSHIP() );
#735 = ITEM_DEFINED_TRANSFORMATION('','',#11,#27);
#736 = PRODUCT_DEFINITION_SHAPE('Placement','Placement of an item',#737
  );
#737 = NEXT_ASSEMBLY_USAGE_OCCURRENCE('4','Stellfuss_X0_Y1','',#5,#669,$
  );
#738 = PRODUCT_RELATED_PRODUCT_CATEGORY('part',$,(#671));
#739 = SHAPE_DEFINITION_REPRESENTATION(#740,#746);
#740 = PRODUCT_DEFINITION_SHAPE('','',#741);
#741 = PRODUCT_DEFINITION('design','',#742,#745);
#742 = PRODUCT_DEFINITION_FORMATION('','',#743);
#743 = PRODUCT('Staender_X1_Y0','Staender_X1_Y0','',(#744));
#744 = PRODUCT_CONTEXT('',#2,'mechanical');
#745 = PRODUCT_DEFINITION_CONTEXT('part definition',#2,'design');
#746 = ADVANCED_BREP_SHAPE_REPRESENTATION('',(#11,#747),#897);
#747 = MANIFOLD_SOLID_BREP('',#748);
#748 = CLOSED_SHELL('',(#749,#789,#829,#851,#873,#885));
#749 = ADVANCED_FACE('',(#750),#784,.F.);
#750 = FACE_BOUND('',#751,.F.);
#751 = EDGE_LOOP('',(#752,#762,#770,#778));
#752 = ORIENTED_EDGE('',*,*,#753,.F.);
#753 = EDGE_CURVE('',#754,#756,#758,.T.);
#754 = VERTEX_POINT('',#755);
#755 = CARTESIAN_POINT('',(0.,0.,0.));
#756 = VERTEX_POINT('',#757);
#757 = CARTESIAN_POINT('',(0.,0.,1.695E+03));
#758 = LINE('',#759,#760);
#759 = CARTESIAN_POINT('',(0.,0.,0.));
#760 = VECTOR('',#761,1.);
#761 = DIRECTION('',(0.,0.,1.));
#762 = ORIENTED_EDGE('',*,*,#763,.T.);
#763 = EDGE_CURVE('',#754,#764,#766,.T.);
#764 = VERTEX_POINT('',#765);
#765 = CARTESIAN_POINT('',(0.,30.,0.));
#766 = LINE('',#767,#768);
#767 = CARTESIAN_POINT('',(0.,0.,0.));
#768 = VECTOR('',#769,1.);
#769 = DIRECTION('',(-0.,1.,0.));
#770 = ORIENTED_EDGE('',*,*,#771,.T.);
#771 = EDGE_CURVE('',#764,#772,#774,.T.);
#772 = VERTEX_POINT('',#773);
#773 = CARTESIAN_POINT('',(0.,30.,1.695E+03));
#774 = LINE('',#775,#776);
#775 = CARTESIAN_POINT('',(0.,30.,0.));
#776 = VECTOR('',#777,1.);
#777 = DIRECTION('',(0.,0.,1.));
#778 = ORIENTED_EDGE('',*,*,#779,.F.);
#779 = EDGE_CURVE('',#756,#772,#780,.T.);
#780 = LINE('',#781,#782);
#781 = CARTESIAN_POINT('',(0.,0.,1.695E+03));
#782 = VECTOR('',#783,1.);
#783 = DIRECTION('',(-0.,1.,0.));
#784 = PLANE('',#785);
#785 = AXIS2_PLACEMENT_3D('',#786,#787,#788);
#786 = CARTESIAN_POINT('',(0.,0.,0.));
#787 = DIRECTION('',(1.,0.,-0.));
#788 = DIRECTION('',(0.,0.,1.));
#789 = ADVANCED_FACE('',(#790),#824,.T.);
#790 = FACE_BOUND('',#791,.T.);
#791 = EDGE_LOOP('',(#792,#802,#810,#818));
#792 = ORIENTED_EDGE('',*,*,#793,.F.);
#793 = EDGE_CURVE('',#794,#796,#798,.T.);
#794 = VERTEX_POINT('',#795);
#795 = CARTESIAN_POINT('',(30.,0.,0.));
#796 = VERTEX_POINT('',#797);
#797 = CARTESIAN_POINT('',(30.,0.,1.695E+03));
#798 = LINE('',#799,#800);
#799 = CARTESIAN_POINT('',(30.,0.,0.));
#800 = VECTOR('',#801,1.);
#801 = DIRECTION('',(0.,0.,1.));
#802 = ORIENTED_EDGE('',*,*,#803,.T.);
#803 = EDGE_CURVE('',#794,#804,#806,.T.);
#804 = VERTEX_POINT('',#805);
#805 = CARTESIAN_POINT('',(30.,30.,0.));
#806 = LINE('',#807,#808);
#807 = CARTESIAN_POINT('',(30.,0.,0.));
#808 = VECTOR('',#809,1.);
#809 = DIRECTION('',(-0.,1.,0.));
#810 = ORIENTED_EDGE('',*,*,#811,.T.);
#811 = EDGE_CURVE('',#804,#812,#814,.T.);
#812 = VERTEX_POINT('',#813);
#813 = CARTESIAN_POINT('',(30.,30.,1.695E+03));
#814 = LINE('',#815,#816);
#815 = CARTESIAN_POINT('',(30.,30.,0.));
#816 = VECTOR('',#817,1.);
#817 = DIRECTION('',(0.,0.,1.));
#818 = ORIENTED_EDGE('',*,*,#819,.F.);
#819 = EDGE_CURVE('',#796,#812,#820,.T.);
#820 = LINE('',#821,#822);
#821 = CARTESIAN_POINT('',(30.,0.,1.695E+03));
#822 = VECTOR('',#823,1.);
#823 = DIRECTION('',(-0.,1.,0.));
#824 = PLANE('',#825);
#825 = AXIS2_PLACEMENT_3D('',#826,#827,#828);
#826 = CARTESIAN_POINT('',(30.,0.,0.));
#827 = DIRECTION('',(1.,0.,-0.));
#828 = DIRECTION('',(0.,0.,1.));
#829 = ADVANCED_FACE('',(#830),#846,.F.);
#830 = FACE_BOUND('',#831,.F.);
#831 = EDGE_LOOP('',(#832,#838,#839,#845));
#832 = ORIENTED_EDGE('',*,*,#833,.F.);
#833 = EDGE_CURVE('',#754,#794,#834,.T.);
#834 = LINE('',#835,#836);
#835 = CARTESIAN_POINT('',(0.,0.,0.));
#836 = VECTOR('',#837,1.);
#837 = DIRECTION('',(1.,0.,-0.));
#838 = ORIENTED_EDGE('',*,*,#753,.T.);
#839 = ORIENTED_EDGE('',*,*,#840,.T.);
#840 = EDGE_CURVE('',#756,#796,#841,.T.);
#841 = LINE('',#842,#843);
#842 = CARTESIAN_POINT('',(0.,0.,1.695E+03));
#843 = VECTOR('',#844,1.);
#844 = DIRECTION('',(1.,0.,-0.));
#845 = ORIENTED_EDGE('',*,*,#793,.F.);
#846 = PLANE('',#847);
#847 = AXIS2_PLACEMENT_3D('',#848,#849,#850);
#848 = CARTESIAN_POINT('',(0.,0.,0.));
#849 = DIRECTION('',(-0.,1.,0.));
#850 = DIRECTION('',(0.,0.,1.));
#851 = ADVANCED_FACE('',(#852),#868,.T.);
#852 = FACE_BOUND('',#853,.T.);
#853 = EDGE_LOOP('',(#854,#860,#861,#867));
#854 = ORIENTED_EDGE('',*,*,#855,.F.);
#855 = EDGE_CURVE('',#764,#804,#856,.T.);
#856 = LINE('',#857,#858);
#857 = CARTESIAN_POINT('',(0.,30.,0.));
#858 = VECTOR('',#859,1.);
#859 = DIRECTION('',(1.,0.,-0.));
#860 = ORIENTED_EDGE('',*,*,#771,.T.);
#861 = ORIENTED_EDGE('',*,*,#862,.T.);
#862 = EDGE_CURVE('',#772,#812,#863,.T.);
#863 = LINE('',#864,#865);
#864 = CARTESIAN_POINT('',(0.,30.,1.695E+03));
#865 = VECTOR('',#866,1.);
#866 = DIRECTION('',(1.,0.,-0.));
#867 = ORIENTED_EDGE('',*,*,#811,.F.);
#868 = PLANE('',#869);
#869 = AXIS2_PLACEMENT_3D('',#870,#871,#872);
#870 = CARTESIAN_POINT('',(0.,30.,0.));
#871 = DIRECTION('',(-0.,1.,0.));
#872 = DIRECTION('',(0.,0.,1.));
#873 = ADVANCED_FACE('',(#874),#880,.F.);
#874 = FACE_BOUND('',#875,.F.);
#875 = EDGE_LOOP('',(#876,#877,#878,#879));
#876 = ORIENTED_EDGE('',*,*,#763,.F.);
#877 = ORIENTED_EDGE('',*,*,#833,.T.);
#878 = ORIENTED_EDGE('',*,*,#803,.T.);
#879 = ORIENTED_EDGE('',*,*,#855,.F.);
#880 = PLANE('',#881);
#881 = AXIS2_PLACEMENT_3D('',#882,#883,#884);
#882 = CARTESIAN_POINT('',(0.,0.,0.));
#883 = DIRECTION('',(0.,0.,1.));
#884 = DIRECTION('',(1.,0.,-0.));
#885 = ADVANCED_FACE('',(#886),#892,.T.);
#886 = FACE_BOUND('',#887,.T.);
#887 = EDGE_LOOP('',(#888,#889,#890,#891));
#888 = ORIENTED_EDGE('',*,*,#779,.F.);
#889 = ORIENTED_EDGE('',*,*,#840,.T.);
#890 = ORIENTED_EDGE('',*,*,#819,.T.);
#891 = ORIENTED_EDGE('',*,*,#862,.F.);
#892 = PLANE('',#893);
#893 = AXIS2_PLACEMENT_3D('',#894,#895,#896);
#894 = CARTESIAN_POINT('',(0.,0.,1.695E+03));
#895 = DIRECTION('',(0.,0.,1.));
#896 = DIRECTION('',(1.,0.,-0.));
#897 = ( GEOMETRIC_REPRESENTATION_CONTEXT(3) 
GLOBAL_UNCERTAINTY_ASSIGNED_CONTEXT((#901)) GLOBAL_UNIT_ASSIGNED_CONTEXT
((#898,#899,#900)) REPRESENTATION_CONTEXT('Context #1',
  '3D Context with UNIT and UNCERTAINTY') );
#898 = ( LENGTH_UNIT() NAMED_UNIT(*) SI_UNIT(.MILLI.,.METRE.) );
#899 = ( NAMED_UNIT(*) PLANE_ANGLE_UNIT() SI_UNIT($,.RADIAN.) );
#900 = ( NAMED_UNIT(*) SI_UNIT($,.STERADIAN.) SOLID_ANGLE_UNIT() );
#901 = UNCERTAINTY_MEASURE_WITH_UNIT(LENGTH_MEASURE(1.E-07),#898,
  'distance_accuracy_value','confusion accuracy');
#902 = CONTEXT_DEPENDENT_SHAPE_REPRESENTATION(#903,#905);
#903 = ( REPRESENTATION_RELATIONSHIP('','',#746,#10) 
REPRESENTATION_RELATIONSHIP_WITH_TRANSFORMATION(#904) 
SHAPE_REPRESENTATION_RELATIONSHIP() );
#904 = ITEM_DEFINED_TRANSFORMATION('','',#11,#31);
#905 = PRODUCT_DEFINITION_SHAPE('Placement','Placement of an item',#906
  );
#906 = NEXT_ASSEMBLY_USAGE_OCCURRENCE('5','Staender_X1_Y0','',#5,#741,$
  );
#907 = PRODUCT_RELATED_PRODUCT_CATEGORY('part',$,(#743));
#908 = SHAPE_DEFINITION_REPRESENTATION(#909,#915);
#909 = PRODUCT_DEFINITION_SHAPE('','',#910);
#910 = PRODUCT_DEFINITION('design','',#911,#914);
#911 = PRODUCT_DEFINITION_FORMATION('','',#912);
#912 = PRODUCT('Stellfuss_X1_Y0','Stellfuss_X1_Y0','',(#913));
#913 = PRODUCT_CONTEXT('',#2,'mechanical');
#914 = PRODUCT_DEFINITION_CONTEXT('part definition',#2,'design');
#915 = ADVANCED_BREP_SHAPE_REPRESENTATION('',(#11,#916),#969);
#916 = MANIFOLD_SOLID_BREP('',#917);
#917 = CLOSED_SHELL('',(#918,#951,#960));
#918 = ADVANCED_FACE('',(#919),#946,.T.);
#919 = FACE_BOUND('',#920,.F.);
#920 = EDGE_LOOP('',(#921,#931,#938,#939));
#921 = ORIENTED_EDGE('',*,*,#922,.T.);
#922 = EDGE_CURVE('',#923,#925,#927,.T.);
#923 = VERTEX_POINT('',#924);
#924 = CARTESIAN_POINT('',(12.,-2.939152317954E-15,0.));
#925 = VERTEX_POINT('',#926);
#926 = CARTESIAN_POINT('',(12.,-2.939152317954E-15,40.));
#927 = LINE('',#928,#929);
#928 = CARTESIAN_POINT('',(12.,-2.939152317954E-15,0.));
#929 = VECTOR('',#930,1.);
#930 = DIRECTION('',(0.,0.,1.));
#931 = ORIENTED_EDGE('',*,*,#932,.T.);
#932 = EDGE_CURVE('',#925,#925,#933,.T.);
#933 = CIRCLE('',#934,12.);
#934 = AXIS2_PLACEMENT_3D('',#935,#936,#937);
#935 = CARTESIAN_POINT('',(0.,0.,40.));
#936 = DIRECTION('',(0.,0.,1.));
#937 = DIRECTION('',(1.,0.,-0.));
#938 = ORIENTED_EDGE('',*,*,#922,.F.);
#939 = ORIENTED_EDGE('',*,*,#940,.F.);
#940 = EDGE_CURVE('',#923,#923,#941,.T.);
#941 = CIRCLE('',#942,12.);
#942 = AXIS2_PLACEMENT_3D('',#943,#944,#945);
#943 = CARTESIAN_POINT('',(0.,0.,0.));
#944 = DIRECTION('',(0.,0.,1.));
#945 = DIRECTION('',(1.,0.,-0.));
#946 = CYLINDRICAL_SURFACE('',#947,12.);
#947 = AXIS2_PLACEMENT_3D('',#948,#949,#950);
#948 = CARTESIAN_POINT('',(0.,0.,0.));
#949 = DIRECTION('',(-0.,-0.,-1.));
#950 = DIRECTION('',(1.,0.,-0.));
#951 = ADVANCED_FACE('',(#952),#955,.F.);
#952 = FACE_BOUND('',#953,.T.);
#953 = EDGE_LOOP('',(#954));
#954 = ORIENTED_EDGE('',*,*,#940,.F.);
#955 = PLANE('',#956);
#956 = AXIS2_PLACEMENT_3D('',#957,#958,#959);
#957 = CARTESIAN_POINT('',(0.,0.,0.));
#958 = DIRECTION('',(0.,0.,1.));
#959 = DIRECTION('',(1.,0.,-0.));
#960 = ADVANCED_FACE('',(#961),#964,.T.);
#961 = FACE_BOUND('',#962,.F.);
#962 = EDGE_LOOP('',(#963));
#963 = ORIENTED_EDGE('',*,*,#932,.F.);
#964 = PLANE('',#965);
#965 = AXIS2_PLACEMENT_3D('',#966,#967,#968);
#966 = CARTESIAN_POINT('',(0.,0.,40.));
#967 = DIRECTION('',(0.,0.,1.));
#968 = DIRECTION('',(1.,0.,-0.));
#969 = ( GEOMETRIC_REPRESENTATION_CONTEXT(3) 
GLOBAL_UNCERTAINTY_ASSIGNED_CONTEXT((#973)) GLOBAL_UNIT_ASSIGNED_CONTEXT
((#970,#971,#972)) REPRESENTATION_CONTEXT('Context #1',
  '3D Context with UNIT and UNCERTAINTY') );
#970 = ( LENGTH_UNIT() NAMED_UNIT(*) SI_UNIT(.MILLI.,.METRE.) );
#971 = ( NAMED_UNIT(*) PLANE_ANGLE_UNIT() SI_UNIT($,.RADIAN.) );
#972 = ( NAMED_UNIT(*) SI_UNIT($,.STERADIAN.) SOLID_ANGLE_UNIT() );
#973 = UNCERTAINTY_MEASURE_WITH_UNIT(LENGTH_MEASURE(1.E-07),#970,
  'distance_accuracy_value','confusion accuracy');
#974 = CONTEXT_DEPENDENT_SHAPE_REPRESENTATION(#975,#977);
#975 = ( REPRESENTATION_RELATIONSHIP('','',#915,#10) 
REPRESENTATION_RELATIONSHIP_WITH_TRANSFORMATION(#976) 
SHAPE_REPRESENTATION_RELATIONSHIP() );
#976 = ITEM_DEFINED_TRANSFORMATION('','',#11,#35);
#977 = PRODUCT_DEFINITION_SHAPE('Placement','Placement of an item',#978
  );
#978 = NEXT_ASSEMBLY_USAGE_OCCURRENCE('6','Stellfuss_X1_Y0','',#5,#910,$
  );
#979 = PRODUCT_RELATED_PRODUCT_CATEGORY('part',$,(#912));
#980 = SHAPE_DEFINITION_REPRESENTATION(#981,#987);
#981 = PRODUCT_DEFINITION_SHAPE('','',#982);
#982 = PRODUCT_DEFINITION('design','',#983,#986);
#983 = PRODUCT_DEFINITION_FORMATION('','',#984);
#984 = PRODUCT('Staender_X1_Y1','Staender_X1_Y1','',(#985));
#985 = PRODUCT_CONTEXT('',#2,'mechanical');
#986 = PRODUCT_DEFINITION_CONTEXT('part definition',#2,'design');
#987 = ADVANCED_BREP_SHAPE_REPRESENTATION('',(#11,#988),#1138);
#988 = MANIFOLD_SOLID_BREP('',#989);
#989 = CLOSED_SHELL('',(#990,#1030,#1070,#1092,#1114,#1126));
#990 = ADVANCED_FACE('',(#991),#1025,.F.);
#991 = FACE_BOUND('',#992,.F.);
#992 = EDGE_LOOP('',(#993,#1003,#1011,#1019));
#993 = ORIENTED_EDGE('',*,*,#994,.F.);
#994 = EDGE_CURVE('',#995,#997,#999,.T.);
#995 = VERTEX_POINT('',#996);
#996 = CARTESIAN_POINT('',(0.,0.,0.));
#997 = VERTEX_POINT('',#998);
#998 = CARTESIAN_POINT('',(0.,0.,1.695E+03));
#999 = LINE('',#1000,#1001);
#1000 = CARTESIAN_POINT('',(0.,0.,0.));
#1001 = VECTOR('',#1002,1.);
#1002 = DIRECTION('',(0.,0.,1.));
#1003 = ORIENTED_EDGE('',*,*,#1004,.T.);
#1004 = EDGE_CURVE('',#995,#1005,#1007,.T.);
#1005 = VERTEX_POINT('',#1006);
#1006 = CARTESIAN_POINT('',(0.,30.,0.));
#1007 = LINE('',#1008,#1009);
#1008 = CARTESIAN_POINT('',(0.,0.,0.));
#1009 = VECTOR('',#1010,1.);
#1010 = DIRECTION('',(-0.,1.,0.));
#1011 = ORIENTED_EDGE('',*,*,#1012,.T.);
#1012 = EDGE_CURVE('',#1005,#1013,#1015,.T.);
#1013 = VERTEX_POINT('',#1014);
#1014 = CARTESIAN_POINT('',(0.,30.,1.695E+03));
#1015 = LINE('',#1016,#1017);
#1016 = CARTESIAN_POINT('',(0.,30.,0.));
#1017 = VECTOR('',#1018,1.);
#1018 = DIRECTION('',(0.,0.,1.));
#1019 = ORIENTED_EDGE('',*,*,#1020,.F.);
#1020 = EDGE_CURVE('',#997,#1013,#1021,.T.);
#1021 = LINE('',#1022,#1023);
#1022 = CARTESIAN_POINT('',(0.,0.,1.695E+03));
#1023 = VECTOR('',#1024,1.);
#1024 = DIRECTION('',(-0.,1.,0.));
#1025 = PLANE('',#1026);
#1026 = AXIS2_PLACEMENT_3D('',#1027,#1028,#1029);
#1027 = CARTESIAN_POINT('',(0.,0.,0.));
#1028 = DIRECTION('',(1.,0.,-0.));
#1029 = DIRECTION('',(0.,0.,1.));
#1030 = ADVANCED_FACE('',(#1031),#1065,.T.);
#1031 = FACE_BOUND('',#1032,.T.);
#1032 = EDGE_LOOP('',(#1033,#1043,#1051,#1059));
#1033 = ORIENTED_EDGE('',*,*,#1034,.F.);
#1034 = EDGE_CURVE('',#1035,#1037,#1039,.T.);
#1035 = VERTEX_POINT('',#1036);
#1036 = CARTESIAN_POINT('',(30.,0.,0.));
#1037 = VERTEX_POINT('',#1038);
#1038 = CARTESIAN_POINT('',(30.,0.,1.695E+03));
#1039 = LINE('',#1040,#1041);
#1040 = CARTESIAN_POINT('',(30.,0.,0.));
#1041 = VECTOR('',#1042,1.);
#1042 = DIRECTION('',(0.,0.,1.));
#1043 = ORIENTED_EDGE('',*,*,#1044,.T.);
#1044 = EDGE_CURVE('',#1035,#1045,#1047,.T.);
#1045 = VERTEX_POINT('',#1046);
#1046 = CARTESIAN_POINT('',(30.,30.,0.));
#1047 = LINE('',#1048,#1049);
#1048 = CARTESIAN_POINT('',(30.,0.,0.));
#1049 = VECTOR('',#1050,1.);
#1050 = DIRECTION('',(-0.,1.,0.));
#1051 = ORIENTED_EDGE('',*,*,#1052,.T.);
#1052 = EDGE_CURVE('',#1045,#1053,#1055,.T.);
#1053 = VERTEX_POINT('',#1054);
#1054 = CARTESIAN_POINT('',(30.,30.,1.695E+03));
#1055 = LINE('',#1056,#1057);
#1056 = CARTESIAN_POINT('',(30.,30.,0.));
#1057 = VECTOR('',#1058,1.);
#1058 = DIRECTION('',(0.,0.,1.));
#1059 = ORIENTED_EDGE('',*,*,#1060,.F.);
#1060 = EDGE_CURVE('',#1037,#1053,#1061,.T.);
#1061 = LINE('',#1062,#1063);
#1062 = CARTESIAN_POINT('',(30.,0.,1.695E+03));
#1063 = VECTOR('',#1064,1.);
#1064 = DIRECTION('',(-0.,1.,0.));
#1065 = PLANE('',#1066);
#1066 = AXIS2_PLACEMENT_3D('',#1067,#1068,#1069);
#1067 = CARTESIAN_POINT('',(30.,0.,0.));
#1068 = DIRECTION('',(1.,0.,-0.));
#1069 = DIRECTION('',(0.,0.,1.));
#1070 = ADVANCED_FACE('',(#1071),#1087,.F.);
#1071 = FACE_BOUND('',#1072,.F.);
#1072 = EDGE_LOOP('',(#1073,#1079,#1080,#1086));
#1073 = ORIENTED_EDGE('',*,*,#1074,.F.);
#1074 = EDGE_CURVE('',#995,#1035,#1075,.T.);
#1075 = LINE('',#1076,#1077);
#1076 = CARTESIAN_POINT('',(0.,0.,0.));
#1077 = VECTOR('',#1078,1.);
#1078 = DIRECTION('',(1.,0.,-0.));
#1079 = ORIENTED_EDGE('',*,*,#994,.T.);
#1080 = ORIENTED_EDGE('',*,*,#1081,.T.);
#1081 = EDGE_CURVE('',#997,#1037,#1082,.T.);
#1082 = LINE('',#1083,#1084);
#1083 = CARTESIAN_POINT('',(0.,0.,1.695E+03));
#1084 = VECTOR('',#1085,1.);
#1085 = DIRECTION('',(1.,0.,-0.));
#1086 = ORIENTED_EDGE('',*,*,#1034,.F.);
#1087 = PLANE('',#1088);
#1088 = AXIS2_PLACEMENT_3D('',#1089,#1090,#1091);
#1089 = CARTESIAN_POINT('',(0.,0.,0.));
#1090 = DIRECTION('',(-0.,1.,0.));
#1091 = DIRECTION('',(0.,0.,1.));
#1092 = ADVANCED_FACE('',(#1093),#1109,.T.);
#1093 = FACE_BOUND('',#1094,.T.);
#1094 = EDGE_LOOP('',(#1095,#1101,#1102,#1108));
#1095 = ORIENTED_EDGE('',*,*,#1096,.F.);
#1096 = EDGE_CURVE('',#1005,#1045,#1097,.T.);
#1097 = LINE('',#1098,#1099);
#1098 = CARTESIAN_POINT('',(0.,30.,0.));
#1099 = VECTOR('',#1100,1.);
#1100 = DIRECTION('',(1.,0.,-0.));
#1101 = ORIENTED_EDGE('',*,*,#1012,.T.);
#1102 = ORIENTED_EDGE('',*,*,#1103,.T.);
#1103 = EDGE_CURVE('',#1013,#1053,#1104,.T.);
#1104 = LINE('',#1105,#1106);
#1105 = CARTESIAN_POINT('',(0.,30.,1.695E+03));
#1106 = VECTOR('',#1107,1.);
#1107 = DIRECTION('',(1.,0.,-0.));
#1108 = ORIENTED_EDGE('',*,*,#1052,.F.);
#1109 = PLANE('',#1110);
#1110 = AXIS2_PLACEMENT_3D('',#1111,#1112,#1113);
#1111 = CARTESIAN_POINT('',(0.,30.,0.));
#1112 = DIRECTION('',(-0.,1.,0.));
#1113 = DIRECTION('',(0.,0.,1.));
#1114 = ADVANCED_FACE('',(#1115),#1121,.F.);
#1115 = FACE_BOUND('',#1116,.F.);
#1116 = EDGE_LOOP('',(#1117,#1118,#1119,#1120));
#1117 = ORIENTED_EDGE('',*,*,#1004,.F.);
#1118 = ORIENTED_EDGE('',*,*,#1074,.T.);
#1119 = ORIENTED_EDGE('',*,*,#1044,.T.);
#1120 = ORIENTED_EDGE('',*,*,#1096,.F.);
#1121 = PLANE('',#1122);
#1122 = AXIS2_PLACEMENT_3D('',#1123,#1124,#1125);
#1123 = CARTESIAN_POINT('',(0.,0.,0.));
#1124 = DIRECTION('',(0.,0.,1.));
#1125 = DIRECTION('',(1.,0.,-0.));
#1126 = ADVANCED_FACE('',(#1127),#1133,.T.);
#1127 = FACE_BOUND('',#1128,.T.);
#1128 = EDGE_LOOP('',(#1129,#1130,#1131,#1132));
#1129 = ORIENTED_EDGE('',*,*,#1020,.F.);
#1130 = ORIENTED_EDGE('',*,*,#1081,.T.);
#1131 = ORIENTED_EDGE('',*,*,#1060,.T.);
#1132 = ORIENTED_EDGE('',*,*,#1103,.F.);
#1133 = PLANE('',#1134);
#1134 = AXIS2_PLACEMENT_3D('',#1135,#1136,#1137);
#1135 = CARTESIAN_POINT('',(0.,0.,1.695E+03));
#1136 = DIRECTION('',(0.,0.,1.));
#1137 = DIRECTION('',(1.,0.,-0.));
#1138 = ( GEOMETRIC_REPRESENTATION_CONTEXT(3) 
GLOBAL_UNCERTAINTY_ASSIGNED_CONTEXT((#1142)) 
GLOBAL_UNIT_ASSIGNED_CONTEXT((#1139,#1140,#1141)) REPRESENTATION_CONTEXT
('Context #1','3D Context with UNIT and UNCERTAINTY') );
#1139 = ( LENGTH_UNIT() NAMED_UNIT(*) SI_UNIT(.MILLI.,.METRE.) );
#1140 = ( NAMED_UNIT(*) PLANE_ANGLE_UNIT() SI_UNIT($,.RADIAN.) );
#1141 = ( NAMED_UNIT(*) SI_UNIT($,.STERADIAN.) SOLID_ANGLE_UNIT() );
#1142 = UNCERTAINTY_MEASURE_WITH_UNIT(LENGTH_MEASURE(1.E-07),#1139,
  'distance_accuracy_value','confusion accuracy');
#1143 = CONTEXT_DEPENDENT_SHAPE_REPRESENTATION(#1144,#1146);
#1144 = ( REPRESENTATION_RELATIONSHIP('','',#987,#10) 
REPRESENTATION_RELATIONSHIP_WITH_TRANSFORMATION(#1145) 
SHAPE_REPRESENTATION_RELATIONSHIP() );
#1145 = ITEM_DEFINED_TRANSFORMATION('','',#11,#39);
#1146 = PRODUCT_DEFINITION_SHAPE('Placement','Placement of an item',
  #1147);
#1147 = NEXT_ASSEMBLY_USAGE_OCCURRENCE('7','Staender_X1_Y1','',#5,#982,$
  );
#1148 = PRODUCT_RELATED_PRODUCT_CATEGORY('part',$,(#984));
#1149 = SHAPE_DEFINITION_REPRESENTATION(#1150,#1156);
#1150 = PRODUCT_DEFINITION_SHAPE('','',#1151);
#1151 = PRODUCT_DEFINITION('design','',#1152,#1155);
#1152 = PRODUCT_DEFINITION_FORMATION('','',#1153);
#1153 = PRODUCT('Stellfuss_X1_Y1','Stellfuss_X1_Y1','',(#1154));
#1154 = PRODUCT_CONTEXT('',#2,'mechanical');
#1155 = PRODUCT_DEFINITION_CONTEXT('part definition',#2,'design');
#1156 = ADVANCED_BREP_SHAPE_REPRESENTATION('',(#11,#1157),#1210);
#1157 = MANIFOLD_SOLID_BREP('',#1158);
#1158 = CLOSED_SHELL('',(#1159,#1192,#1201));
#1159 = ADVANCED_FACE('',(#1160),#1187,.T.);
#1160 = FACE_BOUND('',#1161,.F.);
#1161 = EDGE_LOOP('',(#1162,#1172,#1179,#1180));
#1162 = ORIENTED_EDGE('',*,*,#1163,.T.);
#1163 = EDGE_CURVE('',#1164,#1166,#1168,.T.);
#1164 = VERTEX_POINT('',#1165);
#1165 = CARTESIAN_POINT('',(12.,-2.939152317954E-15,0.));
#1166 = VERTEX_POINT('',#1167);
#1167 = CARTESIAN_POINT('',(12.,-2.939152317954E-15,40.));
#1168 = LINE('',#1169,#1170);
#1169 = CARTESIAN_POINT('',(12.,-2.939152317954E-15,0.));
#1170 = VECTOR('',#1171,1.);
#1171 = DIRECTION('',(0.,0.,1.));
#1172 = ORIENTED_EDGE('',*,*,#1173,.T.);
#1173 = EDGE_CURVE('',#1166,#1166,#1174,.T.);
#1174 = CIRCLE('',#1175,12.);
#1175 = AXIS2_PLACEMENT_3D('',#1176,#1177,#1178);
#1176 = CARTESIAN_POINT('',(0.,0.,40.));
#1177 = DIRECTION('',(0.,0.,1.));
#1178 = DIRECTION('',(1.,0.,-0.));
#1179 = ORIENTED_EDGE('',*,*,#1163,.F.);
#1180 = ORIENTED_EDGE('',*,*,#1181,.F.);
#1181 = EDGE_CURVE('',#1164,#1164,#1182,.T.);
#1182 = CIRCLE('',#1183,12.);
#1183 = AXIS2_PLACEMENT_3D('',#1184,#1185,#1186);
#1184 = CARTESIAN_POINT('',(0.,0.,0.));
#1185 = DIRECTION('',(0.,0.,1.));
#1186 = DIRECTION('',(1.,0.,-0.));
#1187 = CYLINDRICAL_SURFACE('',#1188,12.);
#1188 = AXIS2_PLACEMENT_3D('',#1189,#1190,#1191);
#1189 = CARTESIAN_POINT('',(0.,0.,0.));
#1190 = DIRECTION('',(-0.,-0.,-1.));
#1191 = DIRECTION('',(1.,0.,-0.));
#1192 = ADVANCED_FACE('',(#1193),#1196,.F.);
#1193 = FACE_BOUND('',#1194,.T.);
#1194 = EDGE_LOOP('',(#1195));
#1195 = ORIENTED_EDGE('',*,*,#1181,.F.);
#1196 = PLANE('',#1197);
#1197 = AXIS2_PLACEMENT_3D('',#1198,#1199,#1200);
#1198 = CARTESIAN_POINT('',(0.,0.,0.));
#1199 = DIRECTION('',(0.,0.,1.));
#1200 = DIRECTION('',(1.,0.,-0.));
#1201 = ADVANCED_FACE('',(#1202),#1205,.T.);
#1202 = FACE_BOUND('',#1203,.F.);
#1203 = EDGE_LOOP('',(#1204));
#1204 = ORIENTED_EDGE('',*,*,#1173,.F.);
#1205 = PLANE('',#1206);
#1206 = AXIS2_PLACEMENT_3D('',#1207,#1208,#1209);
#1207 = CARTESIAN_POINT('',(0.,0.,40.));
#1208 = DIRECTION('',(0.,0.,1.));
#1209 = DIRECTION('',(1.,0.,-0.));
#1210 = ( GEOMETRIC_REPRESENTATION_CONTEXT(3) 
GLOBAL_UNCERTAINTY_ASSIGNED_CONTEXT((#1214)) 
GLOBAL_UNIT_ASSIGNED_CONTEXT((#1211,#1212,#1213)) REPRESENTATION_CONTEXT
('Context #1','3D Context with UNIT and UNCERTAINTY') );
#1211 = ( LENGTH_UNIT() NAMED_UNIT(*) SI_UNIT(.MILLI.,.METRE.) );
#1212 = ( NAMED_UNIT(*) PLANE_ANGLE_UNIT() SI_UNIT($,.RADIAN.) );
#1213 = ( NAMED_UNIT(*) SI_UNIT($,.STERADIAN.) SOLID_ANGLE_UNIT() );
#1214 = UNCERTAINTY_MEASURE_WITH_UNIT(LENGTH_MEASURE(1.E-07),#1211,
  'distance_accuracy_value','confusion accuracy');
#1215 = CONTEXT_DEPENDENT_SHAPE_REPRESENTATION(#1216,#1218);
#1216 = ( REPRESENTATION_RELATIONSHIP('','',#1156,#10) 
REPRESENTATION_RELATIONSHIP_WITH_TRANSFORMATION(#1217) 
SHAPE_REPRESENTATION_RELATIONSHIP() );
#1217 = ITEM_DEFINED_TRANSFORMATION('','',#11,#43);
#1218 = PRODUCT_DEFINITION_SHAPE('Placement','Placement of an item',
  #1219);
#1219 = NEXT_ASSEMBLY_USAGE_OCCURRENCE('8','Stellfuss_X1_Y1','',#5,#1151
  ,$);
#1220 = PRODUCT_RELATED_PRODUCT_CATEGORY('part',$,(#1153));
#1221 = SHAPE_DEFINITION_REPRESENTATION(#1222,#1228);
#1222 = PRODUCT_DEFINITION_SHAPE('','',#1223);
#1223 = PRODUCT_DEFINITION('design','',#1224,#1227);
#1224 = PRODUCT_DEFINITION_FORMATION('','',#1225);
#1225 = PRODUCT('Trav_X_B_Y0_S0','Trav_X_B_Y0_S0','',(#1226));
#1226 = PRODUCT_CONTEXT('',#2,'mechanical');
#1227 = PRODUCT_DEFINITION_CONTEXT('part definition',#2,'design');
#1228 = ADVANCED_BREP_SHAPE_REPRESENTATION('',(#11,#1229),#1379);
#1229 = MANIFOLD_SOLID_BREP('',#1230);
#1230 = CLOSED_SHELL('',(#1231,#1271,#1311,#1333,#1355,#1367));
#1231 = ADVANCED_FACE('',(#1232),#1266,.F.);
#1232 = FACE_BOUND('',#1233,.F.);
#1233 = EDGE_LOOP('',(#1234,#1244,#1252,#1260));
#1234 = ORIENTED_EDGE('',*,*,#1235,.F.);
#1235 = EDGE_CURVE('',#1236,#1238,#1240,.T.);
#1236 = VERTEX_POINT('',#1237);
#1237 = CARTESIAN_POINT('',(0.,0.,0.));
#1238 = VERTEX_POINT('',#1239);
#1239 = CARTESIAN_POINT('',(0.,0.,30.));
#1240 = LINE('',#1241,#1242);
#1241 = CARTESIAN_POINT('',(0.,0.,0.));
#1242 = VECTOR('',#1243,1.);
#1243 = DIRECTION('',(0.,0.,1.));
#1244 = ORIENTED_EDGE('',*,*,#1245,.T.);
#1245 = EDGE_CURVE('',#1236,#1246,#1248,.T.);
#1246 = VERTEX_POINT('',#1247);
#1247 = CARTESIAN_POINT('',(0.,30.,0.));
#1248 = LINE('',#1249,#1250);
#1249 = CARTESIAN_POINT('',(0.,0.,0.));
#1250 = VECTOR('',#1251,1.);
#1251 = DIRECTION('',(-0.,1.,0.));
#1252 = ORIENTED_EDGE('',*,*,#1253,.T.);
#1253 = EDGE_CURVE('',#1246,#1254,#1256,.T.);
#1254 = VERTEX_POINT('',#1255);
#1255 = CARTESIAN_POINT('',(0.,30.,30.));
#1256 = LINE('',#1257,#1258);
#1257 = CARTESIAN_POINT('',(0.,30.,0.));
#1258 = VECTOR('',#1259,1.);
#1259 = DIRECTION('',(0.,0.,1.));
#1260 = ORIENTED_EDGE('',*,*,#1261,.F.);
#1261 = EDGE_CURVE('',#1238,#1254,#1262,.T.);
#1262 = LINE('',#1263,#1264);
#1263 = CARTESIAN_POINT('',(0.,0.,30.));
#1264 = VECTOR('',#1265,1.);
#1265 = DIRECTION('',(-0.,1.,0.));
#1266 = PLANE('',#1267);
#1267 = AXIS2_PLACEMENT_3D('',#1268,#1269,#1270);
#1268 = CARTESIAN_POINT('',(0.,0.,0.));
#1269 = DIRECTION('',(1.,0.,-0.));
#1270 = DIRECTION('',(0.,0.,1.));
#1271 = ADVANCED_FACE('',(#1272),#1306,.T.);
#1272 = FACE_BOUND('',#1273,.T.);
#1273 = EDGE_LOOP('',(#1274,#1284,#1292,#1300));
#1274 = ORIENTED_EDGE('',*,*,#1275,.F.);
#1275 = EDGE_CURVE('',#1276,#1278,#1280,.T.);
#1276 = VERTEX_POINT('',#1277);
#1277 = CARTESIAN_POINT('',(454.,0.,0.));
#1278 = VERTEX_POINT('',#1279);
#1279 = CARTESIAN_POINT('',(454.,0.,30.));
#1280 = LINE('',#1281,#1282);
#1281 = CARTESIAN_POINT('',(454.,0.,0.));
#1282 = VECTOR('',#1283,1.);
#1283 = DIRECTION('',(0.,0.,1.));
#1284 = ORIENTED_EDGE('',*,*,#1285,.T.);
#1285 = EDGE_CURVE('',#1276,#1286,#1288,.T.);
#1286 = VERTEX_POINT('',#1287);
#1287 = CARTESIAN_POINT('',(454.,30.,0.));
#1288 = LINE('',#1289,#1290);
#1289 = CARTESIAN_POINT('',(454.,0.,0.));
#1290 = VECTOR('',#1291,1.);
#1291 = DIRECTION('',(-0.,1.,0.));
#1292 = ORIENTED_EDGE('',*,*,#1293,.T.);
#1293 = EDGE_CURVE('',#1286,#1294,#1296,.T.);
#1294 = VERTEX_POINT('',#1295);
#1295 = CARTESIAN_POINT('',(454.,30.,30.));
#1296 = LINE('',#1297,#1298);
#1297 = CARTESIAN_POINT('',(454.,30.,0.));
#1298 = VECTOR('',#1299,1.);
#1299 = DIRECTION('',(0.,0.,1.));
#1300 = ORIENTED_EDGE('',*,*,#1301,.F.);
#1301 = EDGE_CURVE('',#1278,#1294,#1302,.T.);
#1302 = LINE('',#1303,#1304);
#1303 = CARTESIAN_POINT('',(454.,0.,30.));
#1304 = VECTOR('',#1305,1.);
#1305 = DIRECTION('',(-0.,1.,0.));
#1306 = PLANE('',#1307);
#1307 = AXIS2_PLACEMENT_3D('',#1308,#1309,#1310);
#1308 = CARTESIAN_POINT('',(454.,0.,0.));
#1309 = DIRECTION('',(1.,0.,-0.));
#1310 = DIRECTION('',(0.,0.,1.));
#1311 = ADVANCED_FACE('',(#1312),#1328,.F.);
#1312 = FACE_BOUND('',#1313,.F.);
#1313 = EDGE_LOOP('',(#1314,#1320,#1321,#1327));
#1314 = ORIENTED_EDGE('',*,*,#1315,.F.);
#1315 = EDGE_CURVE('',#1236,#1276,#1316,.T.);
#1316 = LINE('',#1317,#1318);
#1317 = CARTESIAN_POINT('',(0.,0.,0.));
#1318 = VECTOR('',#1319,1.);
#1319 = DIRECTION('',(1.,0.,-0.));
#1320 = ORIENTED_EDGE('',*,*,#1235,.T.);
#1321 = ORIENTED_EDGE('',*,*,#1322,.T.);
#1322 = EDGE_CURVE('',#1238,#1278,#1323,.T.);
#1323 = LINE('',#1324,#1325);
#1324 = CARTESIAN_POINT('',(0.,0.,30.));
#1325 = VECTOR('',#1326,1.);
#1326 = DIRECTION('',(1.,0.,-0.));
#1327 = ORIENTED_EDGE('',*,*,#1275,.F.);
#1328 = PLANE('',#1329);
#1329 = AXIS2_PLACEMENT_3D('',#1330,#1331,#1332);
#1330 = CARTESIAN_POINT('',(0.,0.,0.));
#1331 = DIRECTION('',(-0.,1.,0.));
#1332 = DIRECTION('',(0.,0.,1.));
#1333 = ADVANCED_FACE('',(#1334),#1350,.T.);
#1334 = FACE_BOUND('',#1335,.T.);
#1335 = EDGE_LOOP('',(#1336,#1342,#1343,#1349));
#1336 = ORIENTED_EDGE('',*,*,#1337,.F.);
#1337 = EDGE_CURVE('',#1246,#1286,#1338,.T.);
#1338 = LINE('',#1339,#1340);
#1339 = CARTESIAN_POINT('',(0.,30.,0.));
#1340 = VECTOR('',#1341,1.);
#1341 = DIRECTION('',(1.,0.,-0.));
#1342 = ORIENTED_EDGE('',*,*,#1253,.T.);
#1343 = ORIENTED_EDGE('',*,*,#1344,.T.);
#1344 = EDGE_CURVE('',#1254,#1294,#1345,.T.);
#1345 = LINE('',#1346,#1347);
#1346 = CARTESIAN_POINT('',(0.,30.,30.));
#1347 = VECTOR('',#1348,1.);
#1348 = DIRECTION('',(1.,0.,-0.));
#1349 = ORIENTED_EDGE('',*,*,#1293,.F.);
#1350 = PLANE('',#1351);
#1351 = AXIS2_PLACEMENT_3D('',#1352,#1353,#1354);
#1352 = CARTESIAN_POINT('',(0.,30.,0.));
#1353 = DIRECTION('',(-0.,1.,0.));
#1354 = DIRECTION('',(0.,0.,1.));
#1355 = ADVANCED_FACE('',(#1356),#1362,.F.);
#1356 = FACE_BOUND('',#1357,.F.);
#1357 = EDGE_LOOP('',(#1358,#1359,#1360,#1361));
#1358 = ORIENTED_EDGE('',*,*,#1245,.F.);
#1359 = ORIENTED_EDGE('',*,*,#1315,.T.);
#1360 = ORIENTED_EDGE('',*,*,#1285,.T.);
#1361 = ORIENTED_EDGE('',*,*,#1337,.F.);
#1362 = PLANE('',#1363);
#1363 = AXIS2_PLACEMENT_3D('',#1364,#1365,#1366);
#1364 = CARTESIAN_POINT('',(0.,0.,0.));
#1365 = DIRECTION('',(0.,0.,1.));
#1366 = DIRECTION('',(1.,0.,-0.));
#1367 = ADVANCED_FACE('',(#1368),#1374,.T.);
#1368 = FACE_BOUND('',#1369,.T.);
#1369 = EDGE_LOOP('',(#1370,#1371,#1372,#1373));
#1370 = ORIENTED_EDGE('',*,*,#1261,.F.);
#1371 = ORIENTED_EDGE('',*,*,#1322,.T.);
#1372 = ORIENTED_EDGE('',*,*,#1301,.T.);
#1373 = ORIENTED_EDGE('',*,*,#1344,.F.);
#1374 = PLANE('',#1375);
#1375 = AXIS2_PLACEMENT_3D('',#1376,#1377,#1378);
#1376 = CARTESIAN_POINT('',(0.,0.,30.));
#1377 = DIRECTION('',(0.,0.,1.));
#1378 = DIRECTION('',(1.,0.,-0.));
#1379 = ( GEOMETRIC_REPRESENTATION_CONTEXT(3) 
GLOBAL_UNCERTAINTY_ASSIGNED_CONTEXT((#1383)) 
GLOBAL_UNIT_ASSIGNED_CONTEXT((#1380,#1381,#1382)) REPRESENTATION_CONTEXT
('Context #1','3D Context with UNIT and UNCERTAINTY') );
#1380 = ( LENGTH_UNIT() NAMED_UNIT(*) SI_UNIT(.MILLI.,.METRE.) );
#1381 = ( NAMED_UNIT(*) PLANE_ANGLE_UNIT() SI_UNIT($,.RADIAN.) );
#1382 = ( NAMED_UNIT(*) SI_UNIT($,.STERADIAN.) SOLID_ANGLE_UNIT() );
#1383 = UNCERTAINTY_MEASURE_WITH_UNIT(LENGTH_MEASURE(1.E-07),#1380,
  'distance_accuracy_value','confusion accuracy');
#1384 = CONTEXT_DEPENDENT_SHAPE_REPRESENTATION(#1385,#1387);
#1385 = ( REPRESENTATION_RELATIONSHIP('','',#1228,#10) 
REPRESENTATION_RELATIONSHIP_WITH_TRANSFORMATION(#1386) 
SHAPE_REPRESENTATION_RELATIONSHIP() );
#1386 = ITEM_DEFINED_TRANSFORMATION('','',#11,#47);
#1387 = PRODUCT_DEFINITION_SHAPE('Placement','Placement of an item',
  #1388);
#1388 = NEXT_ASSEMBLY_USAGE_OCCURRENCE('9','Trav_X_B_Y0_S0','',#5,#1223,
  $);
#1389 = PRODUCT_RELATED_PRODUCT_CATEGORY('part',$,(#1225));
#1390 = SHAPE_DEFINITION_REPRESENTATION(#1391,#1397);
#1391 = PRODUCT_DEFINITION_SHAPE('','',#1392);
#1392 = PRODUCT_DEFINITION('design','',#1393,#1396);
#1393 = PRODUCT_DEFINITION_FORMATION('','',#1394);
#1394 = PRODUCT('Trav_X_B_Y1_S0','Trav_X_B_Y1_S0','',(#1395));
#1395 = PRODUCT_CONTEXT('',#2,'mechanical');
#1396 = PRODUCT_DEFINITION_CONTEXT('part definition',#2,'design');
#1397 = ADVANCED_BREP_SHAPE_REPRESENTATION('',(#11,#1398),#1548);
#1398 = MANIFOLD_SOLID_BREP('',#1399);
#1399 = CLOSED_SHELL('',(#1400,#1440,#1480,#1502,#1524,#1536));
#1400 = ADVANCED_FACE('',(#1401),#1435,.F.);
#1401 = FACE_BOUND('',#1402,.F.);
#1402 = EDGE_LOOP('',(#1403,#1413,#1421,#1429));
#1403 = ORIENTED_EDGE('',*,*,#1404,.F.);
#1404 = EDGE_CURVE('',#1405,#1407,#1409,.T.);
#1405 = VERTEX_POINT('',#1406);
#1406 = CARTESIAN_POINT('',(0.,0.,0.));
#1407 = VERTEX_POINT('',#1408);
#1408 = CARTESIAN_POINT('',(0.,0.,30.));
#1409 = LINE('',#1410,#1411);
#1410 = CARTESIAN_POINT('',(0.,0.,0.));
#1411 = VECTOR('',#1412,1.);
#1412 = DIRECTION('',(0.,0.,1.));
#1413 = ORIENTED_EDGE('',*,*,#1414,.T.);
#1414 = EDGE_CURVE('',#1405,#1415,#1417,.T.);
#1415 = VERTEX_POINT('',#1416);
#1416 = CARTESIAN_POINT('',(0.,30.,0.));
#1417 = LINE('',#1418,#1419);
#1418 = CARTESIAN_POINT('',(0.,0.,0.));
#1419 = VECTOR('',#1420,1.);
#1420 = DIRECTION('',(-0.,1.,0.));
#1421 = ORIENTED_EDGE('',*,*,#1422,.T.);
#1422 = EDGE_CURVE('',#1415,#1423,#1425,.T.);
#1423 = VERTEX_POINT('',#1424);
#1424 = CARTESIAN_POINT('',(0.,30.,30.));
#1425 = LINE('',#1426,#1427);
#1426 = CARTESIAN_POINT('',(0.,30.,0.));
#1427 = VECTOR('',#1428,1.);
#1428 = DIRECTION('',(0.,0.,1.));
#1429 = ORIENTED_EDGE('',*,*,#1430,.F.);
#1430 = EDGE_CURVE('',#1407,#1423,#1431,.T.);
#1431 = LINE('',#1432,#1433);
#1432 = CARTESIAN_POINT('',(0.,0.,30.));
#1433 = VECTOR('',#1434,1.);
#1434 = DIRECTION('',(-0.,1.,0.));
#1435 = PLANE('',#1436);
#1436 = AXIS2_PLACEMENT_3D('',#1437,#1438,#1439);
#1437 = CARTESIAN_POINT('',(0.,0.,0.));
#1438 = DIRECTION('',(1.,0.,-0.));
#1439 = DIRECTION('',(0.,0.,1.));
#1440 = ADVANCED_FACE('',(#1441),#1475,.T.);
#1441 = FACE_BOUND('',#1442,.T.);
#1442 = EDGE_LOOP('',(#1443,#1453,#1461,#1469));
#1443 = ORIENTED_EDGE('',*,*,#1444,.F.);
#1444 = EDGE_CURVE('',#1445,#1447,#1449,.T.);
#1445 = VERTEX_POINT('',#1446);
#1446 = CARTESIAN_POINT('',(454.,0.,0.));
#1447 = VERTEX_POINT('',#1448);
#1448 = CARTESIAN_POINT('',(454.,0.,30.));
#1449 = LINE('',#1450,#1451);
#1450 = CARTESIAN_POINT('',(454.,0.,0.));
#1451 = VECTOR('',#1452,1.);
#1452 = DIRECTION('',(0.,0.,1.));
#1453 = ORIENTED_EDGE('',*,*,#1454,.T.);
#1454 = EDGE_CURVE('',#1445,#1455,#1457,.T.);
#1455 = VERTEX_POINT('',#1456);
#1456 = CARTESIAN_POINT('',(454.,30.,0.));
#1457 = LINE('',#1458,#1459);
#1458 = CARTESIAN_POINT('',(454.,0.,0.));
#1459 = VECTOR('',#1460,1.);
#1460 = DIRECTION('',(-0.,1.,0.));
#1461 = ORIENTED_EDGE('',*,*,#1462,.T.);
#1462 = EDGE_CURVE('',#1455,#1463,#1465,.T.);
#1463 = VERTEX_POINT('',#1464);
#1464 = CARTESIAN_POINT('',(454.,30.,30.));
#1465 = LINE('',#1466,#1467);
#1466 = CARTESIAN_POINT('',(454.,30.,0.));
#1467 = VECTOR('',#1468,1.);
#1468 = DIRECTION('',(0.,0.,1.));
#1469 = ORIENTED_EDGE('',*,*,#1470,.F.);
#1470 = EDGE_CURVE('',#1447,#1463,#1471,.T.);
#1471 = LINE('',#1472,#1473);
#1472 = CARTESIAN_POINT('',(454.,0.,30.));
#1473 = VECTOR('',#1474,1.);
#1474 = DIRECTION('',(-0.,1.,0.));
#1475 = PLANE('',#1476);
#1476 = AXIS2_PLACEMENT_3D('',#1477,#1478,#1479);
#1477 = CARTESIAN_POINT('',(454.,0.,0.));
#1478 = DIRECTION('',(1.,0.,-0.));
#1479 = DIRECTION('',(0.,0.,1.));
#1480 = ADVANCED_FACE('',(#1481),#1497,.F.);
#1481 = FACE_BOUND('',#1482,.F.);
#1482 = EDGE_LOOP('',(#1483,#1489,#1490,#1496));
#1483 = ORIENTED_EDGE('',*,*,#1484,.F.);
#1484 = EDGE_CURVE('',#1405,#1445,#1485,.T.);
#1485 = LINE('',#1486,#1487);
#1486 = CARTESIAN_POINT('',(0.,0.,0.));
#1487 = VECTOR('',#1488,1.);
#1488 = DIRECTION('',(1.,0.,-0.));
#1489 = ORIENTED_EDGE('',*,*,#1404,.T.);
#1490 = ORIENTED_EDGE('',*,*,#1491,.T.);
#1491 = EDGE_CURVE('',#1407,#1447,#1492,.T.);
#1492 = LINE('',#1493,#1494);
#1493 = CARTESIAN_POINT('',(0.,0.,30.));
#1494 = VECTOR('',#1495,1.);
#1495 = DIRECTION('',(1.,0.,-0.));
#1496 = ORIENTED_EDGE('',*,*,#1444,.F.);
#1497 = PLANE('',#1498);
#1498 = AXIS2_PLACEMENT_3D('',#1499,#1500,#1501);
#1499 = CARTESIAN_POINT('',(0.,0.,0.));
#1500 = DIRECTION('',(-0.,1.,0.));
#1501 = DIRECTION('',(0.,0.,1.));
#1502 = ADVANCED_FACE('',(#1503),#1519,.T.);
#1503 = FACE_BOUND('',#1504,.T.);
#1504 = EDGE_LOOP('',(#1505,#1511,#1512,#1518));
#1505 = ORIENTED_EDGE('',*,*,#1506,.F.);
#1506 = EDGE_CURVE('',#1415,#1455,#1507,.T.);
#1507 = LINE('',#1508,#1509);
#1508 = CARTESIAN_POINT('',(0.,30.,0.));
#1509 = VECTOR('',#1510,1.);
#1510 = DIRECTION('',(1.,0.,-0.));
#1511 = ORIENTED_EDGE('',*,*,#1422,.T.);
#1512 = ORIENTED_EDGE('',*,*,#1513,.T.);
#1513 = EDGE_CURVE('',#1423,#1463,#1514,.T.);
#1514 = LINE('',#1515,#1516);
#1515 = CARTESIAN_POINT('',(0.,30.,30.));
#1516 = VECTOR('',#1517,1.);
#1517 = DIRECTION('',(1.,0.,-0.));
#1518 = ORIENTED_EDGE('',*,*,#1462,.F.);
#1519 = PLANE('',#1520);
#1520 = AXIS2_PLACEMENT_3D('',#1521,#1522,#1523);
#1521 = CARTESIAN_POINT('',(0.,30.,0.));
#1522 = DIRECTION('',(-0.,1.,0.));
#1523 = DIRECTION('',(0.,0.,1.));
#1524 = ADVANCED_FACE('',(#1525),#1531,.F.);
#1525 = FACE_BOUND('',#1526,.F.);
#1526 = EDGE_LOOP('',(#1527,#1528,#1529,#1530));
#1527 = ORIENTED_EDGE('',*,*,#1414,.F.);
#1528 = ORIENTED_EDGE('',*,*,#1484,.T.);
#1529 = ORIENTED_EDGE('',*,*,#1454,.T.);
#1530 = ORIENTED_EDGE('',*,*,#1506,.F.);
#1531 = PLANE('',#1532);
#1532 = AXIS2_PLACEMENT_3D('',#1533,#1534,#1535);
#1533 = CARTESIAN_POINT('',(0.,0.,0.));
#1534 = DIRECTION('',(0.,0.,1.));
#1535 = DIRECTION('',(1.,0.,-0.));
#1536 = ADVANCED_FACE('',(#1537),#1543,.T.);
#1537 = FACE_BOUND('',#1538,.T.);
#1538 = EDGE_LOOP('',(#1539,#1540,#1541,#1542));
#1539 = ORIENTED_EDGE('',*,*,#1430,.F.);
#1540 = ORIENTED_EDGE('',*,*,#1491,.T.);
#1541 = ORIENTED_EDGE('',*,*,#1470,.T.);
#1542 = ORIENTED_EDGE('',*,*,#1513,.F.);
#1543 = PLANE('',#1544);
#1544 = AXIS2_PLACEMENT_3D('',#1545,#1546,#1547);
#1545 = CARTESIAN_POINT('',(0.,0.,30.));
#1546 = DIRECTION('',(0.,0.,1.));
#1547 = DIRECTION('',(1.,0.,-0.));
#1548 = ( GEOMETRIC_REPRESENTATION_CONTEXT(3) 
GLOBAL_UNCERTAINTY_ASSIGNED_CONTEXT((#1552)) 
GLOBAL_UNIT_ASSIGNED_CONTEXT((#1549,#1550,#1551)) REPRESENTATION_CONTEXT
('Context #1','3D Context with UNIT and UNCERTAINTY') );
#1549 = ( LENGTH_UNIT() NAMED_UNIT(*) SI_UNIT(.MILLI.,.METRE.) );
#1550 = ( NAMED_UNIT(*) PLANE_ANGLE_UNIT() SI_UNIT($,.RADIAN.) );
#1551 = ( NAMED_UNIT(*) SI_UNIT($,.STERADIAN.) SOLID_ANGLE_UNIT() );
#1552 = UNCERTAINTY_MEASURE_WITH_UNIT(LENGTH_MEASURE(1.E-07),#1549,
  'distance_accuracy_value','confusion accuracy');
#1553 = CONTEXT_DEPENDENT_SHAPE_REPRESENTATION(#1554,#1556);
#1554 = ( REPRESENTATION_RELATIONSHIP('','',#1397,#10) 
REPRESENTATION_RELATIONSHIP_WITH_TRANSFORMATION(#1555) 
SHAPE_REPRESENTATION_RELATIONSHIP() );
#1555 = ITEM_DEFINED_TRANSFORMATION('','',#11,#51);
#1556 = PRODUCT_DEFINITION_SHAPE('Placement','Placement of an item',
  #1557);
#1557 = NEXT_ASSEMBLY_USAGE_OCCURRENCE('10','Trav_X_B_Y1_S0','',#5,#1392
  ,$);
#1558 = PRODUCT_RELATED_PRODUCT_CATEGORY('part',$,(#1394));
#1559 = SHAPE_DEFINITION_REPRESENTATION(#1560,#1566);
#1560 = PRODUCT_DEFINITION_SHAPE('','',#1561);
#1561 = PRODUCT_DEFINITION('design','',#1562,#1565);
#1562 = PRODUCT_DEFINITION_FORMATION('','',#1563);
#1563 = PRODUCT('Trav_Y_B_X0_R0','Trav_Y_B_X0_R0','',(#1564));
#1564 = PRODUCT_CONTEXT('',#2,'mechanical');
#1565 = PRODUCT_DEFINITION_CONTEXT('part definition',#2,'design');
#1566 = ADVANCED_BREP_SHAPE_REPRESENTATION('',(#11,#1567),#1717);
#1567 = MANIFOLD_SOLID_BREP('',#1568);
#1568 = CLOSED_SHELL('',(#1569,#1609,#1649,#1671,#1693,#1705));
#1569 = ADVANCED_FACE('',(#1570),#1604,.F.);
#1570 = FACE_BOUND('',#1571,.F.);
#1571 = EDGE_LOOP('',(#1572,#1582,#1590,#1598));
#1572 = ORIENTED_EDGE('',*,*,#1573,.F.);
#1573 = EDGE_CURVE('',#1574,#1576,#1578,.T.);
#1574 = VERTEX_POINT('',#1575);
#1575 = CARTESIAN_POINT('',(0.,0.,0.));
#1576 = VERTEX_POINT('',#1577);
#1577 = CARTESIAN_POINT('',(0.,0.,30.));
#1578 = LINE('',#1579,#1580);
#1579 = CARTESIAN_POINT('',(0.,0.,0.));
#1580 = VECTOR('',#1581,1.);
#1581 = DIRECTION('',(0.,0.,1.));
#1582 = ORIENTED_EDGE('',*,*,#1583,.T.);
#1583 = EDGE_CURVE('',#1574,#1584,#1586,.T.);
#1584 = VERTEX_POINT('',#1585);
#1585 = CARTESIAN_POINT('',(0.,490.,0.));
#1586 = LINE('',#1587,#1588);
#1587 = CARTESIAN_POINT('',(0.,0.,0.));
#1588 = VECTOR('',#1589,1.);
#1589 = DIRECTION('',(-0.,1.,0.));
#1590 = ORIENTED_EDGE('',*,*,#1591,.T.);
#1591 = EDGE_CURVE('',#1584,#1592,#1594,.T.);
#1592 = VERTEX_POINT('',#1593);
#1593 = CARTESIAN_POINT('',(0.,490.,30.));
#1594 = LINE('',#1595,#1596);
#1595 = CARTESIAN_POINT('',(0.,490.,0.));
#1596 = VECTOR('',#1597,1.);
#1597 = DIRECTION('',(0.,0.,1.));
#1598 = ORIENTED_EDGE('',*,*,#1599,.F.);
#1599 = EDGE_CURVE('',#1576,#1592,#1600,.T.);
#1600 = LINE('',#1601,#1602);
#1601 = CARTESIAN_POINT('',(0.,0.,30.));
#1602 = VECTOR('',#1603,1.);
#1603 = DIRECTION('',(-0.,1.,0.));
#1604 = PLANE('',#1605);
#1605 = AXIS2_PLACEMENT_3D('',#1606,#1607,#1608);
#1606 = CARTESIAN_POINT('',(0.,0.,0.));
#1607 = DIRECTION('',(1.,0.,-0.));
#1608 = DIRECTION('',(0.,0.,1.));
#1609 = ADVANCED_FACE('',(#1610),#1644,.T.);
#1610 = FACE_BOUND('',#1611,.T.);
#1611 = EDGE_LOOP('',(#1612,#1622,#1630,#1638));
#1612 = ORIENTED_EDGE('',*,*,#1613,.F.);
#1613 = EDGE_CURVE('',#1614,#1616,#1618,.T.);
#1614 = VERTEX_POINT('',#1615);
#1615 = CARTESIAN_POINT('',(30.,0.,0.));
#1616 = VERTEX_POINT('',#1617);
#1617 = CARTESIAN_POINT('',(30.,0.,30.));
#1618 = LINE('',#1619,#1620);
#1619 = CARTESIAN_POINT('',(30.,0.,0.));
#1620 = VECTOR('',#1621,1.);
#1621 = DIRECTION('',(0.,0.,1.));
#1622 = ORIENTED_EDGE('',*,*,#1623,.T.);
#1623 = EDGE_CURVE('',#1614,#1624,#1626,.T.);
#1624 = VERTEX_POINT('',#1625);
#1625 = CARTESIAN_POINT('',(30.,490.,0.));
#1626 = LINE('',#1627,#1628);
#1627 = CARTESIAN_POINT('',(30.,0.,0.));
#1628 = VECTOR('',#1629,1.);
#1629 = DIRECTION('',(-0.,1.,0.));
#1630 = ORIENTED_EDGE('',*,*,#1631,.T.);
#1631 = EDGE_CURVE('',#1624,#1632,#1634,.T.);
#1632 = VERTEX_POINT('',#1633);
#1633 = CARTESIAN_POINT('',(30.,490.,30.));
#1634 = LINE('',#1635,#1636);
#1635 = CARTESIAN_POINT('',(30.,490.,0.));
#1636 = VECTOR('',#1637,1.);
#1637 = DIRECTION('',(0.,0.,1.));
#1638 = ORIENTED_EDGE('',*,*,#1639,.F.);
#1639 = EDGE_CURVE('',#1616,#1632,#1640,.T.);
#1640 = LINE('',#1641,#1642);
#1641 = CARTESIAN_POINT('',(30.,0.,30.));
#1642 = VECTOR('',#1643,1.);
#1643 = DIRECTION('',(-0.,1.,0.));
#1644 = PLANE('',#1645);
#1645 = AXIS2_PLACEMENT_3D('',#1646,#1647,#1648);
#1646 = CARTESIAN_POINT('',(30.,0.,0.));
#1647 = DIRECTION('',(1.,0.,-0.));
#1648 = DIRECTION('',(0.,0.,1.));
#1649 = ADVANCED_FACE('',(#1650),#1666,.F.);
#1650 = FACE_BOUND('',#1651,.F.);
#1651 = EDGE_LOOP('',(#1652,#1658,#1659,#1665));
#1652 = ORIENTED_EDGE('',*,*,#1653,.F.);
#1653 = EDGE_CURVE('',#1574,#1614,#1654,.T.);
#1654 = LINE('',#1655,#1656);
#1655 = CARTESIAN_POINT('',(0.,0.,0.));
#1656 = VECTOR('',#1657,1.);
#1657 = DIRECTION('',(1.,0.,-0.));
#1658 = ORIENTED_EDGE('',*,*,#1573,.T.);
#1659 = ORIENTED_EDGE('',*,*,#1660,.T.);
#1660 = EDGE_CURVE('',#1576,#1616,#1661,.T.);
#1661 = LINE('',#1662,#1663);
#1662 = CARTESIAN_POINT('',(0.,0.,30.));
#1663 = VECTOR('',#1664,1.);
#1664 = DIRECTION('',(1.,0.,-0.));
#1665 = ORIENTED_EDGE('',*,*,#1613,.F.);
#1666 = PLANE('',#1667);
#1667 = AXIS2_PLACEMENT_3D('',#1668,#1669,#1670);
#1668 = CARTESIAN_POINT('',(0.,0.,0.));
#1669 = DIRECTION('',(-0.,1.,0.));
#1670 = DIRECTION('',(0.,0.,1.));
#1671 = ADVANCED_FACE('',(#1672),#1688,.T.);
#1672 = FACE_BOUND('',#1673,.T.);
#1673 = EDGE_LOOP('',(#1674,#1680,#1681,#1687));
#1674 = ORIENTED_EDGE('',*,*,#1675,.F.);
#1675 = EDGE_CURVE('',#1584,#1624,#1676,.T.);
#1676 = LINE('',#1677,#1678);
#1677 = CARTESIAN_POINT('',(0.,490.,0.));
#1678 = VECTOR('',#1679,1.);
#1679 = DIRECTION('',(1.,0.,-0.));
#1680 = ORIENTED_EDGE('',*,*,#1591,.T.);
#1681 = ORIENTED_EDGE('',*,*,#1682,.T.);
#1682 = EDGE_CURVE('',#1592,#1632,#1683,.T.);
#1683 = LINE('',#1684,#1685);
#1684 = CARTESIAN_POINT('',(0.,490.,30.));
#1685 = VECTOR('',#1686,1.);
#1686 = DIRECTION('',(1.,0.,-0.));
#1687 = ORIENTED_EDGE('',*,*,#1631,.F.);
#1688 = PLANE('',#1689);
#1689 = AXIS2_PLACEMENT_3D('',#1690,#1691,#1692);
#1690 = CARTESIAN_POINT('',(0.,490.,0.));
#1691 = DIRECTION('',(-0.,1.,0.));
#1692 = DIRECTION('',(0.,0.,1.));
#1693 = ADVANCED_FACE('',(#1694),#1700,.F.);
#1694 = FACE_BOUND('',#1695,.F.);
#1695 = EDGE_LOOP('',(#1696,#1697,#1698,#1699));
#1696 = ORIENTED_EDGE('',*,*,#1583,.F.);
#1697 = ORIENTED_EDGE('',*,*,#1653,.T.);
#1698 = ORIENTED_EDGE('',*,*,#1623,.T.);
#1699 = ORIENTED_EDGE('',*,*,#1675,.F.);
#1700 = PLANE('',#1701);
#1701 = AXIS2_PLACEMENT_3D('',#1702,#1703,#1704);
#1702 = CARTESIAN_POINT('',(0.,0.,0.));
#1703 = DIRECTION('',(0.,0.,1.));
#1704 = DIRECTION('',(1.,0.,-0.));
#1705 = ADVANCED_FACE('',(#1706),#1712,.T.);
#1706 = FACE_BOUND('',#1707,.T.);
#1707 = EDGE_LOOP('',(#1708,#1709,#1710,#1711));
#1708 = ORIENTED_EDGE('',*,*,#1599,.F.);
#1709 = ORIENTED_EDGE('',*,*,#1660,.T.);
#1710 = ORIENTED_EDGE('',*,*,#1639,.T.);
#1711 = ORIENTED_EDGE('',*,*,#1682,.F.);
#1712 = PLANE('',#1713);
#1713 = AXIS2_PLACEMENT_3D('',#1714,#1715,#1716);
#1714 = CARTESIAN_POINT('',(0.,0.,30.));
#1715 = DIRECTION('',(0.,0.,1.));
#1716 = DIRECTION('',(1.,0.,-0.));
#1717 = ( GEOMETRIC_REPRESENTATION_CONTEXT(3) 
GLOBAL_UNCERTAINTY_ASSIGNED_CONTEXT((#1721)) 
GLOBAL_UNIT_ASSIGNED_CONTEXT((#1718,#1719,#1720)) REPRESENTATION_CONTEXT
('Context #1','3D Context with UNIT and UNCERTAINTY') );
#1718 = ( LENGTH_UNIT() NAMED_UNIT(*) SI_UNIT(.MILLI.,.METRE.) );
#1719 = ( NAMED_UNIT(*) PLANE_ANGLE_UNIT() SI_UNIT($,.RADIAN.) );
#1720 = ( NAMED_UNIT(*) SI_UNIT($,.STERADIAN.) SOLID_ANGLE_UNIT() );
#1721 = UNCERTAINTY_MEASURE_WITH_UNIT(LENGTH_MEASURE(1.E-07),#1718,
  'distance_accuracy_value','confusion accuracy');
#1722 = CONTEXT_DEPENDENT_SHAPE_REPRESENTATION(#1723,#1725);
#1723 = ( REPRESENTATION_RELATIONSHIP('','',#1566,#10) 
REPRESENTATION_RELATIONSHIP_WITH_TRANSFORMATION(#1724) 
SHAPE_REPRESENTATION_RELATIONSHIP() );
#1724 = ITEM_DEFINED_TRANSFORMATION('','',#11,#55);
#1725 = PRODUCT_DEFINITION_SHAPE('Placement','Placement of an item',
  #1726);
#1726 = NEXT_ASSEMBLY_USAGE_OCCURRENCE('11','Trav_Y_B_X0_R0','',#5,#1561
  ,$);
#1727 = PRODUCT_RELATED_PRODUCT_CATEGORY('part',$,(#1563));
#1728 = SHAPE_DEFINITION_REPRESENTATION(#1729,#1735);
#1729 = PRODUCT_DEFINITION_SHAPE('','',#1730);
#1730 = PRODUCT_DEFINITION('design','',#1731,#1734);
#1731 = PRODUCT_DEFINITION_FORMATION('','',#1732);
#1732 = PRODUCT('Trav_Y_B_X1_R0','Trav_Y_B_X1_R0','',(#1733));
#1733 = PRODUCT_CONTEXT('',#2,'mechanical');
#1734 = PRODUCT_DEFINITION_CONTEXT('part definition',#2,'design');
#1735 = ADVANCED_BREP_SHAPE_REPRESENTATION('',(#11,#1736),#1886);
#1736 = MANIFOLD_SOLID_BREP('',#1737);
#1737 = CLOSED_SHELL('',(#1738,#1778,#1818,#1840,#1862,#1874));
#1738 = ADVANCED_FACE('',(#1739),#1773,.F.);
#1739 = FACE_BOUND('',#1740,.F.);
#1740 = EDGE_LOOP('',(#1741,#1751,#1759,#1767));
#1741 = ORIENTED_EDGE('',*,*,#1742,.F.);
#1742 = EDGE_CURVE('',#1743,#1745,#1747,.T.);
#1743 = VERTEX_POINT('',#1744);
#1744 = CARTESIAN_POINT('',(0.,0.,0.));
#1745 = VERTEX_POINT('',#1746);
#1746 = CARTESIAN_POINT('',(0.,0.,30.));
#1747 = LINE('',#1748,#1749);
#1748 = CARTESIAN_POINT('',(0.,0.,0.));
#1749 = VECTOR('',#1750,1.);
#1750 = DIRECTION('',(0.,0.,1.));
#1751 = ORIENTED_EDGE('',*,*,#1752,.T.);
#1752 = EDGE_CURVE('',#1743,#1753,#1755,.T.);
#1753 = VERTEX_POINT('',#1754);
#1754 = CARTESIAN_POINT('',(0.,490.,0.));
#1755 = LINE('',#1756,#1757);
#1756 = CARTESIAN_POINT('',(0.,0.,0.));
#1757 = VECTOR('',#1758,1.);
#1758 = DIRECTION('',(-0.,1.,0.));
#1759 = ORIENTED_EDGE('',*,*,#1760,.T.);
#1760 = EDGE_CURVE('',#1753,#1761,#1763,.T.);
#1761 = VERTEX_POINT('',#1762);
#1762 = CARTESIAN_POINT('',(0.,490.,30.));
#1763 = LINE('',#1764,#1765);
#1764 = CARTESIAN_POINT('',(0.,490.,0.));
#1765 = VECTOR('',#1766,1.);
#1766 = DIRECTION('',(0.,0.,1.));
#1767 = ORIENTED_EDGE('',*,*,#1768,.F.);
#1768 = EDGE_CURVE('',#1745,#1761,#1769,.T.);
#1769 = LINE('',#1770,#1771);
#1770 = CARTESIAN_POINT('',(0.,0.,30.));
#1771 = VECTOR('',#1772,1.);
#1772 = DIRECTION('',(-0.,1.,0.));
#1773 = PLANE('',#1774);
#1774 = AXIS2_PLACEMENT_3D('',#1775,#1776,#1777);
#1775 = CARTESIAN_POINT('',(0.,0.,0.));
#1776 = DIRECTION('',(1.,0.,-0.));
#1777 = DIRECTION('',(0.,0.,1.));
#1778 = ADVANCED_FACE('',(#1779),#1813,.T.);
#1779 = FACE_BOUND('',#1780,.T.);
#1780 = EDGE_LOOP('',(#1781,#1791,#1799,#1807));
#1781 = ORIENTED_EDGE('',*,*,#1782,.F.);
#1782 = EDGE_CURVE('',#1783,#1785,#1787,.T.);
#1783 = VERTEX_POINT('',#1784);
#1784 = CARTESIAN_POINT('',(30.,0.,0.));
#1785 = VERTEX_POINT('',#1786);
#1786 = CARTESIAN_POINT('',(30.,0.,30.));
#1787 = LINE('',#1788,#1789);
#1788 = CARTESIAN_POINT('',(30.,0.,0.));
#1789 = VECTOR('',#1790,1.);
#1790 = DIRECTION('',(0.,0.,1.));
#1791 = ORIENTED_EDGE('',*,*,#1792,.T.);
#1792 = EDGE_CURVE('',#1783,#1793,#1795,.T.);
#1793 = VERTEX_POINT('',#1794);
#1794 = CARTESIAN_POINT('',(30.,490.,0.));
#1795 = LINE('',#1796,#1797);
#1796 = CARTESIAN_POINT('',(30.,0.,0.));
#1797 = VECTOR('',#1798,1.);
#1798 = DIRECTION('',(-0.,1.,0.));
#1799 = ORIENTED_EDGE('',*,*,#1800,.T.);
#1800 = EDGE_CURVE('',#1793,#1801,#1803,.T.);
#1801 = VERTEX_POINT('',#1802);
#1802 = CARTESIAN_POINT('',(30.,490.,30.));
#1803 = LINE('',#1804,#1805);
#1804 = CARTESIAN_POINT('',(30.,490.,0.));
#1805 = VECTOR('',#1806,1.);
#1806 = DIRECTION('',(0.,0.,1.));
#1807 = ORIENTED_EDGE('',*,*,#1808,.F.);
#1808 = EDGE_CURVE('',#1785,#1801,#1809,.T.);
#1809 = LINE('',#1810,#1811);
#1810 = CARTESIAN_POINT('',(30.,0.,30.));
#1811 = VECTOR('',#1812,1.);
#1812 = DIRECTION('',(-0.,1.,0.));
#1813 = PLANE('',#1814);
#1814 = AXIS2_PLACEMENT_3D('',#1815,#1816,#1817);
#1815 = CARTESIAN_POINT('',(30.,0.,0.));
#1816 = DIRECTION('',(1.,0.,-0.));
#1817 = DIRECTION('',(0.,0.,1.));
#1818 = ADVANCED_FACE('',(#1819),#1835,.F.);
#1819 = FACE_BOUND('',#1820,.F.);
#1820 = EDGE_LOOP('',(#1821,#1827,#1828,#1834));
#1821 = ORIENTED_EDGE('',*,*,#1822,.F.);
#1822 = EDGE_CURVE('',#1743,#1783,#1823,.T.);
#1823 = LINE('',#1824,#1825);
#1824 = CARTESIAN_POINT('',(0.,0.,0.));
#1825 = VECTOR('',#1826,1.);
#1826 = DIRECTION('',(1.,0.,-0.));
#1827 = ORIENTED_EDGE('',*,*,#1742,.T.);
#1828 = ORIENTED_EDGE('',*,*,#1829,.T.);
#1829 = EDGE_CURVE('',#1745,#1785,#1830,.T.);
#1830 = LINE('',#1831,#1832);
#1831 = CARTESIAN_POINT('',(0.,0.,30.));
#1832 = VECTOR('',#1833,1.);
#1833 = DIRECTION('',(1.,0.,-0.));
#1834 = ORIENTED_EDGE('',*,*,#1782,.F.);
#1835 = PLANE('',#1836);
#1836 = AXIS2_PLACEMENT_3D('',#1837,#1838,#1839);
#1837 = CARTESIAN_POINT('',(0.,0.,0.));
#1838 = DIRECTION('',(-0.,1.,0.));
#1839 = DIRECTION('',(0.,0.,1.));
#1840 = ADVANCED_FACE('',(#1841),#1857,.T.);
#1841 = FACE_BOUND('',#1842,.T.);
#1842 = EDGE_LOOP('',(#1843,#1849,#1850,#1856));
#1843 = ORIENTED_EDGE('',*,*,#1844,.F.);
#1844 = EDGE_CURVE('',#1753,#1793,#1845,.T.);
#1845 = LINE('',#1846,#1847);
#1846 = CARTESIAN_POINT('',(0.,490.,0.));
#1847 = VECTOR('',#1848,1.);
#1848 = DIRECTION('',(1.,0.,-0.));
#1849 = ORIENTED_EDGE('',*,*,#1760,.T.);
#1850 = ORIENTED_EDGE('',*,*,#1851,.T.);
#1851 = EDGE_CURVE('',#1761,#1801,#1852,.T.);
#1852 = LINE('',#1853,#1854);
#1853 = CARTESIAN_POINT('',(0.,490.,30.));
#1854 = VECTOR('',#1855,1.);
#1855 = DIRECTION('',(1.,0.,-0.));
#1856 = ORIENTED_EDGE('',*,*,#1800,.F.);
#1857 = PLANE('',#1858);
#1858 = AXIS2_PLACEMENT_3D('',#1859,#1860,#1861);
#1859 = CARTESIAN_POINT('',(0.,490.,0.));
#1860 = DIRECTION('',(-0.,1.,0.));
#1861 = DIRECTION('',(0.,0.,1.));
#1862 = ADVANCED_FACE('',(#1863),#1869,.F.);
#1863 = FACE_BOUND('',#1864,.F.);
#1864 = EDGE_LOOP('',(#1865,#1866,#1867,#1868));
#1865 = ORIENTED_EDGE('',*,*,#1752,.F.);
#1866 = ORIENTED_EDGE('',*,*,#1822,.T.);
#1867 = ORIENTED_EDGE('',*,*,#1792,.T.);
#1868 = ORIENTED_EDGE('',*,*,#1844,.F.);
#1869 = PLANE('',#1870);
#1870 = AXIS2_PLACEMENT_3D('',#1871,#1872,#1873);
#1871 = CARTESIAN_POINT('',(0.,0.,0.));
#1872 = DIRECTION('',(0.,0.,1.));
#1873 = DIRECTION('',(1.,0.,-0.));
#1874 = ADVANCED_FACE('',(#1875),#1881,.T.);
#1875 = FACE_BOUND('',#1876,.T.);
#1876 = EDGE_LOOP('',(#1877,#1878,#1879,#1880));
#1877 = ORIENTED_EDGE('',*,*,#1768,.F.);
#1878 = ORIENTED_EDGE('',*,*,#1829,.T.);
#1879 = ORIENTED_EDGE('',*,*,#1808,.T.);
#1880 = ORIENTED_EDGE('',*,*,#1851,.F.);
#1881 = PLANE('',#1882);
#1882 = AXIS2_PLACEMENT_3D('',#1883,#1884,#1885);
#1883 = CARTESIAN_POINT('',(0.,0.,30.));
#1884 = DIRECTION('',(0.,0.,1.));
#1885 = DIRECTION('',(1.,0.,-0.));
#1886 = ( GEOMETRIC_REPRESENTATION_CONTEXT(3) 
GLOBAL_UNCERTAINTY_ASSIGNED_CONTEXT((#1890)) 
GLOBAL_UNIT_ASSIGNED_CONTEXT((#1887,#1888,#1889)) REPRESENTATION_CONTEXT
('Context #1','3D Context with UNIT and UNCERTAINTY') );
#1887 = ( LENGTH_UNIT() NAMED_UNIT(*) SI_UNIT(.MILLI.,.METRE.) );
#1888 = ( NAMED_UNIT(*) PLANE_ANGLE_UNIT() SI_UNIT($,.RADIAN.) );
#1889 = ( NAMED_UNIT(*) SI_UNIT($,.STERADIAN.) SOLID_ANGLE_UNIT() );
#1890 = UNCERTAINTY_MEASURE_WITH_UNIT(LENGTH_MEASURE(1.E-07),#1887,
  'distance_accuracy_value','confusion accuracy');
#1891 = CONTEXT_DEPENDENT_SHAPE_REPRESENTATION(#1892,#1894);
#1892 = ( REPRESENTATION_RELATIONSHIP('','',#1735,#10) 
REPRESENTATION_RELATIONSHIP_WITH_TRANSFORMATION(#1893) 
SHAPE_REPRESENTATION_RELATIONSHIP() );
#1893 = ITEM_DEFINED_TRANSFORMATION('','',#11,#59);
#1894 = PRODUCT_DEFINITION_SHAPE('Placement','Placement of an item',
  #1895);
#1895 = NEXT_ASSEMBLY_USAGE_OCCURRENCE('12','Trav_Y_B_X1_R0','',#5,#1730
  ,$);
#1896 = PRODUCT_RELATED_PRODUCT_CATEGORY('part',$,(#1732));
#1897 = SHAPE_DEFINITION_REPRESENTATION(#1898,#1904);
#1898 = PRODUCT_DEFINITION_SHAPE('','',#1899);
#1899 = PRODUCT_DEFINITION('design','',#1900,#1903);
#1900 = PRODUCT_DEFINITION_FORMATION('','',#1901);
#1901 = PRODUCT('Trav_X_E1_Y0_S0','Trav_X_E1_Y0_S0','',(#1902));
#1902 = PRODUCT_CONTEXT('',#2,'mechanical');
#1903 = PRODUCT_DEFINITION_CONTEXT('part definition',#2,'design');
#1904 = ADVANCED_BREP_SHAPE_REPRESENTATION('',(#11,#1905),#2055);
#1905 = MANIFOLD_SOLID_BREP('',#1906);
#1906 = CLOSED_SHELL('',(#1907,#1947,#1987,#2009,#2031,#2043));
#1907 = ADVANCED_FACE('',(#1908),#1942,.F.);
#1908 = FACE_BOUND('',#1909,.F.);
#1909 = EDGE_LOOP('',(#1910,#1920,#1928,#1936));
#1910 = ORIENTED_EDGE('',*,*,#1911,.F.);
#1911 = EDGE_CURVE('',#1912,#1914,#1916,.T.);
#1912 = VERTEX_POINT('',#1913);
#1913 = CARTESIAN_POINT('',(0.,0.,0.));
#1914 = VERTEX_POINT('',#1915);
#1915 = CARTESIAN_POINT('',(0.,0.,30.));
#1916 = LINE('',#1917,#1918);
#1917 = CARTESIAN_POINT('',(0.,0.,0.));
#1918 = VECTOR('',#1919,1.);
#1919 = DIRECTION('',(0.,0.,1.));
#1920 = ORIENTED_EDGE('',*,*,#1921,.T.);
#1921 = EDGE_CURVE('',#1912,#1922,#1924,.T.);
#1922 = VERTEX_POINT('',#1923);
#1923 = CARTESIAN_POINT('',(0.,30.,0.));
#1924 = LINE('',#1925,#1926);
#1925 = CARTESIAN_POINT('',(0.,0.,0.));
#1926 = VECTOR('',#1927,1.);
#1927 = DIRECTION('',(-0.,1.,0.));
#1928 = ORIENTED_EDGE('',*,*,#1929,.T.);
#1929 = EDGE_CURVE('',#1922,#1930,#1932,.T.);
#1930 = VERTEX_POINT('',#1931);
#1931 = CARTESIAN_POINT('',(0.,30.,30.));
#1932 = LINE('',#1933,#1934);
#1933 = CARTESIAN_POINT('',(0.,30.,0.));
#1934 = VECTOR('',#1935,1.);
#1935 = DIRECTION('',(0.,0.,1.));
#1936 = ORIENTED_EDGE('',*,*,#1937,.F.);
#1937 = EDGE_CURVE('',#1914,#1930,#1938,.T.);
#1938 = LINE('',#1939,#1940);
#1939 = CARTESIAN_POINT('',(0.,0.,30.));
#1940 = VECTOR('',#1941,1.);
#1941 = DIRECTION('',(-0.,1.,0.));
#1942 = PLANE('',#1943);
#1943 = AXIS2_PLACEMENT_3D('',#1944,#1945,#1946);
#1944 = CARTESIAN_POINT('',(0.,0.,0.));
#1945 = DIRECTION('',(1.,0.,-0.));
#1946 = DIRECTION('',(0.,0.,1.));
#1947 = ADVANCED_FACE('',(#1948),#1982,.T.);
#1948 = FACE_BOUND('',#1949,.T.);
#1949 = EDGE_LOOP('',(#1950,#1960,#1968,#1976));
#1950 = ORIENTED_EDGE('',*,*,#1951,.F.);
#1951 = EDGE_CURVE('',#1952,#1954,#1956,.T.);
#1952 = VERTEX_POINT('',#1953);
#1953 = CARTESIAN_POINT('',(454.,0.,0.));
#1954 = VERTEX_POINT('',#1955);
#1955 = CARTESIAN_POINT('',(454.,0.,30.));
#1956 = LINE('',#1957,#1958);
#1957 = CARTESIAN_POINT('',(454.,0.,0.));
#1958 = VECTOR('',#1959,1.);
#1959 = DIRECTION('',(0.,0.,1.));
#1960 = ORIENTED_EDGE('',*,*,#1961,.T.);
#1961 = EDGE_CURVE('',#1952,#1962,#1964,.T.);
#1962 = VERTEX_POINT('',#1963);
#1963 = CARTESIAN_POINT('',(454.,30.,0.));
#1964 = LINE('',#1965,#1966);
#1965 = CARTESIAN_POINT('',(454.,0.,0.));
#1966 = VECTOR('',#1967,1.);
#1967 = DIRECTION('',(-0.,1.,0.));
#1968 = ORIENTED_EDGE('',*,*,#1969,.T.);
#1969 = EDGE_CURVE('',#1962,#1970,#1972,.T.);
#1970 = VERTEX_POINT('',#1971);
#1971 = CARTESIAN_POINT('',(454.,30.,30.));
#1972 = LINE('',#1973,#1974);
#1973 = CARTESIAN_POINT('',(454.,30.,0.));
#1974 = VECTOR('',#1975,1.);
#1975 = DIRECTION('',(0.,0.,1.));
#1976 = ORIENTED_EDGE('',*,*,#1977,.F.);
#1977 = EDGE_CURVE('',#1954,#1970,#1978,.T.);
#1978 = LINE('',#1979,#1980);
#1979 = CARTESIAN_POINT('',(454.,0.,30.));
#1980 = VECTOR('',#1981,1.);
#1981 = DIRECTION('',(-0.,1.,0.));
#1982 = PLANE('',#1983);
#1983 = AXIS2_PLACEMENT_3D('',#1984,#1985,#1986);
#1984 = CARTESIAN_POINT('',(454.,0.,0.));
#1985 = DIRECTION('',(1.,0.,-0.));
#1986 = DIRECTION('',(0.,0.,1.));
#1987 = ADVANCED_FACE('',(#1988),#2004,.F.);
#1988 = FACE_BOUND('',#1989,.F.);
#1989 = EDGE_LOOP('',(#1990,#1996,#1997,#2003));
#1990 = ORIENTED_EDGE('',*,*,#1991,.F.);
#1991 = EDGE_CURVE('',#1912,#1952,#1992,.T.);
#1992 = LINE('',#1993,#1994);
#1993 = CARTESIAN_POINT('',(0.,0.,0.));
#1994 = VECTOR('',#1995,1.);
#1995 = DIRECTION('',(1.,0.,-0.));
#1996 = ORIENTED_EDGE('',*,*,#1911,.T.);
#1997 = ORIENTED_EDGE('',*,*,#1998,.T.);
#1998 = EDGE_CURVE('',#1914,#1954,#1999,.T.);
#1999 = LINE('',#2000,#2001);
#2000 = CARTESIAN_POINT('',(0.,0.,30.));
#2001 = VECTOR('',#2002,1.);
#2002 = DIRECTION('',(1.,0.,-0.));
#2003 = ORIENTED_EDGE('',*,*,#1951,.F.);
#2004 = PLANE('',#2005);
#2005 = AXIS2_PLACEMENT_3D('',#2006,#2007,#2008);
#2006 = CARTESIAN_POINT('',(0.,0.,0.));
#2007 = DIRECTION('',(-0.,1.,0.));
#2008 = DIRECTION('',(0.,0.,1.));
#2009 = ADVANCED_FACE('',(#2010),#2026,.T.);
#2010 = FACE_BOUND('',#2011,.T.);
#2011 = EDGE_LOOP('',(#2012,#2018,#2019,#2025));
#2012 = ORIENTED_EDGE('',*,*,#2013,.F.);
#2013 = EDGE_CURVE('',#1922,#1962,#2014,.T.);
#2014 = LINE('',#2015,#2016);
#2015 = CARTESIAN_POINT('',(0.,30.,0.));
#2016 = VECTOR('',#2017,1.);
#2017 = DIRECTION('',(1.,0.,-0.));
#2018 = ORIENTED_EDGE('',*,*,#1929,.T.);
#2019 = ORIENTED_EDGE('',*,*,#2020,.T.);
#2020 = EDGE_CURVE('',#1930,#1970,#2021,.T.);
#2021 = LINE('',#2022,#2023);
#2022 = CARTESIAN_POINT('',(0.,30.,30.));
#2023 = VECTOR('',#2024,1.);
#2024 = DIRECTION('',(1.,0.,-0.));
#2025 = ORIENTED_EDGE('',*,*,#1969,.F.);
#2026 = PLANE('',#2027);
#2027 = AXIS2_PLACEMENT_3D('',#2028,#2029,#2030);
#2028 = CARTESIAN_POINT('',(0.,30.,0.));
#2029 = DIRECTION('',(-0.,1.,0.));
#2030 = DIRECTION('',(0.,0.,1.));
#2031 = ADVANCED_FACE('',(#2032),#2038,.F.);
#2032 = FACE_BOUND('',#2033,.F.);
#2033 = EDGE_LOOP('',(#2034,#2035,#2036,#2037));
#2034 = ORIENTED_EDGE('',*,*,#1921,.F.);
#2035 = ORIENTED_EDGE('',*,*,#1991,.T.);
#2036 = ORIENTED_EDGE('',*,*,#1961,.T.);
#2037 = ORIENTED_EDGE('',*,*,#2013,.F.);
#2038 = PLANE('',#2039);
#2039 = AXIS2_PLACEMENT_3D('',#2040,#2041,#2042);
#2040 = CARTESIAN_POINT('',(0.,0.,0.));
#2041 = DIRECTION('',(0.,0.,1.));
#2042 = DIRECTION('',(1.,0.,-0.));
#2043 = ADVANCED_FACE('',(#2044),#2050,.T.);
#2044 = FACE_BOUND('',#2045,.T.);
#2045 = EDGE_LOOP('',(#2046,#2047,#2048,#2049));
#2046 = ORIENTED_EDGE('',*,*,#1937,.F.);
#2047 = ORIENTED_EDGE('',*,*,#1998,.T.);
#2048 = ORIENTED_EDGE('',*,*,#1977,.T.);
#2049 = ORIENTED_EDGE('',*,*,#2020,.F.);
#2050 = PLANE('',#2051);
#2051 = AXIS2_PLACEMENT_3D('',#2052,#2053,#2054);
#2052 = CARTESIAN_POINT('',(0.,0.,30.));
#2053 = DIRECTION('',(0.,0.,1.));
#2054 = DIRECTION('',(1.,0.,-0.));
#2055 = ( GEOMETRIC_REPRESENTATION_CONTEXT(3) 
GLOBAL_UNCERTAINTY_ASSIGNED_CONTEXT((#2059)) 
GLOBAL_UNIT_ASSIGNED_CONTEXT((#2056,#2057,#2058)) REPRESENTATION_CONTEXT
('Context #1','3D Context with UNIT and UNCERTAINTY') );
#2056 = ( LENGTH_UNIT() NAMED_UNIT(*) SI_UNIT(.MILLI.,.METRE.) );
#2057 = ( NAMED_UNIT(*) PLANE_ANGLE_UNIT() SI_UNIT($,.RADIAN.) );
#2058 = ( NAMED_UNIT(*) SI_UNIT($,.STERADIAN.) SOLID_ANGLE_UNIT() );
#2059 = UNCERTAINTY_MEASURE_WITH_UNIT(LENGTH_MEASURE(1.E-07),#2056,
  'distance_accuracy_value','confusion accuracy');
#2060 = CONTEXT_DEPENDENT_SHAPE_REPRESENTATION(#2061,#2063);
#2061 = ( REPRESENTATION_RELATIONSHIP('','',#1904,#10) 
REPRESENTATION_RELATIONSHIP_WITH_TRANSFORMATION(#2062) 
SHAPE_REPRESENTATION_RELATIONSHIP() );
#2062 = ITEM_DEFINED_TRANSFORMATION('','',#11,#63);
#2063 = PRODUCT_DEFINITION_SHAPE('Placement','Placement of an item',
  #2064);
#2064 = NEXT_ASSEMBLY_USAGE_OCCURRENCE('13','Trav_X_E1_Y0_S0','',#5,
  #1899,$);
#2065 = PRODUCT_RELATED_PRODUCT_CATEGORY('part',$,(#1901));
#2066 = SHAPE_DEFINITION_REPRESENTATION(#2067,#2073);
#2067 = PRODUCT_DEFINITION_SHAPE('','',#2068);
#2068 = PRODUCT_DEFINITION('design','',#2069,#2072);
#2069 = PRODUCT_DEFINITION_FORMATION('','',#2070);
#2070 = PRODUCT('Trav_X_E1_Y1_S0','Trav_X_E1_Y1_S0','',(#2071));
#2071 = PRODUCT_CONTEXT('',#2,'mechanical');
#2072 = PRODUCT_DEFINITION_CONTEXT('part definition',#2,'design');
#2073 = ADVANCED_BREP_SHAPE_REPRESENTATION('',(#11,#2074),#2224);
#2074 = MANIFOLD_SOLID_BREP('',#2075);
#2075 = CLOSED_SHELL('',(#2076,#2116,#2156,#2178,#2200,#2212));
#2076 = ADVANCED_FACE('',(#2077),#2111,.F.);
#2077 = FACE_BOUND('',#2078,.F.);
#2078 = EDGE_LOOP('',(#2079,#2089,#2097,#2105));
#2079 = ORIENTED_EDGE('',*,*,#2080,.F.);
#2080 = EDGE_CURVE('',#2081,#2083,#2085,.T.);
#2081 = VERTEX_POINT('',#2082);
#2082 = CARTESIAN_POINT('',(0.,0.,0.));
#2083 = VERTEX_POINT('',#2084);
#2084 = CARTESIAN_POINT('',(0.,0.,30.));
#2085 = LINE('',#2086,#2087);
#2086 = CARTESIAN_POINT('',(0.,0.,0.));
#2087 = VECTOR('',#2088,1.);
#2088 = DIRECTION('',(0.,0.,1.));
#2089 = ORIENTED_EDGE('',*,*,#2090,.T.);
#2090 = EDGE_CURVE('',#2081,#2091,#2093,.T.);
#2091 = VERTEX_POINT('',#2092);
#2092 = CARTESIAN_POINT('',(0.,30.,0.));
#2093 = LINE('',#2094,#2095);
#2094 = CARTESIAN_POINT('',(0.,0.,0.));
#2095 = VECTOR('',#2096,1.);
#2096 = DIRECTION('',(-0.,1.,0.));
#2097 = ORIENTED_EDGE('',*,*,#2098,.T.);
#2098 = EDGE_CURVE('',#2091,#2099,#2101,.T.);
#2099 = VERTEX_POINT('',#2100);
#2100 = CARTESIAN_POINT('',(0.,30.,30.));
#2101 = LINE('',#2102,#2103);
#2102 = CARTESIAN_POINT('',(0.,30.,0.));
#2103 = VECTOR('',#2104,1.);
#2104 = DIRECTION('',(0.,0.,1.));
#2105 = ORIENTED_EDGE('',*,*,#2106,.F.);
#2106 = EDGE_CURVE('',#2083,#2099,#2107,.T.);
#2107 = LINE('',#2108,#2109);
#2108 = CARTESIAN_POINT('',(0.,0.,30.));
#2109 = VECTOR('',#2110,1.);
#2110 = DIRECTION('',(-0.,1.,0.));
#2111 = PLANE('',#2112);
#2112 = AXIS2_PLACEMENT_3D('',#2113,#2114,#2115);
#2113 = CARTESIAN_POINT('',(0.,0.,0.));
#2114 = DIRECTION('',(1.,0.,-0.));
#2115 = DIRECTION('',(0.,0.,1.));
#2116 = ADVANCED_FACE('',(#2117),#2151,.T.);
#2117 = FACE_BOUND('',#2118,.T.);
#2118 = EDGE_LOOP('',(#2119,#2129,#2137,#2145));
#2119 = ORIENTED_EDGE('',*,*,#2120,.F.);
#2120 = EDGE_CURVE('',#2121,#2123,#2125,.T.);
#2121 = VERTEX_POINT('',#2122);
#2122 = CARTESIAN_POINT('',(454.,0.,0.));
#2123 = VERTEX_POINT('',#2124);
#2124 = CARTESIAN_POINT('',(454.,0.,30.));
#2125 = LINE('',#2126,#2127);
#2126 = CARTESIAN_POINT('',(454.,0.,0.));
#2127 = VECTOR('',#2128,1.);
#2128 = DIRECTION('',(0.,0.,1.));
#2129 = ORIENTED_EDGE('',*,*,#2130,.T.);
#2130 = EDGE_CURVE('',#2121,#2131,#2133,.T.);
#2131 = VERTEX_POINT('',#2132);
#2132 = CARTESIAN_POINT('',(454.,30.,0.));
#2133 = LINE('',#2134,#2135);
#2134 = CARTESIAN_POINT('',(454.,0.,0.));
#2135 = VECTOR('',#2136,1.);
#2136 = DIRECTION('',(-0.,1.,0.));
#2137 = ORIENTED_EDGE('',*,*,#2138,.T.);
#2138 = EDGE_CURVE('',#2131,#2139,#2141,.T.);
#2139 = VERTEX_POINT('',#2140);
#2140 = CARTESIAN_POINT('',(454.,30.,30.));
#2141 = LINE('',#2142,#2143);
#2142 = CARTESIAN_POINT('',(454.,30.,0.));
#2143 = VECTOR('',#2144,1.);
#2144 = DIRECTION('',(0.,0.,1.));
#2145 = ORIENTED_EDGE('',*,*,#2146,.F.);
#2146 = EDGE_CURVE('',#2123,#2139,#2147,.T.);
#2147 = LINE('',#2148,#2149);
#2148 = CARTESIAN_POINT('',(454.,0.,30.));
#2149 = VECTOR('',#2150,1.);
#2150 = DIRECTION('',(-0.,1.,0.));
#2151 = PLANE('',#2152);
#2152 = AXIS2_PLACEMENT_3D('',#2153,#2154,#2155);
#2153 = CARTESIAN_POINT('',(454.,0.,0.));
#2154 = DIRECTION('',(1.,0.,-0.));
#2155 = DIRECTION('',(0.,0.,1.));
#2156 = ADVANCED_FACE('',(#2157),#2173,.F.);
#2157 = FACE_BOUND('',#2158,.F.);
#2158 = EDGE_LOOP('',(#2159,#2165,#2166,#2172));
#2159 = ORIENTED_EDGE('',*,*,#2160,.F.);
#2160 = EDGE_CURVE('',#2081,#2121,#2161,.T.);
#2161 = LINE('',#2162,#2163);
#2162 = CARTESIAN_POINT('',(0.,0.,0.));
#2163 = VECTOR('',#2164,1.);
#2164 = DIRECTION('',(1.,0.,-0.));
#2165 = ORIENTED_EDGE('',*,*,#2080,.T.);
#2166 = ORIENTED_EDGE('',*,*,#2167,.T.);
#2167 = EDGE_CURVE('',#2083,#2123,#2168,.T.);
#2168 = LINE('',#2169,#2170);
#2169 = CARTESIAN_POINT('',(0.,0.,30.));
#2170 = VECTOR('',#2171,1.);
#2171 = DIRECTION('',(1.,0.,-0.));
#2172 = ORIENTED_EDGE('',*,*,#2120,.F.);
#2173 = PLANE('',#2174);
#2174 = AXIS2_PLACEMENT_3D('',#2175,#2176,#2177);
#2175 = CARTESIAN_POINT('',(0.,0.,0.));
#2176 = DIRECTION('',(-0.,1.,0.));
#2177 = DIRECTION('',(0.,0.,1.));
#2178 = ADVANCED_FACE('',(#2179),#2195,.T.);
#2179 = FACE_BOUND('',#2180,.T.);
#2180 = EDGE_LOOP('',(#2181,#2187,#2188,#2194));
#2181 = ORIENTED_EDGE('',*,*,#2182,.F.);
#2182 = EDGE_CURVE('',#2091,#2131,#2183,.T.);
#2183 = LINE('',#2184,#2185);
#2184 = CARTESIAN_POINT('',(0.,30.,0.));
#2185 = VECTOR('',#2186,1.);
#2186 = DIRECTION('',(1.,0.,-0.));
#2187 = ORIENTED_EDGE('',*,*,#2098,.T.);
#2188 = ORIENTED_EDGE('',*,*,#2189,.T.);
#2189 = EDGE_CURVE('',#2099,#2139,#2190,.T.);
#2190 = LINE('',#2191,#2192);
#2191 = CARTESIAN_POINT('',(0.,30.,30.));
#2192 = VECTOR('',#2193,1.);
#2193 = DIRECTION('',(1.,0.,-0.));
#2194 = ORIENTED_EDGE('',*,*,#2138,.F.);
#2195 = PLANE('',#2196);
#2196 = AXIS2_PLACEMENT_3D('',#2197,#2198,#2199);
#2197 = CARTESIAN_POINT('',(0.,30.,0.));
#2198 = DIRECTION('',(-0.,1.,0.));
#2199 = DIRECTION('',(0.,0.,1.));
#2200 = ADVANCED_FACE('',(#2201),#2207,.F.);
#2201 = FACE_BOUND('',#2202,.F.);
#2202 = EDGE_LOOP('',(#2203,#2204,#2205,#2206));
#2203 = ORIENTED_EDGE('',*,*,#2090,.F.);
#2204 = ORIENTED_EDGE('',*,*,#2160,.T.);
#2205 = ORIENTED_EDGE('',*,*,#2130,.T.);
#2206 = ORIENTED_EDGE('',*,*,#2182,.F.);
#2207 = PLANE('',#2208);
#2208 = AXIS2_PLACEMENT_3D('',#2209,#2210,#2211);
#2209 = CARTESIAN_POINT('',(0.,0.,0.));
#2210 = DIRECTION('',(0.,0.,1.));
#2211 = DIRECTION('',(1.,0.,-0.));
#2212 = ADVANCED_FACE('',(#2213),#2219,.T.);
#2213 = FACE_BOUND('',#2214,.T.);
#2214 = EDGE_LOOP('',(#2215,#2216,#2217,#2218));
#2215 = ORIENTED_EDGE('',*,*,#2106,.F.);
#2216 = ORIENTED_EDGE('',*,*,#2167,.T.);
#2217 = ORIENTED_EDGE('',*,*,#2146,.T.);
#2218 = ORIENTED_EDGE('',*,*,#2189,.F.);
#2219 = PLANE('',#2220);
#2220 = AXIS2_PLACEMENT_3D('',#2221,#2222,#2223);
#2221 = CARTESIAN_POINT('',(0.,0.,30.));
#2222 = DIRECTION('',(0.,0.,1.));
#2223 = DIRECTION('',(1.,0.,-0.));
#2224 = ( GEOMETRIC_REPRESENTATION_CONTEXT(3) 
GLOBAL_UNCERTAINTY_ASSIGNED_CONTEXT((#2228)) 
GLOBAL_UNIT_ASSIGNED_CONTEXT((#2225,#2226,#2227)) REPRESENTATION_CONTEXT
('Context #1','3D Context with UNIT and UNCERTAINTY') );
#2225 = ( LENGTH_UNIT() NAMED_UNIT(*) SI_UNIT(.MILLI.,.METRE.) );
#2226 = ( NAMED_UNIT(*) PLANE_ANGLE_UNIT() SI_UNIT($,.RADIAN.) );
#2227 = ( NAMED_UNIT(*) SI_UNIT($,.STERADIAN.) SOLID_ANGLE_UNIT() );
#2228 = UNCERTAINTY_MEASURE_WITH_UNIT(LENGTH_MEASURE(1.E-07),#2225,
  'distance_accuracy_value','confusion accuracy');
#2229 = CONTEXT_DEPENDENT_SHAPE_REPRESENTATION(#2230,#2232);
#2230 = ( REPRESENTATION_RELATIONSHIP('','',#2073,#10) 
REPRESENTATION_RELATIONSHIP_WITH_TRANSFORMATION(#2231) 
SHAPE_REPRESENTATION_RELATIONSHIP() );
#2231 = ITEM_DEFINED_TRANSFORMATION('','',#11,#67);
#2232 = PRODUCT_DEFINITION_SHAPE('Placement','Placement of an item',
  #2233);
#2233 = NEXT_ASSEMBLY_USAGE_OCCURRENCE('14','Trav_X_E1_Y1_S0','',#5,
  #2068,$);
#2234 = PRODUCT_RELATED_PRODUCT_CATEGORY('part',$,(#2070));
#2235 = SHAPE_DEFINITION_REPRESENTATION(#2236,#2242);
#2236 = PRODUCT_DEFINITION_SHAPE('','',#2237);
#2237 = PRODUCT_DEFINITION('design','',#2238,#2241);
#2238 = PRODUCT_DEFINITION_FORMATION('','',#2239);
#2239 = PRODUCT('Trav_Y_E1_X0_R0','Trav_Y_E1_X0_R0','',(#2240));
#2240 = PRODUCT_CONTEXT('',#2,'mechanical');
#2241 = PRODUCT_DEFINITION_CONTEXT('part definition',#2,'design');
#2242 = ADVANCED_BREP_SHAPE_REPRESENTATION('',(#11,#2243),#2393);
#2243 = MANIFOLD_SOLID_BREP('',#2244);
#2244 = CLOSED_SHELL('',(#2245,#2285,#2325,#2347,#2369,#2381));
#2245 = ADVANCED_FACE('',(#2246),#2280,.F.);
#2246 = FACE_BOUND('',#2247,.F.);
#2247 = EDGE_LOOP('',(#2248,#2258,#2266,#2274));
#2248 = ORIENTED_EDGE('',*,*,#2249,.F.);
#2249 = EDGE_CURVE('',#2250,#2252,#2254,.T.);
#2250 = VERTEX_POINT('',#2251);
#2251 = CARTESIAN_POINT('',(0.,0.,0.));
#2252 = VERTEX_POINT('',#2253);
#2253 = CARTESIAN_POINT('',(0.,0.,30.));
#2254 = LINE('',#2255,#2256);
#2255 = CARTESIAN_POINT('',(0.,0.,0.));
#2256 = VECTOR('',#2257,1.);
#2257 = DIRECTION('',(0.,0.,1.));
#2258 = ORIENTED_EDGE('',*,*,#2259,.T.);
#2259 = EDGE_CURVE('',#2250,#2260,#2262,.T.);
#2260 = VERTEX_POINT('',#2261);
#2261 = CARTESIAN_POINT('',(0.,490.,0.));
#2262 = LINE('',#2263,#2264);
#2263 = CARTESIAN_POINT('',(0.,0.,0.));
#2264 = VECTOR('',#2265,1.);
#2265 = DIRECTION('',(-0.,1.,0.));
#2266 = ORIENTED_EDGE('',*,*,#2267,.T.);
#2267 = EDGE_CURVE('',#2260,#2268,#2270,.T.);
#2268 = VERTEX_POINT('',#2269);
#2269 = CARTESIAN_POINT('',(0.,490.,30.));
#2270 = LINE('',#2271,#2272);
#2271 = CARTESIAN_POINT('',(0.,490.,0.));
#2272 = VECTOR('',#2273,1.);
#2273 = DIRECTION('',(0.,0.,1.));
#2274 = ORIENTED_EDGE('',*,*,#2275,.F.);
#2275 = EDGE_CURVE('',#2252,#2268,#2276,.T.);
#2276 = LINE('',#2277,#2278);
#2277 = CARTESIAN_POINT('',(0.,0.,30.));
#2278 = VECTOR('',#2279,1.);
#2279 = DIRECTION('',(-0.,1.,0.));
#2280 = PLANE('',#2281);
#2281 = AXIS2_PLACEMENT_3D('',#2282,#2283,#2284);
#2282 = CARTESIAN_POINT('',(0.,0.,0.));
#2283 = DIRECTION('',(1.,0.,-0.));
#2284 = DIRECTION('',(0.,0.,1.));
#2285 = ADVANCED_FACE('',(#2286),#2320,.T.);
#2286 = FACE_BOUND('',#2287,.T.);
#2287 = EDGE_LOOP('',(#2288,#2298,#2306,#2314));
#2288 = ORIENTED_EDGE('',*,*,#2289,.F.);
#2289 = EDGE_CURVE('',#2290,#2292,#2294,.T.);
#2290 = VERTEX_POINT('',#2291);
#2291 = CARTESIAN_POINT('',(30.,0.,0.));
#2292 = VERTEX_POINT('',#2293);
#2293 = CARTESIAN_POINT('',(30.,0.,30.));
#2294 = LINE('',#2295,#2296);
#2295 = CARTESIAN_POINT('',(30.,0.,0.));
#2296 = VECTOR('',#2297,1.);
#2297 = DIRECTION('',(0.,0.,1.));
#2298 = ORIENTED_EDGE('',*,*,#2299,.T.);
#2299 = EDGE_CURVE('',#2290,#2300,#2302,.T.);
#2300 = VERTEX_POINT('',#2301);
#2301 = CARTESIAN_POINT('',(30.,490.,0.));
#2302 = LINE('',#2303,#2304);
#2303 = CARTESIAN_POINT('',(30.,0.,0.));
#2304 = VECTOR('',#2305,1.);
#2305 = DIRECTION('',(-0.,1.,0.));
#2306 = ORIENTED_EDGE('',*,*,#2307,.T.);
#2307 = EDGE_CURVE('',#2300,#2308,#2310,.T.);
#2308 = VERTEX_POINT('',#2309);
#2309 = CARTESIAN_POINT('',(30.,490.,30.));
#2310 = LINE('',#2311,#2312);
#2311 = CARTESIAN_POINT('',(30.,490.,0.));
#2312 = VECTOR('',#2313,1.);
#2313 = DIRECTION('',(0.,0.,1.));
#2314 = ORIENTED_EDGE('',*,*,#2315,.F.);
#2315 = EDGE_CURVE('',#2292,#2308,#2316,.T.);
#2316 = LINE('',#2317,#2318);
#2317 = CARTESIAN_POINT('',(30.,0.,30.));
#2318 = VECTOR('',#2319,1.);
#2319 = DIRECTION('',(-0.,1.,0.));
#2320 = PLANE('',#2321);
#2321 = AXIS2_PLACEMENT_3D('',#2322,#2323,#2324);
#2322 = CARTESIAN_POINT('',(30.,0.,0.));
#2323 = DIRECTION('',(1.,0.,-0.));
#2324 = DIRECTION('',(0.,0.,1.));
#2325 = ADVANCED_FACE('',(#2326),#2342,.F.);
#2326 = FACE_BOUND('',#2327,.F.);
#2327 = EDGE_LOOP('',(#2328,#2334,#2335,#2341));
#2328 = ORIENTED_EDGE('',*,*,#2329,.F.);
#2329 = EDGE_CURVE('',#2250,#2290,#2330,.T.);
#2330 = LINE('',#2331,#2332);
#2331 = CARTESIAN_POINT('',(0.,0.,0.));
#2332 = VECTOR('',#2333,1.);
#2333 = DIRECTION('',(1.,0.,-0.));
#2334 = ORIENTED_EDGE('',*,*,#2249,.T.);
#2335 = ORIENTED_EDGE('',*,*,#2336,.T.);
#2336 = EDGE_CURVE('',#2252,#2292,#2337,.T.);
#2337 = LINE('',#2338,#2339);
#2338 = CARTESIAN_POINT('',(0.,0.,30.));
#2339 = VECTOR('',#2340,1.);
#2340 = DIRECTION('',(1.,0.,-0.));
#2341 = ORIENTED_EDGE('',*,*,#2289,.F.);
#2342 = PLANE('',#2343);
#2343 = AXIS2_PLACEMENT_3D('',#2344,#2345,#2346);
#2344 = CARTESIAN_POINT('',(0.,0.,0.));
#2345 = DIRECTION('',(-0.,1.,0.));
#2346 = DIRECTION('',(0.,0.,1.));
#2347 = ADVANCED_FACE('',(#2348),#2364,.T.);
#2348 = FACE_BOUND('',#2349,.T.);
#2349 = EDGE_LOOP('',(#2350,#2356,#2357,#2363));
#2350 = ORIENTED_EDGE('',*,*,#2351,.F.);
#2351 = EDGE_CURVE('',#2260,#2300,#2352,.T.);
#2352 = LINE('',#2353,#2354);
#2353 = CARTESIAN_POINT('',(0.,490.,0.));
#2354 = VECTOR('',#2355,1.);
#2355 = DIRECTION('',(1.,0.,-0.));
#2356 = ORIENTED_EDGE('',*,*,#2267,.T.);
#2357 = ORIENTED_EDGE('',*,*,#2358,.T.);
#2358 = EDGE_CURVE('',#2268,#2308,#2359,.T.);
#2359 = LINE('',#2360,#2361);
#2360 = CARTESIAN_POINT('',(0.,490.,30.));
#2361 = VECTOR('',#2362,1.);
#2362 = DIRECTION('',(1.,0.,-0.));
#2363 = ORIENTED_EDGE('',*,*,#2307,.F.);
#2364 = PLANE('',#2365);
#2365 = AXIS2_PLACEMENT_3D('',#2366,#2367,#2368);
#2366 = CARTESIAN_POINT('',(0.,490.,0.));
#2367 = DIRECTION('',(-0.,1.,0.));
#2368 = DIRECTION('',(0.,0.,1.));
#2369 = ADVANCED_FACE('',(#2370),#2376,.F.);
#2370 = FACE_BOUND('',#2371,.F.);
#2371 = EDGE_LOOP('',(#2372,#2373,#2374,#2375));
#2372 = ORIENTED_EDGE('',*,*,#2259,.F.);
#2373 = ORIENTED_EDGE('',*,*,#2329,.T.);
#2374 = ORIENTED_EDGE('',*,*,#2299,.T.);
#2375 = ORIENTED_EDGE('',*,*,#2351,.F.);
#2376 = PLANE('',#2377);
#2377 = AXIS2_PLACEMENT_3D('',#2378,#2379,#2380);
#2378 = CARTESIAN_POINT('',(0.,0.,0.));
#2379 = DIRECTION('',(0.,0.,1.));
#2380 = DIRECTION('',(1.,0.,-0.));
#2381 = ADVANCED_FACE('',(#2382),#2388,.T.);
#2382 = FACE_BOUND('',#2383,.T.);
#2383 = EDGE_LOOP('',(#2384,#2385,#2386,#2387));
#2384 = ORIENTED_EDGE('',*,*,#2275,.F.);
#2385 = ORIENTED_EDGE('',*,*,#2336,.T.);
#2386 = ORIENTED_EDGE('',*,*,#2315,.T.);
#2387 = ORIENTED_EDGE('',*,*,#2358,.F.);
#2388 = PLANE('',#2389);
#2389 = AXIS2_PLACEMENT_3D('',#2390,#2391,#2392);
#2390 = CARTESIAN_POINT('',(0.,0.,30.));
#2391 = DIRECTION('',(0.,0.,1.));
#2392 = DIRECTION('',(1.,0.,-0.));
#2393 = ( GEOMETRIC_REPRESENTATION_CONTEXT(3) 
GLOBAL_UNCERTAINTY_ASSIGNED_CONTEXT((#2397)) 
GLOBAL_UNIT_ASSIGNED_CONTEXT((#2394,#2395,#2396)) REPRESENTATION_CONTEXT
('Context #1','3D Context with UNIT and UNCERTAINTY') );
#2394 = ( LENGTH_UNIT() NAMED_UNIT(*) SI_UNIT(.MILLI.,.METRE.) );
#2395 = ( NAMED_UNIT(*) PLANE_ANGLE_UNIT() SI_UNIT($,.RADIAN.) );
#2396 = ( NAMED_UNIT(*) SI_UNIT($,.STERADIAN.) SOLID_ANGLE_UNIT() );
#2397 = UNCERTAINTY_MEASURE_WITH_UNIT(LENGTH_MEASURE(1.E-07),#2394,
  'distance_accuracy_value','confusion accuracy');
#2398 = CONTEXT_DEPENDENT_SHAPE_REPRESENTATION(#2399,#2401);
#2399 = ( REPRESENTATION_RELATIONSHIP('','',#2242,#10) 
REPRESENTATION_RELATIONSHIP_WITH_TRANSFORMATION(#2400) 
SHAPE_REPRESENTATION_RELATIONSHIP() );
#2400 = ITEM_DEFINED_TRANSFORMATION('','',#11,#71);
#2401 = PRODUCT_DEFINITION_SHAPE('Placement','Placement of an item',
  #2402);
#2402 = NEXT_ASSEMBLY_USAGE_OCCURRENCE('15','Trav_Y_E1_X0_R0','',#5,
  #2237,$);
#2403 = PRODUCT_RELATED_PRODUCT_CATEGORY('part',$,(#2239));
#2404 = SHAPE_DEFINITION_REPRESENTATION(#2405,#2411);
#2405 = PRODUCT_DEFINITION_SHAPE('','',#2406);
#2406 = PRODUCT_DEFINITION('design','',#2407,#2410);
#2407 = PRODUCT_DEFINITION_FORMATION('','',#2408);
#2408 = PRODUCT('Trav_Y_E1_X1_R0','Trav_Y_E1_X1_R0','',(#2409));
#2409 = PRODUCT_CONTEXT('',#2,'mechanical');
#2410 = PRODUCT_DEFINITION_CONTEXT('part definition',#2,'design');
#2411 = ADVANCED_BREP_SHAPE_REPRESENTATION('',(#11,#2412),#2562);
#2412 = MANIFOLD_SOLID_BREP('',#2413);
#2413 = CLOSED_SHELL('',(#2414,#2454,#2494,#2516,#2538,#2550));
#2414 = ADVANCED_FACE('',(#2415),#2449,.F.);
#2415 = FACE_BOUND('',#2416,.F.);
#2416 = EDGE_LOOP('',(#2417,#2427,#2435,#2443));
#2417 = ORIENTED_EDGE('',*,*,#2418,.F.);
#2418 = EDGE_CURVE('',#2419,#2421,#2423,.T.);
#2419 = VERTEX_POINT('',#2420);
#2420 = CARTESIAN_POINT('',(0.,0.,0.));
#2421 = VERTEX_POINT('',#2422);
#2422 = CARTESIAN_POINT('',(0.,0.,30.));
#2423 = LINE('',#2424,#2425);
#2424 = CARTESIAN_POINT('',(0.,0.,0.));
#2425 = VECTOR('',#2426,1.);
#2426 = DIRECTION('',(0.,0.,1.));
#2427 = ORIENTED_EDGE('',*,*,#2428,.T.);
#2428 = EDGE_CURVE('',#2419,#2429,#2431,.T.);
#2429 = VERTEX_POINT('',#2430);
#2430 = CARTESIAN_POINT('',(0.,490.,0.));
#2431 = LINE('',#2432,#2433);
#2432 = CARTESIAN_POINT('',(0.,0.,0.));
#2433 = VECTOR('',#2434,1.);
#2434 = DIRECTION('',(-0.,1.,0.));
#2435 = ORIENTED_EDGE('',*,*,#2436,.T.);
#2436 = EDGE_CURVE('',#2429,#2437,#2439,.T.);
#2437 = VERTEX_POINT('',#2438);
#2438 = CARTESIAN_POINT('',(0.,490.,30.));
#2439 = LINE('',#2440,#2441);
#2440 = CARTESIAN_POINT('',(0.,490.,0.));
#2441 = VECTOR('',#2442,1.);
#2442 = DIRECTION('',(0.,0.,1.));
#2443 = ORIENTED_EDGE('',*,*,#2444,.F.);
#2444 = EDGE_CURVE('',#2421,#2437,#2445,.T.);
#2445 = LINE('',#2446,#2447);
#2446 = CARTESIAN_POINT('',(0.,0.,30.));
#2447 = VECTOR('',#2448,1.);
#2448 = DIRECTION('',(-0.,1.,0.));
#2449 = PLANE('',#2450);
#2450 = AXIS2_PLACEMENT_3D('',#2451,#2452,#2453);
#2451 = CARTESIAN_POINT('',(0.,0.,0.));
#2452 = DIRECTION('',(1.,0.,-0.));
#2453 = DIRECTION('',(0.,0.,1.));
#2454 = ADVANCED_FACE('',(#2455),#2489,.T.);
#2455 = FACE_BOUND('',#2456,.T.);
#2456 = EDGE_LOOP('',(#2457,#2467,#2475,#2483));
#2457 = ORIENTED_EDGE('',*,*,#2458,.F.);
#2458 = EDGE_CURVE('',#2459,#2461,#2463,.T.);
#2459 = VERTEX_POINT('',#2460);
#2460 = CARTESIAN_POINT('',(30.,0.,0.));
#2461 = VERTEX_POINT('',#2462);
#2462 = CARTESIAN_POINT('',(30.,0.,30.));
#2463 = LINE('',#2464,#2465);
#2464 = CARTESIAN_POINT('',(30.,0.,0.));
#2465 = VECTOR('',#2466,1.);
#2466 = DIRECTION('',(0.,0.,1.));
#2467 = ORIENTED_EDGE('',*,*,#2468,.T.);
#2468 = EDGE_CURVE('',#2459,#2469,#2471,.T.);
#2469 = VERTEX_POINT('',#2470);
#2470 = CARTESIAN_POINT('',(30.,490.,0.));
#2471 = LINE('',#2472,#2473);
#2472 = CARTESIAN_POINT('',(30.,0.,0.));
#2473 = VECTOR('',#2474,1.);
#2474 = DIRECTION('',(-0.,1.,0.));
#2475 = ORIENTED_EDGE('',*,*,#2476,.T.);
#2476 = EDGE_CURVE('',#2469,#2477,#2479,.T.);
#2477 = VERTEX_POINT('',#2478);
#2478 = CARTESIAN_POINT('',(30.,490.,30.));
#2479 = LINE('',#2480,#2481);
#2480 = CARTESIAN_POINT('',(30.,490.,0.));
#2481 = VECTOR('',#2482,1.);
#2482 = DIRECTION('',(0.,0.,1.));
#2483 = ORIENTED_EDGE('',*,*,#2484,.F.);
#2484 = EDGE_CURVE('',#2461,#2477,#2485,.T.);
#2485 = LINE('',#2486,#2487);
#2486 = CARTESIAN_POINT('',(30.,0.,30.));
#2487 = VECTOR('',#2488,1.);
#2488 = DIRECTION('',(-0.,1.,0.));
#2489 = PLANE('',#2490);
#2490 = AXIS2_PLACEMENT_3D('',#2491,#2492,#2493);
#2491 = CARTESIAN_POINT('',(30.,0.,0.));
#2492 = DIRECTION('',(1.,0.,-0.));
#2493 = DIRECTION('',(0.,0.,1.));
#2494 = ADVANCED_FACE('',(#2495),#2511,.F.);
#2495 = FACE_BOUND('',#2496,.F.);
#2496 = EDGE_LOOP('',(#2497,#2503,#2504,#2510));
#2497 = ORIENTED_EDGE('',*,*,#2498,.F.);
#2498 = EDGE_CURVE('',#2419,#2459,#2499,.T.);
#2499 = LINE('',#2500,#2501);
#2500 = CARTESIAN_POINT('',(0.,0.,0.));
#2501 = VECTOR('',#2502,1.);
#2502 = DIRECTION('',(1.,0.,-0.));
#2503 = ORIENTED_EDGE('',*,*,#2418,.T.);
#2504 = ORIENTED_EDGE('',*,*,#2505,.T.);
#2505 = EDGE_CURVE('',#2421,#2461,#2506,.T.);
#2506 = LINE('',#2507,#2508);
#2507 = CARTESIAN_POINT('',(0.,0.,30.));
#2508 = VECTOR('',#2509,1.);
#2509 = DIRECTION('',(1.,0.,-0.));
#2510 = ORIENTED_EDGE('',*,*,#2458,.F.);
#2511 = PLANE('',#2512);
#2512 = AXIS2_PLACEMENT_3D('',#2513,#2514,#2515);
#2513 = CARTESIAN_POINT('',(0.,0.,0.));
#2514 = DIRECTION('',(-0.,1.,0.));
#2515 = DIRECTION('',(0.,0.,1.));
#2516 = ADVANCED_FACE('',(#2517),#2533,.T.);
#2517 = FACE_BOUND('',#2518,.T.);
#2518 = EDGE_LOOP('',(#2519,#2525,#2526,#2532));
#2519 = ORIENTED_EDGE('',*,*,#2520,.F.);
#2520 = EDGE_CURVE('',#2429,#2469,#2521,.T.);
#2521 = LINE('',#2522,#2523);
#2522 = CARTESIAN_POINT('',(0.,490.,0.));
#2523 = VECTOR('',#2524,1.);
#2524 = DIRECTION('',(1.,0.,-0.));
#2525 = ORIENTED_EDGE('',*,*,#2436,.T.);
#2526 = ORIENTED_EDGE('',*,*,#2527,.T.);
#2527 = EDGE_CURVE('',#2437,#2477,#2528,.T.);
#2528 = LINE('',#2529,#2530);
#2529 = CARTESIAN_POINT('',(0.,490.,30.));
#2530 = VECTOR('',#2531,1.);
#2531 = DIRECTION('',(1.,0.,-0.));
#2532 = ORIENTED_EDGE('',*,*,#2476,.F.);
#2533 = PLANE('',#2534);
#2534 = AXIS2_PLACEMENT_3D('',#2535,#2536,#2537);
#2535 = CARTESIAN_POINT('',(0.,490.,0.));
#2536 = DIRECTION('',(-0.,1.,0.));
#2537 = DIRECTION('',(0.,0.,1.));
#2538 = ADVANCED_FACE('',(#2539),#2545,.F.);
#2539 = FACE_BOUND('',#2540,.F.);
#2540 = EDGE_LOOP('',(#2541,#2542,#2543,#2544));
#2541 = ORIENTED_EDGE('',*,*,#2428,.F.);
#2542 = ORIENTED_EDGE('',*,*,#2498,.T.);
#2543 = ORIENTED_EDGE('',*,*,#2468,.T.);
#2544 = ORIENTED_EDGE('',*,*,#2520,.F.);
#2545 = PLANE('',#2546);
#2546 = AXIS2_PLACEMENT_3D('',#2547,#2548,#2549);
#2547 = CARTESIAN_POINT('',(0.,0.,0.));
#2548 = DIRECTION('',(0.,0.,1.));
#2549 = DIRECTION('',(1.,0.,-0.));
#2550 = ADVANCED_FACE('',(#2551),#2557,.T.);
#2551 = FACE_BOUND('',#2552,.T.);
#2552 = EDGE_LOOP('',(#2553,#2554,#2555,#2556));
#2553 = ORIENTED_EDGE('',*,*,#2444,.F.);
#2554 = ORIENTED_EDGE('',*,*,#2505,.T.);
#2555 = ORIENTED_EDGE('',*,*,#2484,.T.);
#2556 = ORIENTED_EDGE('',*,*,#2527,.F.);
#2557 = PLANE('',#2558);
#2558 = AXIS2_PLACEMENT_3D('',#2559,#2560,#2561);
#2559 = CARTESIAN_POINT('',(0.,0.,30.));
#2560 = DIRECTION('',(0.,0.,1.));
#2561 = DIRECTION('',(1.,0.,-0.));
#2562 = ( GEOMETRIC_REPRESENTATION_CONTEXT(3) 
GLOBAL_UNCERTAINTY_ASSIGNED_CONTEXT((#2566)) 
GLOBAL_UNIT_ASSIGNED_CONTEXT((#2563,#2564,#2565)) REPRESENTATION_CONTEXT
('Context #1','3D Context with UNIT and UNCERTAINTY') );
#2563 = ( LENGTH_UNIT() NAMED_UNIT(*) SI_UNIT(.MILLI.,.METRE.) );
#2564 = ( NAMED_UNIT(*) PLANE_ANGLE_UNIT() SI_UNIT($,.RADIAN.) );
#2565 = ( NAMED_UNIT(*) SI_UNIT($,.STERADIAN.) SOLID_ANGLE_UNIT() );
#2566 = UNCERTAINTY_MEASURE_WITH_UNIT(LENGTH_MEASURE(1.E-07),#2563,
  'distance_accuracy_value','confusion accuracy');
#2567 = CONTEXT_DEPENDENT_SHAPE_REPRESENTATION(#2568,#2570);
#2568 = ( REPRESENTATION_RELATIONSHIP('','',#2411,#10) 
REPRESENTATION_RELATIONSHIP_WITH_TRANSFORMATION(#2569) 
SHAPE_REPRESENTATION_RELATIONSHIP() );
#2569 = ITEM_DEFINED_TRANSFORMATION('','',#11,#75);
#2570 = PRODUCT_DEFINITION_SHAPE('Placement','Placement of an item',
  #2571);
#2571 = NEXT_ASSEMBLY_USAGE_OCCURRENCE('16','Trav_Y_E1_X1_R0','',#5,
  #2406,$);
#2572 = PRODUCT_RELATED_PRODUCT_CATEGORY('part',$,(#2408));
#2573 = SHAPE_DEFINITION_REPRESENTATION(#2574,#2580);
#2574 = PRODUCT_DEFINITION_SHAPE('','',#2575);
#2575 = PRODUCT_DEFINITION('design','',#2576,#2579);
#2576 = PRODUCT_DEFINITION_FORMATION('','',#2577);
#2577 = PRODUCT('Trav_X_E2_Y0_S0','Trav_X_E2_Y0_S0','',(#2578));
#2578 = PRODUCT_CONTEXT('',#2,'mechanical');
#2579 = PRODUCT_DEFINITION_CONTEXT('part definition',#2,'design');
#2580 = ADVANCED_BREP_SHAPE_REPRESENTATION('',(#11,#2581),#2731);
#2581 = MANIFOLD_SOLID_BREP('',#2582);
#2582 = CLOSED_SHELL('',(#2583,#2623,#2663,#2685,#2707,#2719));
#2583 = ADVANCED_FACE('',(#2584),#2618,.F.);
#2584 = FACE_BOUND('',#2585,.F.);
#2585 = EDGE_LOOP('',(#2586,#2596,#2604,#2612));
#2586 = ORIENTED_EDGE('',*,*,#2587,.F.);
#2587 = EDGE_CURVE('',#2588,#2590,#2592,.T.);
#2588 = VERTEX_POINT('',#2589);
#2589 = CARTESIAN_POINT('',(0.,0.,0.));
#2590 = VERTEX_POINT('',#2591);
#2591 = CARTESIAN_POINT('',(0.,0.,30.));
#2592 = LINE('',#2593,#2594);
#2593 = CARTESIAN_POINT('',(0.,0.,0.));
#2594 = VECTOR('',#2595,1.);
#2595 = DIRECTION('',(0.,0.,1.));
#2596 = ORIENTED_EDGE('',*,*,#2597,.T.);
#2597 = EDGE_CURVE('',#2588,#2598,#2600,.T.);
#2598 = VERTEX_POINT('',#2599);
#2599 = CARTESIAN_POINT('',(0.,30.,0.));
#2600 = LINE('',#2601,#2602);
#2601 = CARTESIAN_POINT('',(0.,0.,0.));
#2602 = VECTOR('',#2603,1.);
#2603 = DIRECTION('',(-0.,1.,0.));
#2604 = ORIENTED_EDGE('',*,*,#2605,.T.);
#2605 = EDGE_CURVE('',#2598,#2606,#2608,.T.);
#2606 = VERTEX_POINT('',#2607);
#2607 = CARTESIAN_POINT('',(0.,30.,30.));
#2608 = LINE('',#2609,#2610);
#2609 = CARTESIAN_POINT('',(0.,30.,0.));
#2610 = VECTOR('',#2611,1.);
#2611 = DIRECTION('',(0.,0.,1.));
#2612 = ORIENTED_EDGE('',*,*,#2613,.F.);
#2613 = EDGE_CURVE('',#2590,#2606,#2614,.T.);
#2614 = LINE('',#2615,#2616);
#2615 = CARTESIAN_POINT('',(0.,0.,30.));
#2616 = VECTOR('',#2617,1.);
#2617 = DIRECTION('',(-0.,1.,0.));
#2618 = PLANE('',#2619);
#2619 = AXIS2_PLACEMENT_3D('',#2620,#2621,#2622);
#2620 = CARTESIAN_POINT('',(0.,0.,0.));
#2621 = DIRECTION('',(1.,0.,-0.));
#2622 = DIRECTION('',(0.,0.,1.));
#2623 = ADVANCED_FACE('',(#2624),#2658,.T.);
#2624 = FACE_BOUND('',#2625,.T.);
#2625 = EDGE_LOOP('',(#2626,#2636,#2644,#2652));
#2626 = ORIENTED_EDGE('',*,*,#2627,.F.);
#2627 = EDGE_CURVE('',#2628,#2630,#2632,.T.);
#2628 = VERTEX_POINT('',#2629);
#2629 = CARTESIAN_POINT('',(454.,0.,0.));
#2630 = VERTEX_POINT('',#2631);
#2631 = CARTESIAN_POINT('',(454.,0.,30.));
#2632 = LINE('',#2633,#2634);
#2633 = CARTESIAN_POINT('',(454.,0.,0.));
#2634 = VECTOR('',#2635,1.);
#2635 = DIRECTION('',(0.,0.,1.));
#2636 = ORIENTED_EDGE('',*,*,#2637,.T.);
#2637 = EDGE_CURVE('',#2628,#2638,#2640,.T.);
#2638 = VERTEX_POINT('',#2639);
#2639 = CARTESIAN_POINT('',(454.,30.,0.));
#2640 = LINE('',#2641,#2642);
#2641 = CARTESIAN_POINT('',(454.,0.,0.));
#2642 = VECTOR('',#2643,1.);
#2643 = DIRECTION('',(-0.,1.,0.));
#2644 = ORIENTED_EDGE('',*,*,#2645,.T.);
#2645 = EDGE_CURVE('',#2638,#2646,#2648,.T.);
#2646 = VERTEX_POINT('',#2647);
#2647 = CARTESIAN_POINT('',(454.,30.,30.));
#2648 = LINE('',#2649,#2650);
#2649 = CARTESIAN_POINT('',(454.,30.,0.));
#2650 = VECTOR('',#2651,1.);
#2651 = DIRECTION('',(0.,0.,1.));
#2652 = ORIENTED_EDGE('',*,*,#2653,.F.);
#2653 = EDGE_CURVE('',#2630,#2646,#2654,.T.);
#2654 = LINE('',#2655,#2656);
#2655 = CARTESIAN_POINT('',(454.,0.,30.));
#2656 = VECTOR('',#2657,1.);
#2657 = DIRECTION('',(-0.,1.,0.));
#2658 = PLANE('',#2659);
#2659 = AXIS2_PLACEMENT_3D('',#2660,#2661,#2662);
#2660 = CARTESIAN_POINT('',(454.,0.,0.));
#2661 = DIRECTION('',(1.,0.,-0.));
#2662 = DIRECTION('',(0.,0.,1.));
#2663 = ADVANCED_FACE('',(#2664),#2680,.F.);
#2664 = FACE_BOUND('',#2665,.F.);
#2665 = EDGE_LOOP('',(#2666,#2672,#2673,#2679));
#2666 = ORIENTED_EDGE('',*,*,#2667,.F.);
#2667 = EDGE_CURVE('',#2588,#2628,#2668,.T.);
#2668 = LINE('',#2669,#2670);
#2669 = CARTESIAN_POINT('',(0.,0.,0.));
#2670 = VECTOR('',#2671,1.);
#2671 = DIRECTION('',(1.,0.,-0.));
#2672 = ORIENTED_EDGE('',*,*,#2587,.T.);
#2673 = ORIENTED_EDGE('',*,*,#2674,.T.);
#2674 = EDGE_CURVE('',#2590,#2630,#2675,.T.);
#2675 = LINE('',#2676,#2677);
#2676 = CARTESIAN_POINT('',(0.,0.,30.));
#2677 = VECTOR('',#2678,1.);
#2678 = DIRECTION('',(1.,0.,-0.));
#2679 = ORIENTED_EDGE('',*,*,#2627,.F.);
#2680 = PLANE('',#2681);
#2681 = AXIS2_PLACEMENT_3D('',#2682,#2683,#2684);
#2682 = CARTESIAN_POINT('',(0.,0.,0.));
#2683 = DIRECTION('',(-0.,1.,0.));
#2684 = DIRECTION('',(0.,0.,1.));
#2685 = ADVANCED_FACE('',(#2686),#2702,.T.);
#2686 = FACE_BOUND('',#2687,.T.);
#2687 = EDGE_LOOP('',(#2688,#2694,#2695,#2701));
#2688 = ORIENTED_EDGE('',*,*,#2689,.F.);
#2689 = EDGE_CURVE('',#2598,#2638,#2690,.T.);
#2690 = LINE('',#2691,#2692);
#2691 = CARTESIAN_POINT('',(0.,30.,0.));
#2692 = VECTOR('',#2693,1.);
#2693 = DIRECTION('',(1.,0.,-0.));
#2694 = ORIENTED_EDGE('',*,*,#2605,.T.);
#2695 = ORIENTED_EDGE('',*,*,#2696,.T.);
#2696 = EDGE_CURVE('',#2606,#2646,#2697,.T.);
#2697 = LINE('',#2698,#2699);
#2698 = CARTESIAN_POINT('',(0.,30.,30.));
#2699 = VECTOR('',#2700,1.);
#2700 = DIRECTION('',(1.,0.,-0.));
#2701 = ORIENTED_EDGE('',*,*,#2645,.F.);
#2702 = PLANE('',#2703);
#2703 = AXIS2_PLACEMENT_3D('',#2704,#2705,#2706);
#2704 = CARTESIAN_POINT('',(0.,30.,0.));
#2705 = DIRECTION('',(-0.,1.,0.));
#2706 = DIRECTION('',(0.,0.,1.));
#2707 = ADVANCED_FACE('',(#2708),#2714,.F.);
#2708 = FACE_BOUND('',#2709,.F.);
#2709 = EDGE_LOOP('',(#2710,#2711,#2712,#2713));
#2710 = ORIENTED_EDGE('',*,*,#2597,.F.);
#2711 = ORIENTED_EDGE('',*,*,#2667,.T.);
#2712 = ORIENTED_EDGE('',*,*,#2637,.T.);
#2713 = ORIENTED_EDGE('',*,*,#2689,.F.);
#2714 = PLANE('',#2715);
#2715 = AXIS2_PLACEMENT_3D('',#2716,#2717,#2718);
#2716 = CARTESIAN_POINT('',(0.,0.,0.));
#2717 = DIRECTION('',(0.,0.,1.));
#2718 = DIRECTION('',(1.,0.,-0.));
#2719 = ADVANCED_FACE('',(#2720),#2726,.T.);
#2720 = FACE_BOUND('',#2721,.T.);
#2721 = EDGE_LOOP('',(#2722,#2723,#2724,#2725));
#2722 = ORIENTED_EDGE('',*,*,#2613,.F.);
#2723 = ORIENTED_EDGE('',*,*,#2674,.T.);
#2724 = ORIENTED_EDGE('',*,*,#2653,.T.);
#2725 = ORIENTED_EDGE('',*,*,#2696,.F.);
#2726 = PLANE('',#2727);
#2727 = AXIS2_PLACEMENT_3D('',#2728,#2729,#2730);
#2728 = CARTESIAN_POINT('',(0.,0.,30.));
#2729 = DIRECTION('',(0.,0.,1.));
#2730 = DIRECTION('',(1.,0.,-0.));
#2731 = ( GEOMETRIC_REPRESENTATION_CONTEXT(3) 
GLOBAL_UNCERTAINTY_ASSIGNED_CONTEXT((#2735)) 
GLOBAL_UNIT_ASSIGNED_CONTEXT((#2732,#2733,#2734)) REPRESENTATION_CONTEXT
('Context #1','3D Context with UNIT and UNCERTAINTY') );
#2732 = ( LENGTH_UNIT() NAMED_UNIT(*) SI_UNIT(.MILLI.,.METRE.) );
#2733 = ( NAMED_UNIT(*) PLANE_ANGLE_UNIT() SI_UNIT($,.RADIAN.) );
#2734 = ( NAMED_UNIT(*) SI_UNIT($,.STERADIAN.) SOLID_ANGLE_UNIT() );
#2735 = UNCERTAINTY_MEASURE_WITH_UNIT(LENGTH_MEASURE(1.E-07),#2732,
  'distance_accuracy_value','confusion accuracy');
#2736 = CONTEXT_DEPENDENT_SHAPE_REPRESENTATION(#2737,#2739);
#2737 = ( REPRESENTATION_RELATIONSHIP('','',#2580,#10) 
REPRESENTATION_RELATIONSHIP_WITH_TRANSFORMATION(#2738) 
SHAPE_REPRESENTATION_RELATIONSHIP() );
#2738 = ITEM_DEFINED_TRANSFORMATION('','',#11,#79);
#2739 = PRODUCT_DEFINITION_SHAPE('Placement','Placement of an item',
  #2740);
#2740 = NEXT_ASSEMBLY_USAGE_OCCURRENCE('17','Trav_X_E2_Y0_S0','',#5,
  #2575,$);
#2741 = PRODUCT_RELATED_PRODUCT_CATEGORY('part',$,(#2577));
#2742 = SHAPE_DEFINITION_REPRESENTATION(#2743,#2749);
#2743 = PRODUCT_DEFINITION_SHAPE('','',#2744);
#2744 = PRODUCT_DEFINITION('design','',#2745,#2748);
#2745 = PRODUCT_DEFINITION_FORMATION('','',#2746);
#2746 = PRODUCT('Trav_X_E2_Y1_S0','Trav_X_E2_Y1_S0','',(#2747));
#2747 = PRODUCT_CONTEXT('',#2,'mechanical');
#2748 = PRODUCT_DEFINITION_CONTEXT('part definition',#2,'design');
#2749 = ADVANCED_BREP_SHAPE_REPRESENTATION('',(#11,#2750),#2900);
#2750 = MANIFOLD_SOLID_BREP('',#2751);
#2751 = CLOSED_SHELL('',(#2752,#2792,#2832,#2854,#2876,#2888));
#2752 = ADVANCED_FACE('',(#2753),#2787,.F.);
#2753 = FACE_BOUND('',#2754,.F.);
#2754 = EDGE_LOOP('',(#2755,#2765,#2773,#2781));
#2755 = ORIENTED_EDGE('',*,*,#2756,.F.);
#2756 = EDGE_CURVE('',#2757,#2759,#2761,.T.);
#2757 = VERTEX_POINT('',#2758);
#2758 = CARTESIAN_POINT('',(0.,0.,0.));
#2759 = VERTEX_POINT('',#2760);
#2760 = CARTESIAN_POINT('',(0.,0.,30.));
#2761 = LINE('',#2762,#2763);
#2762 = CARTESIAN_POINT('',(0.,0.,0.));
#2763 = VECTOR('',#2764,1.);
#2764 = DIRECTION('',(0.,0.,1.));
#2765 = ORIENTED_EDGE('',*,*,#2766,.T.);
#2766 = EDGE_CURVE('',#2757,#2767,#2769,.T.);
#2767 = VERTEX_POINT('',#2768);
#2768 = CARTESIAN_POINT('',(0.,30.,0.));
#2769 = LINE('',#2770,#2771);
#2770 = CARTESIAN_POINT('',(0.,0.,0.));
#2771 = VECTOR('',#2772,1.);
#2772 = DIRECTION('',(-0.,1.,0.));
#2773 = ORIENTED_EDGE('',*,*,#2774,.T.);
#2774 = EDGE_CURVE('',#2767,#2775,#2777,.T.);
#2775 = VERTEX_POINT('',#2776);
#2776 = CARTESIAN_POINT('',(0.,30.,30.));
#2777 = LINE('',#2778,#2779);
#2778 = CARTESIAN_POINT('',(0.,30.,0.));
#2779 = VECTOR('',#2780,1.);
#2780 = DIRECTION('',(0.,0.,1.));
#2781 = ORIENTED_EDGE('',*,*,#2782,.F.);
#2782 = EDGE_CURVE('',#2759,#2775,#2783,.T.);
#2783 = LINE('',#2784,#2785);
#2784 = CARTESIAN_POINT('',(0.,0.,30.));
#2785 = VECTOR('',#2786,1.);
#2786 = DIRECTION('',(-0.,1.,0.));
#2787 = PLANE('',#2788);
#2788 = AXIS2_PLACEMENT_3D('',#2789,#2790,#2791);
#2789 = CARTESIAN_POINT('',(0.,0.,0.));
#2790 = DIRECTION('',(1.,0.,-0.));
#2791 = DIRECTION('',(0.,0.,1.));
#2792 = ADVANCED_FACE('',(#2793),#2827,.T.);
#2793 = FACE_BOUND('',#2794,.T.);
#2794 = EDGE_LOOP('',(#2795,#2805,#2813,#2821));
#2795 = ORIENTED_EDGE('',*,*,#2796,.F.);
#2796 = EDGE_CURVE('',#2797,#2799,#2801,.T.);
#2797 = VERTEX_POINT('',#2798);
#2798 = CARTESIAN_POINT('',(454.,0.,0.));
#2799 = VERTEX_POINT('',#2800);
#2800 = CARTESIAN_POINT('',(454.,0.,30.));
#2801 = LINE('',#2802,#2803);
#2802 = CARTESIAN_POINT('',(454.,0.,0.));
#2803 = VECTOR('',#2804,1.);
#2804 = DIRECTION('',(0.,0.,1.));
#2805 = ORIENTED_EDGE('',*,*,#2806,.T.);
#2806 = EDGE_CURVE('',#2797,#2807,#2809,.T.);
#2807 = VERTEX_POINT('',#2808);
#2808 = CARTESIAN_POINT('',(454.,30.,0.));
#2809 = LINE('',#2810,#2811);
#2810 = CARTESIAN_POINT('',(454.,0.,0.));
#2811 = VECTOR('',#2812,1.);
#2812 = DIRECTION('',(-0.,1.,0.));
#2813 = ORIENTED_EDGE('',*,*,#2814,.T.);
#2814 = EDGE_CURVE('',#2807,#2815,#2817,.T.);
#2815 = VERTEX_POINT('',#2816);
#2816 = CARTESIAN_POINT('',(454.,30.,30.));
#2817 = LINE('',#2818,#2819);
#2818 = CARTESIAN_POINT('',(454.,30.,0.));
#2819 = VECTOR('',#2820,1.);
#2820 = DIRECTION('',(0.,0.,1.));
#2821 = ORIENTED_EDGE('',*,*,#2822,.F.);
#2822 = EDGE_CURVE('',#2799,#2815,#2823,.T.);
#2823 = LINE('',#2824,#2825);
#2824 = CARTESIAN_POINT('',(454.,0.,30.));
#2825 = VECTOR('',#2826,1.);
#2826 = DIRECTION('',(-0.,1.,0.));
#2827 = PLANE('',#2828);
#2828 = AXIS2_PLACEMENT_3D('',#2829,#2830,#2831);
#2829 = CARTESIAN_POINT('',(454.,0.,0.));
#2830 = DIRECTION('',(1.,0.,-0.));
#2831 = DIRECTION('',(0.,0.,1.));
#2832 = ADVANCED_FACE('',(#2833),#2849,.F.);
#2833 = FACE_BOUND('',#2834,.F.);
#2834 = EDGE_LOOP('',(#2835,#2841,#2842,#2848));
#2835 = ORIENTED_EDGE('',*,*,#2836,.F.);
#2836 = EDGE_CURVE('',#2757,#2797,#2837,.T.);
#2837 = LINE('',#2838,#2839);
#2838 = CARTESIAN_POINT('',(0.,0.,0.));
#2839 = VECTOR('',#2840,1.);
#2840 = DIRECTION('',(1.,0.,-0.));
#2841 = ORIENTED_EDGE('',*,*,#2756,.T.);
#2842 = ORIENTED_EDGE('',*,*,#2843,.T.);
#2843 = EDGE_CURVE('',#2759,#2799,#2844,.T.);
#2844 = LINE('',#2845,#2846);
#2845 = CARTESIAN_POINT('',(0.,0.,30.));
#2846 = VECTOR('',#2847,1.);
#2847 = DIRECTION('',(1.,0.,-0.));
#2848 = ORIENTED_EDGE('',*,*,#2796,.F.);
#2849 = PLANE('',#2850);
#2850 = AXIS2_PLACEMENT_3D('',#2851,#2852,#2853);
#2851 = CARTESIAN_POINT('',(0.,0.,0.));
#2852 = DIRECTION('',(-0.,1.,0.));
#2853 = DIRECTION('',(0.,0.,1.));
#2854 = ADVANCED_FACE('',(#2855),#2871,.T.);
#2855 = FACE_BOUND('',#2856,.T.);
#2856 = EDGE_LOOP('',(#2857,#2863,#2864,#2870));
#2857 = ORIENTED_EDGE('',*,*,#2858,.F.);
#2858 = EDGE_CURVE('',#2767,#2807,#2859,.T.);
#2859 = LINE('',#2860,#2861);
#2860 = CARTESIAN_POINT('',(0.,30.,0.));
#2861 = VECTOR('',#2862,1.);
#2862 = DIRECTION('',(1.,0.,-0.));
#2863 = ORIENTED_EDGE('',*,*,#2774,.T.);
#2864 = ORIENTED_EDGE('',*,*,#2865,.T.);
#2865 = EDGE_CURVE('',#2775,#2815,#2866,.T.);
#2866 = LINE('',#2867,#2868);
#2867 = CARTESIAN_POINT('',(0.,30.,30.));
#2868 = VECTOR('',#2869,1.);
#2869 = DIRECTION('',(1.,0.,-0.));
#2870 = ORIENTED_EDGE('',*,*,#2814,.F.);
#2871 = PLANE('',#2872);
#2872 = AXIS2_PLACEMENT_3D('',#2873,#2874,#2875);
#2873 = CARTESIAN_POINT('',(0.,30.,0.));
#2874 = DIRECTION('',(-0.,1.,0.));
#2875 = DIRECTION('',(0.,0.,1.));
#2876 = ADVANCED_FACE('',(#2877),#2883,.F.);
#2877 = FACE_BOUND('',#2878,.F.);
#2878 = EDGE_LOOP('',(#2879,#2880,#2881,#2882));
#2879 = ORIENTED_EDGE('',*,*,#2766,.F.);
#2880 = ORIENTED_EDGE('',*,*,#2836,.T.);
#2881 = ORIENTED_EDGE('',*,*,#2806,.T.);
#2882 = ORIENTED_EDGE('',*,*,#2858,.F.);
#2883 = PLANE('',#2884);
#2884 = AXIS2_PLACEMENT_3D('',#2885,#2886,#2887);
#2885 = CARTESIAN_POINT('',(0.,0.,0.));
#2886 = DIRECTION('',(0.,0.,1.));
#2887 = DIRECTION('',(1.,0.,-0.));
#2888 = ADVANCED_FACE('',(#2889),#2895,.T.);
#2889 = FACE_BOUND('',#2890,.T.);
#2890 = EDGE_LOOP('',(#2891,#2892,#2893,#2894));
#2891 = ORIENTED_EDGE('',*,*,#2782,.F.);
#2892 = ORIENTED_EDGE('',*,*,#2843,.T.);
#2893 = ORIENTED_EDGE('',*,*,#2822,.T.);
#2894 = ORIENTED_EDGE('',*,*,#2865,.F.);
#2895 = PLANE('',#2896);
#2896 = AXIS2_PLACEMENT_3D('',#2897,#2898,#2899);
#2897 = CARTESIAN_POINT('',(0.,0.,30.));
#2898 = DIRECTION('',(0.,0.,1.));
#2899 = DIRECTION('',(1.,0.,-0.));
#2900 = ( GEOMETRIC_REPRESENTATION_CONTEXT(3) 
GLOBAL_UNCERTAINTY_ASSIGNED_CONTEXT((#2904)) 
GLOBAL_UNIT_ASSIGNED_CONTEXT((#2901,#2902,#2903)) REPRESENTATION_CONTEXT
('Context #1','3D Context with UNIT and UNCERTAINTY') );
#2901 = ( LENGTH_UNIT() NAMED_UNIT(*) SI_UNIT(.MILLI.,.METRE.) );
#2902 = ( NAMED_UNIT(*) PLANE_ANGLE_UNIT() SI_UNIT($,.RADIAN.) );
#2903 = ( NAMED_UNIT(*) SI_UNIT($,.STERADIAN.) SOLID_ANGLE_UNIT() );
#2904 = UNCERTAINTY_MEASURE_WITH_UNIT(LENGTH_MEASURE(1.E-07),#2901,
  'distance_accuracy_value','confusion accuracy');
#2905 = CONTEXT_DEPENDENT_SHAPE_REPRESENTATION(#2906,#2908);
#2906 = ( REPRESENTATION_RELATIONSHIP('','',#2749,#10) 
REPRESENTATION_RELATIONSHIP_WITH_TRANSFORMATION(#2907) 
SHAPE_REPRESENTATION_RELATIONSHIP() );
#2907 = ITEM_DEFINED_TRANSFORMATION('','',#11,#83);
#2908 = PRODUCT_DEFINITION_SHAPE('Placement','Placement of an item',
  #2909);
#2909 = NEXT_ASSEMBLY_USAGE_OCCURRENCE('18','Trav_X_E2_Y1_S0','',#5,
  #2744,$);
#2910 = PRODUCT_RELATED_PRODUCT_CATEGORY('part',$,(#2746));
#2911 = SHAPE_DEFINITION_REPRESENTATION(#2912,#2918);
#2912 = PRODUCT_DEFINITION_SHAPE('','',#2913);
#2913 = PRODUCT_DEFINITION('design','',#2914,#2917);
#2914 = PRODUCT_DEFINITION_FORMATION('','',#2915);
#2915 = PRODUCT('Trav_Y_E2_X0_R0','Trav_Y_E2_X0_R0','',(#2916));
#2916 = PRODUCT_CONTEXT('',#2,'mechanical');
#2917 = PRODUCT_DEFINITION_CONTEXT('part definition',#2,'design');
#2918 = ADVANCED_BREP_SHAPE_REPRESENTATION('',(#11,#2919),#3069);
#2919 = MANIFOLD_SOLID_BREP('',#2920);
#2920 = CLOSED_SHELL('',(#2921,#2961,#3001,#3023,#3045,#3057));
#2921 = ADVANCED_FACE('',(#2922),#2956,.F.);
#2922 = FACE_BOUND('',#2923,.F.);
#2923 = EDGE_LOOP('',(#2924,#2934,#2942,#2950));
#2924 = ORIENTED_EDGE('',*,*,#2925,.F.);
#2925 = EDGE_CURVE('',#2926,#2928,#2930,.T.);
#2926 = VERTEX_POINT('',#2927);
#2927 = CARTESIAN_POINT('',(0.,0.,0.));
#2928 = VERTEX_POINT('',#2929);
#2929 = CARTESIAN_POINT('',(0.,0.,30.));
#2930 = LINE('',#2931,#2932);
#2931 = CARTESIAN_POINT('',(0.,0.,0.));
#2932 = VECTOR('',#2933,1.);
#2933 = DIRECTION('',(0.,0.,1.));
#2934 = ORIENTED_EDGE('',*,*,#2935,.T.);
#2935 = EDGE_CURVE('',#2926,#2936,#2938,.T.);
#2936 = VERTEX_POINT('',#2937);
#2937 = CARTESIAN_POINT('',(0.,490.,0.));
#2938 = LINE('',#2939,#2940);
#2939 = CARTESIAN_POINT('',(0.,0.,0.));
#2940 = VECTOR('',#2941,1.);
#2941 = DIRECTION('',(-0.,1.,0.));
#2942 = ORIENTED_EDGE('',*,*,#2943,.T.);
#2943 = EDGE_CURVE('',#2936,#2944,#2946,.T.);
#2944 = VERTEX_POINT('',#2945);
#2945 = CARTESIAN_POINT('',(0.,490.,30.));
#2946 = LINE('',#2947,#2948);
#2947 = CARTESIAN_POINT('',(0.,490.,0.));
#2948 = VECTOR('',#2949,1.);
#2949 = DIRECTION('',(0.,0.,1.));
#2950 = ORIENTED_EDGE('',*,*,#2951,.F.);
#2951 = EDGE_CURVE('',#2928,#2944,#2952,.T.);
#2952 = LINE('',#2953,#2954);
#2953 = CARTESIAN_POINT('',(0.,0.,30.));
#2954 = VECTOR('',#2955,1.);
#2955 = DIRECTION('',(-0.,1.,0.));
#2956 = PLANE('',#2957);
#2957 = AXIS2_PLACEMENT_3D('',#2958,#2959,#2960);
#2958 = CARTESIAN_POINT('',(0.,0.,0.));
#2959 = DIRECTION('',(1.,0.,-0.));
#2960 = DIRECTION('',(0.,0.,1.));
#2961 = ADVANCED_FACE('',(#2962),#2996,.T.);
#2962 = FACE_BOUND('',#2963,.T.);
#2963 = EDGE_LOOP('',(#2964,#2974,#2982,#2990));
#2964 = ORIENTED_EDGE('',*,*,#2965,.F.);
#2965 = EDGE_CURVE('',#2966,#2968,#2970,.T.);
#2966 = VERTEX_POINT('',#2967);
#2967 = CARTESIAN_POINT('',(30.,0.,0.));
#2968 = VERTEX_POINT('',#2969);
#2969 = CARTESIAN_POINT('',(30.,0.,30.));
#2970 = LINE('',#2971,#2972);
#2971 = CARTESIAN_POINT('',(30.,0.,0.));
#2972 = VECTOR('',#2973,1.);
#2973 = DIRECTION('',(0.,0.,1.));
#2974 = ORIENTED_EDGE('',*,*,#2975,.T.);
#2975 = EDGE_CURVE('',#2966,#2976,#2978,.T.);
#2976 = VERTEX_POINT('',#2977);
#2977 = CARTESIAN_POINT('',(30.,490.,0.));
#2978 = LINE('',#2979,#2980);
#2979 = CARTESIAN_POINT('',(30.,0.,0.));
#2980 = VECTOR('',#2981,1.);
#2981 = DIRECTION('',(-0.,1.,0.));
#2982 = ORIENTED_EDGE('',*,*,#2983,.T.);
#2983 = EDGE_CURVE('',#2976,#2984,#2986,.T.);
#2984 = VERTEX_POINT('',#2985);
#2985 = CARTESIAN_POINT('',(30.,490.,30.));
#2986 = LINE('',#2987,#2988);
#2987 = CARTESIAN_POINT('',(30.,490.,0.));
#2988 = VECTOR('',#2989,1.);
#2989 = DIRECTION('',(0.,0.,1.));
#2990 = ORIENTED_EDGE('',*,*,#2991,.F.);
#2991 = EDGE_CURVE('',#2968,#2984,#2992,.T.);
#2992 = LINE('',#2993,#2994);
#2993 = CARTESIAN_POINT('',(30.,0.,30.));
#2994 = VECTOR('',#2995,1.);
#2995 = DIRECTION('',(-0.,1.,0.));
#2996 = PLANE('',#2997);
#2997 = AXIS2_PLACEMENT_3D('',#2998,#2999,#3000);
#2998 = CARTESIAN_POINT('',(30.,0.,0.));
#2999 = DIRECTION('',(1.,0.,-0.));
#3000 = DIRECTION('',(0.,0.,1.));
#3001 = ADVANCED_FACE('',(#3002),#3018,.F.);
#3002 = FACE_BOUND('',#3003,.F.);
#3003 = EDGE_LOOP('',(#3004,#3010,#3011,#3017));
#3004 = ORIENTED_EDGE('',*,*,#3005,.F.);
#3005 = EDGE_CURVE('',#2926,#2966,#3006,.T.);
#3006 = LINE('',#3007,#3008);
#3007 = CARTESIAN_POINT('',(0.,0.,0.));
#3008 = VECTOR('',#3009,1.);
#3009 = DIRECTION('',(1.,0.,-0.));
#3010 = ORIENTED_EDGE('',*,*,#2925,.T.);
#3011 = ORIENTED_EDGE('',*,*,#3012,.T.);
#3012 = EDGE_CURVE('',#2928,#2968,#3013,.T.);
#3013 = LINE('',#3014,#3015);
#3014 = CARTESIAN_POINT('',(0.,0.,30.));
#3015 = VECTOR('',#3016,1.);
#3016 = DIRECTION('',(1.,0.,-0.));
#3017 = ORIENTED_EDGE('',*,*,#2965,.F.);
#3018 = PLANE('',#3019);
#3019 = AXIS2_PLACEMENT_3D('',#3020,#3021,#3022);
#3020 = CARTESIAN_POINT('',(0.,0.,0.));
#3021 = DIRECTION('',(-0.,1.,0.));
#3022 = DIRECTION('',(0.,0.,1.));
#3023 = ADVANCED_FACE('',(#3024),#3040,.T.);
#3024 = FACE_BOUND('',#3025,.T.);
#3025 = EDGE_LOOP('',(#3026,#3032,#3033,#3039));
#3026 = ORIENTED_EDGE('',*,*,#3027,.F.);
#3027 = EDGE_CURVE('',#2936,#2976,#3028,.T.);
#3028 = LINE('',#3029,#3030);
#3029 = CARTESIAN_POINT('',(0.,490.,0.));
#3030 = VECTOR('',#3031,1.);
#3031 = DIRECTION('',(1.,0.,-0.));
#3032 = ORIENTED_EDGE('',*,*,#2943,.T.);
#3033 = ORIENTED_EDGE('',*,*,#3034,.T.);
#3034 = EDGE_CURVE('',#2944,#2984,#3035,.T.);
#3035 = LINE('',#3036,#3037);
#3036 = CARTESIAN_POINT('',(0.,490.,30.));
#3037 = VECTOR('',#3038,1.);
#3038 = DIRECTION('',(1.,0.,-0.));
#3039 = ORIENTED_EDGE('',*,*,#2983,.F.);
#3040 = PLANE('',#3041);
#3041 = AXIS2_PLACEMENT_3D('',#3042,#3043,#3044);
#3042 = CARTESIAN_POINT('',(0.,490.,0.));
#3043 = DIRECTION('',(-0.,1.,0.));
#3044 = DIRECTION('',(0.,0.,1.));
#3045 = ADVANCED_FACE('',(#3046),#3052,.F.);
#3046 = FACE_BOUND('',#3047,.F.);
#3047 = EDGE_LOOP('',(#3048,#3049,#3050,#3051));
#3048 = ORIENTED_EDGE('',*,*,#2935,.F.);
#3049 = ORIENTED_EDGE('',*,*,#3005,.T.);
#3050 = ORIENTED_EDGE('',*,*,#2975,.T.);
#3051 = ORIENTED_EDGE('',*,*,#3027,.F.);
#3052 = PLANE('',#3053);
#3053 = AXIS2_PLACEMENT_3D('',#3054,#3055,#3056);
#3054 = CARTESIAN_POINT('',(0.,0.,0.));
#3055 = DIRECTION('',(0.,0.,1.));
#3056 = DIRECTION('',(1.,0.,-0.));
#3057 = ADVANCED_FACE('',(#3058),#3064,.T.);
#3058 = FACE_BOUND('',#3059,.T.);
#3059 = EDGE_LOOP('',(#3060,#3061,#3062,#3063));
#3060 = ORIENTED_EDGE('',*,*,#2951,.F.);
#3061 = ORIENTED_EDGE('',*,*,#3012,.T.);
#3062 = ORIENTED_EDGE('',*,*,#2991,.T.);
#3063 = ORIENTED_EDGE('',*,*,#3034,.F.);
#3064 = PLANE('',#3065);
#3065 = AXIS2_PLACEMENT_3D('',#3066,#3067,#3068);
#3066 = CARTESIAN_POINT('',(0.,0.,30.));
#3067 = DIRECTION('',(0.,0.,1.));
#3068 = DIRECTION('',(1.,0.,-0.));
#3069 = ( GEOMETRIC_REPRESENTATION_CONTEXT(3) 
GLOBAL_UNCERTAINTY_ASSIGNED_CONTEXT((#3073)) 
GLOBAL_UNIT_ASSIGNED_CONTEXT((#3070,#3071,#3072)) REPRESENTATION_CONTEXT
('Context #1','3D Context with UNIT and UNCERTAINTY') );
#3070 = ( LENGTH_UNIT() NAMED_UNIT(*) SI_UNIT(.MILLI.,.METRE.) );
#3071 = ( NAMED_UNIT(*) PLANE_ANGLE_UNIT() SI_UNIT($,.RADIAN.) );
#3072 = ( NAMED_UNIT(*) SI_UNIT($,.STERADIAN.) SOLID_ANGLE_UNIT() );
#3073 = UNCERTAINTY_MEASURE_WITH_UNIT(LENGTH_MEASURE(1.E-07),#3070,
  'distance_accuracy_value','confusion accuracy');
#3074 = CONTEXT_DEPENDENT_SHAPE_REPRESENTATION(#3075,#3077);
#3075 = ( REPRESENTATION_RELATIONSHIP('','',#2918,#10) 
REPRESENTATION_RELATIONSHIP_WITH_TRANSFORMATION(#3076) 
SHAPE_REPRESENTATION_RELATIONSHIP() );
#3076 = ITEM_DEFINED_TRANSFORMATION('','',#11,#87);
#3077 = PRODUCT_DEFINITION_SHAPE('Placement','Placement of an item',
  #3078);
#3078 = NEXT_ASSEMBLY_USAGE_OCCURRENCE('19','Trav_Y_E2_X0_R0','',#5,
  #2913,$);
#3079 = PRODUCT_RELATED_PRODUCT_CATEGORY('part',$,(#2915));
#3080 = SHAPE_DEFINITION_REPRESENTATION(#3081,#3087);
#3081 = PRODUCT_DEFINITION_SHAPE('','',#3082);
#3082 = PRODUCT_DEFINITION('design','',#3083,#3086);
#3083 = PRODUCT_DEFINITION_FORMATION('','',#3084);
#3084 = PRODUCT('Trav_Y_E2_X1_R0','Trav_Y_E2_X1_R0','',(#3085));
#3085 = PRODUCT_CONTEXT('',#2,'mechanical');
#3086 = PRODUCT_DEFINITION_CONTEXT('part definition',#2,'design');
#3087 = ADVANCED_BREP_SHAPE_REPRESENTATION('',(#11,#3088),#3238);
#3088 = MANIFOLD_SOLID_BREP('',#3089);
#3089 = CLOSED_SHELL('',(#3090,#3130,#3170,#3192,#3214,#3226));
#3090 = ADVANCED_FACE('',(#3091),#3125,.F.);
#3091 = FACE_BOUND('',#3092,.F.);
#3092 = EDGE_LOOP('',(#3093,#3103,#3111,#3119));
#3093 = ORIENTED_EDGE('',*,*,#3094,.F.);
#3094 = EDGE_CURVE('',#3095,#3097,#3099,.T.);
#3095 = VERTEX_POINT('',#3096);
#3096 = CARTESIAN_POINT('',(0.,0.,0.));
#3097 = VERTEX_POINT('',#3098);
#3098 = CARTESIAN_POINT('',(0.,0.,30.));
#3099 = LINE('',#3100,#3101);
#3100 = CARTESIAN_POINT('',(0.,0.,0.));
#3101 = VECTOR('',#3102,1.);
#3102 = DIRECTION('',(0.,0.,1.));
#3103 = ORIENTED_EDGE('',*,*,#3104,.T.);
#3104 = EDGE_CURVE('',#3095,#3105,#3107,.T.);
#3105 = VERTEX_POINT('',#3106);
#3106 = CARTESIAN_POINT('',(0.,490.,0.));
#3107 = LINE('',#3108,#3109);
#3108 = CARTESIAN_POINT('',(0.,0.,0.));
#3109 = VECTOR('',#3110,1.);
#3110 = DIRECTION('',(-0.,1.,0.));
#3111 = ORIENTED_EDGE('',*,*,#3112,.T.);
#3112 = EDGE_CURVE('',#3105,#3113,#3115,.T.);
#3113 = VERTEX_POINT('',#3114);
#3114 = CARTESIAN_POINT('',(0.,490.,30.));
#3115 = LINE('',#3116,#3117);
#3116 = CARTESIAN_POINT('',(0.,490.,0.));
#3117 = VECTOR('',#3118,1.);
#3118 = DIRECTION('',(0.,0.,1.));
#3119 = ORIENTED_EDGE('',*,*,#3120,.F.);
#3120 = EDGE_CURVE('',#3097,#3113,#3121,.T.);
#3121 = LINE('',#3122,#3123);
#3122 = CARTESIAN_POINT('',(0.,0.,30.));
#3123 = VECTOR('',#3124,1.);
#3124 = DIRECTION('',(-0.,1.,0.));
#3125 = PLANE('',#3126);
#3126 = AXIS2_PLACEMENT_3D('',#3127,#3128,#3129);
#3127 = CARTESIAN_POINT('',(0.,0.,0.));
#3128 = DIRECTION('',(1.,0.,-0.));
#3129 = DIRECTION('',(0.,0.,1.));
#3130 = ADVANCED_FACE('',(#3131),#3165,.T.);
#3131 = FACE_BOUND('',#3132,.T.);
#3132 = EDGE_LOOP('',(#3133,#3143,#3151,#3159));
#3133 = ORIENTED_EDGE('',*,*,#3134,.F.);
#3134 = EDGE_CURVE('',#3135,#3137,#3139,.T.);
#3135 = VERTEX_POINT('',#3136);
#3136 = CARTESIAN_POINT('',(30.,0.,0.));
#3137 = VERTEX_POINT('',#3138);
#3138 = CARTESIAN_POINT('',(30.,0.,30.));
#3139 = LINE('',#3140,#3141);
#3140 = CARTESIAN_POINT('',(30.,0.,0.));
#3141 = VECTOR('',#3142,1.);
#3142 = DIRECTION('',(0.,0.,1.));
#3143 = ORIENTED_EDGE('',*,*,#3144,.T.);
#3144 = EDGE_CURVE('',#3135,#3145,#3147,.T.);
#3145 = VERTEX_POINT('',#3146);
#3146 = CARTESIAN_POINT('',(30.,490.,0.));
#3147 = LINE('',#3148,#3149);
#3148 = CARTESIAN_POINT('',(30.,0.,0.));
#3149 = VECTOR('',#3150,1.);
#3150 = DIRECTION('',(-0.,1.,0.));
#3151 = ORIENTED_EDGE('',*,*,#3152,.T.);
#3152 = EDGE_CURVE('',#3145,#3153,#3155,.T.);
#3153 = VERTEX_POINT('',#3154);
#3154 = CARTESIAN_POINT('',(30.,490.,30.));
#3155 = LINE('',#3156,#3157);
#3156 = CARTESIAN_POINT('',(30.,490.,0.));
#3157 = VECTOR('',#3158,1.);
#3158 = DIRECTION('',(0.,0.,1.));
#3159 = ORIENTED_EDGE('',*,*,#3160,.F.);
#3160 = EDGE_CURVE('',#3137,#3153,#3161,.T.);
#3161 = LINE('',#3162,#3163);
#3162 = CARTESIAN_POINT('',(30.,0.,30.));
#3163 = VECTOR('',#3164,1.);
#3164 = DIRECTION('',(-0.,1.,0.));
#3165 = PLANE('',#3166);
#3166 = AXIS2_PLACEMENT_3D('',#3167,#3168,#3169);
#3167 = CARTESIAN_POINT('',(30.,0.,0.));
#3168 = DIRECTION('',(1.,0.,-0.));
#3169 = DIRECTION('',(0.,0.,1.));
#3170 = ADVANCED_FACE('',(#3171),#3187,.F.);
#3171 = FACE_BOUND('',#3172,.F.);
#3172 = EDGE_LOOP('',(#3173,#3179,#3180,#3186));
#3173 = ORIENTED_EDGE('',*,*,#3174,.F.);
#3174 = EDGE_CURVE('',#3095,#3135,#3175,.T.);
#3175 = LINE('',#3176,#3177);
#3176 = CARTESIAN_POINT('',(0.,0.,0.));
#3177 = VECTOR('',#3178,1.);
#3178 = DIRECTION('',(1.,0.,-0.));
#3179 = ORIENTED_EDGE('',*,*,#3094,.T.);
#3180 = ORIENTED_EDGE('',*,*,#3181,.T.);
#3181 = EDGE_CURVE('',#3097,#3137,#3182,.T.);
#3182 = LINE('',#3183,#3184);
#3183 = CARTESIAN_POINT('',(0.,0.,30.));
#3184 = VECTOR('',#3185,1.);
#3185 = DIRECTION('',(1.,0.,-0.));
#3186 = ORIENTED_EDGE('',*,*,#3134,.F.);
#3187 = PLANE('',#3188);
#3188 = AXIS2_PLACEMENT_3D('',#3189,#3190,#3191);
#3189 = CARTESIAN_POINT('',(0.,0.,0.));
#3190 = DIRECTION('',(-0.,1.,0.));
#3191 = DIRECTION('',(0.,0.,1.));
#3192 = ADVANCED_FACE('',(#3193),#3209,.T.);
#3193 = FACE_BOUND('',#3194,.T.);
#3194 = EDGE_LOOP('',(#3195,#3201,#3202,#3208));
#3195 = ORIENTED_EDGE('',*,*,#3196,.F.);
#3196 = EDGE_CURVE('',#3105,#3145,#3197,.T.);
#3197 = LINE('',#3198,#3199);
#3198 = CARTESIAN_POINT('',(0.,490.,0.));
#3199 = VECTOR('',#3200,1.);
#3200 = DIRECTION('',(1.,0.,-0.));
#3201 = ORIENTED_EDGE('',*,*,#3112,.T.);
#3202 = ORIENTED_EDGE('',*,*,#3203,.T.);
#3203 = EDGE_CURVE('',#3113,#3153,#3204,.T.);
#3204 = LINE('',#3205,#3206);
#3205 = CARTESIAN_POINT('',(0.,490.,30.));
#3206 = VECTOR('',#3207,1.);
#3207 = DIRECTION('',(1.,0.,-0.));
#3208 = ORIENTED_EDGE('',*,*,#3152,.F.);
#3209 = PLANE('',#3210);
#3210 = AXIS2_PLACEMENT_3D('',#3211,#3212,#3213);
#3211 = CARTESIAN_POINT('',(0.,490.,0.));
#3212 = DIRECTION('',(-0.,1.,0.));
#3213 = DIRECTION('',(0.,0.,1.));
#3214 = ADVANCED_FACE('',(#3215),#3221,.F.);
#3215 = FACE_BOUND('',#3216,.F.);
#3216 = EDGE_LOOP('',(#3217,#3218,#3219,#3220));
#3217 = ORIENTED_EDGE('',*,*,#3104,.F.);
#3218 = ORIENTED_EDGE('',*,*,#3174,.T.);
#3219 = ORIENTED_EDGE('',*,*,#3144,.T.);
#3220 = ORIENTED_EDGE('',*,*,#3196,.F.);
#3221 = PLANE('',#3222);
#3222 = AXIS2_PLACEMENT_3D('',#3223,#3224,#3225);
#3223 = CARTESIAN_POINT('',(0.,0.,0.));
#3224 = DIRECTION('',(0.,0.,1.));
#3225 = DIRECTION('',(1.,0.,-0.));
#3226 = ADVANCED_FACE('',(#3227),#3233,.T.);
#3227 = FACE_BOUND('',#3228,.T.);
#3228 = EDGE_LOOP('',(#3229,#3230,#3231,#3232));
#3229 = ORIENTED_EDGE('',*,*,#3120,.F.);
#3230 = ORIENTED_EDGE('',*,*,#3181,.T.);
#3231 = ORIENTED_EDGE('',*,*,#3160,.T.);
#3232 = ORIENTED_EDGE('',*,*,#3203,.F.);
#3233 = PLANE('',#3234);
#3234 = AXIS2_PLACEMENT_3D('',#3235,#3236,#3237);
#3235 = CARTESIAN_POINT('',(0.,0.,30.));
#3236 = DIRECTION('',(0.,0.,1.));
#3237 = DIRECTION('',(1.,0.,-0.));
#3238 = ( GEOMETRIC_REPRESENTATION_CONTEXT(3) 
GLOBAL_UNCERTAINTY_ASSIGNED_CONTEXT((#3242)) 
GLOBAL_UNIT_ASSIGNED_CONTEXT((#3239,#3240,#3241)) REPRESENTATION_CONTEXT
('Context #1','3D Context with UNIT and UNCERTAINTY') );
#3239 = ( LENGTH_UNIT() NAMED_UNIT(*) SI_UNIT(.MILLI.,.METRE.) );
#3240 = ( NAMED_UNIT(*) PLANE_ANGLE_UNIT() SI_UNIT($,.RADIAN.) );
#3241 = ( NAMED_UNIT(*) SI_UNIT($,.STERADIAN.) SOLID_ANGLE_UNIT() );
#3242 = UNCERTAINTY_MEASURE_WITH_UNIT(LENGTH_MEASURE(1.E-07),#3239,
  'distance_accuracy_value','confusion accuracy');
#3243 = CONTEXT_DEPENDENT_SHAPE_REPRESENTATION(#3244,#3246);
#3244 = ( REPRESENTATION_RELATIONSHIP('','',#3087,#10) 
REPRESENTATION_RELATIONSHIP_WITH_TRANSFORMATION(#3245) 
SHAPE_REPRESENTATION_RELATIONSHIP() );
#3245 = ITEM_DEFINED_TRANSFORMATION('','',#11,#91);
#3246 = PRODUCT_DEFINITION_SHAPE('Placement','Placement of an item',
  #3247);
#3247 = NEXT_ASSEMBLY_USAGE_OCCURRENCE('20','Trav_Y_E2_X1_R0','',#5,
  #3082,$);
#3248 = PRODUCT_RELATED_PRODUCT_CATEGORY('part',$,(#3084));
#3249 = SHAPE_DEFINITION_REPRESENTATION(#3250,#3256);
#3250 = PRODUCT_DEFINITION_SHAPE('','',#3251);
#3251 = PRODUCT_DEFINITION('design','',#3252,#3255);
#3252 = PRODUCT_DEFINITION_FORMATION('','',#3253);
#3253 = PRODUCT('Trav_X_E3_Y0_S0','Trav_X_E3_Y0_S0','',(#3254));
#3254 = PRODUCT_CONTEXT('',#2,'mechanical');
#3255 = PRODUCT_DEFINITION_CONTEXT('part definition',#2,'design');
#3256 = ADVANCED_BREP_SHAPE_REPRESENTATION('',(#11,#3257),#3407);
#3257 = MANIFOLD_SOLID_BREP('',#3258);
#3258 = CLOSED_SHELL('',(#3259,#3299,#3339,#3361,#3383,#3395));
#3259 = ADVANCED_FACE('',(#3260),#3294,.F.);
#3260 = FACE_BOUND('',#3261,.F.);
#3261 = EDGE_LOOP('',(#3262,#3272,#3280,#3288));
#3262 = ORIENTED_EDGE('',*,*,#3263,.F.);
#3263 = EDGE_CURVE('',#3264,#3266,#3268,.T.);
#3264 = VERTEX_POINT('',#3265);
#3265 = CARTESIAN_POINT('',(0.,0.,0.));
#3266 = VERTEX_POINT('',#3267);
#3267 = CARTESIAN_POINT('',(0.,0.,30.));
#3268 = LINE('',#3269,#3270);
#3269 = CARTESIAN_POINT('',(0.,0.,0.));
#3270 = VECTOR('',#3271,1.);
#3271 = DIRECTION('',(0.,0.,1.));
#3272 = ORIENTED_EDGE('',*,*,#3273,.T.);
#3273 = EDGE_CURVE('',#3264,#3274,#3276,.T.);
#3274 = VERTEX_POINT('',#3275);
#3275 = CARTESIAN_POINT('',(0.,30.,0.));
#3276 = LINE('',#3277,#3278);
#3277 = CARTESIAN_POINT('',(0.,0.,0.));
#3278 = VECTOR('',#3279,1.);
#3279 = DIRECTION('',(-0.,1.,0.));
#3280 = ORIENTED_EDGE('',*,*,#3281,.T.);
#3281 = EDGE_CURVE('',#3274,#3282,#3284,.T.);
#3282 = VERTEX_POINT('',#3283);
#3283 = CARTESIAN_POINT('',(0.,30.,30.));
#3284 = LINE('',#3285,#3286);
#3285 = CARTESIAN_POINT('',(0.,30.,0.));
#3286 = VECTOR('',#3287,1.);
#3287 = DIRECTION('',(0.,0.,1.));
#3288 = ORIENTED_EDGE('',*,*,#3289,.F.);
#3289 = EDGE_CURVE('',#3266,#3282,#3290,.T.);
#3290 = LINE('',#3291,#3292);
#3291 = CARTESIAN_POINT('',(0.,0.,30.));
#3292 = VECTOR('',#3293,1.);
#3293 = DIRECTION('',(-0.,1.,0.));
#3294 = PLANE('',#3295);
#3295 = AXIS2_PLACEMENT_3D('',#3296,#3297,#3298);
#3296 = CARTESIAN_POINT('',(0.,0.,0.));
#3297 = DIRECTION('',(1.,0.,-0.));
#3298 = DIRECTION('',(0.,0.,1.));
#3299 = ADVANCED_FACE('',(#3300),#3334,.T.);
#3300 = FACE_BOUND('',#3301,.T.);
#3301 = EDGE_LOOP('',(#3302,#3312,#3320,#3328));
#3302 = ORIENTED_EDGE('',*,*,#3303,.F.);
#3303 = EDGE_CURVE('',#3304,#3306,#3308,.T.);
#3304 = VERTEX_POINT('',#3305);
#3305 = CARTESIAN_POINT('',(454.,0.,0.));
#3306 = VERTEX_POINT('',#3307);
#3307 = CARTESIAN_POINT('',(454.,0.,30.));
#3308 = LINE('',#3309,#3310);
#3309 = CARTESIAN_POINT('',(454.,0.,0.));
#3310 = VECTOR('',#3311,1.);
#3311 = DIRECTION('',(0.,0.,1.));
#3312 = ORIENTED_EDGE('',*,*,#3313,.T.);
#3313 = EDGE_CURVE('',#3304,#3314,#3316,.T.);
#3314 = VERTEX_POINT('',#3315);
#3315 = CARTESIAN_POINT('',(454.,30.,0.));
#3316 = LINE('',#3317,#3318);
#3317 = CARTESIAN_POINT('',(454.,0.,0.));
#3318 = VECTOR('',#3319,1.);
#3319 = DIRECTION('',(-0.,1.,0.));
#3320 = ORIENTED_EDGE('',*,*,#3321,.T.);
#3321 = EDGE_CURVE('',#3314,#3322,#3324,.T.);
#3322 = VERTEX_POINT('',#3323);
#3323 = CARTESIAN_POINT('',(454.,30.,30.));
#3324 = LINE('',#3325,#3326);
#3325 = CARTESIAN_POINT('',(454.,30.,0.));
#3326 = VECTOR('',#3327,1.);
#3327 = DIRECTION('',(0.,0.,1.));
#3328 = ORIENTED_EDGE('',*,*,#3329,.F.);
#3329 = EDGE_CURVE('',#3306,#3322,#3330,.T.);
#3330 = LINE('',#3331,#3332);
#3331 = CARTESIAN_POINT('',(454.,0.,30.));
#3332 = VECTOR('',#3333,1.);
#3333 = DIRECTION('',(-0.,1.,0.));
#3334 = PLANE('',#3335);
#3335 = AXIS2_PLACEMENT_3D('',#3336,#3337,#3338);
#3336 = CARTESIAN_POINT('',(454.,0.,0.));
#3337 = DIRECTION('',(1.,0.,-0.));
#3338 = DIRECTION('',(0.,0.,1.));
#3339 = ADVANCED_FACE('',(#3340),#3356,.F.);
#3340 = FACE_BOUND('',#3341,.F.);
#3341 = EDGE_LOOP('',(#3342,#3348,#3349,#3355));
#3342 = ORIENTED_EDGE('',*,*,#3343,.F.);
#3343 = EDGE_CURVE('',#3264,#3304,#3344,.T.);
#3344 = LINE('',#3345,#3346);
#3345 = CARTESIAN_POINT('',(0.,0.,0.));
#3346 = VECTOR('',#3347,1.);
#3347 = DIRECTION('',(1.,0.,-0.));
#3348 = ORIENTED_EDGE('',*,*,#3263,.T.);
#3349 = ORIENTED_EDGE('',*,*,#3350,.T.);
#3350 = EDGE_CURVE('',#3266,#3306,#3351,.T.);
#3351 = LINE('',#3352,#3353);
#3352 = CARTESIAN_POINT('',(0.,0.,30.));
#3353 = VECTOR('',#3354,1.);
#3354 = DIRECTION('',(1.,0.,-0.));
#3355 = ORIENTED_EDGE('',*,*,#3303,.F.);
#3356 = PLANE('',#3357);
#3357 = AXIS2_PLACEMENT_3D('',#3358,#3359,#3360);
#3358 = CARTESIAN_POINT('',(0.,0.,0.));
#3359 = DIRECTION('',(-0.,1.,0.));
#3360 = DIRECTION('',(0.,0.,1.));
#3361 = ADVANCED_FACE('',(#3362),#3378,.T.);
#3362 = FACE_BOUND('',#3363,.T.);
#3363 = EDGE_LOOP('',(#3364,#3370,#3371,#3377));
#3364 = ORIENTED_EDGE('',*,*,#3365,.F.);
#3365 = EDGE_CURVE('',#3274,#3314,#3366,.T.);
#3366 = LINE('',#3367,#3368);
#3367 = CARTESIAN_POINT('',(0.,30.,0.));
#3368 = VECTOR('',#3369,1.);
#3369 = DIRECTION('',(1.,0.,-0.));
#3370 = ORIENTED_EDGE('',*,*,#3281,.T.);
#3371 = ORIENTED_EDGE('',*,*,#3372,.T.);
#3372 = EDGE_CURVE('',#3282,#3322,#3373,.T.);
#3373 = LINE('',#3374,#3375);
#3374 = CARTESIAN_POINT('',(0.,30.,30.));
#3375 = VECTOR('',#3376,1.);
#3376 = DIRECTION('',(1.,0.,-0.));
#3377 = ORIENTED_EDGE('',*,*,#3321,.F.);
#3378 = PLANE('',#3379);
#3379 = AXIS2_PLACEMENT_3D('',#3380,#3381,#3382);
#3380 = CARTESIAN_POINT('',(0.,30.,0.));
#3381 = DIRECTION('',(-0.,1.,0.));
#3382 = DIRECTION('',(0.,0.,1.));
#3383 = ADVANCED_FACE('',(#3384),#3390,.F.);
#3384 = FACE_BOUND('',#3385,.F.);
#3385 = EDGE_LOOP('',(#3386,#3387,#3388,#3389));
#3386 = ORIENTED_EDGE('',*,*,#3273,.F.);
#3387 = ORIENTED_EDGE('',*,*,#3343,.T.);
#3388 = ORIENTED_EDGE('',*,*,#3313,.T.);
#3389 = ORIENTED_EDGE('',*,*,#3365,.F.);
#3390 = PLANE('',#3391);
#3391 = AXIS2_PLACEMENT_3D('',#3392,#3393,#3394);
#3392 = CARTESIAN_POINT('',(0.,0.,0.));
#3393 = DIRECTION('',(0.,0.,1.));
#3394 = DIRECTION('',(1.,0.,-0.));
#3395 = ADVANCED_FACE('',(#3396),#3402,.T.);
#3396 = FACE_BOUND('',#3397,.T.);
#3397 = EDGE_LOOP('',(#3398,#3399,#3400,#3401));
#3398 = ORIENTED_EDGE('',*,*,#3289,.F.);
#3399 = ORIENTED_EDGE('',*,*,#3350,.T.);
#3400 = ORIENTED_EDGE('',*,*,#3329,.T.);
#3401 = ORIENTED_EDGE('',*,*,#3372,.F.);
#3402 = PLANE('',#3403);
#3403 = AXIS2_PLACEMENT_3D('',#3404,#3405,#3406);
#3404 = CARTESIAN_POINT('',(0.,0.,30.));
#3405 = DIRECTION('',(0.,0.,1.));
#3406 = DIRECTION('',(1.,0.,-0.));
#3407 = ( GEOMETRIC_REPRESENTATION_CONTEXT(3) 
GLOBAL_UNCERTAINTY_ASSIGNED_CONTEXT((#3411)) 
GLOBAL_UNIT_ASSIGNED_CONTEXT((#3408,#3409,#3410)) REPRESENTATION_CONTEXT
('Context #1','3D Context with UNIT and UNCERTAINTY') );
#3408 = ( LENGTH_UNIT() NAMED_UNIT(*) SI_UNIT(.MILLI.,.METRE.) );
#3409 = ( NAMED_UNIT(*) PLANE_ANGLE_UNIT() SI_UNIT($,.RADIAN.) );
#3410 = ( NAMED_UNIT(*) SI_UNIT($,.STERADIAN.) SOLID_ANGLE_UNIT() );
#3411 = UNCERTAINTY_MEASURE_WITH_UNIT(LENGTH_MEASURE(1.E-07),#3408,
  'distance_accuracy_value','confusion accuracy');
#3412 = CONTEXT_DEPENDENT_SHAPE_REPRESENTATION(#3413,#3415);
#3413 = ( REPRESENTATION_RELATIONSHIP('','',#3256,#10) 
REPRESENTATION_RELATIONSHIP_WITH_TRANSFORMATION(#3414) 
SHAPE_REPRESENTATION_RELATIONSHIP() );
#3414 = ITEM_DEFINED_TRANSFORMATION('','',#11,#95);
#3415 = PRODUCT_DEFINITION_SHAPE('Placement','Placement of an item',
  #3416);
#3416 = NEXT_ASSEMBLY_USAGE_OCCURRENCE('21','Trav_X_E3_Y0_S0','',#5,
  #3251,$);
#3417 = PRODUCT_RELATED_PRODUCT_CATEGORY('part',$,(#3253));
#3418 = SHAPE_DEFINITION_REPRESENTATION(#3419,#3425);
#3419 = PRODUCT_DEFINITION_SHAPE('','',#3420);
#3420 = PRODUCT_DEFINITION('design','',#3421,#3424);
#3421 = PRODUCT_DEFINITION_FORMATION('','',#3422);
#3422 = PRODUCT('Trav_X_E3_Y1_S0','Trav_X_E3_Y1_S0','',(#3423));
#3423 = PRODUCT_CONTEXT('',#2,'mechanical');
#3424 = PRODUCT_DEFINITION_CONTEXT('part definition',#2,'design');
#3425 = ADVANCED_BREP_SHAPE_REPRESENTATION('',(#11,#3426),#3576);
#3426 = MANIFOLD_SOLID_BREP('',#3427);
#3427 = CLOSED_SHELL('',(#3428,#3468,#3508,#3530,#3552,#3564));
#3428 = ADVANCED_FACE('',(#3429),#3463,.F.);
#3429 = FACE_BOUND('',#3430,.F.);
#3430 = EDGE_LOOP('',(#3431,#3441,#3449,#3457));
#3431 = ORIENTED_EDGE('',*,*,#3432,.F.);
#3432 = EDGE_CURVE('',#3433,#3435,#3437,.T.);
#3433 = VERTEX_POINT('',#3434);
#3434 = CARTESIAN_POINT('',(0.,0.,0.));
#3435 = VERTEX_POINT('',#3436);
#3436 = CARTESIAN_POINT('',(0.,0.,30.));
#3437 = LINE('',#3438,#3439);
#3438 = CARTESIAN_POINT('',(0.,0.,0.));
#3439 = VECTOR('',#3440,1.);
#3440 = DIRECTION('',(0.,0.,1.));
#3441 = ORIENTED_EDGE('',*,*,#3442,.T.);
#3442 = EDGE_CURVE('',#3433,#3443,#3445,.T.);
#3443 = VERTEX_POINT('',#3444);
#3444 = CARTESIAN_POINT('',(0.,30.,0.));
#3445 = LINE('',#3446,#3447);
#3446 = CARTESIAN_POINT('',(0.,0.,0.));
#3447 = VECTOR('',#3448,1.);
#3448 = DIRECTION('',(-0.,1.,0.));
#3449 = ORIENTED_EDGE('',*,*,#3450,.T.);
#3450 = EDGE_CURVE('',#3443,#3451,#3453,.T.);
#3451 = VERTEX_POINT('',#3452);
#3452 = CARTESIAN_POINT('',(0.,30.,30.));
#3453 = LINE('',#3454,#3455);
#3454 = CARTESIAN_POINT('',(0.,30.,0.));
#3455 = VECTOR('',#3456,1.);
#3456 = DIRECTION('',(0.,0.,1.));
#3457 = ORIENTED_EDGE('',*,*,#3458,.F.);
#3458 = EDGE_CURVE('',#3435,#3451,#3459,.T.);
#3459 = LINE('',#3460,#3461);
#3460 = CARTESIAN_POINT('',(0.,0.,30.));
#3461 = VECTOR('',#3462,1.);
#3462 = DIRECTION('',(-0.,1.,0.));
#3463 = PLANE('',#3464);
#3464 = AXIS2_PLACEMENT_3D('',#3465,#3466,#3467);
#3465 = CARTESIAN_POINT('',(0.,0.,0.));
#3466 = DIRECTION('',(1.,0.,-0.));
#3467 = DIRECTION('',(0.,0.,1.));
#3468 = ADVANCED_FACE('',(#3469),#3503,.T.);
#3469 = FACE_BOUND('',#3470,.T.);
#3470 = EDGE_LOOP('',(#3471,#3481,#3489,#3497));
#3471 = ORIENTED_EDGE('',*,*,#3472,.F.);
#3472 = EDGE_CURVE('',#3473,#3475,#3477,.T.);
#3473 = VERTEX_POINT('',#3474);
#3474 = CARTESIAN_POINT('',(454.,0.,0.));
#3475 = VERTEX_POINT('',#3476);
#3476 = CARTESIAN_POINT('',(454.,0.,30.));
#3477 = LINE('',#3478,#3479);
#3478 = CARTESIAN_POINT('',(454.,0.,0.));
#3479 = VECTOR('',#3480,1.);
#3480 = DIRECTION('',(0.,0.,1.));
#3481 = ORIENTED_EDGE('',*,*,#3482,.T.);
#3482 = EDGE_CURVE('',#3473,#3483,#3485,.T.);
#3483 = VERTEX_POINT('',#3484);
#3484 = CARTESIAN_POINT('',(454.,30.,0.));
#3485 = LINE('',#3486,#3487);
#3486 = CARTESIAN_POINT('',(454.,0.,0.));
#3487 = VECTOR('',#3488,1.);
#3488 = DIRECTION('',(-0.,1.,0.));
#3489 = ORIENTED_EDGE('',*,*,#3490,.T.);
#3490 = EDGE_CURVE('',#3483,#3491,#3493,.T.);
#3491 = VERTEX_POINT('',#3492);
#3492 = CARTESIAN_POINT('',(454.,30.,30.));
#3493 = LINE('',#3494,#3495);
#3494 = CARTESIAN_POINT('',(454.,30.,0.));
#3495 = VECTOR('',#3496,1.);
#3496 = DIRECTION('',(0.,0.,1.));
#3497 = ORIENTED_EDGE('',*,*,#3498,.F.);
#3498 = EDGE_CURVE('',#3475,#3491,#3499,.T.);
#3499 = LINE('',#3500,#3501);
#3500 = CARTESIAN_POINT('',(454.,0.,30.));
#3501 = VECTOR('',#3502,1.);
#3502 = DIRECTION('',(-0.,1.,0.));
#3503 = PLANE('',#3504);
#3504 = AXIS2_PLACEMENT_3D('',#3505,#3506,#3507);
#3505 = CARTESIAN_POINT('',(454.,0.,0.));
#3506 = DIRECTION('',(1.,0.,-0.));
#3507 = DIRECTION('',(0.,0.,1.));
#3508 = ADVANCED_FACE('',(#3509),#3525,.F.);
#3509 = FACE_BOUND('',#3510,.F.);
#3510 = EDGE_LOOP('',(#3511,#3517,#3518,#3524));
#3511 = ORIENTED_EDGE('',*,*,#3512,.F.);
#3512 = EDGE_CURVE('',#3433,#3473,#3513,.T.);
#3513 = LINE('',#3514,#3515);
#3514 = CARTESIAN_POINT('',(0.,0.,0.));
#3515 = VECTOR('',#3516,1.);
#3516 = DIRECTION('',(1.,0.,-0.));
#3517 = ORIENTED_EDGE('',*,*,#3432,.T.);
#3518 = ORIENTED_EDGE('',*,*,#3519,.T.);
#3519 = EDGE_CURVE('',#3435,#3475,#3520,.T.);
#3520 = LINE('',#3521,#3522);
#3521 = CARTESIAN_POINT('',(0.,0.,30.));
#3522 = VECTOR('',#3523,1.);
#3523 = DIRECTION('',(1.,0.,-0.));
#3524 = ORIENTED_EDGE('',*,*,#3472,.F.);
#3525 = PLANE('',#3526);
#3526 = AXIS2_PLACEMENT_3D('',#3527,#3528,#3529);
#3527 = CARTESIAN_POINT('',(0.,0.,0.));
#3528 = DIRECTION('',(-0.,1.,0.));
#3529 = DIRECTION('',(0.,0.,1.));
#3530 = ADVANCED_FACE('',(#3531),#3547,.T.);
#3531 = FACE_BOUND('',#3532,.T.);
#3532 = EDGE_LOOP('',(#3533,#3539,#3540,#3546));
#3533 = ORIENTED_EDGE('',*,*,#3534,.F.);
#3534 = EDGE_CURVE('',#3443,#3483,#3535,.T.);
#3535 = LINE('',#3536,#3537);
#3536 = CARTESIAN_POINT('',(0.,30.,0.));
#3537 = VECTOR('',#3538,1.);
#3538 = DIRECTION('',(1.,0.,-0.));
#3539 = ORIENTED_EDGE('',*,*,#3450,.T.);
#3540 = ORIENTED_EDGE('',*,*,#3541,.T.);
#3541 = EDGE_CURVE('',#3451,#3491,#3542,.T.);
#3542 = LINE('',#3543,#3544);
#3543 = CARTESIAN_POINT('',(0.,30.,30.));
#3544 = VECTOR('',#3545,1.);
#3545 = DIRECTION('',(1.,0.,-0.));
#3546 = ORIENTED_EDGE('',*,*,#3490,.F.);
#3547 = PLANE('',#3548);
#3548 = AXIS2_PLACEMENT_3D('',#3549,#3550,#3551);
#3549 = CARTESIAN_POINT('',(0.,30.,0.));
#3550 = DIRECTION('',(-0.,1.,0.));
#3551 = DIRECTION('',(0.,0.,1.));
#3552 = ADVANCED_FACE('',(#3553),#3559,.F.);
#3553 = FACE_BOUND('',#3554,.F.);
#3554 = EDGE_LOOP('',(#3555,#3556,#3557,#3558));
#3555 = ORIENTED_EDGE('',*,*,#3442,.F.);
#3556 = ORIENTED_EDGE('',*,*,#3512,.T.);
#3557 = ORIENTED_EDGE('',*,*,#3482,.T.);
#3558 = ORIENTED_EDGE('',*,*,#3534,.F.);
#3559 = PLANE('',#3560);
#3560 = AXIS2_PLACEMENT_3D('',#3561,#3562,#3563);
#3561 = CARTESIAN_POINT('',(0.,0.,0.));
#3562 = DIRECTION('',(0.,0.,1.));
#3563 = DIRECTION('',(1.,0.,-0.));
#3564 = ADVANCED_FACE('',(#3565),#3571,.T.);
#3565 = FACE_BOUND('',#3566,.T.);
#3566 = EDGE_LOOP('',(#3567,#3568,#3569,#3570));
#3567 = ORIENTED_EDGE('',*,*,#3458,.F.);
#3568 = ORIENTED_EDGE('',*,*,#3519,.T.);
#3569 = ORIENTED_EDGE('',*,*,#3498,.T.);
#3570 = ORIENTED_EDGE('',*,*,#3541,.F.);
#3571 = PLANE('',#3572);
#3572 = AXIS2_PLACEMENT_3D('',#3573,#3574,#3575);
#3573 = CARTESIAN_POINT('',(0.,0.,30.));
#3574 = DIRECTION('',(0.,0.,1.));
#3575 = DIRECTION('',(1.,0.,-0.));
#3576 = ( GEOMETRIC_REPRESENTATION_CONTEXT(3) 
GLOBAL_UNCERTAINTY_ASSIGNED_CONTEXT((#3580)) 
GLOBAL_UNIT_ASSIGNED_CONTEXT((#3577,#3578,#3579)) REPRESENTATION_CONTEXT
('Context #1','3D Context with UNIT and UNCERTAINTY') );
#3577 = ( LENGTH_UNIT() NAMED_UNIT(*) SI_UNIT(.MILLI.,.METRE.) );
#3578 = ( NAMED_UNIT(*) PLANE_ANGLE_UNIT() SI_UNIT($,.RADIAN.) );
#3579 = ( NAMED_UNIT(*) SI_UNIT($,.STERADIAN.) SOLID_ANGLE_UNIT() );
#3580 = UNCERTAINTY_MEASURE_WITH_UNIT(LENGTH_MEASURE(1.E-07),#3577,
  'distance_accuracy_value','confusion accuracy');
#3581 = CONTEXT_DEPENDENT_SHAPE_REPRESENTATION(#3582,#3584);
#3582 = ( REPRESENTATION_RELATIONSHIP('','',#3425,#10) 
REPRESENTATION_RELATIONSHIP_WITH_TRANSFORMATION(#3583) 
SHAPE_REPRESENTATION_RELATIONSHIP() );
#3583 = ITEM_DEFINED_TRANSFORMATION('','',#11,#99);
#3584 = PRODUCT_DEFINITION_SHAPE('Placement','Placement of an item',
  #3585);
#3585 = NEXT_ASSEMBLY_USAGE_OCCURRENCE('22','Trav_X_E3_Y1_S0','',#5,
  #3420,$);
#3586 = PRODUCT_RELATED_PRODUCT_CATEGORY('part',$,(#3422));
#3587 = SHAPE_DEFINITION_REPRESENTATION(#3588,#3594);
#3588 = PRODUCT_DEFINITION_SHAPE('','',#3589);
#3589 = PRODUCT_DEFINITION('design','',#3590,#3593);
#3590 = PRODUCT_DEFINITION_FORMATION('','',#3591);
#3591 = PRODUCT('Trav_Y_E3_X0_R0','Trav_Y_E3_X0_R0','',(#3592));
#3592 = PRODUCT_CONTEXT('',#2,'mechanical');
#3593 = PRODUCT_DEFINITION_CONTEXT('part definition',#2,'design');
#3594 = ADVANCED_BREP_SHAPE_REPRESENTATION('',(#11,#3595),#3745);
#3595 = MANIFOLD_SOLID_BREP('',#3596);
#3596 = CLOSED_SHELL('',(#3597,#3637,#3677,#3699,#3721,#3733));
#3597 = ADVANCED_FACE('',(#3598),#3632,.F.);
#3598 = FACE_BOUND('',#3599,.F.);
#3599 = EDGE_LOOP('',(#3600,#3610,#3618,#3626));
#3600 = ORIENTED_EDGE('',*,*,#3601,.F.);
#3601 = EDGE_CURVE('',#3602,#3604,#3606,.T.);
#3602 = VERTEX_POINT('',#3603);
#3603 = CARTESIAN_POINT('',(0.,0.,0.));
#3604 = VERTEX_POINT('',#3605);
#3605 = CARTESIAN_POINT('',(0.,0.,30.));
#3606 = LINE('',#3607,#3608);
#3607 = CARTESIAN_POINT('',(0.,0.,0.));
#3608 = VECTOR('',#3609,1.);
#3609 = DIRECTION('',(0.,0.,1.));
#3610 = ORIENTED_EDGE('',*,*,#3611,.T.);
#3611 = EDGE_CURVE('',#3602,#3612,#3614,.T.);
#3612 = VERTEX_POINT('',#3613);
#3613 = CARTESIAN_POINT('',(0.,490.,0.));
#3614 = LINE('',#3615,#3616);
#3615 = CARTESIAN_POINT('',(0.,0.,0.));
#3616 = VECTOR('',#3617,1.);
#3617 = DIRECTION('',(-0.,1.,0.));
#3618 = ORIENTED_EDGE('',*,*,#3619,.T.);
#3619 = EDGE_CURVE('',#3612,#3620,#3622,.T.);
#3620 = VERTEX_POINT('',#3621);
#3621 = CARTESIAN_POINT('',(0.,490.,30.));
#3622 = LINE('',#3623,#3624);
#3623 = CARTESIAN_POINT('',(0.,490.,0.));
#3624 = VECTOR('',#3625,1.);
#3625 = DIRECTION('',(0.,0.,1.));
#3626 = ORIENTED_EDGE('',*,*,#3627,.F.);
#3627 = EDGE_CURVE('',#3604,#3620,#3628,.T.);
#3628 = LINE('',#3629,#3630);
#3629 = CARTESIAN_POINT('',(0.,0.,30.));
#3630 = VECTOR('',#3631,1.);
#3631 = DIRECTION('',(-0.,1.,0.));
#3632 = PLANE('',#3633);
#3633 = AXIS2_PLACEMENT_3D('',#3634,#3635,#3636);
#3634 = CARTESIAN_POINT('',(0.,0.,0.));
#3635 = DIRECTION('',(1.,0.,-0.));
#3636 = DIRECTION('',(0.,0.,1.));
#3637 = ADVANCED_FACE('',(#3638),#3672,.T.);
#3638 = FACE_BOUND('',#3639,.T.);
#3639 = EDGE_LOOP('',(#3640,#3650,#3658,#3666));
#3640 = ORIENTED_EDGE('',*,*,#3641,.F.);
#3641 = EDGE_CURVE('',#3642,#3644,#3646,.T.);
#3642 = VERTEX_POINT('',#3643);
#3643 = CARTESIAN_POINT('',(30.,0.,0.));
#3644 = VERTEX_POINT('',#3645);
#3645 = CARTESIAN_POINT('',(30.,0.,30.));
#3646 = LINE('',#3647,#3648);
#3647 = CARTESIAN_POINT('',(30.,0.,0.));
#3648 = VECTOR('',#3649,1.);
#3649 = DIRECTION('',(0.,0.,1.));
#3650 = ORIENTED_EDGE('',*,*,#3651,.T.);
#3651 = EDGE_CURVE('',#3642,#3652,#3654,.T.);
#3652 = VERTEX_POINT('',#3653);
#3653 = CARTESIAN_POINT('',(30.,490.,0.));
#3654 = LINE('',#3655,#3656);
#3655 = CARTESIAN_POINT('',(30.,0.,0.));
#3656 = VECTOR('',#3657,1.);
#3657 = DIRECTION('',(-0.,1.,0.));
#3658 = ORIENTED_EDGE('',*,*,#3659,.T.);
#3659 = EDGE_CURVE('',#3652,#3660,#3662,.T.);
#3660 = VERTEX_POINT('',#3661);
#3661 = CARTESIAN_POINT('',(30.,490.,30.));
#3662 = LINE('',#3663,#3664);
#3663 = CARTESIAN_POINT('',(30.,490.,0.));
#3664 = VECTOR('',#3665,1.);
#3665 = DIRECTION('',(0.,0.,1.));
#3666 = ORIENTED_EDGE('',*,*,#3667,.F.);
#3667 = EDGE_CURVE('',#3644,#3660,#3668,.T.);
#3668 = LINE('',#3669,#3670);
#3669 = CARTESIAN_POINT('',(30.,0.,30.));
#3670 = VECTOR('',#3671,1.);
#3671 = DIRECTION('',(-0.,1.,0.));
#3672 = PLANE('',#3673);
#3673 = AXIS2_PLACEMENT_3D('',#3674,#3675,#3676);
#3674 = CARTESIAN_POINT('',(30.,0.,0.));
#3675 = DIRECTION('',(1.,0.,-0.));
#3676 = DIRECTION('',(0.,0.,1.));
#3677 = ADVANCED_FACE('',(#3678),#3694,.F.);
#3678 = FACE_BOUND('',#3679,.F.);
#3679 = EDGE_LOOP('',(#3680,#3686,#3687,#3693));
#3680 = ORIENTED_EDGE('',*,*,#3681,.F.);
#3681 = EDGE_CURVE('',#3602,#3642,#3682,.T.);
#3682 = LINE('',#3683,#3684);
#3683 = CARTESIAN_POINT('',(0.,0.,0.));
#3684 = VECTOR('',#3685,1.);
#3685 = DIRECTION('',(1.,0.,-0.));
#3686 = ORIENTED_EDGE('',*,*,#3601,.T.);
#3687 = ORIENTED_EDGE('',*,*,#3688,.T.);
#3688 = EDGE_CURVE('',#3604,#3644,#3689,.T.);
#3689 = LINE('',#3690,#3691);
#3690 = CARTESIAN_POINT('',(0.,0.,30.));
#3691 = VECTOR('',#3692,1.);
#3692 = DIRECTION('',(1.,0.,-0.));
#3693 = ORIENTED_EDGE('',*,*,#3641,.F.);
#3694 = PLANE('',#3695);
#3695 = AXIS2_PLACEMENT_3D('',#3696,#3697,#3698);
#3696 = CARTESIAN_POINT('',(0.,0.,0.));
#3697 = DIRECTION('',(-0.,1.,0.));
#3698 = DIRECTION('',(0.,0.,1.));
#3699 = ADVANCED_FACE('',(#3700),#3716,.T.);
#3700 = FACE_BOUND('',#3701,.T.);
#3701 = EDGE_LOOP('',(#3702,#3708,#3709,#3715));
#3702 = ORIENTED_EDGE('',*,*,#3703,.F.);
#3703 = EDGE_CURVE('',#3612,#3652,#3704,.T.);
#3704 = LINE('',#3705,#3706);
#3705 = CARTESIAN_POINT('',(0.,490.,0.));
#3706 = VECTOR('',#3707,1.);
#3707 = DIRECTION('',(1.,0.,-0.));
#3708 = ORIENTED_EDGE('',*,*,#3619,.T.);
#3709 = ORIENTED_EDGE('',*,*,#3710,.T.);
#3710 = EDGE_CURVE('',#3620,#3660,#3711,.T.);
#3711 = LINE('',#3712,#3713);
#3712 = CARTESIAN_POINT('',(0.,490.,30.));
#3713 = VECTOR('',#3714,1.);
#3714 = DIRECTION('',(1.,0.,-0.));
#3715 = ORIENTED_EDGE('',*,*,#3659,.F.);
#3716 = PLANE('',#3717);
#3717 = AXIS2_PLACEMENT_3D('',#3718,#3719,#3720);
#3718 = CARTESIAN_POINT('',(0.,490.,0.));
#3719 = DIRECTION('',(-0.,1.,0.));
#3720 = DIRECTION('',(0.,0.,1.));
#3721 = ADVANCED_FACE('',(#3722),#3728,.F.);
#3722 = FACE_BOUND('',#3723,.F.);
#3723 = EDGE_LOOP('',(#3724,#3725,#3726,#3727));
#3724 = ORIENTED_EDGE('',*,*,#3611,.F.);
#3725 = ORIENTED_EDGE('',*,*,#3681,.T.);
#3726 = ORIENTED_EDGE('',*,*,#3651,.T.);
#3727 = ORIENTED_EDGE('',*,*,#3703,.F.);
#3728 = PLANE('',#3729);
#3729 = AXIS2_PLACEMENT_3D('',#3730,#3731,#3732);
#3730 = CARTESIAN_POINT('',(0.,0.,0.));
#3731 = DIRECTION('',(0.,0.,1.));
#3732 = DIRECTION('',(1.,0.,-0.));
#3733 = ADVANCED_FACE('',(#3734),#3740,.T.);
#3734 = FACE_BOUND('',#3735,.T.);
#3735 = EDGE_LOOP('',(#3736,#3737,#3738,#3739));
#3736 = ORIENTED_EDGE('',*,*,#3627,.F.);
#3737 = ORIENTED_EDGE('',*,*,#3688,.T.);
#3738 = ORIENTED_EDGE('',*,*,#3667,.T.);
#3739 = ORIENTED_EDGE('',*,*,#3710,.F.);
#3740 = PLANE('',#3741);
#3741 = AXIS2_PLACEMENT_3D('',#3742,#3743,#3744);
#3742 = CARTESIAN_POINT('',(0.,0.,30.));
#3743 = DIRECTION('',(0.,0.,1.));
#3744 = DIRECTION('',(1.,0.,-0.));
#3745 = ( GEOMETRIC_REPRESENTATION_CONTEXT(3) 
GLOBAL_UNCERTAINTY_ASSIGNED_CONTEXT((#3749)) 
GLOBAL_UNIT_ASSIGNED_CONTEXT((#3746,#3747,#3748)) REPRESENTATION_CONTEXT
('Context #1','3D Context with UNIT and UNCERTAINTY') );
#3746 = ( LENGTH_UNIT() NAMED_UNIT(*) SI_UNIT(.MILLI.,.METRE.) );
#3747 = ( NAMED_UNIT(*) PLANE_ANGLE_UNIT() SI_UNIT($,.RADIAN.) );
#3748 = ( NAMED_UNIT(*) SI_UNIT($,.STERADIAN.) SOLID_ANGLE_UNIT() );
#3749 = UNCERTAINTY_MEASURE_WITH_UNIT(LENGTH_MEASURE(1.E-07),#3746,
  'distance_accuracy_value','confusion accuracy');
#3750 = CONTEXT_DEPENDENT_SHAPE_REPRESENTATION(#3751,#3753);
#3751 = ( REPRESENTATION_RELATIONSHIP('','',#3594,#10) 
REPRESENTATION_RELATIONSHIP_WITH_TRANSFORMATION(#3752) 
SHAPE_REPRESENTATION_RELATIONSHIP() );
#3752 = ITEM_DEFINED_TRANSFORMATION('','',#11,#103);
#3753 = PRODUCT_DEFINITION_SHAPE('Placement','Placement of an item',
  #3754);
#3754 = NEXT_ASSEMBLY_USAGE_OCCURRENCE('23','Trav_Y_E3_X0_R0','',#5,
  #3589,$);
#3755 = PRODUCT_RELATED_PRODUCT_CATEGORY('part',$,(#3591));
#3756 = SHAPE_DEFINITION_REPRESENTATION(#3757,#3763);
#3757 = PRODUCT_DEFINITION_SHAPE('','',#3758);
#3758 = PRODUCT_DEFINITION('design','',#3759,#3762);
#3759 = PRODUCT_DEFINITION_FORMATION('','',#3760);
#3760 = PRODUCT('Trav_Y_E3_X1_R0','Trav_Y_E3_X1_R0','',(#3761));
#3761 = PRODUCT_CONTEXT('',#2,'mechanical');
#3762 = PRODUCT_DEFINITION_CONTEXT('part definition',#2,'design');
#3763 = ADVANCED_BREP_SHAPE_REPRESENTATION('',(#11,#3764),#3914);
#3764 = MANIFOLD_SOLID_BREP('',#3765);
#3765 = CLOSED_SHELL('',(#3766,#3806,#3846,#3868,#3890,#3902));
#3766 = ADVANCED_FACE('',(#3767),#3801,.F.);
#3767 = FACE_BOUND('',#3768,.F.);
#3768 = EDGE_LOOP('',(#3769,#3779,#3787,#3795));
#3769 = ORIENTED_EDGE('',*,*,#3770,.F.);
#3770 = EDGE_CURVE('',#3771,#3773,#3775,.T.);
#3771 = VERTEX_POINT('',#3772);
#3772 = CARTESIAN_POINT('',(0.,0.,0.));
#3773 = VERTEX_POINT('',#3774);
#3774 = CARTESIAN_POINT('',(0.,0.,30.));
#3775 = LINE('',#3776,#3777);
#3776 = CARTESIAN_POINT('',(0.,0.,0.));
#3777 = VECTOR('',#3778,1.);
#3778 = DIRECTION('',(0.,0.,1.));
#3779 = ORIENTED_EDGE('',*,*,#3780,.T.);
#3780 = EDGE_CURVE('',#3771,#3781,#3783,.T.);
#3781 = VERTEX_POINT('',#3782);
#3782 = CARTESIAN_POINT('',(0.,490.,0.));
#3783 = LINE('',#3784,#3785);
#3784 = CARTESIAN_POINT('',(0.,0.,0.));
#3785 = VECTOR('',#3786,1.);
#3786 = DIRECTION('',(-0.,1.,0.));
#3787 = ORIENTED_EDGE('',*,*,#3788,.T.);
#3788 = EDGE_CURVE('',#3781,#3789,#3791,.T.);
#3789 = VERTEX_POINT('',#3790);
#3790 = CARTESIAN_POINT('',(0.,490.,30.));
#3791 = LINE('',#3792,#3793);
#3792 = CARTESIAN_POINT('',(0.,490.,0.));
#3793 = VECTOR('',#3794,1.);
#3794 = DIRECTION('',(0.,0.,1.));
#3795 = ORIENTED_EDGE('',*,*,#3796,.F.);
#3796 = EDGE_CURVE('',#3773,#3789,#3797,.T.);
#3797 = LINE('',#3798,#3799);
#3798 = CARTESIAN_POINT('',(0.,0.,30.));
#3799 = VECTOR('',#3800,1.);
#3800 = DIRECTION('',(-0.,1.,0.));
#3801 = PLANE('',#3802);
#3802 = AXIS2_PLACEMENT_3D('',#3803,#3804,#3805);
#3803 = CARTESIAN_POINT('',(0.,0.,0.));
#3804 = DIRECTION('',(1.,0.,-0.));
#3805 = DIRECTION('',(0.,0.,1.));
#3806 = ADVANCED_FACE('',(#3807),#3841,.T.);
#3807 = FACE_BOUND('',#3808,.T.);
#3808 = EDGE_LOOP('',(#3809,#3819,#3827,#3835));
#3809 = ORIENTED_EDGE('',*,*,#3810,.F.);
#3810 = EDGE_CURVE('',#3811,#3813,#3815,.T.);
#3811 = VERTEX_POINT('',#3812);
#3812 = CARTESIAN_POINT('',(30.,0.,0.));
#3813 = VERTEX_POINT('',#3814);
#3814 = CARTESIAN_POINT('',(30.,0.,30.));
#3815 = LINE('',#3816,#3817);
#3816 = CARTESIAN_POINT('',(30.,0.,0.));
#3817 = VECTOR('',#3818,1.);
#3818 = DIRECTION('',(0.,0.,1.));
#3819 = ORIENTED_EDGE('',*,*,#3820,.T.);
#3820 = EDGE_CURVE('',#3811,#3821,#3823,.T.);
#3821 = VERTEX_POINT('',#3822);
#3822 = CARTESIAN_POINT('',(30.,490.,0.));
#3823 = LINE('',#3824,#3825);
#3824 = CARTESIAN_POINT('',(30.,0.,0.));
#3825 = VECTOR('',#3826,1.);
#3826 = DIRECTION('',(-0.,1.,0.));
#3827 = ORIENTED_EDGE('',*,*,#3828,.T.);
#3828 = EDGE_CURVE('',#3821,#3829,#3831,.T.);
#3829 = VERTEX_POINT('',#3830);
#3830 = CARTESIAN_POINT('',(30.,490.,30.));
#3831 = LINE('',#3832,#3833);
#3832 = CARTESIAN_POINT('',(30.,490.,0.));
#3833 = VECTOR('',#3834,1.);
#3834 = DIRECTION('',(0.,0.,1.));
#3835 = ORIENTED_EDGE('',*,*,#3836,.F.);
#3836 = EDGE_CURVE('',#3813,#3829,#3837,.T.);
#3837 = LINE('',#3838,#3839);
#3838 = CARTESIAN_POINT('',(30.,0.,30.));
#3839 = VECTOR('',#3840,1.);
#3840 = DIRECTION('',(-0.,1.,0.));
#3841 = PLANE('',#3842);
#3842 = AXIS2_PLACEMENT_3D('',#3843,#3844,#3845);
#3843 = CARTESIAN_POINT('',(30.,0.,0.));
#3844 = DIRECTION('',(1.,0.,-0.));
#3845 = DIRECTION('',(0.,0.,1.));
#3846 = ADVANCED_FACE('',(#3847),#3863,.F.);
#3847 = FACE_BOUND('',#3848,.F.);
#3848 = EDGE_LOOP('',(#3849,#3855,#3856,#3862));
#3849 = ORIENTED_EDGE('',*,*,#3850,.F.);
#3850 = EDGE_CURVE('',#3771,#3811,#3851,.T.);
#3851 = LINE('',#3852,#3853);
#3852 = CARTESIAN_POINT('',(0.,0.,0.));
#3853 = VECTOR('',#3854,1.);
#3854 = DIRECTION('',(1.,0.,-0.));
#3855 = ORIENTED_EDGE('',*,*,#3770,.T.);
#3856 = ORIENTED_EDGE('',*,*,#3857,.T.);
#3857 = EDGE_CURVE('',#3773,#3813,#3858,.T.);
#3858 = LINE('',#3859,#3860);
#3859 = CARTESIAN_POINT('',(0.,0.,30.));
#3860 = VECTOR('',#3861,1.);
#3861 = DIRECTION('',(1.,0.,-0.));
#3862 = ORIENTED_EDGE('',*,*,#3810,.F.);
#3863 = PLANE('',#3864);
#3864 = AXIS2_PLACEMENT_3D('',#3865,#3866,#3867);
#3865 = CARTESIAN_POINT('',(0.,0.,0.));
#3866 = DIRECTION('',(-0.,1.,0.));
#3867 = DIRECTION('',(0.,0.,1.));
#3868 = ADVANCED_FACE('',(#3869),#3885,.T.);
#3869 = FACE_BOUND('',#3870,.T.);
#3870 = EDGE_LOOP('',(#3871,#3877,#3878,#3884));
#3871 = ORIENTED_EDGE('',*,*,#3872,.F.);
#3872 = EDGE_CURVE('',#3781,#3821,#3873,.T.);
#3873 = LINE('',#3874,#3875);
#3874 = CARTESIAN_POINT('',(0.,490.,0.));
#3875 = VECTOR('',#3876,1.);
#3876 = DIRECTION('',(1.,0.,-0.));
#3877 = ORIENTED_EDGE('',*,*,#3788,.T.);
#3878 = ORIENTED_EDGE('',*,*,#3879,.T.);
#3879 = EDGE_CURVE('',#3789,#3829,#3880,.T.);
#3880 = LINE('',#3881,#3882);
#3881 = CARTESIAN_POINT('',(0.,490.,30.));
#3882 = VECTOR('',#3883,1.);
#3883 = DIRECTION('',(1.,0.,-0.));
#3884 = ORIENTED_EDGE('',*,*,#3828,.F.);
#3885 = PLANE('',#3886);
#3886 = AXIS2_PLACEMENT_3D('',#3887,#3888,#3889);
#3887 = CARTESIAN_POINT('',(0.,490.,0.));
#3888 = DIRECTION('',(-0.,1.,0.));
#3889 = DIRECTION('',(0.,0.,1.));
#3890 = ADVANCED_FACE('',(#3891),#3897,.F.);
#3891 = FACE_BOUND('',#3892,.F.);
#3892 = EDGE_LOOP('',(#3893,#3894,#3895,#3896));
#3893 = ORIENTED_EDGE('',*,*,#3780,.F.);
#3894 = ORIENTED_EDGE('',*,*,#3850,.T.);
#3895 = ORIENTED_EDGE('',*,*,#3820,.T.);
#3896 = ORIENTED_EDGE('',*,*,#3872,.F.);
#3897 = PLANE('',#3898);
#3898 = AXIS2_PLACEMENT_3D('',#3899,#3900,#3901);
#3899 = CARTESIAN_POINT('',(0.,0.,0.));
#3900 = DIRECTION('',(0.,0.,1.));
#3901 = DIRECTION('',(1.,0.,-0.));
#3902 = ADVANCED_FACE('',(#3903),#3909,.T.);
#3903 = FACE_BOUND('',#3904,.T.);
#3904 = EDGE_LOOP('',(#3905,#3906,#3907,#3908));
#3905 = ORIENTED_EDGE('',*,*,#3796,.F.);
#3906 = ORIENTED_EDGE('',*,*,#3857,.T.);
#3907 = ORIENTED_EDGE('',*,*,#3836,.T.);
#3908 = ORIENTED_EDGE('',*,*,#3879,.F.);
#3909 = PLANE('',#3910);
#3910 = AXIS2_PLACEMENT_3D('',#3911,#3912,#3913);
#3911 = CARTESIAN_POINT('',(0.,0.,30.));
#3912 = DIRECTION('',(0.,0.,1.));
#3913 = DIRECTION('',(1.,0.,-0.));
#3914 = ( GEOMETRIC_REPRESENTATION_CONTEXT(3) 
GLOBAL_UNCERTAINTY_ASSIGNED_CONTEXT((#3918)) 
GLOBAL_UNIT_ASSIGNED_CONTEXT((#3915,#3916,#3917)) REPRESENTATION_CONTEXT
('Context #1','3D Context with UNIT and UNCERTAINTY') );
#3915 = ( LENGTH_UNIT() NAMED_UNIT(*) SI_UNIT(.MILLI.,.METRE.) );
#3916 = ( NAMED_UNIT(*) PLANE_ANGLE_UNIT() SI_UNIT($,.RADIAN.) );
#3917 = ( NAMED_UNIT(*) SI_UNIT($,.STERADIAN.) SOLID_ANGLE_UNIT() );
#3918 = UNCERTAINTY_MEASURE_WITH_UNIT(LENGTH_MEASURE(1.E-07),#3915,
  'distance_accuracy_value','confusion accuracy');
#3919 = CONTEXT_DEPENDENT_SHAPE_REPRESENTATION(#3920,#3922);
#3920 = ( REPRESENTATION_RELATIONSHIP('','',#3763,#10) 
REPRESENTATION_RELATIONSHIP_WITH_TRANSFORMATION(#3921) 
SHAPE_REPRESENTATION_RELATIONSHIP() );
#3921 = ITEM_DEFINED_TRANSFORMATION('','',#11,#107);
#3922 = PRODUCT_DEFINITION_SHAPE('Placement','Placement of an item',
  #3923);
#3923 = NEXT_ASSEMBLY_USAGE_OCCURRENCE('24','Trav_Y_E3_X1_R0','',#5,
  #3758,$);
#3924 = PRODUCT_RELATED_PRODUCT_CATEGORY('part',$,(#3760));
#3925 = SHAPE_DEFINITION_REPRESENTATION(#3926,#3932);
#3926 = PRODUCT_DEFINITION_SHAPE('','',#3927);
#3927 = PRODUCT_DEFINITION('design','',#3928,#3931);
#3928 = PRODUCT_DEFINITION_FORMATION('','',#3929);
#3929 = PRODUCT('Trav_X_E4_Y0_S0','Trav_X_E4_Y0_S0','',(#3930));
#3930 = PRODUCT_CONTEXT('',#2,'mechanical');
#3931 = PRODUCT_DEFINITION_CONTEXT('part definition',#2,'design');
#3932 = ADVANCED_BREP_SHAPE_REPRESENTATION('',(#11,#3933),#4083);
#3933 = MANIFOLD_SOLID_BREP('',#3934);
#3934 = CLOSED_SHELL('',(#3935,#3975,#4015,#4037,#4059,#4071));
#3935 = ADVANCED_FACE('',(#3936),#3970,.F.);
#3936 = FACE_BOUND('',#3937,.F.);
#3937 = EDGE_LOOP('',(#3938,#3948,#3956,#3964));
#3938 = ORIENTED_EDGE('',*,*,#3939,.F.);
#3939 = EDGE_CURVE('',#3940,#3942,#3944,.T.);
#3940 = VERTEX_POINT('',#3941);
#3941 = CARTESIAN_POINT('',(0.,0.,0.));
#3942 = VERTEX_POINT('',#3943);
#3943 = CARTESIAN_POINT('',(0.,0.,30.));
#3944 = LINE('',#3945,#3946);
#3945 = CARTESIAN_POINT('',(0.,0.,0.));
#3946 = VECTOR('',#3947,1.);
#3947 = DIRECTION('',(0.,0.,1.));
#3948 = ORIENTED_EDGE('',*,*,#3949,.T.);
#3949 = EDGE_CURVE('',#3940,#3950,#3952,.T.);
#3950 = VERTEX_POINT('',#3951);
#3951 = CARTESIAN_POINT('',(0.,30.,0.));
#3952 = LINE('',#3953,#3954);
#3953 = CARTESIAN_POINT('',(0.,0.,0.));
#3954 = VECTOR('',#3955,1.);
#3955 = DIRECTION('',(-0.,1.,0.));
#3956 = ORIENTED_EDGE('',*,*,#3957,.T.);
#3957 = EDGE_CURVE('',#3950,#3958,#3960,.T.);
#3958 = VERTEX_POINT('',#3959);
#3959 = CARTESIAN_POINT('',(0.,30.,30.));
#3960 = LINE('',#3961,#3962);
#3961 = CARTESIAN_POINT('',(0.,30.,0.));
#3962 = VECTOR('',#3963,1.);
#3963 = DIRECTION('',(0.,0.,1.));
#3964 = ORIENTED_EDGE('',*,*,#3965,.F.);
#3965 = EDGE_CURVE('',#3942,#3958,#3966,.T.);
#3966 = LINE('',#3967,#3968);
#3967 = CARTESIAN_POINT('',(0.,0.,30.));
#3968 = VECTOR('',#3969,1.);
#3969 = DIRECTION('',(-0.,1.,0.));
#3970 = PLANE('',#3971);
#3971 = AXIS2_PLACEMENT_3D('',#3972,#3973,#3974);
#3972 = CARTESIAN_POINT('',(0.,0.,0.));
#3973 = DIRECTION('',(1.,0.,-0.));
#3974 = DIRECTION('',(0.,0.,1.));
#3975 = ADVANCED_FACE('',(#3976),#4010,.T.);
#3976 = FACE_BOUND('',#3977,.T.);
#3977 = EDGE_LOOP('',(#3978,#3988,#3996,#4004));
#3978 = ORIENTED_EDGE('',*,*,#3979,.F.);
#3979 = EDGE_CURVE('',#3980,#3982,#3984,.T.);
#3980 = VERTEX_POINT('',#3981);
#3981 = CARTESIAN_POINT('',(454.,0.,0.));
#3982 = VERTEX_POINT('',#3983);
#3983 = CARTESIAN_POINT('',(454.,0.,30.));
#3984 = LINE('',#3985,#3986);
#3985 = CARTESIAN_POINT('',(454.,0.,0.));
#3986 = VECTOR('',#3987,1.);
#3987 = DIRECTION('',(0.,0.,1.));
#3988 = ORIENTED_EDGE('',*,*,#3989,.T.);
#3989 = EDGE_CURVE('',#3980,#3990,#3992,.T.);
#3990 = VERTEX_POINT('',#3991);
#3991 = CARTESIAN_POINT('',(454.,30.,0.));
#3992 = LINE('',#3993,#3994);
#3993 = CARTESIAN_POINT('',(454.,0.,0.));
#3994 = VECTOR('',#3995,1.);
#3995 = DIRECTION('',(-0.,1.,0.));
#3996 = ORIENTED_EDGE('',*,*,#3997,.T.);
#3997 = EDGE_CURVE('',#3990,#3998,#4000,.T.);
#3998 = VERTEX_POINT('',#3999);
#3999 = CARTESIAN_POINT('',(454.,30.,30.));
#4000 = LINE('',#4001,#4002);
#4001 = CARTESIAN_POINT('',(454.,30.,0.));
#4002 = VECTOR('',#4003,1.);
#4003 = DIRECTION('',(0.,0.,1.));
#4004 = ORIENTED_EDGE('',*,*,#4005,.F.);
#4005 = EDGE_CURVE('',#3982,#3998,#4006,.T.);
#4006 = LINE('',#4007,#4008);
#4007 = CARTESIAN_POINT('',(454.,0.,30.));
#4008 = VECTOR('',#4009,1.);
#4009 = DIRECTION('',(-0.,1.,0.));
#4010 = PLANE('',#4011);
#4011 = AXIS2_PLACEMENT_3D('',#4012,#4013,#4014);
#4012 = CARTESIAN_POINT('',(454.,0.,0.));
#4013 = DIRECTION('',(1.,0.,-0.));
#4014 = DIRECTION('',(0.,0.,1.));
#4015 = ADVANCED_FACE('',(#4016),#4032,.F.);
#4016 = FACE_BOUND('',#4017,.F.);
#4017 = EDGE_LOOP('',(#4018,#4024,#4025,#4031));
#4018 = ORIENTED_EDGE('',*,*,#4019,.F.);
#4019 = EDGE_CURVE('',#3940,#3980,#4020,.T.);
#4020 = LINE('',#4021,#4022);
#4021 = CARTESIAN_POINT('',(0.,0.,0.));
#4022 = VECTOR('',#4023,1.);
#4023 = DIRECTION('',(1.,0.,-0.));
#4024 = ORIENTED_EDGE('',*,*,#3939,.T.);
#4025 = ORIENTED_EDGE('',*,*,#4026,.T.);
#4026 = EDGE_CURVE('',#3942,#3982,#4027,.T.);
#4027 = LINE('',#4028,#4029);
#4028 = CARTESIAN_POINT('',(0.,0.,30.));
#4029 = VECTOR('',#4030,1.);
#4030 = DIRECTION('',(1.,0.,-0.));
#4031 = ORIENTED_EDGE('',*,*,#3979,.F.);
#4032 = PLANE('',#4033);
#4033 = AXIS2_PLACEMENT_3D('',#4034,#4035,#4036);
#4034 = CARTESIAN_POINT('',(0.,0.,0.));
#4035 = DIRECTION('',(-0.,1.,0.));
#4036 = DIRECTION('',(0.,0.,1.));
#4037 = ADVANCED_FACE('',(#4038),#4054,.T.);
#4038 = FACE_BOUND('',#4039,.T.);
#4039 = EDGE_LOOP('',(#4040,#4046,#4047,#4053));
#4040 = ORIENTED_EDGE('',*,*,#4041,.F.);
#4041 = EDGE_CURVE('',#3950,#3990,#4042,.T.);
#4042 = LINE('',#4043,#4044);
#4043 = CARTESIAN_POINT('',(0.,30.,0.));
#4044 = VECTOR('',#4045,1.);
#4045 = DIRECTION('',(1.,0.,-0.));
#4046 = ORIENTED_EDGE('',*,*,#3957,.T.);
#4047 = ORIENTED_EDGE('',*,*,#4048,.T.);
#4048 = EDGE_CURVE('',#3958,#3998,#4049,.T.);
#4049 = LINE('',#4050,#4051);
#4050 = CARTESIAN_POINT('',(0.,30.,30.));
#4051 = VECTOR('',#4052,1.);
#4052 = DIRECTION('',(1.,0.,-0.));
#4053 = ORIENTED_EDGE('',*,*,#3997,.F.);
#4054 = PLANE('',#4055);
#4055 = AXIS2_PLACEMENT_3D('',#4056,#4057,#4058);
#4056 = CARTESIAN_POINT('',(0.,30.,0.));
#4057 = DIRECTION('',(-0.,1.,0.));
#4058 = DIRECTION('',(0.,0.,1.));
#4059 = ADVANCED_FACE('',(#4060),#4066,.F.);
#4060 = FACE_BOUND('',#4061,.F.);
#4061 = EDGE_LOOP('',(#4062,#4063,#4064,#4065));
#4062 = ORIENTED_EDGE('',*,*,#3949,.F.);
#4063 = ORIENTED_EDGE('',*,*,#4019,.T.);
#4064 = ORIENTED_EDGE('',*,*,#3989,.T.);
#4065 = ORIENTED_EDGE('',*,*,#4041,.F.);
#4066 = PLANE('',#4067);
#4067 = AXIS2_PLACEMENT_3D('',#4068,#4069,#4070);
#4068 = CARTESIAN_POINT('',(0.,0.,0.));
#4069 = DIRECTION('',(0.,0.,1.));
#4070 = DIRECTION('',(1.,0.,-0.));
#4071 = ADVANCED_FACE('',(#4072),#4078,.T.);
#4072 = FACE_BOUND('',#4073,.T.);
#4073 = EDGE_LOOP('',(#4074,#4075,#4076,#4077));
#4074 = ORIENTED_EDGE('',*,*,#3965,.F.);
#4075 = ORIENTED_EDGE('',*,*,#4026,.T.);
#4076 = ORIENTED_EDGE('',*,*,#4005,.T.);
#4077 = ORIENTED_EDGE('',*,*,#4048,.F.);
#4078 = PLANE('',#4079);
#4079 = AXIS2_PLACEMENT_3D('',#4080,#4081,#4082);
#4080 = CARTESIAN_POINT('',(0.,0.,30.));
#4081 = DIRECTION('',(0.,0.,1.));
#4082 = DIRECTION('',(1.,0.,-0.));
#4083 = ( GEOMETRIC_REPRESENTATION_CONTEXT(3) 
GLOBAL_UNCERTAINTY_ASSIGNED_CONTEXT((#4087)) 
GLOBAL_UNIT_ASSIGNED_CONTEXT((#4084,#4085,#4086)) REPRESENTATION_CONTEXT
('Context #1','3D Context with UNIT and UNCERTAINTY') );
#4084 = ( LENGTH_UNIT() NAMED_UNIT(*) SI_UNIT(.MILLI.,.METRE.) );
#4085 = ( NAMED_UNIT(*) PLANE_ANGLE_UNIT() SI_UNIT($,.RADIAN.) );
#4086 = ( NAMED_UNIT(*) SI_UNIT($,.STERADIAN.) SOLID_ANGLE_UNIT() );
#4087 = UNCERTAINTY_MEASURE_WITH_UNIT(LENGTH_MEASURE(1.E-07),#4084,
  'distance_accuracy_value','confusion accuracy');
#4088 = CONTEXT_DEPENDENT_SHAPE_REPRESENTATION(#4089,#4091);
#4089 = ( REPRESENTATION_RELATIONSHIP('','',#3932,#10) 
REPRESENTATION_RELATIONSHIP_WITH_TRANSFORMATION(#4090) 
SHAPE_REPRESENTATION_RELATIONSHIP() );
#4090 = ITEM_DEFINED_TRANSFORMATION('','',#11,#111);
#4091 = PRODUCT_DEFINITION_SHAPE('Placement','Placement of an item',
  #4092);
#4092 = NEXT_ASSEMBLY_USAGE_OCCURRENCE('25','Trav_X_E4_Y0_S0','',#5,
  #3927,$);
#4093 = PRODUCT_RELATED_PRODUCT_CATEGORY('part',$,(#3929));
#4094 = SHAPE_DEFINITION_REPRESENTATION(#4095,#4101);
#4095 = PRODUCT_DEFINITION_SHAPE('','',#4096);
#4096 = PRODUCT_DEFINITION('design','',#4097,#4100);
#4097 = PRODUCT_DEFINITION_FORMATION('','',#4098);
#4098 = PRODUCT('Trav_X_E4_Y1_S0','Trav_X_E4_Y1_S0','',(#4099));
#4099 = PRODUCT_CONTEXT('',#2,'mechanical');
#4100 = PRODUCT_DEFINITION_CONTEXT('part definition',#2,'design');
#4101 = ADVANCED_BREP_SHAPE_REPRESENTATION('',(#11,#4102),#4252);
#4102 = MANIFOLD_SOLID_BREP('',#4103);
#4103 = CLOSED_SHELL('',(#4104,#4144,#4184,#4206,#4228,#4240));
#4104 = ADVANCED_FACE('',(#4105),#4139,.F.);
#4105 = FACE_BOUND('',#4106,.F.);
#4106 = EDGE_LOOP('',(#4107,#4117,#4125,#4133));
#4107 = ORIENTED_EDGE('',*,*,#4108,.F.);
#4108 = EDGE_CURVE('',#4109,#4111,#4113,.T.);
#4109 = VERTEX_POINT('',#4110);
#4110 = CARTESIAN_POINT('',(0.,0.,0.));
#4111 = VERTEX_POINT('',#4112);
#4112 = CARTESIAN_POINT('',(0.,0.,30.));
#4113 = LINE('',#4114,#4115);
#4114 = CARTESIAN_POINT('',(0.,0.,0.));
#4115 = VECTOR('',#4116,1.);
#4116 = DIRECTION('',(0.,0.,1.));
#4117 = ORIENTED_EDGE('',*,*,#4118,.T.);
#4118 = EDGE_CURVE('',#4109,#4119,#4121,.T.);
#4119 = VERTEX_POINT('',#4120);
#4120 = CARTESIAN_POINT('',(0.,30.,0.));
#4121 = LINE('',#4122,#4123);
#4122 = CARTESIAN_POINT('',(0.,0.,0.));
#4123 = VECTOR('',#4124,1.);
#4124 = DIRECTION('',(-0.,1.,0.));
#4125 = ORIENTED_EDGE('',*,*,#4126,.T.);
#4126 = EDGE_CURVE('',#4119,#4127,#4129,.T.);
#4127 = VERTEX_POINT('',#4128);
#4128 = CARTESIAN_POINT('',(0.,30.,30.));
#4129 = LINE('',#4130,#4131);
#4130 = CARTESIAN_POINT('',(0.,30.,0.));
#4131 = VECTOR('',#4132,1.);
#4132 = DIRECTION('',(0.,0.,1.));
#4133 = ORIENTED_EDGE('',*,*,#4134,.F.);
#4134 = EDGE_CURVE('',#4111,#4127,#4135,.T.);
#4135 = LINE('',#4136,#4137);
#4136 = CARTESIAN_POINT('',(0.,0.,30.));
#4137 = VECTOR('',#4138,1.);
#4138 = DIRECTION('',(-0.,1.,0.));
#4139 = PLANE('',#4140);
#4140 = AXIS2_PLACEMENT_3D('',#4141,#4142,#4143);
#4141 = CARTESIAN_POINT('',(0.,0.,0.));
#4142 = DIRECTION('',(1.,0.,-0.));
#4143 = DIRECTION('',(0.,0.,1.));
#4144 = ADVANCED_FACE('',(#4145),#4179,.T.);
#4145 = FACE_BOUND('',#4146,.T.);
#4146 = EDGE_LOOP('',(#4147,#4157,#4165,#4173));
#4147 = ORIENTED_EDGE('',*,*,#4148,.F.);
#4148 = EDGE_CURVE('',#4149,#4151,#4153,.T.);
#4149 = VERTEX_POINT('',#4150);
#4150 = CARTESIAN_POINT('',(454.,0.,0.));
#4151 = VERTEX_POINT('',#4152);
#4152 = CARTESIAN_POINT('',(454.,0.,30.));
#4153 = LINE('',#4154,#4155);
#4154 = CARTESIAN_POINT('',(454.,0.,0.));
#4155 = VECTOR('',#4156,1.);
#4156 = DIRECTION('',(0.,0.,1.));
#4157 = ORIENTED_EDGE('',*,*,#4158,.T.);
#4158 = EDGE_CURVE('',#4149,#4159,#4161,.T.);
#4159 = VERTEX_POINT('',#4160);
#4160 = CARTESIAN_POINT('',(454.,30.,0.));
#4161 = LINE('',#4162,#4163);
#4162 = CARTESIAN_POINT('',(454.,0.,0.));
#4163 = VECTOR('',#4164,1.);
#4164 = DIRECTION('',(-0.,1.,0.));
#4165 = ORIENTED_EDGE('',*,*,#4166,.T.);
#4166 = EDGE_CURVE('',#4159,#4167,#4169,.T.);
#4167 = VERTEX_POINT('',#4168);
#4168 = CARTESIAN_POINT('',(454.,30.,30.));
#4169 = LINE('',#4170,#4171);
#4170 = CARTESIAN_POINT('',(454.,30.,0.));
#4171 = VECTOR('',#4172,1.);
#4172 = DIRECTION('',(0.,0.,1.));
#4173 = ORIENTED_EDGE('',*,*,#4174,.F.);
#4174 = EDGE_CURVE('',#4151,#4167,#4175,.T.);
#4175 = LINE('',#4176,#4177);
#4176 = CARTESIAN_POINT('',(454.,0.,30.));
#4177 = VECTOR('',#4178,1.);
#4178 = DIRECTION('',(-0.,1.,0.));
#4179 = PLANE('',#4180);
#4180 = AXIS2_PLACEMENT_3D('',#4181,#4182,#4183);
#4181 = CARTESIAN_POINT('',(454.,0.,0.));
#4182 = DIRECTION('',(1.,0.,-0.));
#4183 = DIRECTION('',(0.,0.,1.));
#4184 = ADVANCED_FACE('',(#4185),#4201,.F.);
#4185 = FACE_BOUND('',#4186,.F.);
#4186 = EDGE_LOOP('',(#4187,#4193,#4194,#4200));
#4187 = ORIENTED_EDGE('',*,*,#4188,.F.);
#4188 = EDGE_CURVE('',#4109,#4149,#4189,.T.);
#4189 = LINE('',#4190,#4191);
#4190 = CARTESIAN_POINT('',(0.,0.,0.));
#4191 = VECTOR('',#4192,1.);
#4192 = DIRECTION('',(1.,0.,-0.));
#4193 = ORIENTED_EDGE('',*,*,#4108,.T.);
#4194 = ORIENTED_EDGE('',*,*,#4195,.T.);
#4195 = EDGE_CURVE('',#4111,#4151,#4196,.T.);
#4196 = LINE('',#4197,#4198);
#4197 = CARTESIAN_POINT('',(0.,0.,30.));
#4198 = VECTOR('',#4199,1.);
#4199 = DIRECTION('',(1.,0.,-0.));
#4200 = ORIENTED_EDGE('',*,*,#4148,.F.);
#4201 = PLANE('',#4202);
#4202 = AXIS2_PLACEMENT_3D('',#4203,#4204,#4205);
#4203 = CARTESIAN_POINT('',(0.,0.,0.));
#4204 = DIRECTION('',(-0.,1.,0.));
#4205 = DIRECTION('',(0.,0.,1.));
#4206 = ADVANCED_FACE('',(#4207),#4223,.T.);
#4207 = FACE_BOUND('',#4208,.T.);
#4208 = EDGE_LOOP('',(#4209,#4215,#4216,#4222));
#4209 = ORIENTED_EDGE('',*,*,#4210,.F.);
#4210 = EDGE_CURVE('',#4119,#4159,#4211,.T.);
#4211 = LINE('',#4212,#4213);
#4212 = CARTESIAN_POINT('',(0.,30.,0.));
#4213 = VECTOR('',#4214,1.);
#4214 = DIRECTION('',(1.,0.,-0.));
#4215 = ORIENTED_EDGE('',*,*,#4126,.T.);
#4216 = ORIENTED_EDGE('',*,*,#4217,.T.);
#4217 = EDGE_CURVE('',#4127,#4167,#4218,.T.);
#4218 = LINE('',#4219,#4220);
#4219 = CARTESIAN_POINT('',(0.,30.,30.));
#4220 = VECTOR('',#4221,1.);
#4221 = DIRECTION('',(1.,0.,-0.));
#4222 = ORIENTED_EDGE('',*,*,#4166,.F.);
#4223 = PLANE('',#4224);
#4224 = AXIS2_PLACEMENT_3D('',#4225,#4226,#4227);
#4225 = CARTESIAN_POINT('',(0.,30.,0.));
#4226 = DIRECTION('',(-0.,1.,0.));
#4227 = DIRECTION('',(0.,0.,1.));
#4228 = ADVANCED_FACE('',(#4229),#4235,.F.);
#4229 = FACE_BOUND('',#4230,.F.);
#4230 = EDGE_LOOP('',(#4231,#4232,#4233,#4234));
#4231 = ORIENTED_EDGE('',*,*,#4118,.F.);
#4232 = ORIENTED_EDGE('',*,*,#4188,.T.);
#4233 = ORIENTED_EDGE('',*,*,#4158,.T.);
#4234 = ORIENTED_EDGE('',*,*,#4210,.F.);
#4235 = PLANE('',#4236);
#4236 = AXIS2_PLACEMENT_3D('',#4237,#4238,#4239);
#4237 = CARTESIAN_POINT('',(0.,0.,0.));
#4238 = DIRECTION('',(0.,0.,1.));
#4239 = DIRECTION('',(1.,0.,-0.));
#4240 = ADVANCED_FACE('',(#4241),#4247,.T.);
#4241 = FACE_BOUND('',#4242,.T.);
#4242 = EDGE_LOOP('',(#4243,#4244,#4245,#4246));
#4243 = ORIENTED_EDGE('',*,*,#4134,.F.);
#4244 = ORIENTED_EDGE('',*,*,#4195,.T.);
#4245 = ORIENTED_EDGE('',*,*,#4174,.T.);
#4246 = ORIENTED_EDGE('',*,*,#4217,.F.);
#4247 = PLANE('',#4248);
#4248 = AXIS2_PLACEMENT_3D('',#4249,#4250,#4251);
#4249 = CARTESIAN_POINT('',(0.,0.,30.));
#4250 = DIRECTION('',(0.,0.,1.));
#4251 = DIRECTION('',(1.,0.,-0.));
#4252 = ( GEOMETRIC_REPRESENTATION_CONTEXT(3) 
GLOBAL_UNCERTAINTY_ASSIGNED_CONTEXT((#4256)) 
GLOBAL_UNIT_ASSIGNED_CONTEXT((#4253,#4254,#4255)) REPRESENTATION_CONTEXT
('Context #1','3D Context with UNIT and UNCERTAINTY') );
#4253 = ( LENGTH_UNIT() NAMED_UNIT(*) SI_UNIT(.MILLI.,.METRE.) );
#4254 = ( NAMED_UNIT(*) PLANE_ANGLE_UNIT() SI_UNIT($,.RADIAN.) );
#4255 = ( NAMED_UNIT(*) SI_UNIT($,.STERADIAN.) SOLID_ANGLE_UNIT() );
#4256 = UNCERTAINTY_MEASURE_WITH_UNIT(LENGTH_MEASURE(1.E-07),#4253,
  'distance_accuracy_value','confusion accuracy');
#4257 = CONTEXT_DEPENDENT_SHAPE_REPRESENTATION(#4258,#4260);
#4258 = ( REPRESENTATION_RELATIONSHIP('','',#4101,#10) 
REPRESENTATION_RELATIONSHIP_WITH_TRANSFORMATION(#4259) 
SHAPE_REPRESENTATION_RELATIONSHIP() );
#4259 = ITEM_DEFINED_TRANSFORMATION('','',#11,#115);
#4260 = PRODUCT_DEFINITION_SHAPE('Placement','Placement of an item',
  #4261);
#4261 = NEXT_ASSEMBLY_USAGE_OCCURRENCE('26','Trav_X_E4_Y1_S0','',#5,
  #4096,$);
#4262 = PRODUCT_RELATED_PRODUCT_CATEGORY('part',$,(#4098));
#4263 = SHAPE_DEFINITION_REPRESENTATION(#4264,#4270);
#4264 = PRODUCT_DEFINITION_SHAPE('','',#4265);
#4265 = PRODUCT_DEFINITION('design','',#4266,#4269);
#4266 = PRODUCT_DEFINITION_FORMATION('','',#4267);
#4267 = PRODUCT('Trav_Y_E4_X0_R0','Trav_Y_E4_X0_R0','',(#4268));
#4268 = PRODUCT_CONTEXT('',#2,'mechanical');
#4269 = PRODUCT_DEFINITION_CONTEXT('part definition',#2,'design');
#4270 = ADVANCED_BREP_SHAPE_REPRESENTATION('',(#11,#4271),#4421);
#4271 = MANIFOLD_SOLID_BREP('',#4272);
#4272 = CLOSED_SHELL('',(#4273,#4313,#4353,#4375,#4397,#4409));
#4273 = ADVANCED_FACE('',(#4274),#4308,.F.);
#4274 = FACE_BOUND('',#4275,.F.);
#4275 = EDGE_LOOP('',(#4276,#4286,#4294,#4302));
#4276 = ORIENTED_EDGE('',*,*,#4277,.F.);
#4277 = EDGE_CURVE('',#4278,#4280,#4282,.T.);
#4278 = VERTEX_POINT('',#4279);
#4279 = CARTESIAN_POINT('',(0.,0.,0.));
#4280 = VERTEX_POINT('',#4281);
#4281 = CARTESIAN_POINT('',(0.,0.,30.));
#4282 = LINE('',#4283,#4284);
#4283 = CARTESIAN_POINT('',(0.,0.,0.));
#4284 = VECTOR('',#4285,1.);
#4285 = DIRECTION('',(0.,0.,1.));
#4286 = ORIENTED_EDGE('',*,*,#4287,.T.);
#4287 = EDGE_CURVE('',#4278,#4288,#4290,.T.);
#4288 = VERTEX_POINT('',#4289);
#4289 = CARTESIAN_POINT('',(0.,490.,0.));
#4290 = LINE('',#4291,#4292);
#4291 = CARTESIAN_POINT('',(0.,0.,0.));
#4292 = VECTOR('',#4293,1.);
#4293 = DIRECTION('',(-0.,1.,0.));
#4294 = ORIENTED_EDGE('',*,*,#4295,.T.);
#4295 = EDGE_CURVE('',#4288,#4296,#4298,.T.);
#4296 = VERTEX_POINT('',#4297);
#4297 = CARTESIAN_POINT('',(0.,490.,30.));
#4298 = LINE('',#4299,#4300);
#4299 = CARTESIAN_POINT('',(0.,490.,0.));
#4300 = VECTOR('',#4301,1.);
#4301 = DIRECTION('',(0.,0.,1.));
#4302 = ORIENTED_EDGE('',*,*,#4303,.F.);
#4303 = EDGE_CURVE('',#4280,#4296,#4304,.T.);
#4304 = LINE('',#4305,#4306);
#4305 = CARTESIAN_POINT('',(0.,0.,30.));
#4306 = VECTOR('',#4307,1.);
#4307 = DIRECTION('',(-0.,1.,0.));
#4308 = PLANE('',#4309);
#4309 = AXIS2_PLACEMENT_3D('',#4310,#4311,#4312);
#4310 = CARTESIAN_POINT('',(0.,0.,0.));
#4311 = DIRECTION('',(1.,0.,-0.));
#4312 = DIRECTION('',(0.,0.,1.));
#4313 = ADVANCED_FACE('',(#4314),#4348,.T.);
#4314 = FACE_BOUND('',#4315,.T.);
#4315 = EDGE_LOOP('',(#4316,#4326,#4334,#4342));
#4316 = ORIENTED_EDGE('',*,*,#4317,.F.);
#4317 = EDGE_CURVE('',#4318,#4320,#4322,.T.);
#4318 = VERTEX_POINT('',#4319);
#4319 = CARTESIAN_POINT('',(30.,0.,0.));
#4320 = VERTEX_POINT('',#4321);
#4321 = CARTESIAN_POINT('',(30.,0.,30.));
#4322 = LINE('',#4323,#4324);
#4323 = CARTESIAN_POINT('',(30.,0.,0.));
#4324 = VECTOR('',#4325,1.);
#4325 = DIRECTION('',(0.,0.,1.));
#4326 = ORIENTED_EDGE('',*,*,#4327,.T.);
#4327 = EDGE_CURVE('',#4318,#4328,#4330,.T.);
#4328 = VERTEX_POINT('',#4329);
#4329 = CARTESIAN_POINT('',(30.,490.,0.));
#4330 = LINE('',#4331,#4332);
#4331 = CARTESIAN_POINT('',(30.,0.,0.));
#4332 = VECTOR('',#4333,1.);
#4333 = DIRECTION('',(-0.,1.,0.));
#4334 = ORIENTED_EDGE('',*,*,#4335,.T.);
#4335 = EDGE_CURVE('',#4328,#4336,#4338,.T.);
#4336 = VERTEX_POINT('',#4337);
#4337 = CARTESIAN_POINT('',(30.,490.,30.));
#4338 = LINE('',#4339,#4340);
#4339 = CARTESIAN_POINT('',(30.,490.,0.));
#4340 = VECTOR('',#4341,1.);
#4341 = DIRECTION('',(0.,0.,1.));
#4342 = ORIENTED_EDGE('',*,*,#4343,.F.);
#4343 = EDGE_CURVE('',#4320,#4336,#4344,.T.);
#4344 = LINE('',#4345,#4346);
#4345 = CARTESIAN_POINT('',(30.,0.,30.));
#4346 = VECTOR('',#4347,1.);
#4347 = DIRECTION('',(-0.,1.,0.));
#4348 = PLANE('',#4349);
#4349 = AXIS2_PLACEMENT_3D('',#4350,#4351,#4352);
#4350 = CARTESIAN_POINT('',(30.,0.,0.));
#4351 = DIRECTION('',(1.,0.,-0.));
#4352 = DIRECTION('',(0.,0.,1.));
#4353 = ADVANCED_FACE('',(#4354),#4370,.F.);
#4354 = FACE_BOUND('',#4355,.F.);
#4355 = EDGE_LOOP('',(#4356,#4362,#4363,#4369));
#4356 = ORIENTED_EDGE('',*,*,#4357,.F.);
#4357 = EDGE_CURVE('',#4278,#4318,#4358,.T.);
#4358 = LINE('',#4359,#4360);
#4359 = CARTESIAN_POINT('',(0.,0.,0.));
#4360 = VECTOR('',#4361,1.);
#4361 = DIRECTION('',(1.,0.,-0.));
#4362 = ORIENTED_EDGE('',*,*,#4277,.T.);
#4363 = ORIENTED_EDGE('',*,*,#4364,.T.);
#4364 = EDGE_CURVE('',#4280,#4320,#4365,.T.);
#4365 = LINE('',#4366,#4367);
#4366 = CARTESIAN_POINT('',(0.,0.,30.));
#4367 = VECTOR('',#4368,1.);
#4368 = DIRECTION('',(1.,0.,-0.));
#4369 = ORIENTED_EDGE('',*,*,#4317,.F.);
#4370 = PLANE('',#4371);
#4371 = AXIS2_PLACEMENT_3D('',#4372,#4373,#4374);
#4372 = CARTESIAN_POINT('',(0.,0.,0.));
#4373 = DIRECTION('',(-0.,1.,0.));
#4374 = DIRECTION('',(0.,0.,1.));
#4375 = ADVANCED_FACE('',(#4376),#4392,.T.);
#4376 = FACE_BOUND('',#4377,.T.);
#4377 = EDGE_LOOP('',(#4378,#4384,#4385,#4391));
#4378 = ORIENTED_EDGE('',*,*,#4379,.F.);
#4379 = EDGE_CURVE('',#4288,#4328,#4380,.T.);
#4380 = LINE('',#4381,#4382);
#4381 = CARTESIAN_POINT('',(0.,490.,0.));
#4382 = VECTOR('',#4383,1.);
#4383 = DIRECTION('',(1.,0.,-0.));
#4384 = ORIENTED_EDGE('',*,*,#4295,.T.);
#4385 = ORIENTED_EDGE('',*,*,#4386,.T.);
#4386 = EDGE_CURVE('',#4296,#4336,#4387,.T.);
#4387 = LINE('',#4388,#4389);
#4388 = CARTESIAN_POINT('',(0.,490.,30.));
#4389 = VECTOR('',#4390,1.);
#4390 = DIRECTION('',(1.,0.,-0.));
#4391 = ORIENTED_EDGE('',*,*,#4335,.F.);
#4392 = PLANE('',#4393);
#4393 = AXIS2_PLACEMENT_3D('',#4394,#4395,#4396);
#4394 = CARTESIAN_POINT('',(0.,490.,0.));
#4395 = DIRECTION('',(-0.,1.,0.));
#4396 = DIRECTION('',(0.,0.,1.));
#4397 = ADVANCED_FACE('',(#4398),#4404,.F.);
#4398 = FACE_BOUND('',#4399,.F.);
#4399 = EDGE_LOOP('',(#4400,#4401,#4402,#4403));
#4400 = ORIENTED_EDGE('',*,*,#4287,.F.);
#4401 = ORIENTED_EDGE('',*,*,#4357,.T.);
#4402 = ORIENTED_EDGE('',*,*,#4327,.T.);
#4403 = ORIENTED_EDGE('',*,*,#4379,.F.);
#4404 = PLANE('',#4405);
#4405 = AXIS2_PLACEMENT_3D('',#4406,#4407,#4408);
#4406 = CARTESIAN_POINT('',(0.,0.,0.));
#4407 = DIRECTION('',(0.,0.,1.));
#4408 = DIRECTION('',(1.,0.,-0.));
#4409 = ADVANCED_FACE('',(#4410),#4416,.T.);
#4410 = FACE_BOUND('',#4411,.T.);
#4411 = EDGE_LOOP('',(#4412,#4413,#4414,#4415));
#4412 = ORIENTED_EDGE('',*,*,#4303,.F.);
#4413 = ORIENTED_EDGE('',*,*,#4364,.T.);
#4414 = ORIENTED_EDGE('',*,*,#4343,.T.);
#4415 = ORIENTED_EDGE('',*,*,#4386,.F.);
#4416 = PLANE('',#4417);
#4417 = AXIS2_PLACEMENT_3D('',#4418,#4419,#4420);
#4418 = CARTESIAN_POINT('',(0.,0.,30.));
#4419 = DIRECTION('',(0.,0.,1.));
#4420 = DIRECTION('',(1.,0.,-0.));
#4421 = ( GEOMETRIC_REPRESENTATION_CONTEXT(3) 
GLOBAL_UNCERTAINTY_ASSIGNED_CONTEXT((#4425)) 
GLOBAL_UNIT_ASSIGNED_CONTEXT((#4422,#4423,#4424)) REPRESENTATION_CONTEXT
('Context #1','3D Context with UNIT and UNCERTAINTY') );
#4422 = ( LENGTH_UNIT() NAMED_UNIT(*) SI_UNIT(.MILLI.,.METRE.) );
#4423 = ( NAMED_UNIT(*) PLANE_ANGLE_UNIT() SI_UNIT($,.RADIAN.) );
#4424 = ( NAMED_UNIT(*) SI_UNIT($,.STERADIAN.) SOLID_ANGLE_UNIT() );
#4425 = UNCERTAINTY_MEASURE_WITH_UNIT(LENGTH_MEASURE(1.E-07),#4422,
  'distance_accuracy_value','confusion accuracy');
#4426 = CONTEXT_DEPENDENT_SHAPE_REPRESENTATION(#4427,#4429);
#4427 = ( REPRESENTATION_RELATIONSHIP('','',#4270,#10) 
REPRESENTATION_RELATIONSHIP_WITH_TRANSFORMATION(#4428) 
SHAPE_REPRESENTATION_RELATIONSHIP() );
#4428 = ITEM_DEFINED_TRANSFORMATION('','',#11,#119);
#4429 = PRODUCT_DEFINITION_SHAPE('Placement','Placement of an item',
  #4430);
#4430 = NEXT_ASSEMBLY_USAGE_OCCURRENCE('27','Trav_Y_E4_X0_R0','',#5,
  #4265,$);
#4431 = PRODUCT_RELATED_PRODUCT_CATEGORY('part',$,(#4267));
#4432 = SHAPE_DEFINITION_REPRESENTATION(#4433,#4439);
#4433 = PRODUCT_DEFINITION_SHAPE('','',#4434);
#4434 = PRODUCT_DEFINITION('design','',#4435,#4438);
#4435 = PRODUCT_DEFINITION_FORMATION('','',#4436);
#4436 = PRODUCT('Trav_Y_E4_X1_R0','Trav_Y_E4_X1_R0','',(#4437));
#4437 = PRODUCT_CONTEXT('',#2,'mechanical');
#4438 = PRODUCT_DEFINITION_CONTEXT('part definition',#2,'design');
#4439 = ADVANCED_BREP_SHAPE_REPRESENTATION('',(#11,#4440),#4590);
#4440 = MANIFOLD_SOLID_BREP('',#4441);
#4441 = CLOSED_SHELL('',(#4442,#4482,#4522,#4544,#4566,#4578));
#4442 = ADVANCED_FACE('',(#4443),#4477,.F.);
#4443 = FACE_BOUND('',#4444,.F.);
#4444 = EDGE_LOOP('',(#4445,#4455,#4463,#4471));
#4445 = ORIENTED_EDGE('',*,*,#4446,.F.);
#4446 = EDGE_CURVE('',#4447,#4449,#4451,.T.);
#4447 = VERTEX_POINT('',#4448);
#4448 = CARTESIAN_POINT('',(0.,0.,0.));
#4449 = VERTEX_POINT('',#4450);
#4450 = CARTESIAN_POINT('',(0.,0.,30.));
#4451 = LINE('',#4452,#4453);
#4452 = CARTESIAN_POINT('',(0.,0.,0.));
#4453 = VECTOR('',#4454,1.);
#4454 = DIRECTION('',(0.,0.,1.));
#4455 = ORIENTED_EDGE('',*,*,#4456,.T.);
#4456 = EDGE_CURVE('',#4447,#4457,#4459,.T.);
#4457 = VERTEX_POINT('',#4458);
#4458 = CARTESIAN_POINT('',(0.,490.,0.));
#4459 = LINE('',#4460,#4461);
#4460 = CARTESIAN_POINT('',(0.,0.,0.));
#4461 = VECTOR('',#4462,1.);
#4462 = DIRECTION('',(-0.,1.,0.));
#4463 = ORIENTED_EDGE('',*,*,#4464,.T.);
#4464 = EDGE_CURVE('',#4457,#4465,#4467,.T.);
#4465 = VERTEX_POINT('',#4466);
#4466 = CARTESIAN_POINT('',(0.,490.,30.));
#4467 = LINE('',#4468,#4469);
#4468 = CARTESIAN_POINT('',(0.,490.,0.));
#4469 = VECTOR('',#4470,1.);
#4470 = DIRECTION('',(0.,0.,1.));
#4471 = ORIENTED_EDGE('',*,*,#4472,.F.);
#4472 = EDGE_CURVE('',#4449,#4465,#4473,.T.);
#4473 = LINE('',#4474,#4475);
#4474 = CARTESIAN_POINT('',(0.,0.,30.));
#4475 = VECTOR('',#4476,1.);
#4476 = DIRECTION('',(-0.,1.,0.));
#4477 = PLANE('',#4478);
#4478 = AXIS2_PLACEMENT_3D('',#4479,#4480,#4481);
#4479 = CARTESIAN_POINT('',(0.,0.,0.));
#4480 = DIRECTION('',(1.,0.,-0.));
#4481 = DIRECTION('',(0.,0.,1.));
#4482 = ADVANCED_FACE('',(#4483),#4517,.T.);
#4483 = FACE_BOUND('',#4484,.T.);
#4484 = EDGE_LOOP('',(#4485,#4495,#4503,#4511));
#4485 = ORIENTED_EDGE('',*,*,#4486,.F.);
#4486 = EDGE_CURVE('',#4487,#4489,#4491,.T.);
#4487 = VERTEX_POINT('',#4488);
#4488 = CARTESIAN_POINT('',(30.,0.,0.));
#4489 = VERTEX_POINT('',#4490);
#4490 = CARTESIAN_POINT('',(30.,0.,30.));
#4491 = LINE('',#4492,#4493);
#4492 = CARTESIAN_POINT('',(30.,0.,0.));
#4493 = VECTOR('',#4494,1.);
#4494 = DIRECTION('',(0.,0.,1.));
#4495 = ORIENTED_EDGE('',*,*,#4496,.T.);
#4496 = EDGE_CURVE('',#4487,#4497,#4499,.T.);
#4497 = VERTEX_POINT('',#4498);
#4498 = CARTESIAN_POINT('',(30.,490.,0.));
#4499 = LINE('',#4500,#4501);
#4500 = CARTESIAN_POINT('',(30.,0.,0.));
#4501 = VECTOR('',#4502,1.);
#4502 = DIRECTION('',(-0.,1.,0.));
#4503 = ORIENTED_EDGE('',*,*,#4504,.T.);
#4504 = EDGE_CURVE('',#4497,#4505,#4507,.T.);
#4505 = VERTEX_POINT('',#4506);
#4506 = CARTESIAN_POINT('',(30.,490.,30.));
#4507 = LINE('',#4508,#4509);
#4508 = CARTESIAN_POINT('',(30.,490.,0.));
#4509 = VECTOR('',#4510,1.);
#4510 = DIRECTION('',(0.,0.,1.));
#4511 = ORIENTED_EDGE('',*,*,#4512,.F.);
#4512 = EDGE_CURVE('',#4489,#4505,#4513,.T.);
#4513 = LINE('',#4514,#4515);
#4514 = CARTESIAN_POINT('',(30.,0.,30.));
#4515 = VECTOR('',#4516,1.);
#4516 = DIRECTION('',(-0.,1.,0.));
#4517 = PLANE('',#4518);
#4518 = AXIS2_PLACEMENT_3D('',#4519,#4520,#4521);
#4519 = CARTESIAN_POINT('',(30.,0.,0.));
#4520 = DIRECTION('',(1.,0.,-0.));
#4521 = DIRECTION('',(0.,0.,1.));
#4522 = ADVANCED_FACE('',(#4523),#4539,.F.);
#4523 = FACE_BOUND('',#4524,.F.);
#4524 = EDGE_LOOP('',(#4525,#4531,#4532,#4538));
#4525 = ORIENTED_EDGE('',*,*,#4526,.F.);
#4526 = EDGE_CURVE('',#4447,#4487,#4527,.T.);
#4527 = LINE('',#4528,#4529);
#4528 = CARTESIAN_POINT('',(0.,0.,0.));
#4529 = VECTOR('',#4530,1.);
#4530 = DIRECTION('',(1.,0.,-0.));
#4531 = ORIENTED_EDGE('',*,*,#4446,.T.);
#4532 = ORIENTED_EDGE('',*,*,#4533,.T.);
#4533 = EDGE_CURVE('',#4449,#4489,#4534,.T.);
#4534 = LINE('',#4535,#4536);
#4535 = CARTESIAN_POINT('',(0.,0.,30.));
#4536 = VECTOR('',#4537,1.);
#4537 = DIRECTION('',(1.,0.,-0.));
#4538 = ORIENTED_EDGE('',*,*,#4486,.F.);
#4539 = PLANE('',#4540);
#4540 = AXIS2_PLACEMENT_3D('',#4541,#4542,#4543);
#4541 = CARTESIAN_POINT('',(0.,0.,0.));
#4542 = DIRECTION('',(-0.,1.,0.));
#4543 = DIRECTION('',(0.,0.,1.));
#4544 = ADVANCED_FACE('',(#4545),#4561,.T.);
#4545 = FACE_BOUND('',#4546,.T.);
#4546 = EDGE_LOOP('',(#4547,#4553,#4554,#4560));
#4547 = ORIENTED_EDGE('',*,*,#4548,.F.);
#4548 = EDGE_CURVE('',#4457,#4497,#4549,.T.);
#4549 = LINE('',#4550,#4551);
#4550 = CARTESIAN_POINT('',(0.,490.,0.));
#4551 = VECTOR('',#4552,1.);
#4552 = DIRECTION('',(1.,0.,-0.));
#4553 = ORIENTED_EDGE('',*,*,#4464,.T.);
#4554 = ORIENTED_EDGE('',*,*,#4555,.T.);
#4555 = EDGE_CURVE('',#4465,#4505,#4556,.T.);
#4556 = LINE('',#4557,#4558);
#4557 = CARTESIAN_POINT('',(0.,490.,30.));
#4558 = VECTOR('',#4559,1.);
#4559 = DIRECTION('',(1.,0.,-0.));
#4560 = ORIENTED_EDGE('',*,*,#4504,.F.);
#4561 = PLANE('',#4562);
#4562 = AXIS2_PLACEMENT_3D('',#4563,#4564,#4565);
#4563 = CARTESIAN_POINT('',(0.,490.,0.));
#4564 = DIRECTION('',(-0.,1.,0.));
#4565 = DIRECTION('',(0.,0.,1.));
#4566 = ADVANCED_FACE('',(#4567),#4573,.F.);
#4567 = FACE_BOUND('',#4568,.F.);
#4568 = EDGE_LOOP('',(#4569,#4570,#4571,#4572));
#4569 = ORIENTED_EDGE('',*,*,#4456,.F.);
#4570 = ORIENTED_EDGE('',*,*,#4526,.T.);
#4571 = ORIENTED_EDGE('',*,*,#4496,.T.);
#4572 = ORIENTED_EDGE('',*,*,#4548,.F.);
#4573 = PLANE('',#4574);
#4574 = AXIS2_PLACEMENT_3D('',#4575,#4576,#4577);
#4575 = CARTESIAN_POINT('',(0.,0.,0.));
#4576 = DIRECTION('',(0.,0.,1.));
#4577 = DIRECTION('',(1.,0.,-0.));
#4578 = ADVANCED_FACE('',(#4579),#4585,.T.);
#4579 = FACE_BOUND('',#4580,.T.);
#4580 = EDGE_LOOP('',(#4581,#4582,#4583,#4584));
#4581 = ORIENTED_EDGE('',*,*,#4472,.F.);
#4582 = ORIENTED_EDGE('',*,*,#4533,.T.);
#4583 = ORIENTED_EDGE('',*,*,#4512,.T.);
#4584 = ORIENTED_EDGE('',*,*,#4555,.F.);
#4585 = PLANE('',#4586);
#4586 = AXIS2_PLACEMENT_3D('',#4587,#4588,#4589);
#4587 = CARTESIAN_POINT('',(0.,0.,30.));
#4588 = DIRECTION('',(0.,0.,1.));
#4589 = DIRECTION('',(1.,0.,-0.));
#4590 = ( GEOMETRIC_REPRESENTATION_CONTEXT(3) 
GLOBAL_UNCERTAINTY_ASSIGNED_CONTEXT((#4594)) 
GLOBAL_UNIT_ASSIGNED_CONTEXT((#4591,#4592,#4593)) REPRESENTATION_CONTEXT
('Context #1','3D Context with UNIT and UNCERTAINTY') );
#4591 = ( LENGTH_UNIT() NAMED_UNIT(*) SI_UNIT(.MILLI.,.METRE.) );
#4592 = ( NAMED_UNIT(*) PLANE_ANGLE_UNIT() SI_UNIT($,.RADIAN.) );
#4593 = ( NAMED_UNIT(*) SI_UNIT($,.STERADIAN.) SOLID_ANGLE_UNIT() );
#4594 = UNCERTAINTY_MEASURE_WITH_UNIT(LENGTH_MEASURE(1.E-07),#4591,
  'distance_accuracy_value','confusion accuracy');
#4595 = CONTEXT_DEPENDENT_SHAPE_REPRESENTATION(#4596,#4598);
#4596 = ( REPRESENTATION_RELATIONSHIP('','',#4439,#10) 
REPRESENTATION_RELATIONSHIP_WITH_TRANSFORMATION(#4597) 
SHAPE_REPRESENTATION_RELATIONSHIP() );
#4597 = ITEM_DEFINED_TRANSFORMATION('','',#11,#123);
#4598 = PRODUCT_DEFINITION_SHAPE('Placement','Placement of an item',
  #4599);
#4599 = NEXT_ASSEMBLY_USAGE_OCCURRENCE('28','Trav_Y_E4_X1_R0','',#5,
  #4434,$);
#4600 = PRODUCT_RELATED_PRODUCT_CATEGORY('part',$,(#4436));
#4601 = SHAPE_DEFINITION_REPRESENTATION(#4602,#4608);
#4602 = PRODUCT_DEFINITION_SHAPE('','',#4603);
#4603 = PRODUCT_DEFINITION('design','',#4604,#4607);
#4604 = PRODUCT_DEFINITION_FORMATION('','',#4605);
#4605 = PRODUCT('Trav_X_O_Y0_S0','Trav_X_O_Y0_S0','',(#4606));
#4606 = PRODUCT_CONTEXT('',#2,'mechanical');
#4607 = PRODUCT_DEFINITION_CONTEXT('part definition',#2,'design');
#4608 = ADVANCED_BREP_SHAPE_REPRESENTATION('',(#11,#4609),#4759);
#4609 = MANIFOLD_SOLID_BREP('',#4610);
#4610 = CLOSED_SHELL('',(#4611,#4651,#4691,#4713,#4735,#4747));
#4611 = ADVANCED_FACE('',(#4612),#4646,.F.);
#4612 = FACE_BOUND('',#4613,.F.);
#4613 = EDGE_LOOP('',(#4614,#4624,#4632,#4640));
#4614 = ORIENTED_EDGE('',*,*,#4615,.F.);
#4615 = EDGE_CURVE('',#4616,#4618,#4620,.T.);
#4616 = VERTEX_POINT('',#4617);
#4617 = CARTESIAN_POINT('',(0.,0.,0.));
#4618 = VERTEX_POINT('',#4619);
#4619 = CARTESIAN_POINT('',(0.,0.,30.));
#4620 = LINE('',#4621,#4622);
#4621 = CARTESIAN_POINT('',(0.,0.,0.));
#4622 = VECTOR('',#4623,1.);
#4623 = DIRECTION('',(0.,0.,1.));
#4624 = ORIENTED_EDGE('',*,*,#4625,.T.);
#4625 = EDGE_CURVE('',#4616,#4626,#4628,.T.);
#4626 = VERTEX_POINT('',#4627);
#4627 = CARTESIAN_POINT('',(0.,30.,0.));
#4628 = LINE('',#4629,#4630);
#4629 = CARTESIAN_POINT('',(0.,0.,0.));
#4630 = VECTOR('',#4631,1.);
#4631 = DIRECTION('',(-0.,1.,0.));
#4632 = ORIENTED_EDGE('',*,*,#4633,.T.);
#4633 = EDGE_CURVE('',#4626,#4634,#4636,.T.);
#4634 = VERTEX_POINT('',#4635);
#4635 = CARTESIAN_POINT('',(0.,30.,30.));
#4636 = LINE('',#4637,#4638);
#4637 = CARTESIAN_POINT('',(0.,30.,0.));
#4638 = VECTOR('',#4639,1.);
#4639 = DIRECTION('',(0.,0.,1.));
#4640 = ORIENTED_EDGE('',*,*,#4641,.F.);
#4641 = EDGE_CURVE('',#4618,#4634,#4642,.T.);
#4642 = LINE('',#4643,#4644);
#4643 = CARTESIAN_POINT('',(0.,0.,30.));
#4644 = VECTOR('',#4645,1.);
#4645 = DIRECTION('',(-0.,1.,0.));
#4646 = PLANE('',#4647);
#4647 = AXIS2_PLACEMENT_3D('',#4648,#4649,#4650);
#4648 = CARTESIAN_POINT('',(0.,0.,0.));
#4649 = DIRECTION('',(1.,0.,-0.));
#4650 = DIRECTION('',(0.,0.,1.));
#4651 = ADVANCED_FACE('',(#4652),#4686,.T.);
#4652 = FACE_BOUND('',#4653,.T.);
#4653 = EDGE_LOOP('',(#4654,#4664,#4672,#4680));
#4654 = ORIENTED_EDGE('',*,*,#4655,.F.);
#4655 = EDGE_CURVE('',#4656,#4658,#4660,.T.);
#4656 = VERTEX_POINT('',#4657);
#4657 = CARTESIAN_POINT('',(454.,0.,0.));
#4658 = VERTEX_POINT('',#4659);
#4659 = CARTESIAN_POINT('',(454.,0.,30.));
#4660 = LINE('',#4661,#4662);
#4661 = CARTESIAN_POINT('',(454.,0.,0.));
#4662 = VECTOR('',#4663,1.);
#4663 = DIRECTION('',(0.,0.,1.));
#4664 = ORIENTED_EDGE('',*,*,#4665,.T.);
#4665 = EDGE_CURVE('',#4656,#4666,#4668,.T.);
#4666 = VERTEX_POINT('',#4667);
#4667 = CARTESIAN_POINT('',(454.,30.,0.));
#4668 = LINE('',#4669,#4670);
#4669 = CARTESIAN_POINT('',(454.,0.,0.));
#4670 = VECTOR('',#4671,1.);
#4671 = DIRECTION('',(-0.,1.,0.));
#4672 = ORIENTED_EDGE('',*,*,#4673,.T.);
#4673 = EDGE_CURVE('',#4666,#4674,#4676,.T.);
#4674 = VERTEX_POINT('',#4675);
#4675 = CARTESIAN_POINT('',(454.,30.,30.));
#4676 = LINE('',#4677,#4678);
#4677 = CARTESIAN_POINT('',(454.,30.,0.));
#4678 = VECTOR('',#4679,1.);
#4679 = DIRECTION('',(0.,0.,1.));
#4680 = ORIENTED_EDGE('',*,*,#4681,.F.);
#4681 = EDGE_CURVE('',#4658,#4674,#4682,.T.);
#4682 = LINE('',#4683,#4684);
#4683 = CARTESIAN_POINT('',(454.,0.,30.));
#4684 = VECTOR('',#4685,1.);
#4685 = DIRECTION('',(-0.,1.,0.));
#4686 = PLANE('',#4687);
#4687 = AXIS2_PLACEMENT_3D('',#4688,#4689,#4690);
#4688 = CARTESIAN_POINT('',(454.,0.,0.));
#4689 = DIRECTION('',(1.,0.,-0.));
#4690 = DIRECTION('',(0.,0.,1.));
#4691 = ADVANCED_FACE('',(#4692),#4708,.F.);
#4692 = FACE_BOUND('',#4693,.F.);
#4693 = EDGE_LOOP('',(#4694,#4700,#4701,#4707));
#4694 = ORIENTED_EDGE('',*,*,#4695,.F.);
#4695 = EDGE_CURVE('',#4616,#4656,#4696,.T.);
#4696 = LINE('',#4697,#4698);
#4697 = CARTESIAN_POINT('',(0.,0.,0.));
#4698 = VECTOR('',#4699,1.);
#4699 = DIRECTION('',(1.,0.,-0.));
#4700 = ORIENTED_EDGE('',*,*,#4615,.T.);
#4701 = ORIENTED_EDGE('',*,*,#4702,.T.);
#4702 = EDGE_CURVE('',#4618,#4658,#4703,.T.);
#4703 = LINE('',#4704,#4705);
#4704 = CARTESIAN_POINT('',(0.,0.,30.));
#4705 = VECTOR('',#4706,1.);
#4706 = DIRECTION('',(1.,0.,-0.));
#4707 = ORIENTED_EDGE('',*,*,#4655,.F.);
#4708 = PLANE('',#4709);
#4709 = AXIS2_PLACEMENT_3D('',#4710,#4711,#4712);
#4710 = CARTESIAN_POINT('',(0.,0.,0.));
#4711 = DIRECTION('',(-0.,1.,0.));
#4712 = DIRECTION('',(0.,0.,1.));
#4713 = ADVANCED_FACE('',(#4714),#4730,.T.);
#4714 = FACE_BOUND('',#4715,.T.);
#4715 = EDGE_LOOP('',(#4716,#4722,#4723,#4729));
#4716 = ORIENTED_EDGE('',*,*,#4717,.F.);
#4717 = EDGE_CURVE('',#4626,#4666,#4718,.T.);
#4718 = LINE('',#4719,#4720);
#4719 = CARTESIAN_POINT('',(0.,30.,0.));
#4720 = VECTOR('',#4721,1.);
#4721 = DIRECTION('',(1.,0.,-0.));
#4722 = ORIENTED_EDGE('',*,*,#4633,.T.);
#4723 = ORIENTED_EDGE('',*,*,#4724,.T.);
#4724 = EDGE_CURVE('',#4634,#4674,#4725,.T.);
#4725 = LINE('',#4726,#4727);
#4726 = CARTESIAN_POINT('',(0.,30.,30.));
#4727 = VECTOR('',#4728,1.);
#4728 = DIRECTION('',(1.,0.,-0.));
#4729 = ORIENTED_EDGE('',*,*,#4673,.F.);
#4730 = PLANE('',#4731);
#4731 = AXIS2_PLACEMENT_3D('',#4732,#4733,#4734);
#4732 = CARTESIAN_POINT('',(0.,30.,0.));
#4733 = DIRECTION('',(-0.,1.,0.));
#4734 = DIRECTION('',(0.,0.,1.));
#4735 = ADVANCED_FACE('',(#4736),#4742,.F.);
#4736 = FACE_BOUND('',#4737,.F.);
#4737 = EDGE_LOOP('',(#4738,#4739,#4740,#4741));
#4738 = ORIENTED_EDGE('',*,*,#4625,.F.);
#4739 = ORIENTED_EDGE('',*,*,#4695,.T.);
#4740 = ORIENTED_EDGE('',*,*,#4665,.T.);
#4741 = ORIENTED_EDGE('',*,*,#4717,.F.);
#4742 = PLANE('',#4743);
#4743 = AXIS2_PLACEMENT_3D('',#4744,#4745,#4746);
#4744 = CARTESIAN_POINT('',(0.,0.,0.));
#4745 = DIRECTION('',(0.,0.,1.));
#4746 = DIRECTION('',(1.,0.,-0.));
#4747 = ADVANCED_FACE('',(#4748),#4754,.T.);
#4748 = FACE_BOUND('',#4749,.T.);
#4749 = EDGE_LOOP('',(#4750,#4751,#4752,#4753));
#4750 = ORIENTED_EDGE('',*,*,#4641,.F.);
#4751 = ORIENTED_EDGE('',*,*,#4702,.T.);
#4752 = ORIENTED_EDGE('',*,*,#4681,.T.);
#4753 = ORIENTED_EDGE('',*,*,#4724,.F.);
#4754 = PLANE('',#4755);
#4755 = AXIS2_PLACEMENT_3D('',#4756,#4757,#4758);
#4756 = CARTESIAN_POINT('',(0.,0.,30.));
#4757 = DIRECTION('',(0.,0.,1.));
#4758 = DIRECTION('',(1.,0.,-0.));
#4759 = ( GEOMETRIC_REPRESENTATION_CONTEXT(3) 
GLOBAL_UNCERTAINTY_ASSIGNED_CONTEXT((#4763)) 
GLOBAL_UNIT_ASSIGNED_CONTEXT((#4760,#4761,#4762)) REPRESENTATION_CONTEXT
('Context #1','3D Context with UNIT and UNCERTAINTY') );
#4760 = ( LENGTH_UNIT() NAMED_UNIT(*) SI_UNIT(.MILLI.,.METRE.) );
#4761 = ( NAMED_UNIT(*) PLANE_ANGLE_UNIT() SI_UNIT($,.RADIAN.) );
#4762 = ( NAMED_UNIT(*) SI_UNIT($,.STERADIAN.) SOLID_ANGLE_UNIT() );
#4763 = UNCERTAINTY_MEASURE_WITH_UNIT(LENGTH_MEASURE(1.E-07),#4760,
  'distance_accuracy_value','confusion accuracy');
#4764 = CONTEXT_DEPENDENT_SHAPE_REPRESENTATION(#4765,#4767);
#4765 = ( REPRESENTATION_RELATIONSHIP('','',#4608,#10) 
REPRESENTATION_RELATIONSHIP_WITH_TRANSFORMATION(#4766) 
SHAPE_REPRESENTATION_RELATIONSHIP() );
#4766 = ITEM_DEFINED_TRANSFORMATION('','',#11,#127);
#4767 = PRODUCT_DEFINITION_SHAPE('Placement','Placement of an item',
  #4768);
#4768 = NEXT_ASSEMBLY_USAGE_OCCURRENCE('29','Trav_X_O_Y0_S0','',#5,#4603
  ,$);
#4769 = PRODUCT_RELATED_PRODUCT_CATEGORY('part',$,(#4605));
#4770 = SHAPE_DEFINITION_REPRESENTATION(#4771,#4777);
#4771 = PRODUCT_DEFINITION_SHAPE('','',#4772);
#4772 = PRODUCT_DEFINITION('design','',#4773,#4776);
#4773 = PRODUCT_DEFINITION_FORMATION('','',#4774);
#4774 = PRODUCT('Trav_X_O_Y1_S0','Trav_X_O_Y1_S0','',(#4775));
#4775 = PRODUCT_CONTEXT('',#2,'mechanical');
#4776 = PRODUCT_DEFINITION_CONTEXT('part definition',#2,'design');
#4777 = ADVANCED_BREP_SHAPE_REPRESENTATION('',(#11,#4778),#4928);
#4778 = MANIFOLD_SOLID_BREP('',#4779);
#4779 = CLOSED_SHELL('',(#4780,#4820,#4860,#4882,#4904,#4916));
#4780 = ADVANCED_FACE('',(#4781),#4815,.F.);
#4781 = FACE_BOUND('',#4782,.F.);
#4782 = EDGE_LOOP('',(#4783,#4793,#4801,#4809));
#4783 = ORIENTED_EDGE('',*,*,#4784,.F.);
#4784 = EDGE_CURVE('',#4785,#4787,#4789,.T.);
#4785 = VERTEX_POINT('',#4786);
#4786 = CARTESIAN_POINT('',(0.,0.,0.));
#4787 = VERTEX_POINT('',#4788);
#4788 = CARTESIAN_POINT('',(0.,0.,30.));
#4789 = LINE('',#4790,#4791);
#4790 = CARTESIAN_POINT('',(0.,0.,0.));
#4791 = VECTOR('',#4792,1.);
#4792 = DIRECTION('',(0.,0.,1.));
#4793 = ORIENTED_EDGE('',*,*,#4794,.T.);
#4794 = EDGE_CURVE('',#4785,#4795,#4797,.T.);
#4795 = VERTEX_POINT('',#4796);
#4796 = CARTESIAN_POINT('',(0.,30.,0.));
#4797 = LINE('',#4798,#4799);
#4798 = CARTESIAN_POINT('',(0.,0.,0.));
#4799 = VECTOR('',#4800,1.);
#4800 = DIRECTION('',(-0.,1.,0.));
#4801 = ORIENTED_EDGE('',*,*,#4802,.T.);
#4802 = EDGE_CURVE('',#4795,#4803,#4805,.T.);
#4803 = VERTEX_POINT('',#4804);
#4804 = CARTESIAN_POINT('',(0.,30.,30.));
#4805 = LINE('',#4806,#4807);
#4806 = CARTESIAN_POINT('',(0.,30.,0.));
#4807 = VECTOR('',#4808,1.);
#4808 = DIRECTION('',(0.,0.,1.));
#4809 = ORIENTED_EDGE('',*,*,#4810,.F.);
#4810 = EDGE_CURVE('',#4787,#4803,#4811,.T.);
#4811 = LINE('',#4812,#4813);
#4812 = CARTESIAN_POINT('',(0.,0.,30.));
#4813 = VECTOR('',#4814,1.);
#4814 = DIRECTION('',(-0.,1.,0.));
#4815 = PLANE('',#4816);
#4816 = AXIS2_PLACEMENT_3D('',#4817,#4818,#4819);
#4817 = CARTESIAN_POINT('',(0.,0.,0.));
#4818 = DIRECTION('',(1.,0.,-0.));
#4819 = DIRECTION('',(0.,0.,1.));
#4820 = ADVANCED_FACE('',(#4821),#4855,.T.);
#4821 = FACE_BOUND('',#4822,.T.);
#4822 = EDGE_LOOP('',(#4823,#4833,#4841,#4849));
#4823 = ORIENTED_EDGE('',*,*,#4824,.F.);
#4824 = EDGE_CURVE('',#4825,#4827,#4829,.T.);
#4825 = VERTEX_POINT('',#4826);
#4826 = CARTESIAN_POINT('',(454.,0.,0.));
#4827 = VERTEX_POINT('',#4828);
#4828 = CARTESIAN_POINT('',(454.,0.,30.));
#4829 = LINE('',#4830,#4831);
#4830 = CARTESIAN_POINT('',(454.,0.,0.));
#4831 = VECTOR('',#4832,1.);
#4832 = DIRECTION('',(0.,0.,1.));
#4833 = ORIENTED_EDGE('',*,*,#4834,.T.);
#4834 = EDGE_CURVE('',#4825,#4835,#4837,.T.);
#4835 = VERTEX_POINT('',#4836);
#4836 = CARTESIAN_POINT('',(454.,30.,0.));
#4837 = LINE('',#4838,#4839);
#4838 = CARTESIAN_POINT('',(454.,0.,0.));
#4839 = VECTOR('',#4840,1.);
#4840 = DIRECTION('',(-0.,1.,0.));
#4841 = ORIENTED_EDGE('',*,*,#4842,.T.);
#4842 = EDGE_CURVE('',#4835,#4843,#4845,.T.);
#4843 = VERTEX_POINT('',#4844);
#4844 = CARTESIAN_POINT('',(454.,30.,30.));
#4845 = LINE('',#4846,#4847);
#4846 = CARTESIAN_POINT('',(454.,30.,0.));
#4847 = VECTOR('',#4848,1.);
#4848 = DIRECTION('',(0.,0.,1.));
#4849 = ORIENTED_EDGE('',*,*,#4850,.F.);
#4850 = EDGE_CURVE('',#4827,#4843,#4851,.T.);
#4851 = LINE('',#4852,#4853);
#4852 = CARTESIAN_POINT('',(454.,0.,30.));
#4853 = VECTOR('',#4854,1.);
#4854 = DIRECTION('',(-0.,1.,0.));
#4855 = PLANE('',#4856);
#4856 = AXIS2_PLACEMENT_3D('',#4857,#4858,#4859);
#4857 = CARTESIAN_POINT('',(454.,0.,0.));
#4858 = DIRECTION('',(1.,0.,-0.));
#4859 = DIRECTION('',(0.,0.,1.));
#4860 = ADVANCED_FACE('',(#4861),#4877,.F.);
#4861 = FACE_BOUND('',#4862,.F.);
#4862 = EDGE_LOOP('',(#4863,#4869,#4870,#4876));
#4863 = ORIENTED_EDGE('',*,*,#4864,.F.);
#4864 = EDGE_CURVE('',#4785,#4825,#4865,.T.);
#4865 = LINE('',#4866,#4867);
#4866 = CARTESIAN_POINT('',(0.,0.,0.));
#4867 = VECTOR('',#4868,1.);
#4868 = DIRECTION('',(1.,0.,-0.));
#4869 = ORIENTED_EDGE('',*,*,#4784,.T.);
#4870 = ORIENTED_EDGE('',*,*,#4871,.T.);
#4871 = EDGE_CURVE('',#4787,#4827,#4872,.T.);
#4872 = LINE('',#4873,#4874);
#4873 = CARTESIAN_POINT('',(0.,0.,30.));
#4874 = VECTOR('',#4875,1.);
#4875 = DIRECTION('',(1.,0.,-0.));
#4876 = ORIENTED_EDGE('',*,*,#4824,.F.);
#4877 = PLANE('',#4878);
#4878 = AXIS2_PLACEMENT_3D('',#4879,#4880,#4881);
#4879 = CARTESIAN_POINT('',(0.,0.,0.));
#4880 = DIRECTION('',(-0.,1.,0.));
#4881 = DIRECTION('',(0.,0.,1.));
#4882 = ADVANCED_FACE('',(#4883),#4899,.T.);
#4883 = FACE_BOUND('',#4884,.T.);
#4884 = EDGE_LOOP('',(#4885,#4891,#4892,#4898));
#4885 = ORIENTED_EDGE('',*,*,#4886,.F.);
#4886 = EDGE_CURVE('',#4795,#4835,#4887,.T.);
#4887 = LINE('',#4888,#4889);
#4888 = CARTESIAN_POINT('',(0.,30.,0.));
#4889 = VECTOR('',#4890,1.);
#4890 = DIRECTION('',(1.,0.,-0.));
#4891 = ORIENTED_EDGE('',*,*,#4802,.T.);
#4892 = ORIENTED_EDGE('',*,*,#4893,.T.);
#4893 = EDGE_CURVE('',#4803,#4843,#4894,.T.);
#4894 = LINE('',#4895,#4896);
#4895 = CARTESIAN_POINT('',(0.,30.,30.));
#4896 = VECTOR('',#4897,1.);
#4897 = DIRECTION('',(1.,0.,-0.));
#4898 = ORIENTED_EDGE('',*,*,#4842,.F.);
#4899 = PLANE('',#4900);
#4900 = AXIS2_PLACEMENT_3D('',#4901,#4902,#4903);
#4901 = CARTESIAN_POINT('',(0.,30.,0.));
#4902 = DIRECTION('',(-0.,1.,0.));
#4903 = DIRECTION('',(0.,0.,1.));
#4904 = ADVANCED_FACE('',(#4905),#4911,.F.);
#4905 = FACE_BOUND('',#4906,.F.);
#4906 = EDGE_LOOP('',(#4907,#4908,#4909,#4910));
#4907 = ORIENTED_EDGE('',*,*,#4794,.F.);
#4908 = ORIENTED_EDGE('',*,*,#4864,.T.);
#4909 = ORIENTED_EDGE('',*,*,#4834,.T.);
#4910 = ORIENTED_EDGE('',*,*,#4886,.F.);
#4911 = PLANE('',#4912);
#4912 = AXIS2_PLACEMENT_3D('',#4913,#4914,#4915);
#4913 = CARTESIAN_POINT('',(0.,0.,0.));
#4914 = DIRECTION('',(0.,0.,1.));
#4915 = DIRECTION('',(1.,0.,-0.));
#4916 = ADVANCED_FACE('',(#4917),#4923,.T.);
#4917 = FACE_BOUND('',#4918,.T.);
#4918 = EDGE_LOOP('',(#4919,#4920,#4921,#4922));
#4919 = ORIENTED_EDGE('',*,*,#4810,.F.);
#4920 = ORIENTED_EDGE('',*,*,#4871,.T.);
#4921 = ORIENTED_EDGE('',*,*,#4850,.T.);
#4922 = ORIENTED_EDGE('',*,*,#4893,.F.);
#4923 = PLANE('',#4924);
#4924 = AXIS2_PLACEMENT_3D('',#4925,#4926,#4927);
#4925 = CARTESIAN_POINT('',(0.,0.,30.));
#4926 = DIRECTION('',(0.,0.,1.));
#4927 = DIRECTION('',(1.,0.,-0.));
#4928 = ( GEOMETRIC_REPRESENTATION_CONTEXT(3) 
GLOBAL_UNCERTAINTY_ASSIGNED_CONTEXT((#4932)) 
GLOBAL_UNIT_ASSIGNED_CONTEXT((#4929,#4930,#4931)) REPRESENTATION_CONTEXT
('Context #1','3D Context with UNIT and UNCERTAINTY') );
#4929 = ( LENGTH_UNIT() NAMED_UNIT(*) SI_UNIT(.MILLI.,.METRE.) );
#4930 = ( NAMED_UNIT(*) PLANE_ANGLE_UNIT() SI_UNIT($,.RADIAN.) );
#4931 = ( NAMED_UNIT(*) SI_UNIT($,.STERADIAN.) SOLID_ANGLE_UNIT() );
#4932 = UNCERTAINTY_MEASURE_WITH_UNIT(LENGTH_MEASURE(1.E-07),#4929,
  'distance_accuracy_value','confusion accuracy');
#4933 = CONTEXT_DEPENDENT_SHAPE_REPRESENTATION(#4934,#4936);
#4934 = ( REPRESENTATION_RELATIONSHIP('','',#4777,#10) 
REPRESENTATION_RELATIONSHIP_WITH_TRANSFORMATION(#4935) 
SHAPE_REPRESENTATION_RELATIONSHIP() );
#4935 = ITEM_DEFINED_TRANSFORMATION('','',#11,#131);
#4936 = PRODUCT_DEFINITION_SHAPE('Placement','Placement of an item',
  #4937);
#4937 = NEXT_ASSEMBLY_USAGE_OCCURRENCE('30','Trav_X_O_Y1_S0','',#5,#4772
  ,$);
#4938 = PRODUCT_RELATED_PRODUCT_CATEGORY('part',$,(#4774));
#4939 = SHAPE_DEFINITION_REPRESENTATION(#4940,#4946);
#4940 = PRODUCT_DEFINITION_SHAPE('','',#4941);
#4941 = PRODUCT_DEFINITION('design','',#4942,#4945);
#4942 = PRODUCT_DEFINITION_FORMATION('','',#4943);
#4943 = PRODUCT('Trav_Y_O_X0_R0','Trav_Y_O_X0_R0','',(#4944));
#4944 = PRODUCT_CONTEXT('',#2,'mechanical');
#4945 = PRODUCT_DEFINITION_CONTEXT('part definition',#2,'design');
#4946 = ADVANCED_BREP_SHAPE_REPRESENTATION('',(#11,#4947),#5097);
#4947 = MANIFOLD_SOLID_BREP('',#4948);
#4948 = CLOSED_SHELL('',(#4949,#4989,#5029,#5051,#5073,#5085));
#4949 = ADVANCED_FACE('',(#4950),#4984,.F.);
#4950 = FACE_BOUND('',#4951,.F.);
#4951 = EDGE_LOOP('',(#4952,#4962,#4970,#4978));
#4952 = ORIENTED_EDGE('',*,*,#4953,.F.);
#4953 = EDGE_CURVE('',#4954,#4956,#4958,.T.);
#4954 = VERTEX_POINT('',#4955);
#4955 = CARTESIAN_POINT('',(0.,0.,0.));
#4956 = VERTEX_POINT('',#4957);
#4957 = CARTESIAN_POINT('',(0.,0.,30.));
#4958 = LINE('',#4959,#4960);
#4959 = CARTESIAN_POINT('',(0.,0.,0.));
#4960 = VECTOR('',#4961,1.);
#4961 = DIRECTION('',(0.,0.,1.));
#4962 = ORIENTED_EDGE('',*,*,#4963,.T.);
#4963 = EDGE_CURVE('',#4954,#4964,#4966,.T.);
#4964 = VERTEX_POINT('',#4965);
#4965 = CARTESIAN_POINT('',(0.,490.,0.));
#4966 = LINE('',#4967,#4968);
#4967 = CARTESIAN_POINT('',(0.,0.,0.));
#4968 = VECTOR('',#4969,1.);
#4969 = DIRECTION('',(-0.,1.,0.));
#4970 = ORIENTED_EDGE('',*,*,#4971,.T.);
#4971 = EDGE_CURVE('',#4964,#4972,#4974,.T.);
#4972 = VERTEX_POINT('',#4973);
#4973 = CARTESIAN_POINT('',(0.,490.,30.));
#4974 = LINE('',#4975,#4976);
#4975 = CARTESIAN_POINT('',(0.,490.,0.));
#4976 = VECTOR('',#4977,1.);
#4977 = DIRECTION('',(0.,0.,1.));
#4978 = ORIENTED_EDGE('',*,*,#4979,.F.);
#4979 = EDGE_CURVE('',#4956,#4972,#4980,.T.);
#4980 = LINE('',#4981,#4982);
#4981 = CARTESIAN_POINT('',(0.,0.,30.));
#4982 = VECTOR('',#4983,1.);
#4983 = DIRECTION('',(-0.,1.,0.));
#4984 = PLANE('',#4985);
#4985 = AXIS2_PLACEMENT_3D('',#4986,#4987,#4988);
#4986 = CARTESIAN_POINT('',(0.,0.,0.));
#4987 = DIRECTION('',(1.,0.,-0.));
#4988 = DIRECTION('',(0.,0.,1.));
#4989 = ADVANCED_FACE('',(#4990),#5024,.T.);
#4990 = FACE_BOUND('',#4991,.T.);
#4991 = EDGE_LOOP('',(#4992,#5002,#5010,#5018));
#4992 = ORIENTED_EDGE('',*,*,#4993,.F.);
#4993 = EDGE_CURVE('',#4994,#4996,#4998,.T.);
#4994 = VERTEX_POINT('',#4995);
#4995 = CARTESIAN_POINT('',(30.,0.,0.));
#4996 = VERTEX_POINT('',#4997);
#4997 = CARTESIAN_POINT('',(30.,0.,30.));
#4998 = LINE('',#4999,#5000);
#4999 = CARTESIAN_POINT('',(30.,0.,0.));
#5000 = VECTOR('',#5001,1.);
#5001 = DIRECTION('',(0.,0.,1.));
#5002 = ORIENTED_EDGE('',*,*,#5003,.T.);
#5003 = EDGE_CURVE('',#4994,#5004,#5006,.T.);
#5004 = VERTEX_POINT('',#5005);
#5005 = CARTESIAN_POINT('',(30.,490.,0.));
#5006 = LINE('',#5007,#5008);
#5007 = CARTESIAN_POINT('',(30.,0.,0.));
#5008 = VECTOR('',#5009,1.);
#5009 = DIRECTION('',(-0.,1.,0.));
#5010 = ORIENTED_EDGE('',*,*,#5011,.T.);
#5011 = EDGE_CURVE('',#5004,#5012,#5014,.T.);
#5012 = VERTEX_POINT('',#5013);
#5013 = CARTESIAN_POINT('',(30.,490.,30.));
#5014 = LINE('',#5015,#5016);
#5015 = CARTESIAN_POINT('',(30.,490.,0.));
#5016 = VECTOR('',#5017,1.);
#5017 = DIRECTION('',(0.,0.,1.));
#5018 = ORIENTED_EDGE('',*,*,#5019,.F.);
#5019 = EDGE_CURVE('',#4996,#5012,#5020,.T.);
#5020 = LINE('',#5021,#5022);
#5021 = CARTESIAN_POINT('',(30.,0.,30.));
#5022 = VECTOR('',#5023,1.);
#5023 = DIRECTION('',(-0.,1.,0.));
#5024 = PLANE('',#5025);
#5025 = AXIS2_PLACEMENT_3D('',#5026,#5027,#5028);
#5026 = CARTESIAN_POINT('',(30.,0.,0.));
#5027 = DIRECTION('',(1.,0.,-0.));
#5028 = DIRECTION('',(0.,0.,1.));
#5029 = ADVANCED_FACE('',(#5030),#5046,.F.);
#5030 = FACE_BOUND('',#5031,.F.);
#5031 = EDGE_LOOP('',(#5032,#5038,#5039,#5045));
#5032 = ORIENTED_EDGE('',*,*,#5033,.F.);
#5033 = EDGE_CURVE('',#4954,#4994,#5034,.T.);
#5034 = LINE('',#5035,#5036);
#5035 = CARTESIAN_POINT('',(0.,0.,0.));
#5036 = VECTOR('',#5037,1.);
#5037 = DIRECTION('',(1.,0.,-0.));
#5038 = ORIENTED_EDGE('',*,*,#4953,.T.);
#5039 = ORIENTED_EDGE('',*,*,#5040,.T.);
#5040 = EDGE_CURVE('',#4956,#4996,#5041,.T.);
#5041 = LINE('',#5042,#5043);
#5042 = CARTESIAN_POINT('',(0.,0.,30.));
#5043 = VECTOR('',#5044,1.);
#5044 = DIRECTION('',(1.,0.,-0.));
#5045 = ORIENTED_EDGE('',*,*,#4993,.F.);
#5046 = PLANE('',#5047);
#5047 = AXIS2_PLACEMENT_3D('',#5048,#5049,#5050);
#5048 = CARTESIAN_POINT('',(0.,0.,0.));
#5049 = DIRECTION('',(-0.,1.,0.));
#5050 = DIRECTION('',(0.,0.,1.));
#5051 = ADVANCED_FACE('',(#5052),#5068,.T.);
#5052 = FACE_BOUND('',#5053,.T.);
#5053 = EDGE_LOOP('',(#5054,#5060,#5061,#5067));
#5054 = ORIENTED_EDGE('',*,*,#5055,.F.);
#5055 = EDGE_CURVE('',#4964,#5004,#5056,.T.);
#5056 = LINE('',#5057,#5058);
#5057 = CARTESIAN_POINT('',(0.,490.,0.));
#5058 = VECTOR('',#5059,1.);
#5059 = DIRECTION('',(1.,0.,-0.));
#5060 = ORIENTED_EDGE('',*,*,#4971,.T.);
#5061 = ORIENTED_EDGE('',*,*,#5062,.T.);
#5062 = EDGE_CURVE('',#4972,#5012,#5063,.T.);
#5063 = LINE('',#5064,#5065);
#5064 = CARTESIAN_POINT('',(0.,490.,30.));
#5065 = VECTOR('',#5066,1.);
#5066 = DIRECTION('',(1.,0.,-0.));
#5067 = ORIENTED_EDGE('',*,*,#5011,.F.);
#5068 = PLANE('',#5069);
#5069 = AXIS2_PLACEMENT_3D('',#5070,#5071,#5072);
#5070 = CARTESIAN_POINT('',(0.,490.,0.));
#5071 = DIRECTION('',(-0.,1.,0.));
#5072 = DIRECTION('',(0.,0.,1.));
#5073 = ADVANCED_FACE('',(#5074),#5080,.F.);
#5074 = FACE_BOUND('',#5075,.F.);
#5075 = EDGE_LOOP('',(#5076,#5077,#5078,#5079));
#5076 = ORIENTED_EDGE('',*,*,#4963,.F.);
#5077 = ORIENTED_EDGE('',*,*,#5033,.T.);
#5078 = ORIENTED_EDGE('',*,*,#5003,.T.);
#5079 = ORIENTED_EDGE('',*,*,#5055,.F.);
#5080 = PLANE('',#5081);
#5081 = AXIS2_PLACEMENT_3D('',#5082,#5083,#5084);
#5082 = CARTESIAN_POINT('',(0.,0.,0.));
#5083 = DIRECTION('',(0.,0.,1.));
#5084 = DIRECTION('',(1.,0.,-0.));
#5085 = ADVANCED_FACE('',(#5086),#5092,.T.);
#5086 = FACE_BOUND('',#5087,.T.);
#5087 = EDGE_LOOP('',(#5088,#5089,#5090,#5091));
#5088 = ORIENTED_EDGE('',*,*,#4979,.F.);
#5089 = ORIENTED_EDGE('',*,*,#5040,.T.);
#5090 = ORIENTED_EDGE('',*,*,#5019,.T.);
#5091 = ORIENTED_EDGE('',*,*,#5062,.F.);
#5092 = PLANE('',#5093);
#5093 = AXIS2_PLACEMENT_3D('',#5094,#5095,#5096);
#5094 = CARTESIAN_POINT('',(0.,0.,30.));
#5095 = DIRECTION('',(0.,0.,1.));
#5096 = DIRECTION('',(1.,0.,-0.));
#5097 = ( GEOMETRIC_REPRESENTATION_CONTEXT(3) 
GLOBAL_UNCERTAINTY_ASSIGNED_CONTEXT((#5101)) 
GLOBAL_UNIT_ASSIGNED_CONTEXT((#5098,#5099,#5100)) REPRESENTATION_CONTEXT
('Context #1','3D Context with UNIT and UNCERTAINTY') );
#5098 = ( LENGTH_UNIT() NAMED_UNIT(*) SI_UNIT(.MILLI.,.METRE.) );
#5099 = ( NAMED_UNIT(*) PLANE_ANGLE_UNIT() SI_UNIT($,.RADIAN.) );
#5100 = ( NAMED_UNIT(*) SI_UNIT($,.STERADIAN.) SOLID_ANGLE_UNIT() );
#5101 = UNCERTAINTY_MEASURE_WITH_UNIT(LENGTH_MEASURE(1.E-07),#5098,
  'distance_accuracy_value','confusion accuracy');
#5102 = CONTEXT_DEPENDENT_SHAPE_REPRESENTATION(#5103,#5105);
#5103 = ( REPRESENTATION_RELATIONSHIP('','',#4946,#10) 
REPRESENTATION_RELATIONSHIP_WITH_TRANSFORMATION(#5104) 
SHAPE_REPRESENTATION_RELATIONSHIP() );
#5104 = ITEM_DEFINED_TRANSFORMATION('','',#11,#135);
#5105 = PRODUCT_DEFINITION_SHAPE('Placement','Placement of an item',
  #5106);
#5106 = NEXT_ASSEMBLY_USAGE_OCCURRENCE('31','Trav_Y_O_X0_R0','',#5,#4941
  ,$);
#5107 = PRODUCT_RELATED_PRODUCT_CATEGORY('part',$,(#4943));
#5108 = SHAPE_DEFINITION_REPRESENTATION(#5109,#5115);
#5109 = PRODUCT_DEFINITION_SHAPE('','',#5110);
#5110 = PRODUCT_DEFINITION('design','',#5111,#5114);
#5111 = PRODUCT_DEFINITION_FORMATION('','',#5112);
#5112 = PRODUCT('Trav_Y_O_X1_R0','Trav_Y_O_X1_R0','',(#5113));
#5113 = PRODUCT_CONTEXT('',#2,'mechanical');
#5114 = PRODUCT_DEFINITION_CONTEXT('part definition',#2,'design');
#5115 = ADVANCED_BREP_SHAPE_REPRESENTATION('',(#11,#5116),#5266);
#5116 = MANIFOLD_SOLID_BREP('',#5117);
#5117 = CLOSED_SHELL('',(#5118,#5158,#5198,#5220,#5242,#5254));
#5118 = ADVANCED_FACE('',(#5119),#5153,.F.);
#5119 = FACE_BOUND('',#5120,.F.);
#5120 = EDGE_LOOP('',(#5121,#5131,#5139,#5147));
#5121 = ORIENTED_EDGE('',*,*,#5122,.F.);
#5122 = EDGE_CURVE('',#5123,#5125,#5127,.T.);
#5123 = VERTEX_POINT('',#5124);
#5124 = CARTESIAN_POINT('',(0.,0.,0.));
#5125 = VERTEX_POINT('',#5126);
#5126 = CARTESIAN_POINT('',(0.,0.,30.));
#5127 = LINE('',#5128,#5129);
#5128 = CARTESIAN_POINT('',(0.,0.,0.));
#5129 = VECTOR('',#5130,1.);
#5130 = DIRECTION('',(0.,0.,1.));
#5131 = ORIENTED_EDGE('',*,*,#5132,.T.);
#5132 = EDGE_CURVE('',#5123,#5133,#5135,.T.);
#5133 = VERTEX_POINT('',#5134);
#5134 = CARTESIAN_POINT('',(0.,490.,0.));
#5135 = LINE('',#5136,#5137);
#5136 = CARTESIAN_POINT('',(0.,0.,0.));
#5137 = VECTOR('',#5138,1.);
#5138 = DIRECTION('',(-0.,1.,0.));
#5139 = ORIENTED_EDGE('',*,*,#5140,.T.);
#5140 = EDGE_CURVE('',#5133,#5141,#5143,.T.);
#5141 = VERTEX_POINT('',#5142);
#5142 = CARTESIAN_POINT('',(0.,490.,30.));
#5143 = LINE('',#5144,#5145);
#5144 = CARTESIAN_POINT('',(0.,490.,0.));
#5145 = VECTOR('',#5146,1.);
#5146 = DIRECTION('',(0.,0.,1.));
#5147 = ORIENTED_EDGE('',*,*,#5148,.F.);
#5148 = EDGE_CURVE('',#5125,#5141,#5149,.T.);
#5149 = LINE('',#5150,#5151);
#5150 = CARTESIAN_POINT('',(0.,0.,30.));
#5151 = VECTOR('',#5152,1.);
#5152 = DIRECTION('',(-0.,1.,0.));
#5153 = PLANE('',#5154);
#5154 = AXIS2_PLACEMENT_3D('',#5155,#5156,#5157);
#5155 = CARTESIAN_POINT('',(0.,0.,0.));
#5156 = DIRECTION('',(1.,0.,-0.));
#5157 = DIRECTION('',(0.,0.,1.));
#5158 = ADVANCED_FACE('',(#5159),#5193,.T.);
#5159 = FACE_BOUND('',#5160,.T.);
#5160 = EDGE_LOOP('',(#5161,#5171,#5179,#5187));
#5161 = ORIENTED_EDGE('',*,*,#5162,.F.);
#5162 = EDGE_CURVE('',#5163,#5165,#5167,.T.);
#5163 = VERTEX_POINT('',#5164);
#5164 = CARTESIAN_POINT('',(30.,0.,0.));
#5165 = VERTEX_POINT('',#5166);
#5166 = CARTESIAN_POINT('',(30.,0.,30.));
#5167 = LINE('',#5168,#5169);
#5168 = CARTESIAN_POINT('',(30.,0.,0.));
#5169 = VECTOR('',#5170,1.);
#5170 = DIRECTION('',(0.,0.,1.));
#5171 = ORIENTED_EDGE('',*,*,#5172,.T.);
#5172 = EDGE_CURVE('',#5163,#5173,#5175,.T.);
#5173 = VERTEX_POINT('',#5174);
#5174 = CARTESIAN_POINT('',(30.,490.,0.));
#5175 = LINE('',#5176,#5177);
#5176 = CARTESIAN_POINT('',(30.,0.,0.));
#5177 = VECTOR('',#5178,1.);
#5178 = DIRECTION('',(-0.,1.,0.));
#5179 = ORIENTED_EDGE('',*,*,#5180,.T.);
#5180 = EDGE_CURVE('',#5173,#5181,#5183,.T.);
#5181 = VERTEX_POINT('',#5182);
#5182 = CARTESIAN_POINT('',(30.,490.,30.));
#5183 = LINE('',#5184,#5185);
#5184 = CARTESIAN_POINT('',(30.,490.,0.));
#5185 = VECTOR('',#5186,1.);
#5186 = DIRECTION('',(0.,0.,1.));
#5187 = ORIENTED_EDGE('',*,*,#5188,.F.);
#5188 = EDGE_CURVE('',#5165,#5181,#5189,.T.);
#5189 = LINE('',#5190,#5191);
#5190 = CARTESIAN_POINT('',(30.,0.,30.));
#5191 = VECTOR('',#5192,1.);
#5192 = DIRECTION('',(-0.,1.,0.));
#5193 = PLANE('',#5194);
#5194 = AXIS2_PLACEMENT_3D('',#5195,#5196,#5197);
#5195 = CARTESIAN_POINT('',(30.,0.,0.));
#5196 = DIRECTION('',(1.,0.,-0.));
#5197 = DIRECTION('',(0.,0.,1.));
#5198 = ADVANCED_FACE('',(#5199),#5215,.F.);
#5199 = FACE_BOUND('',#5200,.F.);
#5200 = EDGE_LOOP('',(#5201,#5207,#5208,#5214));
#5201 = ORIENTED_EDGE('',*,*,#5202,.F.);
#5202 = EDGE_CURVE('',#5123,#5163,#5203,.T.);
#5203 = LINE('',#5204,#5205);
#5204 = CARTESIAN_POINT('',(0.,0.,0.));
#5205 = VECTOR('',#5206,1.);
#5206 = DIRECTION('',(1.,0.,-0.));
#5207 = ORIENTED_EDGE('',*,*,#5122,.T.);
#5208 = ORIENTED_EDGE('',*,*,#5209,.T.);
#5209 = EDGE_CURVE('',#5125,#5165,#5210,.T.);
#5210 = LINE('',#5211,#5212);
#5211 = CARTESIAN_POINT('',(0.,0.,30.));
#5212 = VECTOR('',#5213,1.);
#5213 = DIRECTION('',(1.,0.,-0.));
#5214 = ORIENTED_EDGE('',*,*,#5162,.F.);
#5215 = PLANE('',#5216);
#5216 = AXIS2_PLACEMENT_3D('',#5217,#5218,#5219);
#5217 = CARTESIAN_POINT('',(0.,0.,0.));
#5218 = DIRECTION('',(-0.,1.,0.));
#5219 = DIRECTION('',(0.,0.,1.));
#5220 = ADVANCED_FACE('',(#5221),#5237,.T.);
#5221 = FACE_BOUND('',#5222,.T.);
#5222 = EDGE_LOOP('',(#5223,#5229,#5230,#5236));
#5223 = ORIENTED_EDGE('',*,*,#5224,.F.);
#5224 = EDGE_CURVE('',#5133,#5173,#5225,.T.);
#5225 = LINE('',#5226,#5227);
#5226 = CARTESIAN_POINT('',(0.,490.,0.));
#5227 = VECTOR('',#5228,1.);
#5228 = DIRECTION('',(1.,0.,-0.));
#5229 = ORIENTED_EDGE('',*,*,#5140,.T.);
#5230 = ORIENTED_EDGE('',*,*,#5231,.T.);
#5231 = EDGE_CURVE('',#5141,#5181,#5232,.T.);
#5232 = LINE('',#5233,#5234);
#5233 = CARTESIAN_POINT('',(0.,490.,30.));
#5234 = VECTOR('',#5235,1.);
#5235 = DIRECTION('',(1.,0.,-0.));
#5236 = ORIENTED_EDGE('',*,*,#5180,.F.);
#5237 = PLANE('',#5238);
#5238 = AXIS2_PLACEMENT_3D('',#5239,#5240,#5241);
#5239 = CARTESIAN_POINT('',(0.,490.,0.));
#5240 = DIRECTION('',(-0.,1.,0.));
#5241 = DIRECTION('',(0.,0.,1.));
#5242 = ADVANCED_FACE('',(#5243),#5249,.F.);
#5243 = FACE_BOUND('',#5244,.F.);
#5244 = EDGE_LOOP('',(#5245,#5246,#5247,#5248));
#5245 = ORIENTED_EDGE('',*,*,#5132,.F.);
#5246 = ORIENTED_EDGE('',*,*,#5202,.T.);
#5247 = ORIENTED_EDGE('',*,*,#5172,.T.);
#5248 = ORIENTED_EDGE('',*,*,#5224,.F.);
#5249 = PLANE('',#5250);
#5250 = AXIS2_PLACEMENT_3D('',#5251,#5252,#5253);
#5251 = CARTESIAN_POINT('',(0.,0.,0.));
#5252 = DIRECTION('',(0.,0.,1.));
#5253 = DIRECTION('',(1.,0.,-0.));
#5254 = ADVANCED_FACE('',(#5255),#5261,.T.);
#5255 = FACE_BOUND('',#5256,.T.);
#5256 = EDGE_LOOP('',(#5257,#5258,#5259,#5260));
#5257 = ORIENTED_EDGE('',*,*,#5148,.F.);
#5258 = ORIENTED_EDGE('',*,*,#5209,.T.);
#5259 = ORIENTED_EDGE('',*,*,#5188,.T.);
#5260 = ORIENTED_EDGE('',*,*,#5231,.F.);
#5261 = PLANE('',#5262);
#5262 = AXIS2_PLACEMENT_3D('',#5263,#5264,#5265);
#5263 = CARTESIAN_POINT('',(0.,0.,30.));
#5264 = DIRECTION('',(0.,0.,1.));
#5265 = DIRECTION('',(1.,0.,-0.));
#5266 = ( GEOMETRIC_REPRESENTATION_CONTEXT(3) 
GLOBAL_UNCERTAINTY_ASSIGNED_CONTEXT((#5270)) 
GLOBAL_UNIT_ASSIGNED_CONTEXT((#5267,#5268,#5269)) REPRESENTATION_CONTEXT
('Context #1','3D Context with UNIT and UNCERTAINTY') );
#5267 = ( LENGTH_UNIT() NAMED_UNIT(*) SI_UNIT(.MILLI.,.METRE.) );
#5268 = ( NAMED_UNIT(*) PLANE_ANGLE_UNIT() SI_UNIT($,.RADIAN.) );
#5269 = ( NAMED_UNIT(*) SI_UNIT($,.STERADIAN.) SOLID_ANGLE_UNIT() );
#5270 = UNCERTAINTY_MEASURE_WITH_UNIT(LENGTH_MEASURE(1.E-07),#5267,
  'distance_accuracy_value','confusion accuracy');
#5271 = CONTEXT_DEPENDENT_SHAPE_REPRESENTATION(#5272,#5274);
#5272 = ( REPRESENTATION_RELATIONSHIP('','',#5115,#10) 
REPRESENTATION_RELATIONSHIP_WITH_TRANSFORMATION(#5273) 
SHAPE_REPRESENTATION_RELATIONSHIP() );
#5273 = ITEM_DEFINED_TRANSFORMATION('','',#11,#139);
#5274 = PRODUCT_DEFINITION_SHAPE('Placement','Placement of an item',
  #5275);
#5275 = NEXT_ASSEMBLY_USAGE_OCCURRENCE('32','Trav_Y_O_X1_R0','',#5,#5110
  ,$);
#5276 = PRODUCT_RELATED_PRODUCT_CATEGORY('part',$,(#5112));
#5277 = SHAPE_DEFINITION_REPRESENTATION(#5278,#5284);
#5278 = PRODUCT_DEFINITION_SHAPE('','',#5279);
#5279 = PRODUCT_DEFINITION('design','',#5280,#5283);
#5280 = PRODUCT_DEFINITION_FORMATION('','',#5281);
#5281 = PRODUCT('Wandlasche_links_v','Wandlasche_links_v','',(#5282));
#5282 = PRODUCT_CONTEXT('',#2,'mechanical');
#5283 = PRODUCT_DEFINITION_CONTEXT('part definition',#2,'design');
#5284 = ADVANCED_BREP_SHAPE_REPRESENTATION('',(#11,#5285),#5435);
#5285 = MANIFOLD_SOLID_BREP('',#5286);
#5286 = CLOSED_SHELL('',(#5287,#5327,#5367,#5389,#5411,#5423));
#5287 = ADVANCED_FACE('',(#5288),#5322,.F.);
#5288 = FACE_BOUND('',#5289,.F.);
#5289 = EDGE_LOOP('',(#5290,#5300,#5308,#5316));
#5290 = ORIENTED_EDGE('',*,*,#5291,.F.);
#5291 = EDGE_CURVE('',#5292,#5294,#5296,.T.);
#5292 = VERTEX_POINT('',#5293);
#5293 = CARTESIAN_POINT('',(0.,0.,0.));
#5294 = VERTEX_POINT('',#5295);
#5295 = CARTESIAN_POINT('',(0.,0.,3.));
#5296 = LINE('',#5297,#5298);
#5297 = CARTESIAN_POINT('',(0.,0.,0.));
#5298 = VECTOR('',#5299,1.);
#5299 = DIRECTION('',(0.,0.,1.));
#5300 = ORIENTED_EDGE('',*,*,#5301,.T.);
#5301 = EDGE_CURVE('',#5292,#5302,#5304,.T.);
#5302 = VERTEX_POINT('',#5303);
#5303 = CARTESIAN_POINT('',(0.,60.,0.));
#5304 = LINE('',#5305,#5306);
#5305 = CARTESIAN_POINT('',(0.,0.,0.));
#5306 = VECTOR('',#5307,1.);
#5307 = DIRECTION('',(-0.,1.,0.));
#5308 = ORIENTED_EDGE('',*,*,#5309,.T.);
#5309 = EDGE_CURVE('',#5302,#5310,#5312,.T.);
#5310 = VERTEX_POINT('',#5311);
#5311 = CARTESIAN_POINT('',(0.,60.,3.));
#5312 = LINE('',#5313,#5314);
#5313 = CARTESIAN_POINT('',(0.,60.,0.));
#5314 = VECTOR('',#5315,1.);
#5315 = DIRECTION('',(0.,0.,1.));
#5316 = ORIENTED_EDGE('',*,*,#5317,.F.);
#5317 = EDGE_CURVE('',#5294,#5310,#5318,.T.);
#5318 = LINE('',#5319,#5320);
#5319 = CARTESIAN_POINT('',(0.,0.,3.));
#5320 = VECTOR('',#5321,1.);
#5321 = DIRECTION('',(-0.,1.,0.));
#5322 = PLANE('',#5323);
#5323 = AXIS2_PLACEMENT_3D('',#5324,#5325,#5326);
#5324 = CARTESIAN_POINT('',(0.,0.,0.));
#5325 = DIRECTION('',(1.,0.,-0.));
#5326 = DIRECTION('',(0.,0.,1.));
#5327 = ADVANCED_FACE('',(#5328),#5362,.T.);
#5328 = FACE_BOUND('',#5329,.T.);
#5329 = EDGE_LOOP('',(#5330,#5340,#5348,#5356));
#5330 = ORIENTED_EDGE('',*,*,#5331,.F.);
#5331 = EDGE_CURVE('',#5332,#5334,#5336,.T.);
#5332 = VERTEX_POINT('',#5333);
#5333 = CARTESIAN_POINT('',(30.,0.,0.));
#5334 = VERTEX_POINT('',#5335);
#5335 = CARTESIAN_POINT('',(30.,0.,3.));
#5336 = LINE('',#5337,#5338);
#5337 = CARTESIAN_POINT('',(30.,0.,0.));
#5338 = VECTOR('',#5339,1.);
#5339 = DIRECTION('',(0.,0.,1.));
#5340 = ORIENTED_EDGE('',*,*,#5341,.T.);
#5341 = EDGE_CURVE('',#5332,#5342,#5344,.T.);
#5342 = VERTEX_POINT('',#5343);
#5343 = CARTESIAN_POINT('',(30.,60.,0.));
#5344 = LINE('',#5345,#5346);
#5345 = CARTESIAN_POINT('',(30.,0.,0.));
#5346 = VECTOR('',#5347,1.);
#5347 = DIRECTION('',(-0.,1.,0.));
#5348 = ORIENTED_EDGE('',*,*,#5349,.T.);
#5349 = EDGE_CURVE('',#5342,#5350,#5352,.T.);
#5350 = VERTEX_POINT('',#5351);
#5351 = CARTESIAN_POINT('',(30.,60.,3.));
#5352 = LINE('',#5353,#5354);
#5353 = CARTESIAN_POINT('',(30.,60.,0.));
#5354 = VECTOR('',#5355,1.);
#5355 = DIRECTION('',(0.,0.,1.));
#5356 = ORIENTED_EDGE('',*,*,#5357,.F.);
#5357 = EDGE_CURVE('',#5334,#5350,#5358,.T.);
#5358 = LINE('',#5359,#5360);
#5359 = CARTESIAN_POINT('',(30.,0.,3.));
#5360 = VECTOR('',#5361,1.);
#5361 = DIRECTION('',(-0.,1.,0.));
#5362 = PLANE('',#5363);
#5363 = AXIS2_PLACEMENT_3D('',#5364,#5365,#5366);
#5364 = CARTESIAN_POINT('',(30.,0.,0.));
#5365 = DIRECTION('',(1.,0.,-0.));
#5366 = DIRECTION('',(0.,0.,1.));
#5367 = ADVANCED_FACE('',(#5368),#5384,.F.);
#5368 = FACE_BOUND('',#5369,.F.);
#5369 = EDGE_LOOP('',(#5370,#5376,#5377,#5383));
#5370 = ORIENTED_EDGE('',*,*,#5371,.F.);
#5371 = EDGE_CURVE('',#5292,#5332,#5372,.T.);
#5372 = LINE('',#5373,#5374);
#5373 = CARTESIAN_POINT('',(0.,0.,0.));
#5374 = VECTOR('',#5375,1.);
#5375 = DIRECTION('',(1.,0.,-0.));
#5376 = ORIENTED_EDGE('',*,*,#5291,.T.);
#5377 = ORIENTED_EDGE('',*,*,#5378,.T.);
#5378 = EDGE_CURVE('',#5294,#5334,#5379,.T.);
#5379 = LINE('',#5380,#5381);
#5380 = CARTESIAN_POINT('',(0.,0.,3.));
#5381 = VECTOR('',#5382,1.);
#5382 = DIRECTION('',(1.,0.,-0.));
#5383 = ORIENTED_EDGE('',*,*,#5331,.F.);
#5384 = PLANE('',#5385);
#5385 = AXIS2_PLACEMENT_3D('',#5386,#5387,#5388);
#5386 = CARTESIAN_POINT('',(0.,0.,0.));
#5387 = DIRECTION('',(-0.,1.,0.));
#5388 = DIRECTION('',(0.,0.,1.));
#5389 = ADVANCED_FACE('',(#5390),#5406,.T.);
#5390 = FACE_BOUND('',#5391,.T.);
#5391 = EDGE_LOOP('',(#5392,#5398,#5399,#5405));
#5392 = ORIENTED_EDGE('',*,*,#5393,.F.);
#5393 = EDGE_CURVE('',#5302,#5342,#5394,.T.);
#5394 = LINE('',#5395,#5396);
#5395 = CARTESIAN_POINT('',(0.,60.,0.));
#5396 = VECTOR('',#5397,1.);
#5397 = DIRECTION('',(1.,0.,-0.));
#5398 = ORIENTED_EDGE('',*,*,#5309,.T.);
#5399 = ORIENTED_EDGE('',*,*,#5400,.T.);
#5400 = EDGE_CURVE('',#5310,#5350,#5401,.T.);
#5401 = LINE('',#5402,#5403);
#5402 = CARTESIAN_POINT('',(0.,60.,3.));
#5403 = VECTOR('',#5404,1.);
#5404 = DIRECTION('',(1.,0.,-0.));
#5405 = ORIENTED_EDGE('',*,*,#5349,.F.);
#5406 = PLANE('',#5407);
#5407 = AXIS2_PLACEMENT_3D('',#5408,#5409,#5410);
#5408 = CARTESIAN_POINT('',(0.,60.,0.));
#5409 = DIRECTION('',(-0.,1.,0.));
#5410 = DIRECTION('',(0.,0.,1.));
#5411 = ADVANCED_FACE('',(#5412),#5418,.F.);
#5412 = FACE_BOUND('',#5413,.F.);
#5413 = EDGE_LOOP('',(#5414,#5415,#5416,#5417));
#5414 = ORIENTED_EDGE('',*,*,#5301,.F.);
#5415 = ORIENTED_EDGE('',*,*,#5371,.T.);
#5416 = ORIENTED_EDGE('',*,*,#5341,.T.);
#5417 = ORIENTED_EDGE('',*,*,#5393,.F.);
#5418 = PLANE('',#5419);
#5419 = AXIS2_PLACEMENT_3D('',#5420,#5421,#5422);
#5420 = CARTESIAN_POINT('',(0.,0.,0.));
#5421 = DIRECTION('',(0.,0.,1.));
#5422 = DIRECTION('',(1.,0.,-0.));
#5423 = ADVANCED_FACE('',(#5424),#5430,.T.);
#5424 = FACE_BOUND('',#5425,.T.);
#5425 = EDGE_LOOP('',(#5426,#5427,#5428,#5429));
#5426 = ORIENTED_EDGE('',*,*,#5317,.F.);
#5427 = ORIENTED_EDGE('',*,*,#5378,.T.);
#5428 = ORIENTED_EDGE('',*,*,#5357,.T.);
#5429 = ORIENTED_EDGE('',*,*,#5400,.F.);
#5430 = PLANE('',#5431);
#5431 = AXIS2_PLACEMENT_3D('',#5432,#5433,#5434);
#5432 = CARTESIAN_POINT('',(0.,0.,3.));
#5433 = DIRECTION('',(0.,0.,1.));
#5434 = DIRECTION('',(1.,0.,-0.));
#5435 = ( GEOMETRIC_REPRESENTATION_CONTEXT(3) 
GLOBAL_UNCERTAINTY_ASSIGNED_CONTEXT((#5439)) 
GLOBAL_UNIT_ASSIGNED_CONTEXT((#5436,#5437,#5438)) REPRESENTATION_CONTEXT
('Context #1','3D Context with UNIT and UNCERTAINTY') );
#5436 = ( LENGTH_UNIT() NAMED_UNIT(*) SI_UNIT(.MILLI.,.METRE.) );
#5437 = ( NAMED_UNIT(*) PLANE_ANGLE_UNIT() SI_UNIT($,.RADIAN.) );
#5438 = ( NAMED_UNIT(*) SI_UNIT($,.STERADIAN.) SOLID_ANGLE_UNIT() );
#5439 = UNCERTAINTY_MEASURE_WITH_UNIT(LENGTH_MEASURE(1.E-07),#5436,
  'distance_accuracy_value','confusion accuracy');
#5440 = CONTEXT_DEPENDENT_SHAPE_REPRESENTATION(#5441,#5443);
#5441 = ( REPRESENTATION_RELATIONSHIP('','',#5284,#10) 
REPRESENTATION_RELATIONSHIP_WITH_TRANSFORMATION(#5442) 
SHAPE_REPRESENTATION_RELATIONSHIP() );
#5442 = ITEM_DEFINED_TRANSFORMATION('','',#11,#143);
#5443 = PRODUCT_DEFINITION_SHAPE('Placement','Placement of an item',
  #5444);
#5444 = NEXT_ASSEMBLY_USAGE_OCCURRENCE('33','Wandlasche_links_v','',#5,
  #5279,$);
#5445 = PRODUCT_RELATED_PRODUCT_CATEGORY('part',$,(#5281));
#5446 = SHAPE_DEFINITION_REPRESENTATION(#5447,#5453);
#5447 = PRODUCT_DEFINITION_SHAPE('','',#5448);
#5448 = PRODUCT_DEFINITION('design','',#5449,#5452);
#5449 = PRODUCT_DEFINITION_FORMATION('','',#5450);
#5450 = PRODUCT('Wandlasche_links_h','Wandlasche_links_h','',(#5451));
#5451 = PRODUCT_CONTEXT('',#2,'mechanical');
#5452 = PRODUCT_DEFINITION_CONTEXT('part definition',#2,'design');
#5453 = ADVANCED_BREP_SHAPE_REPRESENTATION('',(#11,#5454),#5604);
#5454 = MANIFOLD_SOLID_BREP('',#5455);
#5455 = CLOSED_SHELL('',(#5456,#5496,#5536,#5558,#5580,#5592));
#5456 = ADVANCED_FACE('',(#5457),#5491,.F.);
#5457 = FACE_BOUND('',#5458,.F.);
#5458 = EDGE_LOOP('',(#5459,#5469,#5477,#5485));
#5459 = ORIENTED_EDGE('',*,*,#5460,.F.);
#5460 = EDGE_CURVE('',#5461,#5463,#5465,.T.);
#5461 = VERTEX_POINT('',#5462);
#5462 = CARTESIAN_POINT('',(0.,0.,0.));
#5463 = VERTEX_POINT('',#5464);
#5464 = CARTESIAN_POINT('',(0.,0.,80.));
#5465 = LINE('',#5466,#5467);
#5466 = CARTESIAN_POINT('',(0.,0.,0.));
#5467 = VECTOR('',#5468,1.);
#5468 = DIRECTION('',(0.,0.,1.));
#5469 = ORIENTED_EDGE('',*,*,#5470,.T.);
#5470 = EDGE_CURVE('',#5461,#5471,#5473,.T.);
#5471 = VERTEX_POINT('',#5472);
#5472 = CARTESIAN_POINT('',(0.,3.,0.));
#5473 = LINE('',#5474,#5475);
#5474 = CARTESIAN_POINT('',(0.,0.,0.));
#5475 = VECTOR('',#5476,1.);
#5476 = DIRECTION('',(-0.,1.,0.));
#5477 = ORIENTED_EDGE('',*,*,#5478,.T.);
#5478 = EDGE_CURVE('',#5471,#5479,#5481,.T.);
#5479 = VERTEX_POINT('',#5480);
#5480 = CARTESIAN_POINT('',(0.,3.,80.));
#5481 = LINE('',#5482,#5483);
#5482 = CARTESIAN_POINT('',(0.,3.,0.));
#5483 = VECTOR('',#5484,1.);
#5484 = DIRECTION('',(0.,0.,1.));
#5485 = ORIENTED_EDGE('',*,*,#5486,.F.);
#5486 = EDGE_CURVE('',#5463,#5479,#5487,.T.);
#5487 = LINE('',#5488,#5489);
#5488 = CARTESIAN_POINT('',(0.,0.,80.));
#5489 = VECTOR('',#5490,1.);
#5490 = DIRECTION('',(-0.,1.,0.));
#5491 = PLANE('',#5492);
#5492 = AXIS2_PLACEMENT_3D('',#5493,#5494,#5495);
#5493 = CARTESIAN_POINT('',(0.,0.,0.));
#5494 = DIRECTION('',(1.,0.,-0.));
#5495 = DIRECTION('',(0.,0.,1.));
#5496 = ADVANCED_FACE('',(#5497),#5531,.T.);
#5497 = FACE_BOUND('',#5498,.T.);
#5498 = EDGE_LOOP('',(#5499,#5509,#5517,#5525));
#5499 = ORIENTED_EDGE('',*,*,#5500,.F.);
#5500 = EDGE_CURVE('',#5501,#5503,#5505,.T.);
#5501 = VERTEX_POINT('',#5502);
#5502 = CARTESIAN_POINT('',(30.,0.,0.));
#5503 = VERTEX_POINT('',#5504);
#5504 = CARTESIAN_POINT('',(30.,0.,80.));
#5505 = LINE('',#5506,#5507);
#5506 = CARTESIAN_POINT('',(30.,0.,0.));
#5507 = VECTOR('',#5508,1.);
#5508 = DIRECTION('',(0.,0.,1.));
#5509 = ORIENTED_EDGE('',*,*,#5510,.T.);
#5510 = EDGE_CURVE('',#5501,#5511,#5513,.T.);
#5511 = VERTEX_POINT('',#5512);
#5512 = CARTESIAN_POINT('',(30.,3.,0.));
#5513 = LINE('',#5514,#5515);
#5514 = CARTESIAN_POINT('',(30.,0.,0.));
#5515 = VECTOR('',#5516,1.);
#5516 = DIRECTION('',(-0.,1.,0.));
#5517 = ORIENTED_EDGE('',*,*,#5518,.T.);
#5518 = EDGE_CURVE('',#5511,#5519,#5521,.T.);
#5519 = VERTEX_POINT('',#5520);
#5520 = CARTESIAN_POINT('',(30.,3.,80.));
#5521 = LINE('',#5522,#5523);
#5522 = CARTESIAN_POINT('',(30.,3.,0.));
#5523 = VECTOR('',#5524,1.);
#5524 = DIRECTION('',(0.,0.,1.));
#5525 = ORIENTED_EDGE('',*,*,#5526,.F.);
#5526 = EDGE_CURVE('',#5503,#5519,#5527,.T.);
#5527 = LINE('',#5528,#5529);
#5528 = CARTESIAN_POINT('',(30.,0.,80.));
#5529 = VECTOR('',#5530,1.);
#5530 = DIRECTION('',(-0.,1.,0.));
#5531 = PLANE('',#5532);
#5532 = AXIS2_PLACEMENT_3D('',#5533,#5534,#5535);
#5533 = CARTESIAN_POINT('',(30.,0.,0.));
#5534 = DIRECTION('',(1.,0.,-0.));
#5535 = DIRECTION('',(0.,0.,1.));
#5536 = ADVANCED_FACE('',(#5537),#5553,.F.);
#5537 = FACE_BOUND('',#5538,.F.);
#5538 = EDGE_LOOP('',(#5539,#5545,#5546,#5552));
#5539 = ORIENTED_EDGE('',*,*,#5540,.F.);
#5540 = EDGE_CURVE('',#5461,#5501,#5541,.T.);
#5541 = LINE('',#5542,#5543);
#5542 = CARTESIAN_POINT('',(0.,0.,0.));
#5543 = VECTOR('',#5544,1.);
#5544 = DIRECTION('',(1.,0.,-0.));
#5545 = ORIENTED_EDGE('',*,*,#5460,.T.);
#5546 = ORIENTED_EDGE('',*,*,#5547,.T.);
#5547 = EDGE_CURVE('',#5463,#5503,#5548,.T.);
#5548 = LINE('',#5549,#5550);
#5549 = CARTESIAN_POINT('',(0.,0.,80.));
#5550 = VECTOR('',#5551,1.);
#5551 = DIRECTION('',(1.,0.,-0.));
#5552 = ORIENTED_EDGE('',*,*,#5500,.F.);
#5553 = PLANE('',#5554);
#5554 = AXIS2_PLACEMENT_3D('',#5555,#5556,#5557);
#5555 = CARTESIAN_POINT('',(0.,0.,0.));
#5556 = DIRECTION('',(-0.,1.,0.));
#5557 = DIRECTION('',(0.,0.,1.));
#5558 = ADVANCED_FACE('',(#5559),#5575,.T.);
#5559 = FACE_BOUND('',#5560,.T.);
#5560 = EDGE_LOOP('',(#5561,#5567,#5568,#5574));
#5561 = ORIENTED_EDGE('',*,*,#5562,.F.);
#5562 = EDGE_CURVE('',#5471,#5511,#5563,.T.);
#5563 = LINE('',#5564,#5565);
#5564 = CARTESIAN_POINT('',(0.,3.,0.));
#5565 = VECTOR('',#5566,1.);
#5566 = DIRECTION('',(1.,0.,-0.));
#5567 = ORIENTED_EDGE('',*,*,#5478,.T.);
#5568 = ORIENTED_EDGE('',*,*,#5569,.T.);
#5569 = EDGE_CURVE('',#5479,#5519,#5570,.T.);
#5570 = LINE('',#5571,#5572);
#5571 = CARTESIAN_POINT('',(0.,3.,80.));
#5572 = VECTOR('',#5573,1.);
#5573 = DIRECTION('',(1.,0.,-0.));
#5574 = ORIENTED_EDGE('',*,*,#5518,.F.);
#5575 = PLANE('',#5576);
#5576 = AXIS2_PLACEMENT_3D('',#5577,#5578,#5579);
#5577 = CARTESIAN_POINT('',(0.,3.,0.));
#5578 = DIRECTION('',(-0.,1.,0.));
#5579 = DIRECTION('',(0.,0.,1.));
#5580 = ADVANCED_FACE('',(#5581),#5587,.F.);
#5581 = FACE_BOUND('',#5582,.F.);
#5582 = EDGE_LOOP('',(#5583,#5584,#5585,#5586));
#5583 = ORIENTED_EDGE('',*,*,#5470,.F.);
#5584 = ORIENTED_EDGE('',*,*,#5540,.T.);
#5585 = ORIENTED_EDGE('',*,*,#5510,.T.);
#5586 = ORIENTED_EDGE('',*,*,#5562,.F.);
#5587 = PLANE('',#5588);
#5588 = AXIS2_PLACEMENT_3D('',#5589,#5590,#5591);
#5589 = CARTESIAN_POINT('',(0.,0.,0.));
#5590 = DIRECTION('',(0.,0.,1.));
#5591 = DIRECTION('',(1.,0.,-0.));
#5592 = ADVANCED_FACE('',(#5593),#5599,.T.);
#5593 = FACE_BOUND('',#5594,.T.);
#5594 = EDGE_LOOP('',(#5595,#5596,#5597,#5598));
#5595 = ORIENTED_EDGE('',*,*,#5486,.F.);
#5596 = ORIENTED_EDGE('',*,*,#5547,.T.);
#5597 = ORIENTED_EDGE('',*,*,#5526,.T.);
#5598 = ORIENTED_EDGE('',*,*,#5569,.F.);
#5599 = PLANE('',#5600);
#5600 = AXIS2_PLACEMENT_3D('',#5601,#5602,#5603);
#5601 = CARTESIAN_POINT('',(0.,0.,80.));
#5602 = DIRECTION('',(0.,0.,1.));
#5603 = DIRECTION('',(1.,0.,-0.));
#5604 = ( GEOMETRIC_REPRESENTATION_CONTEXT(3) 
GLOBAL_UNCERTAINTY_ASSIGNED_CONTEXT((#5608)) 
GLOBAL_UNIT_ASSIGNED_CONTEXT((#5605,#5606,#5607)) REPRESENTATION_CONTEXT
('Context #1','3D Context with UNIT and UNCERTAINTY') );
#5605 = ( LENGTH_UNIT() NAMED_UNIT(*) SI_UNIT(.MILLI.,.METRE.) );
#5606 = ( NAMED_UNIT(*) PLANE_ANGLE_UNIT() SI_UNIT($,.RADIAN.) );
#5607 = ( NAMED_UNIT(*) SI_UNIT($,.STERADIAN.) SOLID_ANGLE_UNIT() );
#5608 = UNCERTAINTY_MEASURE_WITH_UNIT(LENGTH_MEASURE(1.E-07),#5605,
  'distance_accuracy_value','confusion accuracy');
#5609 = CONTEXT_DEPENDENT_SHAPE_REPRESENTATION(#5610,#5612);
#5610 = ( REPRESENTATION_RELATIONSHIP('','',#5453,#10) 
REPRESENTATION_RELATIONSHIP_WITH_TRANSFORMATION(#5611) 
SHAPE_REPRESENTATION_RELATIONSHIP() );
#5611 = ITEM_DEFINED_TRANSFORMATION('','',#11,#147);
#5612 = PRODUCT_DEFINITION_SHAPE('Placement','Placement of an item',
  #5613);
#5613 = NEXT_ASSEMBLY_USAGE_OCCURRENCE('34','Wandlasche_links_h','',#5,
  #5448,$);
#5614 = PRODUCT_RELATED_PRODUCT_CATEGORY('part',$,(#5450));
#5615 = SHAPE_DEFINITION_REPRESENTATION(#5616,#5622);
#5616 = PRODUCT_DEFINITION_SHAPE('','',#5617);
#5617 = PRODUCT_DEFINITION('design','',#5618,#5621);
#5618 = PRODUCT_DEFINITION_FORMATION('','',#5619);
#5619 = PRODUCT('Wandlasche_rechts_v','Wandlasche_rechts_v','',(#5620));
#5620 = PRODUCT_CONTEXT('',#2,'mechanical');
#5621 = PRODUCT_DEFINITION_CONTEXT('part definition',#2,'design');
#5622 = ADVANCED_BREP_SHAPE_REPRESENTATION('',(#11,#5623),#5773);
#5623 = MANIFOLD_SOLID_BREP('',#5624);
#5624 = CLOSED_SHELL('',(#5625,#5665,#5705,#5727,#5749,#5761));
#5625 = ADVANCED_FACE('',(#5626),#5660,.F.);
#5626 = FACE_BOUND('',#5627,.F.);
#5627 = EDGE_LOOP('',(#5628,#5638,#5646,#5654));
#5628 = ORIENTED_EDGE('',*,*,#5629,.F.);
#5629 = EDGE_CURVE('',#5630,#5632,#5634,.T.);
#5630 = VERTEX_POINT('',#5631);
#5631 = CARTESIAN_POINT('',(0.,0.,0.));
#5632 = VERTEX_POINT('',#5633);
#5633 = CARTESIAN_POINT('',(0.,0.,3.));
#5634 = LINE('',#5635,#5636);
#5635 = CARTESIAN_POINT('',(0.,0.,0.));
#5636 = VECTOR('',#5637,1.);
#5637 = DIRECTION('',(0.,0.,1.));
#5638 = ORIENTED_EDGE('',*,*,#5639,.T.);
#5639 = EDGE_CURVE('',#5630,#5640,#5642,.T.);
#5640 = VERTEX_POINT('',#5641);
#5641 = CARTESIAN_POINT('',(0.,60.,0.));
#5642 = LINE('',#5643,#5644);
#5643 = CARTESIAN_POINT('',(0.,0.,0.));
#5644 = VECTOR('',#5645,1.);
#5645 = DIRECTION('',(-0.,1.,0.));
#5646 = ORIENTED_EDGE('',*,*,#5647,.T.);
#5647 = EDGE_CURVE('',#5640,#5648,#5650,.T.);
#5648 = VERTEX_POINT('',#5649);
#5649 = CARTESIAN_POINT('',(0.,60.,3.));
#5650 = LINE('',#5651,#5652);
#5651 = CARTESIAN_POINT('',(0.,60.,0.));
#5652 = VECTOR('',#5653,1.);
#5653 = DIRECTION('',(0.,0.,1.));
#5654 = ORIENTED_EDGE('',*,*,#5655,.F.);
#5655 = EDGE_CURVE('',#5632,#5648,#5656,.T.);
#5656 = LINE('',#5657,#5658);
#5657 = CARTESIAN_POINT('',(0.,0.,3.));
#5658 = VECTOR('',#5659,1.);
#5659 = DIRECTION('',(-0.,1.,0.));
#5660 = PLANE('',#5661);
#5661 = AXIS2_PLACEMENT_3D('',#5662,#5663,#5664);
#5662 = CARTESIAN_POINT('',(0.,0.,0.));
#5663 = DIRECTION('',(1.,0.,-0.));
#5664 = DIRECTION('',(0.,0.,1.));
#5665 = ADVANCED_FACE('',(#5666),#5700,.T.);
#5666 = FACE_BOUND('',#5667,.T.);
#5667 = EDGE_LOOP('',(#5668,#5678,#5686,#5694));
#5668 = ORIENTED_EDGE('',*,*,#5669,.F.);
#5669 = EDGE_CURVE('',#5670,#5672,#5674,.T.);
#5670 = VERTEX_POINT('',#5671);
#5671 = CARTESIAN_POINT('',(30.,0.,0.));
#5672 = VERTEX_POINT('',#5673);
#5673 = CARTESIAN_POINT('',(30.,0.,3.));
#5674 = LINE('',#5675,#5676);
#5675 = CARTESIAN_POINT('',(30.,0.,0.));
#5676 = VECTOR('',#5677,1.);
#5677 = DIRECTION('',(0.,0.,1.));
#5678 = ORIENTED_EDGE('',*,*,#5679,.T.);
#5679 = EDGE_CURVE('',#5670,#5680,#5682,.T.);
#5680 = VERTEX_POINT('',#5681);
#5681 = CARTESIAN_POINT('',(30.,60.,0.));
#5682 = LINE('',#5683,#5684);
#5683 = CARTESIAN_POINT('',(30.,0.,0.));
#5684 = VECTOR('',#5685,1.);
#5685 = DIRECTION('',(-0.,1.,0.));
#5686 = ORIENTED_EDGE('',*,*,#5687,.T.);
#5687 = EDGE_CURVE('',#5680,#5688,#5690,.T.);
#5688 = VERTEX_POINT('',#5689);
#5689 = CARTESIAN_POINT('',(30.,60.,3.));
#5690 = LINE('',#5691,#5692);
#5691 = CARTESIAN_POINT('',(30.,60.,0.));
#5692 = VECTOR('',#5693,1.);
#5693 = DIRECTION('',(0.,0.,1.));
#5694 = ORIENTED_EDGE('',*,*,#5695,.F.);
#5695 = EDGE_CURVE('',#5672,#5688,#5696,.T.);
#5696 = LINE('',#5697,#5698);
#5697 = CARTESIAN_POINT('',(30.,0.,3.));
#5698 = VECTOR('',#5699,1.);
#5699 = DIRECTION('',(-0.,1.,0.));
#5700 = PLANE('',#5701);
#5701 = AXIS2_PLACEMENT_3D('',#5702,#5703,#5704);
#5702 = CARTESIAN_POINT('',(30.,0.,0.));
#5703 = DIRECTION('',(1.,0.,-0.));
#5704 = DIRECTION('',(0.,0.,1.));
#5705 = ADVANCED_FACE('',(#5706),#5722,.F.);
#5706 = FACE_BOUND('',#5707,.F.);
#5707 = EDGE_LOOP('',(#5708,#5714,#5715,#5721));
#5708 = ORIENTED_EDGE('',*,*,#5709,.F.);
#5709 = EDGE_CURVE('',#5630,#5670,#5710,.T.);
#5710 = LINE('',#5711,#5712);
#5711 = CARTESIAN_POINT('',(0.,0.,0.));
#5712 = VECTOR('',#5713,1.);
#5713 = DIRECTION('',(1.,0.,-0.));
#5714 = ORIENTED_EDGE('',*,*,#5629,.T.);
#5715 = ORIENTED_EDGE('',*,*,#5716,.T.);
#5716 = EDGE_CURVE('',#5632,#5672,#5717,.T.);
#5717 = LINE('',#5718,#5719);
#5718 = CARTESIAN_POINT('',(0.,0.,3.));
#5719 = VECTOR('',#5720,1.);
#5720 = DIRECTION('',(1.,0.,-0.));
#5721 = ORIENTED_EDGE('',*,*,#5669,.F.);
#5722 = PLANE('',#5723);
#5723 = AXIS2_PLACEMENT_3D('',#5724,#5725,#5726);
#5724 = CARTESIAN_POINT('',(0.,0.,0.));
#5725 = DIRECTION('',(-0.,1.,0.));
#5726 = DIRECTION('',(0.,0.,1.));
#5727 = ADVANCED_FACE('',(#5728),#5744,.T.);
#5728 = FACE_BOUND('',#5729,.T.);
#5729 = EDGE_LOOP('',(#5730,#5736,#5737,#5743));
#5730 = ORIENTED_EDGE('',*,*,#5731,.F.);
#5731 = EDGE_CURVE('',#5640,#5680,#5732,.T.);
#5732 = LINE('',#5733,#5734);
#5733 = CARTESIAN_POINT('',(0.,60.,0.));
#5734 = VECTOR('',#5735,1.);
#5735 = DIRECTION('',(1.,0.,-0.));
#5736 = ORIENTED_EDGE('',*,*,#5647,.T.);
#5737 = ORIENTED_EDGE('',*,*,#5738,.T.);
#5738 = EDGE_CURVE('',#5648,#5688,#5739,.T.);
#5739 = LINE('',#5740,#5741);
#5740 = CARTESIAN_POINT('',(0.,60.,3.));
#5741 = VECTOR('',#5742,1.);
#5742 = DIRECTION('',(1.,0.,-0.));
#5743 = ORIENTED_EDGE('',*,*,#5687,.F.);
#5744 = PLANE('',#5745);
#5745 = AXIS2_PLACEMENT_3D('',#5746,#5747,#5748);
#5746 = CARTESIAN_POINT('',(0.,60.,0.));
#5747 = DIRECTION('',(-0.,1.,0.));
#5748 = DIRECTION('',(0.,0.,1.));
#5749 = ADVANCED_FACE('',(#5750),#5756,.F.);
#5750 = FACE_BOUND('',#5751,.F.);
#5751 = EDGE_LOOP('',(#5752,#5753,#5754,#5755));
#5752 = ORIENTED_EDGE('',*,*,#5639,.F.);
#5753 = ORIENTED_EDGE('',*,*,#5709,.T.);
#5754 = ORIENTED_EDGE('',*,*,#5679,.T.);
#5755 = ORIENTED_EDGE('',*,*,#5731,.F.);
#5756 = PLANE('',#5757);
#5757 = AXIS2_PLACEMENT_3D('',#5758,#5759,#5760);
#5758 = CARTESIAN_POINT('',(0.,0.,0.));
#5759 = DIRECTION('',(0.,0.,1.));
#5760 = DIRECTION('',(1.,0.,-0.));
#5761 = ADVANCED_FACE('',(#5762),#5768,.T.);
#5762 = FACE_BOUND('',#5763,.T.);
#5763 = EDGE_LOOP('',(#5764,#5765,#5766,#5767));
#5764 = ORIENTED_EDGE('',*,*,#5655,.F.);
#5765 = ORIENTED_EDGE('',*,*,#5716,.T.);
#5766 = ORIENTED_EDGE('',*,*,#5695,.T.);
#5767 = ORIENTED_EDGE('',*,*,#5738,.F.);
#5768 = PLANE('',#5769);
#5769 = AXIS2_PLACEMENT_3D('',#5770,#5771,#5772);
#5770 = CARTESIAN_POINT('',(0.,0.,3.));
#5771 = DIRECTION('',(0.,0.,1.));
#5772 = DIRECTION('',(1.,0.,-0.));
#5773 = ( GEOMETRIC_REPRESENTATION_CONTEXT(3) 
GLOBAL_UNCERTAINTY_ASSIGNED_CONTEXT((#5777)) 
GLOBAL_UNIT_ASSIGNED_CONTEXT((#5774,#5775,#5776)) REPRESENTATION_CONTEXT
('Context #1','3D Context with UNIT and UNCERTAINTY') );
#5774 = ( LENGTH_UNIT() NAMED_UNIT(*) SI_UNIT(.MILLI.,.METRE.) );
#5775 = ( NAMED_UNIT(*) PLANE_ANGLE_UNIT() SI_UNIT($,.RADIAN.) );
#5776 = ( NAMED_UNIT(*) SI_UNIT($,.STERADIAN.) SOLID_ANGLE_UNIT() );
#5777 = UNCERTAINTY_MEASURE_WITH_UNIT(LENGTH_MEASURE(1.E-07),#5774,
  'distance_accuracy_value','confusion accuracy');
#5778 = CONTEXT_DEPENDENT_SHAPE_REPRESENTATION(#5779,#5781);
#5779 = ( REPRESENTATION_RELATIONSHIP('','',#5622,#10) 
REPRESENTATION_RELATIONSHIP_WITH_TRANSFORMATION(#5780) 
SHAPE_REPRESENTATION_RELATIONSHIP() );
#5780 = ITEM_DEFINED_TRANSFORMATION('','',#11,#151);
#5781 = PRODUCT_DEFINITION_SHAPE('Placement','Placement of an item',
  #5782);
#5782 = NEXT_ASSEMBLY_USAGE_OCCURRENCE('35','Wandlasche_rechts_v','',#5,
  #5617,$);
#5783 = PRODUCT_RELATED_PRODUCT_CATEGORY('part',$,(#5619));
#5784 = SHAPE_DEFINITION_REPRESENTATION(#5785,#5791);
#5785 = PRODUCT_DEFINITION_SHAPE('','',#5786);
#5786 = PRODUCT_DEFINITION('design','',#5787,#5790);
#5787 = PRODUCT_DEFINITION_FORMATION('','',#5788);
#5788 = PRODUCT('Wandlasche_rechts_h','Wandlasche_rechts_h','',(#5789));
#5789 = PRODUCT_CONTEXT('',#2,'mechanical');
#5790 = PRODUCT_DEFINITION_CONTEXT('part definition',#2,'design');
#5791 = ADVANCED_BREP_SHAPE_REPRESENTATION('',(#11,#5792),#5942);
#5792 = MANIFOLD_SOLID_BREP('',#5793);
#5793 = CLOSED_SHELL('',(#5794,#5834,#5874,#5896,#5918,#5930));
#5794 = ADVANCED_FACE('',(#5795),#5829,.F.);
#5795 = FACE_BOUND('',#5796,.F.);
#5796 = EDGE_LOOP('',(#5797,#5807,#5815,#5823));
#5797 = ORIENTED_EDGE('',*,*,#5798,.F.);
#5798 = EDGE_CURVE('',#5799,#5801,#5803,.T.);
#5799 = VERTEX_POINT('',#5800);
#5800 = CARTESIAN_POINT('',(0.,0.,0.));
#5801 = VERTEX_POINT('',#5802);
#5802 = CARTESIAN_POINT('',(0.,0.,80.));
#5803 = LINE('',#5804,#5805);
#5804 = CARTESIAN_POINT('',(0.,0.,0.));
#5805 = VECTOR('',#5806,1.);
#5806 = DIRECTION('',(0.,0.,1.));
#5807 = ORIENTED_EDGE('',*,*,#5808,.T.);
#5808 = EDGE_CURVE('',#5799,#5809,#5811,.T.);
#5809 = VERTEX_POINT('',#5810);
#5810 = CARTESIAN_POINT('',(0.,3.,0.));
#5811 = LINE('',#5812,#5813);
#5812 = CARTESIAN_POINT('',(0.,0.,0.));
#5813 = VECTOR('',#5814,1.);
#5814 = DIRECTION('',(-0.,1.,0.));
#5815 = ORIENTED_EDGE('',*,*,#5816,.T.);
#5816 = EDGE_CURVE('',#5809,#5817,#5819,.T.);
#5817 = VERTEX_POINT('',#5818);
#5818 = CARTESIAN_POINT('',(0.,3.,80.));
#5819 = LINE('',#5820,#5821);
#5820 = CARTESIAN_POINT('',(0.,3.,0.));
#5821 = VECTOR('',#5822,1.);
#5822 = DIRECTION('',(0.,0.,1.));
#5823 = ORIENTED_EDGE('',*,*,#5824,.F.);
#5824 = EDGE_CURVE('',#5801,#5817,#5825,.T.);
#5825 = LINE('',#5826,#5827);
#5826 = CARTESIAN_POINT('',(0.,0.,80.));
#5827 = VECTOR('',#5828,1.);
#5828 = DIRECTION('',(-0.,1.,0.));
#5829 = PLANE('',#5830);
#5830 = AXIS2_PLACEMENT_3D('',#5831,#5832,#5833);
#5831 = CARTESIAN_POINT('',(0.,0.,0.));
#5832 = DIRECTION('',(1.,0.,-0.));
#5833 = DIRECTION('',(0.,0.,1.));
#5834 = ADVANCED_FACE('',(#5835),#5869,.T.);
#5835 = FACE_BOUND('',#5836,.T.);
#5836 = EDGE_LOOP('',(#5837,#5847,#5855,#5863));
#5837 = ORIENTED_EDGE('',*,*,#5838,.F.);
#5838 = EDGE_CURVE('',#5839,#5841,#5843,.T.);
#5839 = VERTEX_POINT('',#5840);
#5840 = CARTESIAN_POINT('',(30.,0.,0.));
#5841 = VERTEX_POINT('',#5842);
#5842 = CARTESIAN_POINT('',(30.,0.,80.));
#5843 = LINE('',#5844,#5845);
#5844 = CARTESIAN_POINT('',(30.,0.,0.));
#5845 = VECTOR('',#5846,1.);
#5846 = DIRECTION('',(0.,0.,1.));
#5847 = ORIENTED_EDGE('',*,*,#5848,.T.);
#5848 = EDGE_CURVE('',#5839,#5849,#5851,.T.);
#5849 = VERTEX_POINT('',#5850);
#5850 = CARTESIAN_POINT('',(30.,3.,0.));
#5851 = LINE('',#5852,#5853);
#5852 = CARTESIAN_POINT('',(30.,0.,0.));
#5853 = VECTOR('',#5854,1.);
#5854 = DIRECTION('',(-0.,1.,0.));
#5855 = ORIENTED_EDGE('',*,*,#5856,.T.);
#5856 = EDGE_CURVE('',#5849,#5857,#5859,.T.);
#5857 = VERTEX_POINT('',#5858);
#5858 = CARTESIAN_POINT('',(30.,3.,80.));
#5859 = LINE('',#5860,#5861);
#5860 = CARTESIAN_POINT('',(30.,3.,0.));
#5861 = VECTOR('',#5862,1.);
#5862 = DIRECTION('',(0.,0.,1.));
#5863 = ORIENTED_EDGE('',*,*,#5864,.F.);
#5864 = EDGE_CURVE('',#5841,#5857,#5865,.T.);
#5865 = LINE('',#5866,#5867);
#5866 = CARTESIAN_POINT('',(30.,0.,80.));
#5867 = VECTOR('',#5868,1.);
#5868 = DIRECTION('',(-0.,1.,0.));
#5869 = PLANE('',#5870);
#5870 = AXIS2_PLACEMENT_3D('',#5871,#5872,#5873);
#5871 = CARTESIAN_POINT('',(30.,0.,0.));
#5872 = DIRECTION('',(1.,0.,-0.));
#5873 = DIRECTION('',(0.,0.,1.));
#5874 = ADVANCED_FACE('',(#5875),#5891,.F.);
#5875 = FACE_BOUND('',#5876,.F.);
#5876 = EDGE_LOOP('',(#5877,#5883,#5884,#5890));
#5877 = ORIENTED_EDGE('',*,*,#5878,.F.);
#5878 = EDGE_CURVE('',#5799,#5839,#5879,.T.);
#5879 = LINE('',#5880,#5881);
#5880 = CARTESIAN_POINT('',(0.,0.,0.));
#5881 = VECTOR('',#5882,1.);
#5882 = DIRECTION('',(1.,0.,-0.));
#5883 = ORIENTED_EDGE('',*,*,#5798,.T.);
#5884 = ORIENTED_EDGE('',*,*,#5885,.T.);
#5885 = EDGE_CURVE('',#5801,#5841,#5886,.T.);
#5886 = LINE('',#5887,#5888);
#5887 = CARTESIAN_POINT('',(0.,0.,80.));
#5888 = VECTOR('',#5889,1.);
#5889 = DIRECTION('',(1.,0.,-0.));
#5890 = ORIENTED_EDGE('',*,*,#5838,.F.);
#5891 = PLANE('',#5892);
#5892 = AXIS2_PLACEMENT_3D('',#5893,#5894,#5895);
#5893 = CARTESIAN_POINT('',(0.,0.,0.));
#5894 = DIRECTION('',(-0.,1.,0.));
#5895 = DIRECTION('',(0.,0.,1.));
#5896 = ADVANCED_FACE('',(#5897),#5913,.T.);
#5897 = FACE_BOUND('',#5898,.T.);
#5898 = EDGE_LOOP('',(#5899,#5905,#5906,#5912));
#5899 = ORIENTED_EDGE('',*,*,#5900,.F.);
#5900 = EDGE_CURVE('',#5809,#5849,#5901,.T.);
#5901 = LINE('',#5902,#5903);
#5902 = CARTESIAN_POINT('',(0.,3.,0.));
#5903 = VECTOR('',#5904,1.);
#5904 = DIRECTION('',(1.,0.,-0.));
#5905 = ORIENTED_EDGE('',*,*,#5816,.T.);
#5906 = ORIENTED_EDGE('',*,*,#5907,.T.);
#5907 = EDGE_CURVE('',#5817,#5857,#5908,.T.);
#5908 = LINE('',#5909,#5910);
#5909 = CARTESIAN_POINT('',(0.,3.,80.));
#5910 = VECTOR('',#5911,1.);
#5911 = DIRECTION('',(1.,0.,-0.));
#5912 = ORIENTED_EDGE('',*,*,#5856,.F.);
#5913 = PLANE('',#5914);
#5914 = AXIS2_PLACEMENT_3D('',#5915,#5916,#5917);
#5915 = CARTESIAN_POINT('',(0.,3.,0.));
#5916 = DIRECTION('',(-0.,1.,0.));
#5917 = DIRECTION('',(0.,0.,1.));
#5918 = ADVANCED_FACE('',(#5919),#5925,.F.);
#5919 = FACE_BOUND('',#5920,.F.);
#5920 = EDGE_LOOP('',(#5921,#5922,#5923,#5924));
#5921 = ORIENTED_EDGE('',*,*,#5808,.F.);
#5922 = ORIENTED_EDGE('',*,*,#5878,.T.);
#5923 = ORIENTED_EDGE('',*,*,#5848,.T.);
#5924 = ORIENTED_EDGE('',*,*,#5900,.F.);
#5925 = PLANE('',#5926);
#5926 = AXIS2_PLACEMENT_3D('',#5927,#5928,#5929);
#5927 = CARTESIAN_POINT('',(0.,0.,0.));
#5928 = DIRECTION('',(0.,0.,1.));
#5929 = DIRECTION('',(1.,0.,-0.));
#5930 = ADVANCED_FACE('',(#5931),#5937,.T.);
#5931 = FACE_BOUND('',#5932,.T.);
#5932 = EDGE_LOOP('',(#5933,#5934,#5935,#5936));
#5933 = ORIENTED_EDGE('',*,*,#5824,.F.);
#5934 = ORIENTED_EDGE('',*,*,#5885,.T.);
#5935 = ORIENTED_EDGE('',*,*,#5864,.T.);
#5936 = ORIENTED_EDGE('',*,*,#5907,.F.);
#5937 = PLANE('',#5938);
#5938 = AXIS2_PLACEMENT_3D('',#5939,#5940,#5941);
#5939 = CARTESIAN_POINT('',(0.,0.,80.));
#5940 = DIRECTION('',(0.,0.,1.));
#5941 = DIRECTION('',(1.,0.,-0.));
#5942 = ( GEOMETRIC_REPRESENTATION_CONTEXT(3) 
GLOBAL_UNCERTAINTY_ASSIGNED_CONTEXT((#5946)) 
GLOBAL_UNIT_ASSIGNED_CONTEXT((#5943,#5944,#5945)) REPRESENTATION_CONTEXT
('Context #1','3D Context with UNIT and UNCERTAINTY') );
#5943 = ( LENGTH_UNIT() NAMED_UNIT(*) SI_UNIT(.MILLI.,.METRE.) );
#5944 = ( NAMED_UNIT(*) PLANE_ANGLE_UNIT() SI_UNIT($,.RADIAN.) );
#5945 = ( NAMED_UNIT(*) SI_UNIT($,.STERADIAN.) SOLID_ANGLE_UNIT() );
#5946 = UNCERTAINTY_MEASURE_WITH_UNIT(LENGTH_MEASURE(1.E-07),#5943,
  'distance_accuracy_value','confusion accuracy');
#5947 = CONTEXT_DEPENDENT_SHAPE_REPRESENTATION(#5948,#5950);
#5948 = ( REPRESENTATION_RELATIONSHIP('','',#5791,#10) 
REPRESENTATION_RELATIONSHIP_WITH_TRANSFORMATION(#5949) 
SHAPE_REPRESENTATION_RELATIONSHIP() );
#5949 = ITEM_DEFINED_TRANSFORMATION('','',#11,#155);
#5950 = PRODUCT_DEFINITION_SHAPE('Placement','Placement of an item',
  #5951);
#5951 = NEXT_ASSEMBLY_USAGE_OCCURRENCE('36','Wandlasche_rechts_h','',#5,
  #5786,$);
#5952 = PRODUCT_RELATED_PRODUCT_CATEGORY('part',$,(#5788));
#5953 = SHAPE_DEFINITION_REPRESENTATION(#5954,#5960);
#5954 = PRODUCT_DEFINITION_SHAPE('','',#5955);
#5955 = PRODUCT_DEFINITION('design','',#5956,#5959);
#5956 = PRODUCT_DEFINITION_FORMATION('','',#5957);
#5957 = PRODUCT('Elektronikschrank','Elektronikschrank','',(#5958));
#5958 = PRODUCT_CONTEXT('',#2,'mechanical');
#5959 = PRODUCT_DEFINITION_CONTEXT('part definition',#2,'design');
#5960 = ADVANCED_BREP_SHAPE_REPRESENTATION('',(#11,#5961),#6261);
#5961 = BREP_WITH_VOIDS('',#5962,(#6111));
#5962 = CLOSED_SHELL('',(#5963,#6003,#6034,#6058,#6082,#6099));
#5963 = ADVANCED_FACE('',(#5964),#5998,.F.);
#5964 = FACE_BOUND('',#5965,.F.);
#5965 = EDGE_LOOP('',(#5966,#5976,#5984,#5992));
#5966 = ORIENTED_EDGE('',*,*,#5967,.F.);
#5967 = EDGE_CURVE('',#5968,#5970,#5972,.T.);
#5968 = VERTEX_POINT('',#5969);
#5969 = CARTESIAN_POINT('',(714.,0.,1.42E+03));
#5970 = VERTEX_POINT('',#5971);
#5971 = CARTESIAN_POINT('',(714.,0.,1.72E+03));
#5972 = LINE('',#5973,#5974);
#5973 = CARTESIAN_POINT('',(714.,0.,1.42E+03));
#5974 = VECTOR('',#5975,1.);
#5975 = DIRECTION('',(0.,0.,1.));
#5976 = ORIENTED_EDGE('',*,*,#5977,.T.);
#5977 = EDGE_CURVE('',#5968,#5978,#5980,.T.);
#5978 = VERTEX_POINT('',#5979);
#5979 = CARTESIAN_POINT('',(714.,150.,1.42E+03));
#5980 = LINE('',#5981,#5982);
#5981 = CARTESIAN_POINT('',(714.,0.,1.42E+03));
#5982 = VECTOR('',#5983,1.);
#5983 = DIRECTION('',(0.,1.,0.));
#5984 = ORIENTED_EDGE('',*,*,#5985,.T.);
#5985 = EDGE_CURVE('',#5978,#5986,#5988,.T.);
#5986 = VERTEX_POINT('',#5987);
#5987 = CARTESIAN_POINT('',(714.,150.,1.72E+03));
#5988 = LINE('',#5989,#5990);
#5989 = CARTESIAN_POINT('',(714.,150.,1.42E+03));
#5990 = VECTOR('',#5991,1.);
#5991 = DIRECTION('',(0.,0.,1.));
#5992 = ORIENTED_EDGE('',*,*,#5993,.F.);
#5993 = EDGE_CURVE('',#5970,#5986,#5994,.T.);
#5994 = LINE('',#5995,#5996);
#5995 = CARTESIAN_POINT('',(714.,0.,1.72E+03));
#5996 = VECTOR('',#5997,1.);
#5997 = DIRECTION('',(0.,1.,0.));
#5998 = PLANE('',#5999);
#5999 = AXIS2_PLACEMENT_3D('',#6000,#6001,#6002);
#6000 = CARTESIAN_POINT('',(714.,0.,1.42E+03));
#6001 = DIRECTION('',(1.,0.,0.));
#6002 = DIRECTION('',(0.,0.,1.));
#6003 = ADVANCED_FACE('',(#6004),#6029,.F.);
#6004 = FACE_BOUND('',#6005,.F.);
#6005 = EDGE_LOOP('',(#6006,#6014,#6015,#6023));
#6006 = ORIENTED_EDGE('',*,*,#6007,.F.);
#6007 = EDGE_CURVE('',#5968,#6008,#6010,.T.);
#6008 = VERTEX_POINT('',#6009);
#6009 = CARTESIAN_POINT('',(1.014E+03,0.,1.42E+03));
#6010 = LINE('',#6011,#6012);
#6011 = CARTESIAN_POINT('',(714.,0.,1.42E+03));
#6012 = VECTOR('',#6013,1.);
#6013 = DIRECTION('',(1.,0.,0.));
#6014 = ORIENTED_EDGE('',*,*,#5967,.T.);
#6015 = ORIENTED_EDGE('',*,*,#6016,.T.);
#6016 = EDGE_CURVE('',#5970,#6017,#6019,.T.);
#6017 = VERTEX_POINT('',#6018);
#6018 = CARTESIAN_POINT('',(1.014E+03,0.,1.72E+03));
#6019 = LINE('',#6020,#6021);
#6020 = CARTESIAN_POINT('',(714.,0.,1.72E+03));
#6021 = VECTOR('',#6022,1.);
#6022 = DIRECTION('',(1.,0.,0.));
#6023 = ORIENTED_EDGE('',*,*,#6024,.F.);
#6024 = EDGE_CURVE('',#6008,#6017,#6025,.T.);
#6025 = LINE('',#6026,#6027);
#6026 = CARTESIAN_POINT('',(1.014E+03,0.,1.42E+03));
#6027 = VECTOR('',#6028,1.);
#6028 = DIRECTION('',(0.,0.,1.));
#6029 = PLANE('',#6030);
#6030 = AXIS2_PLACEMENT_3D('',#6031,#6032,#6033);
#6031 = CARTESIAN_POINT('',(714.,0.,1.42E+03));
#6032 = DIRECTION('',(0.,1.,0.));
#6033 = DIRECTION('',(0.,0.,1.));
#6034 = ADVANCED_FACE('',(#6035),#6053,.T.);
#6035 = FACE_BOUND('',#6036,.T.);
#6036 = EDGE_LOOP('',(#6037,#6038,#6039,#6047));
#6037 = ORIENTED_EDGE('',*,*,#5993,.F.);
#6038 = ORIENTED_EDGE('',*,*,#6016,.T.);
#6039 = ORIENTED_EDGE('',*,*,#6040,.T.);
#6040 = EDGE_CURVE('',#6017,#6041,#6043,.T.);
#6041 = VERTEX_POINT('',#6042);
#6042 = CARTESIAN_POINT('',(1.014E+03,150.,1.72E+03));
#6043 = LINE('',#6044,#6045);
#6044 = CARTESIAN_POINT('',(1.014E+03,0.,1.72E+03));
#6045 = VECTOR('',#6046,1.);
#6046 = DIRECTION('',(0.,1.,0.));
#6047 = ORIENTED_EDGE('',*,*,#6048,.F.);
#6048 = EDGE_CURVE('',#5986,#6041,#6049,.T.);
#6049 = LINE('',#6050,#6051);
#6050 = CARTESIAN_POINT('',(714.,150.,1.72E+03));
#6051 = VECTOR('',#6052,1.);
#6052 = DIRECTION('',(1.,0.,0.));
#6053 = PLANE('',#6054);
#6054 = AXIS2_PLACEMENT_3D('',#6055,#6056,#6057);
#6055 = CARTESIAN_POINT('',(714.,0.,1.72E+03));
#6056 = DIRECTION('',(0.,0.,1.));
#6057 = DIRECTION('',(1.,0.,0.));
#6058 = ADVANCED_FACE('',(#6059),#6077,.T.);
#6059 = FACE_BOUND('',#6060,.T.);
#6060 = EDGE_LOOP('',(#6061,#6069,#6070,#6071));
#6061 = ORIENTED_EDGE('',*,*,#6062,.F.);
#6062 = EDGE_CURVE('',#5978,#6063,#6065,.T.);
#6063 = VERTEX_POINT('',#6064);
#6064 = CARTESIAN_POINT('',(1.014E+03,150.,1.42E+03));
#6065 = LINE('',#6066,#6067);
#6066 = CARTESIAN_POINT('',(714.,150.,1.42E+03));
#6067 = VECTOR('',#6068,1.);
#6068 = DIRECTION('',(1.,0.,0.));
#6069 = ORIENTED_EDGE('',*,*,#5985,.T.);
#6070 = ORIENTED_EDGE('',*,*,#6048,.T.);
#6071 = ORIENTED_EDGE('',*,*,#6072,.F.);
#6072 = EDGE_CURVE('',#6063,#6041,#6073,.T.);
#6073 = LINE('',#6074,#6075);
#6074 = CARTESIAN_POINT('',(1.014E+03,150.,1.42E+03));
#6075 = VECTOR('',#6076,1.);
#6076 = DIRECTION('',(0.,0.,1.));
#6077 = PLANE('',#6078);
#6078 = AXIS2_PLACEMENT_3D('',#6079,#6080,#6081);
#6079 = CARTESIAN_POINT('',(714.,150.,1.42E+03));
#6080 = DIRECTION('',(0.,1.,0.));
#6081 = DIRECTION('',(0.,0.,1.));
#6082 = ADVANCED_FACE('',(#6083),#6094,.F.);
#6083 = FACE_BOUND('',#6084,.F.);
#6084 = EDGE_LOOP('',(#6085,#6086,#6087,#6093));
#6085 = ORIENTED_EDGE('',*,*,#5977,.F.);
#6086 = ORIENTED_EDGE('',*,*,#6007,.T.);
#6087 = ORIENTED_EDGE('',*,*,#6088,.T.);
#6088 = EDGE_CURVE('',#6008,#6063,#6089,.T.);
#6089 = LINE('',#6090,#6091);
#6090 = CARTESIAN_POINT('',(1.014E+03,0.,1.42E+03));
#6091 = VECTOR('',#6092,1.);
#6092 = DIRECTION('',(0.,1.,0.));
#6093 = ORIENTED_EDGE('',*,*,#6062,.F.);
#6094 = PLANE('',#6095);
#6095 = AXIS2_PLACEMENT_3D('',#6096,#6097,#6098);
#6096 = CARTESIAN_POINT('',(714.,0.,1.42E+03));
#6097 = DIRECTION('',(0.,0.,1.));
#6098 = DIRECTION('',(1.,0.,0.));
#6099 = ADVANCED_FACE('',(#6100),#6106,.T.);
#6100 = FACE_BOUND('',#6101,.T.);
#6101 = EDGE_LOOP('',(#6102,#6103,#6104,#6105));
#6102 = ORIENTED_EDGE('',*,*,#6024,.F.);
#6103 = ORIENTED_EDGE('',*,*,#6088,.T.);
#6104 = ORIENTED_EDGE('',*,*,#6072,.T.);
#6105 = ORIENTED_EDGE('',*,*,#6040,.F.);
#6106 = PLANE('',#6107);
#6107 = AXIS2_PLACEMENT_3D('',#6108,#6109,#6110);
#6108 = CARTESIAN_POINT('',(1.014E+03,0.,1.42E+03));
#6109 = DIRECTION('',(1.,0.,0.));
#6110 = DIRECTION('',(0.,0.,1.));
#6111 = ORIENTED_CLOSED_SHELL('',*,#6112,.F.);
#6112 = CLOSED_SHELL('',(#6113,#6153,#6184,#6208,#6232,#6249));
#6113 = ADVANCED_FACE('',(#6114),#6148,.F.);
#6114 = FACE_BOUND('',#6115,.F.);
#6115 = EDGE_LOOP('',(#6116,#6126,#6134,#6142));
#6116 = ORIENTED_EDGE('',*,*,#6117,.F.);
#6117 = EDGE_CURVE('',#6118,#6120,#6122,.T.);
#6118 = VERTEX_POINT('',#6119);
#6119 = CARTESIAN_POINT('',(715.,1.,1.421E+03));
#6120 = VERTEX_POINT('',#6121);
#6121 = CARTESIAN_POINT('',(715.,1.,1.719E+03));
#6122 = LINE('',#6123,#6124);
#6123 = CARTESIAN_POINT('',(715.,1.,1.421E+03));
#6124 = VECTOR('',#6125,1.);
#6125 = DIRECTION('',(0.,0.,1.));
#6126 = ORIENTED_EDGE('',*,*,#6127,.T.);
#6127 = EDGE_CURVE('',#6118,#6128,#6130,.T.);
#6128 = VERTEX_POINT('',#6129);
#6129 = CARTESIAN_POINT('',(715.,149.,1.421E+03));
#6130 = LINE('',#6131,#6132);
#6131 = CARTESIAN_POINT('',(715.,1.,1.421E+03));
#6132 = VECTOR('',#6133,1.);
#6133 = DIRECTION('',(0.,1.,0.));
#6134 = ORIENTED_EDGE('',*,*,#6135,.T.);
#6135 = EDGE_CURVE('',#6128,#6136,#6138,.T.);
#6136 = VERTEX_POINT('',#6137);
#6137 = CARTESIAN_POINT('',(715.,149.,1.719E+03));
#6138 = LINE('',#6139,#6140);
#6139 = CARTESIAN_POINT('',(715.,149.,1.421E+03));
#6140 = VECTOR('',#6141,1.);
#6141 = DIRECTION('',(0.,0.,1.));
#6142 = ORIENTED_EDGE('',*,*,#6143,.F.);
#6143 = EDGE_CURVE('',#6120,#6136,#6144,.T.);
#6144 = LINE('',#6145,#6146);
#6145 = CARTESIAN_POINT('',(715.,1.,1.719E+03));
#6146 = VECTOR('',#6147,1.);
#6147 = DIRECTION('',(0.,1.,0.));
#6148 = PLANE('',#6149);
#6149 = AXIS2_PLACEMENT_3D('',#6150,#6151,#6152);
#6150 = CARTESIAN_POINT('',(715.,1.,1.421E+03));
#6151 = DIRECTION('',(1.,0.,0.));
#6152 = DIRECTION('',(0.,0.,1.));
#6153 = ADVANCED_FACE('',(#6154),#6179,.F.);
#6154 = FACE_BOUND('',#6155,.F.);
#6155 = EDGE_LOOP('',(#6156,#6164,#6165,#6173));
#6156 = ORIENTED_EDGE('',*,*,#6157,.F.);
#6157 = EDGE_CURVE('',#6118,#6158,#6160,.T.);
#6158 = VERTEX_POINT('',#6159);
#6159 = CARTESIAN_POINT('',(1.013E+03,1.,1.421E+03));
#6160 = LINE('',#6161,#6162);
#6161 = CARTESIAN_POINT('',(715.,1.,1.421E+03));
#6162 = VECTOR('',#6163,1.);
#6163 = DIRECTION('',(1.,0.,0.));
#6164 = ORIENTED_EDGE('',*,*,#6117,.T.);
#6165 = ORIENTED_EDGE('',*,*,#6166,.T.);
#6166 = EDGE_CURVE('',#6120,#6167,#6169,.T.);
#6167 = VERTEX_POINT('',#6168);
#6168 = CARTESIAN_POINT('',(1.013E+03,1.,1.719E+03));
#6169 = LINE('',#6170,#6171);
#6170 = CARTESIAN_POINT('',(715.,1.,1.719E+03));
#6171 = VECTOR('',#6172,1.);
#6172 = DIRECTION('',(1.,0.,0.));
#6173 = ORIENTED_EDGE('',*,*,#6174,.F.);
#6174 = EDGE_CURVE('',#6158,#6167,#6175,.T.);
#6175 = LINE('',#6176,#6177);
#6176 = CARTESIAN_POINT('',(1.013E+03,1.,1.421E+03));
#6177 = VECTOR('',#6178,1.);
#6178 = DIRECTION('',(0.,0.,1.));
#6179 = PLANE('',#6180);
#6180 = AXIS2_PLACEMENT_3D('',#6181,#6182,#6183);
#6181 = CARTESIAN_POINT('',(715.,1.,1.421E+03));
#6182 = DIRECTION('',(0.,1.,0.));
#6183 = DIRECTION('',(0.,0.,1.));
#6184 = ADVANCED_FACE('',(#6185),#6203,.T.);
#6185 = FACE_BOUND('',#6186,.T.);
#6186 = EDGE_LOOP('',(#6187,#6188,#6189,#6197));
#6187 = ORIENTED_EDGE('',*,*,#6143,.F.);
#6188 = ORIENTED_EDGE('',*,*,#6166,.T.);
#6189 = ORIENTED_EDGE('',*,*,#6190,.T.);
#6190 = EDGE_CURVE('',#6167,#6191,#6193,.T.);
#6191 = VERTEX_POINT('',#6192);
#6192 = CARTESIAN_POINT('',(1.013E+03,149.,1.719E+03));
#6193 = LINE('',#6194,#6195);
#6194 = CARTESIAN_POINT('',(1.013E+03,1.,1.719E+03));
#6195 = VECTOR('',#6196,1.);
#6196 = DIRECTION('',(0.,1.,0.));
#6197 = ORIENTED_EDGE('',*,*,#6198,.F.);
#6198 = EDGE_CURVE('',#6136,#6191,#6199,.T.);
#6199 = LINE('',#6200,#6201);
#6200 = CARTESIAN_POINT('',(715.,149.,1.719E+03));
#6201 = VECTOR('',#6202,1.);
#6202 = DIRECTION('',(1.,0.,0.));
#6203 = PLANE('',#6204);
#6204 = AXIS2_PLACEMENT_3D('',#6205,#6206,#6207);
#6205 = CARTESIAN_POINT('',(715.,1.,1.719E+03));
#6206 = DIRECTION('',(0.,0.,1.));
#6207 = DIRECTION('',(1.,0.,0.));
#6208 = ADVANCED_FACE('',(#6209),#6227,.T.);
#6209 = FACE_BOUND('',#6210,.T.);
#6210 = EDGE_LOOP('',(#6211,#6219,#6220,#6221));
#6211 = ORIENTED_EDGE('',*,*,#6212,.F.);
#6212 = EDGE_CURVE('',#6128,#6213,#6215,.T.);
#6213 = VERTEX_POINT('',#6214);
#6214 = CARTESIAN_POINT('',(1.013E+03,149.,1.421E+03));
#6215 = LINE('',#6216,#6217);
#6216 = CARTESIAN_POINT('',(715.,149.,1.421E+03));
#6217 = VECTOR('',#6218,1.);
#6218 = DIRECTION('',(1.,0.,0.));
#6219 = ORIENTED_EDGE('',*,*,#6135,.T.);
#6220 = ORIENTED_EDGE('',*,*,#6198,.T.);
#6221 = ORIENTED_EDGE('',*,*,#6222,.F.);
#6222 = EDGE_CURVE('',#6213,#6191,#6223,.T.);
#6223 = LINE('',#6224,#6225);
#6224 = CARTESIAN_POINT('',(1.013E+03,149.,1.421E+03));
#6225 = VECTOR('',#6226,1.);
#6226 = DIRECTION('',(0.,0.,1.));
#6227 = PLANE('',#6228);
#6228 = AXIS2_PLACEMENT_3D('',#6229,#6230,#6231);
#6229 = CARTESIAN_POINT('',(715.,149.,1.421E+03));
#6230 = DIRECTION('',(0.,1.,0.));
#6231 = DIRECTION('',(0.,0.,1.));
#6232 = ADVANCED_FACE('',(#6233),#6244,.F.);
#6233 = FACE_BOUND('',#6234,.F.);
#6234 = EDGE_LOOP('',(#6235,#6236,#6237,#6243));
#6235 = ORIENTED_EDGE('',*,*,#6127,.F.);
#6236 = ORIENTED_EDGE('',*,*,#6157,.T.);
#6237 = ORIENTED_EDGE('',*,*,#6238,.T.);
#6238 = EDGE_CURVE('',#6158,#6213,#6239,.T.);
#6239 = LINE('',#6240,#6241);
#6240 = CARTESIAN_POINT('',(1.013E+03,1.,1.421E+03));
#6241 = VECTOR('',#6242,1.);
#6242 = DIRECTION('',(0.,1.,0.));
#6243 = ORIENTED_EDGE('',*,*,#6212,.F.);
#6244 = PLANE('',#6245);
#6245 = AXIS2_PLACEMENT_3D('',#6246,#6247,#6248);
#6246 = CARTESIAN_POINT('',(715.,1.,1.421E+03));
#6247 = DIRECTION('',(0.,0.,1.));
#6248 = DIRECTION('',(1.,0.,0.));
#6249 = ADVANCED_FACE('',(#6250),#6256,.T.);
#6250 = FACE_BOUND('',#6251,.T.);
#6251 = EDGE_LOOP('',(#6252,#6253,#6254,#6255));
#6252 = ORIENTED_EDGE('',*,*,#6174,.F.);
#6253 = ORIENTED_EDGE('',*,*,#6238,.T.);
#6254 = ORIENTED_EDGE('',*,*,#6222,.T.);
#6255 = ORIENTED_EDGE('',*,*,#6190,.F.);
#6256 = PLANE('',#6257);
#6257 = AXIS2_PLACEMENT_3D('',#6258,#6259,#6260);
#6258 = CARTESIAN_POINT('',(1.013E+03,1.,1.421E+03));
#6259 = DIRECTION('',(1.,0.,0.));
#6260 = DIRECTION('',(0.,0.,1.));
#6261 = ( GEOMETRIC_REPRESENTATION_CONTEXT(3) 
GLOBAL_UNCERTAINTY_ASSIGNED_CONTEXT((#6265)) 
GLOBAL_UNIT_ASSIGNED_CONTEXT((#6262,#6263,#6264)) REPRESENTATION_CONTEXT
('Context #1','3D Context with UNIT and UNCERTAINTY') );
#6262 = ( LENGTH_UNIT() NAMED_UNIT(*) SI_UNIT(.MILLI.,.METRE.) );
#6263 = ( NAMED_UNIT(*) PLANE_ANGLE_UNIT() SI_UNIT($,.RADIAN.) );
#6264 = ( NAMED_UNIT(*) SI_UNIT($,.STERADIAN.) SOLID_ANGLE_UNIT() );
#6265 = UNCERTAINTY_MEASURE_WITH_UNIT(LENGTH_MEASURE(1.E-07),#6262,
  'distance_accuracy_value','confusion accuracy');
#6266 = CONTEXT_DEPENDENT_SHAPE_REPRESENTATION(#6267,#6269);
#6267 = ( REPRESENTATION_RELATIONSHIP('','',#5960,#10) 
REPRESENTATION_RELATIONSHIP_WITH_TRANSFORMATION(#6268) 
SHAPE_REPRESENTATION_RELATIONSHIP() );
#6268 = ITEM_DEFINED_TRANSFORMATION('','',#11,#159);
#6269 = PRODUCT_DEFINITION_SHAPE('Placement','Placement of an item',
  #6270);
#6270 = NEXT_ASSEMBLY_USAGE_OCCURRENCE('37','Elektronikschrank','',#5,
  #5955,$);
#6271 = PRODUCT_RELATED_PRODUCT_CATEGORY('part',$,(#5957));
#6272 = SHAPE_DEFINITION_REPRESENTATION(#6273,#6279);
#6273 = PRODUCT_DEFINITION_SHAPE('','',#6274);
#6274 = PRODUCT_DEFINITION('design','',#6275,#6278);
#6275 = PRODUCT_DEFINITION_FORMATION('','',#6276);
#6276 = PRODUCT('Hydraulikschrank','Hydraulikschrank','',(#6277));
#6277 = PRODUCT_CONTEXT('',#2,'mechanical');
#6278 = PRODUCT_DEFINITION_CONTEXT('part definition',#2,'design');
#6279 = ADVANCED_BREP_SHAPE_REPRESENTATION('',(#11,#6280),#6580);
#6280 = BREP_WITH_VOIDS('',#6281,(#6430));
#6281 = CLOSED_SHELL('',(#6282,#6322,#6353,#6377,#6401,#6418));
#6282 = ADVANCED_FACE('',(#6283),#6317,.F.);
#6283 = FACE_BOUND('',#6284,.F.);
#6284 = EDGE_LOOP('',(#6285,#6295,#6303,#6311));
#6285 = ORIENTED_EDGE('',*,*,#6286,.F.);
#6286 = EDGE_CURVE('',#6287,#6289,#6291,.T.);
#6287 = VERTEX_POINT('',#6288);
#6288 = CARTESIAN_POINT('',(714.,0.,0.));
#6289 = VERTEX_POINT('',#6290);
#6290 = CARTESIAN_POINT('',(714.,0.,300.));
#6291 = LINE('',#6292,#6293);
#6292 = CARTESIAN_POINT('',(714.,0.,0.));
#6293 = VECTOR('',#6294,1.);
#6294 = DIRECTION('',(0.,0.,1.));
#6295 = ORIENTED_EDGE('',*,*,#6296,.T.);
#6296 = EDGE_CURVE('',#6287,#6297,#6299,.T.);
#6297 = VERTEX_POINT('',#6298);
#6298 = CARTESIAN_POINT('',(714.,200.,0.));
#6299 = LINE('',#6300,#6301);
#6300 = CARTESIAN_POINT('',(714.,0.,0.));
#6301 = VECTOR('',#6302,1.);
#6302 = DIRECTION('',(0.,1.,0.));
#6303 = ORIENTED_EDGE('',*,*,#6304,.T.);
#6304 = EDGE_CURVE('',#6297,#6305,#6307,.T.);
#6305 = VERTEX_POINT('',#6306);
#6306 = CARTESIAN_POINT('',(714.,200.,300.));
#6307 = LINE('',#6308,#6309);
#6308 = CARTESIAN_POINT('',(714.,200.,0.));
#6309 = VECTOR('',#6310,1.);
#6310 = DIRECTION('',(0.,0.,1.));
#6311 = ORIENTED_EDGE('',*,*,#6312,.F.);
#6312 = EDGE_CURVE('',#6289,#6305,#6313,.T.);
#6313 = LINE('',#6314,#6315);
#6314 = CARTESIAN_POINT('',(714.,0.,300.));
#6315 = VECTOR('',#6316,1.);
#6316 = DIRECTION('',(0.,1.,0.));
#6317 = PLANE('',#6318);
#6318 = AXIS2_PLACEMENT_3D('',#6319,#6320,#6321);
#6319 = CARTESIAN_POINT('',(714.,0.,0.));
#6320 = DIRECTION('',(1.,0.,0.));
#6321 = DIRECTION('',(0.,0.,1.));
#6322 = ADVANCED_FACE('',(#6323),#6348,.F.);
#6323 = FACE_BOUND('',#6324,.F.);
#6324 = EDGE_LOOP('',(#6325,#6333,#6334,#6342));
#6325 = ORIENTED_EDGE('',*,*,#6326,.F.);
#6326 = EDGE_CURVE('',#6287,#6327,#6329,.T.);
#6327 = VERTEX_POINT('',#6328);
#6328 = CARTESIAN_POINT('',(1.014E+03,0.,0.));
#6329 = LINE('',#6330,#6331);
#6330 = CARTESIAN_POINT('',(714.,0.,0.));
#6331 = VECTOR('',#6332,1.);
#6332 = DIRECTION('',(1.,0.,0.));
#6333 = ORIENTED_EDGE('',*,*,#6286,.T.);
#6334 = ORIENTED_EDGE('',*,*,#6335,.T.);
#6335 = EDGE_CURVE('',#6289,#6336,#6338,.T.);
#6336 = VERTEX_POINT('',#6337);
#6337 = CARTESIAN_POINT('',(1.014E+03,0.,300.));
#6338 = LINE('',#6339,#6340);
#6339 = CARTESIAN_POINT('',(714.,0.,300.));
#6340 = VECTOR('',#6341,1.);
#6341 = DIRECTION('',(1.,0.,0.));
#6342 = ORIENTED_EDGE('',*,*,#6343,.F.);
#6343 = EDGE_CURVE('',#6327,#6336,#6344,.T.);
#6344 = LINE('',#6345,#6346);
#6345 = CARTESIAN_POINT('',(1.014E+03,0.,0.));
#6346 = VECTOR('',#6347,1.);
#6347 = DIRECTION('',(0.,0.,1.));
#6348 = PLANE('',#6349);
#6349 = AXIS2_PLACEMENT_3D('',#6350,#6351,#6352);
#6350 = CARTESIAN_POINT('',(714.,0.,0.));
#6351 = DIRECTION('',(0.,1.,0.));
#6352 = DIRECTION('',(0.,0.,1.));
#6353 = ADVANCED_FACE('',(#6354),#6372,.T.);
#6354 = FACE_BOUND('',#6355,.T.);
#6355 = EDGE_LOOP('',(#6356,#6357,#6358,#6366));
#6356 = ORIENTED_EDGE('',*,*,#6312,.F.);
#6357 = ORIENTED_EDGE('',*,*,#6335,.T.);
#6358 = ORIENTED_EDGE('',*,*,#6359,.T.);
#6359 = EDGE_CURVE('',#6336,#6360,#6362,.T.);
#6360 = VERTEX_POINT('',#6361);
#6361 = CARTESIAN_POINT('',(1.014E+03,200.,300.));
#6362 = LINE('',#6363,#6364);
#6363 = CARTESIAN_POINT('',(1.014E+03,0.,300.));
#6364 = VECTOR('',#6365,1.);
#6365 = DIRECTION('',(0.,1.,0.));
#6366 = ORIENTED_EDGE('',*,*,#6367,.F.);
#6367 = EDGE_CURVE('',#6305,#6360,#6368,.T.);
#6368 = LINE('',#6369,#6370);
#6369 = CARTESIAN_POINT('',(714.,200.,300.));
#6370 = VECTOR('',#6371,1.);
#6371 = DIRECTION('',(1.,0.,0.));
#6372 = PLANE('',#6373);
#6373 = AXIS2_PLACEMENT_3D('',#6374,#6375,#6376);
#6374 = CARTESIAN_POINT('',(714.,0.,300.));
#6375 = DIRECTION('',(0.,0.,1.));
#6376 = DIRECTION('',(1.,0.,0.));
#6377 = ADVANCED_FACE('',(#6378),#6396,.T.);
#6378 = FACE_BOUND('',#6379,.T.);
#6379 = EDGE_LOOP('',(#6380,#6388,#6389,#6390));
#6380 = ORIENTED_EDGE('',*,*,#6381,.F.);
#6381 = EDGE_CURVE('',#6297,#6382,#6384,.T.);
#6382 = VERTEX_POINT('',#6383);
#6383 = CARTESIAN_POINT('',(1.014E+03,200.,0.));
#6384 = LINE('',#6385,#6386);
#6385 = CARTESIAN_POINT('',(714.,200.,0.));
#6386 = VECTOR('',#6387,1.);
#6387 = DIRECTION('',(1.,0.,0.));
#6388 = ORIENTED_EDGE('',*,*,#6304,.T.);
#6389 = ORIENTED_EDGE('',*,*,#6367,.T.);
#6390 = ORIENTED_EDGE('',*,*,#6391,.F.);
#6391 = EDGE_CURVE('',#6382,#6360,#6392,.T.);
#6392 = LINE('',#6393,#6394);
#6393 = CARTESIAN_POINT('',(1.014E+03,200.,0.));
#6394 = VECTOR('',#6395,1.);
#6395 = DIRECTION('',(0.,0.,1.));
#6396 = PLANE('',#6397);
#6397 = AXIS2_PLACEMENT_3D('',#6398,#6399,#6400);
#6398 = CARTESIAN_POINT('',(714.,200.,0.));
#6399 = DIRECTION('',(0.,1.,0.));
#6400 = DIRECTION('',(0.,0.,1.));
#6401 = ADVANCED_FACE('',(#6402),#6413,.F.);
#6402 = FACE_BOUND('',#6403,.F.);
#6403 = EDGE_LOOP('',(#6404,#6405,#6406,#6412));
#6404 = ORIENTED_EDGE('',*,*,#6296,.F.);
#6405 = ORIENTED_EDGE('',*,*,#6326,.T.);
#6406 = ORIENTED_EDGE('',*,*,#6407,.T.);
#6407 = EDGE_CURVE('',#6327,#6382,#6408,.T.);
#6408 = LINE('',#6409,#6410);
#6409 = CARTESIAN_POINT('',(1.014E+03,0.,0.));
#6410 = VECTOR('',#6411,1.);
#6411 = DIRECTION('',(0.,1.,0.));
#6412 = ORIENTED_EDGE('',*,*,#6381,.F.);
#6413 = PLANE('',#6414);
#6414 = AXIS2_PLACEMENT_3D('',#6415,#6416,#6417);
#6415 = CARTESIAN_POINT('',(714.,0.,0.));
#6416 = DIRECTION('',(0.,0.,1.));
#6417 = DIRECTION('',(1.,0.,0.));
#6418 = ADVANCED_FACE('',(#6419),#6425,.T.);
#6419 = FACE_BOUND('',#6420,.T.);
#6420 = EDGE_LOOP('',(#6421,#6422,#6423,#6424));
#6421 = ORIENTED_EDGE('',*,*,#6343,.F.);
#6422 = ORIENTED_EDGE('',*,*,#6407,.T.);
#6423 = ORIENTED_EDGE('',*,*,#6391,.T.);
#6424 = ORIENTED_EDGE('',*,*,#6359,.F.);
#6425 = PLANE('',#6426);
#6426 = AXIS2_PLACEMENT_3D('',#6427,#6428,#6429);
#6427 = CARTESIAN_POINT('',(1.014E+03,0.,0.));
#6428 = DIRECTION('',(1.,0.,0.));
#6429 = DIRECTION('',(0.,0.,1.));
#6430 = ORIENTED_CLOSED_SHELL('',*,#6431,.F.);
#6431 = CLOSED_SHELL('',(#6432,#6472,#6503,#6527,#6551,#6568));
#6432 = ADVANCED_FACE('',(#6433),#6467,.F.);
#6433 = FACE_BOUND('',#6434,.F.);
#6434 = EDGE_LOOP('',(#6435,#6445,#6453,#6461));
#6435 = ORIENTED_EDGE('',*,*,#6436,.F.);
#6436 = EDGE_CURVE('',#6437,#6439,#6441,.T.);
#6437 = VERTEX_POINT('',#6438);
#6438 = CARTESIAN_POINT('',(715.,1.,1.));
#6439 = VERTEX_POINT('',#6440);
#6440 = CARTESIAN_POINT('',(715.,1.,299.));
#6441 = LINE('',#6442,#6443);
#6442 = CARTESIAN_POINT('',(715.,1.,1.));
#6443 = VECTOR('',#6444,1.);
#6444 = DIRECTION('',(0.,0.,1.));
#6445 = ORIENTED_EDGE('',*,*,#6446,.T.);
#6446 = EDGE_CURVE('',#6437,#6447,#6449,.T.);
#6447 = VERTEX_POINT('',#6448);
#6448 = CARTESIAN_POINT('',(715.,199.,1.));
#6449 = LINE('',#6450,#6451);
#6450 = CARTESIAN_POINT('',(715.,1.,1.));
#6451 = VECTOR('',#6452,1.);
#6452 = DIRECTION('',(0.,1.,0.));
#6453 = ORIENTED_EDGE('',*,*,#6454,.T.);
#6454 = EDGE_CURVE('',#6447,#6455,#6457,.T.);
#6455 = VERTEX_POINT('',#6456);
#6456 = CARTESIAN_POINT('',(715.,199.,299.));
#6457 = LINE('',#6458,#6459);
#6458 = CARTESIAN_POINT('',(715.,199.,1.));
#6459 = VECTOR('',#6460,1.);
#6460 = DIRECTION('',(0.,0.,1.));
#6461 = ORIENTED_EDGE('',*,*,#6462,.F.);
#6462 = EDGE_CURVE('',#6439,#6455,#6463,.T.);
#6463 = LINE('',#6464,#6465);
#6464 = CARTESIAN_POINT('',(715.,1.,299.));
#6465 = VECTOR('',#6466,1.);
#6466 = DIRECTION('',(0.,1.,0.));
#6467 = PLANE('',#6468);
#6468 = AXIS2_PLACEMENT_3D('',#6469,#6470,#6471);
#6469 = CARTESIAN_POINT('',(715.,1.,1.));
#6470 = DIRECTION('',(1.,0.,0.));
#6471 = DIRECTION('',(0.,0.,1.));
#6472 = ADVANCED_FACE('',(#6473),#6498,.F.);
#6473 = FACE_BOUND('',#6474,.F.);
#6474 = EDGE_LOOP('',(#6475,#6483,#6484,#6492));
#6475 = ORIENTED_EDGE('',*,*,#6476,.F.);
#6476 = EDGE_CURVE('',#6437,#6477,#6479,.T.);
#6477 = VERTEX_POINT('',#6478);
#6478 = CARTESIAN_POINT('',(1.013E+03,1.,1.));
#6479 = LINE('',#6480,#6481);
#6480 = CARTESIAN_POINT('',(715.,1.,1.));
#6481 = VECTOR('',#6482,1.);
#6482 = DIRECTION('',(1.,0.,0.));
#6483 = ORIENTED_EDGE('',*,*,#6436,.T.);
#6484 = ORIENTED_EDGE('',*,*,#6485,.T.);
#6485 = EDGE_CURVE('',#6439,#6486,#6488,.T.);
#6486 = VERTEX_POINT('',#6487);
#6487 = CARTESIAN_POINT('',(1.013E+03,1.,299.));
#6488 = LINE('',#6489,#6490);
#6489 = CARTESIAN_POINT('',(715.,1.,299.));
#6490 = VECTOR('',#6491,1.);
#6491 = DIRECTION('',(1.,0.,0.));
#6492 = ORIENTED_EDGE('',*,*,#6493,.F.);
#6493 = EDGE_CURVE('',#6477,#6486,#6494,.T.);
#6494 = LINE('',#6495,#6496);
#6495 = CARTESIAN_POINT('',(1.013E+03,1.,1.));
#6496 = VECTOR('',#6497,1.);
#6497 = DIRECTION('',(0.,0.,1.));
#6498 = PLANE('',#6499);
#6499 = AXIS2_PLACEMENT_3D('',#6500,#6501,#6502);
#6500 = CARTESIAN_POINT('',(715.,1.,1.));
#6501 = DIRECTION('',(0.,1.,0.));
#6502 = DIRECTION('',(0.,0.,1.));
#6503 = ADVANCED_FACE('',(#6504),#6522,.T.);
#6504 = FACE_BOUND('',#6505,.T.);
#6505 = EDGE_LOOP('',(#6506,#6507,#6508,#6516));
#6506 = ORIENTED_EDGE('',*,*,#6462,.F.);
#6507 = ORIENTED_EDGE('',*,*,#6485,.T.);
#6508 = ORIENTED_EDGE('',*,*,#6509,.T.);
#6509 = EDGE_CURVE('',#6486,#6510,#6512,.T.);
#6510 = VERTEX_POINT('',#6511);
#6511 = CARTESIAN_POINT('',(1.013E+03,199.,299.));
#6512 = LINE('',#6513,#6514);
#6513 = CARTESIAN_POINT('',(1.013E+03,1.,299.));
#6514 = VECTOR('',#6515,1.);
#6515 = DIRECTION('',(0.,1.,0.));
#6516 = ORIENTED_EDGE('',*,*,#6517,.F.);
#6517 = EDGE_CURVE('',#6455,#6510,#6518,.T.);
#6518 = LINE('',#6519,#6520);
#6519 = CARTESIAN_POINT('',(715.,199.,299.));
#6520 = VECTOR('',#6521,1.);
#6521 = DIRECTION('',(1.,0.,0.));
#6522 = PLANE('',#6523);
#6523 = AXIS2_PLACEMENT_3D('',#6524,#6525,#6526);
#6524 = CARTESIAN_POINT('',(715.,1.,299.));
#6525 = DIRECTION('',(0.,0.,1.));
#6526 = DIRECTION('',(1.,0.,0.));
#6527 = ADVANCED_FACE('',(#6528),#6546,.T.);
#6528 = FACE_BOUND('',#6529,.T.);
#6529 = EDGE_LOOP('',(#6530,#6538,#6539,#6540));
#6530 = ORIENTED_EDGE('',*,*,#6531,.F.);
#6531 = EDGE_CURVE('',#6447,#6532,#6534,.T.);
#6532 = VERTEX_POINT('',#6533);
#6533 = CARTESIAN_POINT('',(1.013E+03,199.,1.));
#6534 = LINE('',#6535,#6536);
#6535 = CARTESIAN_POINT('',(715.,199.,1.));
#6536 = VECTOR('',#6537,1.);
#6537 = DIRECTION('',(1.,0.,0.));
#6538 = ORIENTED_EDGE('',*,*,#6454,.T.);
#6539 = ORIENTED_EDGE('',*,*,#6517,.T.);
#6540 = ORIENTED_EDGE('',*,*,#6541,.F.);
#6541 = EDGE_CURVE('',#6532,#6510,#6542,.T.);
#6542 = LINE('',#6543,#6544);
#6543 = CARTESIAN_POINT('',(1.013E+03,199.,1.));
#6544 = VECTOR('',#6545,1.);
#6545 = DIRECTION('',(0.,0.,1.));
#6546 = PLANE('',#6547);
#6547 = AXIS2_PLACEMENT_3D('',#6548,#6549,#6550);
#6548 = CARTESIAN_POINT('',(715.,199.,1.));
#6549 = DIRECTION('',(0.,1.,0.));
#6550 = DIRECTION('',(0.,0.,1.));
#6551 = ADVANCED_FACE('',(#6552),#6563,.F.);
#6552 = FACE_BOUND('',#6553,.F.);
#6553 = EDGE_LOOP('',(#6554,#6555,#6556,#6562));
#6554 = ORIENTED_EDGE('',*,*,#6446,.F.);
#6555 = ORIENTED_EDGE('',*,*,#6476,.T.);
#6556 = ORIENTED_EDGE('',*,*,#6557,.T.);
#6557 = EDGE_CURVE('',#6477,#6532,#6558,.T.);
#6558 = LINE('',#6559,#6560);
#6559 = CARTESIAN_POINT('',(1.013E+03,1.,1.));
#6560 = VECTOR('',#6561,1.);
#6561 = DIRECTION('',(0.,1.,0.));
#6562 = ORIENTED_EDGE('',*,*,#6531,.F.);
#6563 = PLANE('',#6564);
#6564 = AXIS2_PLACEMENT_3D('',#6565,#6566,#6567);
#6565 = CARTESIAN_POINT('',(715.,1.,1.));
#6566 = DIRECTION('',(0.,0.,1.));
#6567 = DIRECTION('',(1.,0.,0.));
#6568 = ADVANCED_FACE('',(#6569),#6575,.T.);
#6569 = FACE_BOUND('',#6570,.T.);
#6570 = EDGE_LOOP('',(#6571,#6572,#6573,#6574));
#6571 = ORIENTED_EDGE('',*,*,#6493,.F.);
#6572 = ORIENTED_EDGE('',*,*,#6557,.T.);
#6573 = ORIENTED_EDGE('',*,*,#6541,.T.);
#6574 = ORIENTED_EDGE('',*,*,#6509,.F.);
#6575 = PLANE('',#6576);
#6576 = AXIS2_PLACEMENT_3D('',#6577,#6578,#6579);
#6577 = CARTESIAN_POINT('',(1.013E+03,1.,1.));
#6578 = DIRECTION('',(1.,0.,0.));
#6579 = DIRECTION('',(0.,0.,1.));
#6580 = ( GEOMETRIC_REPRESENTATION_CONTEXT(3) 
GLOBAL_UNCERTAINTY_ASSIGNED_CONTEXT((#6584)) 
GLOBAL_UNIT_ASSIGNED_CONTEXT((#6581,#6582,#6583)) REPRESENTATION_CONTEXT
('Context #1','3D Context with UNIT and UNCERTAINTY') );
#6581 = ( LENGTH_UNIT() NAMED_UNIT(*) SI_UNIT(.MILLI.,.METRE.) );
#6582 = ( NAMED_UNIT(*) PLANE_ANGLE_UNIT() SI_UNIT($,.RADIAN.) );
#6583 = ( NAMED_UNIT(*) SI_UNIT($,.STERADIAN.) SOLID_ANGLE_UNIT() );
#6584 = UNCERTAINTY_MEASURE_WITH_UNIT(LENGTH_MEASURE(1.E-07),#6581,
  'distance_accuracy_value','confusion accuracy');
#6585 = CONTEXT_DEPENDENT_SHAPE_REPRESENTATION(#6586,#6588);
#6586 = ( REPRESENTATION_RELATIONSHIP('','',#6279,#10) 
REPRESENTATION_RELATIONSHIP_WITH_TRANSFORMATION(#6587) 
SHAPE_REPRESENTATION_RELATIONSHIP() );
#6587 = ITEM_DEFINED_TRANSFORMATION('','',#11,#163);
#6588 = PRODUCT_DEFINITION_SHAPE('Placement','Placement of an item',
  #6589);
#6589 = NEXT_ASSEMBLY_USAGE_OCCURRENCE('38','Hydraulikschrank','',#5,
  #6274,$);
#6590 = PRODUCT_RELATED_PRODUCT_CATEGORY('part',$,(#6276));
#6591 = SHAPE_DEFINITION_REPRESENTATION(#6592,#6598);
#6592 = PRODUCT_DEFINITION_SHAPE('','',#6593);
#6593 = PRODUCT_DEFINITION('design','',#6594,#6597);
#6594 = PRODUCT_DEFINITION_FORMATION('','',#6595);
#6595 = PRODUCT('Reservoir_Wasser','Reservoir_Wasser','',(#6596));
#6596 = PRODUCT_CONTEXT('',#2,'mechanical');
#6597 = PRODUCT_DEFINITION_CONTEXT('part definition',#2,'design');
#6598 = ADVANCED_BREP_SHAPE_REPRESENTATION('',(#11,#6599),#6749);
#6599 = MANIFOLD_SOLID_BREP('',#6600);
#6600 = CLOSED_SHELL('',(#6601,#6641,#6681,#6703,#6725,#6737));
#6601 = ADVANCED_FACE('',(#6602),#6636,.F.);
#6602 = FACE_BOUND('',#6603,.F.);
#6603 = EDGE_LOOP('',(#6604,#6614,#6622,#6630));
#6604 = ORIENTED_EDGE('',*,*,#6605,.F.);
#6605 = EDGE_CURVE('',#6606,#6608,#6610,.T.);
#6606 = VERTEX_POINT('',#6607);
#6607 = CARTESIAN_POINT('',(0.,0.,0.));
#6608 = VERTEX_POINT('',#6609);
#6609 = CARTESIAN_POINT('',(0.,0.,180.));
#6610 = LINE('',#6611,#6612);
#6611 = CARTESIAN_POINT('',(0.,0.,0.));
#6612 = VECTOR('',#6613,1.);
#6613 = DIRECTION('',(0.,0.,1.));
#6614 = ORIENTED_EDGE('',*,*,#6615,.T.);
#6615 = EDGE_CURVE('',#6606,#6616,#6618,.T.);
#6616 = VERTEX_POINT('',#6617);
#6617 = CARTESIAN_POINT('',(0.,198.,0.));
#6618 = LINE('',#6619,#6620);
#6619 = CARTESIAN_POINT('',(0.,0.,0.));
#6620 = VECTOR('',#6621,1.);
#6621 = DIRECTION('',(-0.,1.,0.));
#6622 = ORIENTED_EDGE('',*,*,#6623,.T.);
#6623 = EDGE_CURVE('',#6616,#6624,#6626,.T.);
#6624 = VERTEX_POINT('',#6625);
#6625 = CARTESIAN_POINT('',(0.,198.,180.));
#6626 = LINE('',#6627,#6628);
#6627 = CARTESIAN_POINT('',(0.,198.,0.));
#6628 = VECTOR('',#6629,1.);
#6629 = DIRECTION('',(0.,0.,1.));
#6630 = ORIENTED_EDGE('',*,*,#6631,.F.);
#6631 = EDGE_CURVE('',#6608,#6624,#6632,.T.);
#6632 = LINE('',#6633,#6634);
#6633 = CARTESIAN_POINT('',(0.,0.,180.));
#6634 = VECTOR('',#6635,1.);
#6635 = DIRECTION('',(-0.,1.,0.));
#6636 = PLANE('',#6637);
#6637 = AXIS2_PLACEMENT_3D('',#6638,#6639,#6640);
#6638 = CARTESIAN_POINT('',(0.,0.,0.));
#6639 = DIRECTION('',(1.,0.,-0.));
#6640 = DIRECTION('',(0.,0.,1.));
#6641 = ADVANCED_FACE('',(#6642),#6676,.T.);
#6642 = FACE_BOUND('',#6643,.T.);
#6643 = EDGE_LOOP('',(#6644,#6654,#6662,#6670));
#6644 = ORIENTED_EDGE('',*,*,#6645,.F.);
#6645 = EDGE_CURVE('',#6646,#6648,#6650,.T.);
#6646 = VERTEX_POINT('',#6647);
#6647 = CARTESIAN_POINT('',(298.,0.,0.));
#6648 = VERTEX_POINT('',#6649);
#6649 = CARTESIAN_POINT('',(298.,0.,180.));
#6650 = LINE('',#6651,#6652);
#6651 = CARTESIAN_POINT('',(298.,0.,0.));
#6652 = VECTOR('',#6653,1.);
#6653 = DIRECTION('',(0.,0.,1.));
#6654 = ORIENTED_EDGE('',*,*,#6655,.T.);
#6655 = EDGE_CURVE('',#6646,#6656,#6658,.T.);
#6656 = VERTEX_POINT('',#6657);
#6657 = CARTESIAN_POINT('',(298.,198.,0.));
#6658 = LINE('',#6659,#6660);
#6659 = CARTESIAN_POINT('',(298.,0.,0.));
#6660 = VECTOR('',#6661,1.);
#6661 = DIRECTION('',(-0.,1.,0.));
#6662 = ORIENTED_EDGE('',*,*,#6663,.T.);
#6663 = EDGE_CURVE('',#6656,#6664,#6666,.T.);
#6664 = VERTEX_POINT('',#6665);
#6665 = CARTESIAN_POINT('',(298.,198.,180.));
#6666 = LINE('',#6667,#6668);
#6667 = CARTESIAN_POINT('',(298.,198.,0.));
#6668 = VECTOR('',#6669,1.);
#6669 = DIRECTION('',(0.,0.,1.));
#6670 = ORIENTED_EDGE('',*,*,#6671,.F.);
#6671 = EDGE_CURVE('',#6648,#6664,#6672,.T.);
#6672 = LINE('',#6673,#6674);
#6673 = CARTESIAN_POINT('',(298.,0.,180.));
#6674 = VECTOR('',#6675,1.);
#6675 = DIRECTION('',(-0.,1.,0.));
#6676 = PLANE('',#6677);
#6677 = AXIS2_PLACEMENT_3D('',#6678,#6679,#6680);
#6678 = CARTESIAN_POINT('',(298.,0.,0.));
#6679 = DIRECTION('',(1.,0.,-0.));
#6680 = DIRECTION('',(0.,0.,1.));
#6681 = ADVANCED_FACE('',(#6682),#6698,.F.);
#6682 = FACE_BOUND('',#6683,.F.);
#6683 = EDGE_LOOP('',(#6684,#6690,#6691,#6697));
#6684 = ORIENTED_EDGE('',*,*,#6685,.F.);
#6685 = EDGE_CURVE('',#6606,#6646,#6686,.T.);
#6686 = LINE('',#6687,#6688);
#6687 = CARTESIAN_POINT('',(0.,0.,0.));
#6688 = VECTOR('',#6689,1.);
#6689 = DIRECTION('',(1.,0.,-0.));
#6690 = ORIENTED_EDGE('',*,*,#6605,.T.);
#6691 = ORIENTED_EDGE('',*,*,#6692,.T.);
#6692 = EDGE_CURVE('',#6608,#6648,#6693,.T.);
#6693 = LINE('',#6694,#6695);
#6694 = CARTESIAN_POINT('',(0.,0.,180.));
#6695 = VECTOR('',#6696,1.);
#6696 = DIRECTION('',(1.,0.,-0.));
#6697 = ORIENTED_EDGE('',*,*,#6645,.F.);
#6698 = PLANE('',#6699);
#6699 = AXIS2_PLACEMENT_3D('',#6700,#6701,#6702);
#6700 = CARTESIAN_POINT('',(0.,0.,0.));
#6701 = DIRECTION('',(-0.,1.,0.));
#6702 = DIRECTION('',(0.,0.,1.));
#6703 = ADVANCED_FACE('',(#6704),#6720,.T.);
#6704 = FACE_BOUND('',#6705,.T.);
#6705 = EDGE_LOOP('',(#6706,#6712,#6713,#6719));
#6706 = ORIENTED_EDGE('',*,*,#6707,.F.);
#6707 = EDGE_CURVE('',#6616,#6656,#6708,.T.);
#6708 = LINE('',#6709,#6710);
#6709 = CARTESIAN_POINT('',(0.,198.,0.));
#6710 = VECTOR('',#6711,1.);
#6711 = DIRECTION('',(1.,0.,-0.));
#6712 = ORIENTED_EDGE('',*,*,#6623,.T.);
#6713 = ORIENTED_EDGE('',*,*,#6714,.T.);
#6714 = EDGE_CURVE('',#6624,#6664,#6715,.T.);
#6715 = LINE('',#6716,#6717);
#6716 = CARTESIAN_POINT('',(0.,198.,180.));
#6717 = VECTOR('',#6718,1.);
#6718 = DIRECTION('',(1.,0.,-0.));
#6719 = ORIENTED_EDGE('',*,*,#6663,.F.);
#6720 = PLANE('',#6721);
#6721 = AXIS2_PLACEMENT_3D('',#6722,#6723,#6724);
#6722 = CARTESIAN_POINT('',(0.,198.,0.));
#6723 = DIRECTION('',(-0.,1.,0.));
#6724 = DIRECTION('',(0.,0.,1.));
#6725 = ADVANCED_FACE('',(#6726),#6732,.F.);
#6726 = FACE_BOUND('',#6727,.F.);
#6727 = EDGE_LOOP('',(#6728,#6729,#6730,#6731));
#6728 = ORIENTED_EDGE('',*,*,#6615,.F.);
#6729 = ORIENTED_EDGE('',*,*,#6685,.T.);
#6730 = ORIENTED_EDGE('',*,*,#6655,.T.);
#6731 = ORIENTED_EDGE('',*,*,#6707,.F.);
#6732 = PLANE('',#6733);
#6733 = AXIS2_PLACEMENT_3D('',#6734,#6735,#6736);
#6734 = CARTESIAN_POINT('',(0.,0.,0.));
#6735 = DIRECTION('',(0.,0.,1.));
#6736 = DIRECTION('',(1.,0.,-0.));
#6737 = ADVANCED_FACE('',(#6738),#6744,.T.);
#6738 = FACE_BOUND('',#6739,.T.);
#6739 = EDGE_LOOP('',(#6740,#6741,#6742,#6743));
#6740 = ORIENTED_EDGE('',*,*,#6631,.F.);
#6741 = ORIENTED_EDGE('',*,*,#6692,.T.);
#6742 = ORIENTED_EDGE('',*,*,#6671,.T.);
#6743 = ORIENTED_EDGE('',*,*,#6714,.F.);
#6744 = PLANE('',#6745);
#6745 = AXIS2_PLACEMENT_3D('',#6746,#6747,#6748);
#6746 = CARTESIAN_POINT('',(0.,0.,180.));
#6747 = DIRECTION('',(0.,0.,1.));
#6748 = DIRECTION('',(1.,0.,-0.));
#6749 = ( GEOMETRIC_REPRESENTATION_CONTEXT(3) 
GLOBAL_UNCERTAINTY_ASSIGNED_CONTEXT((#6753)) 
GLOBAL_UNIT_ASSIGNED_CONTEXT((#6750,#6751,#6752)) REPRESENTATION_CONTEXT
('Context #1','3D Context with UNIT and UNCERTAINTY') );
#6750 = ( LENGTH_UNIT() NAMED_UNIT(*) SI_UNIT(.MILLI.,.METRE.) );
#6751 = ( NAMED_UNIT(*) PLANE_ANGLE_UNIT() SI_UNIT($,.RADIAN.) );
#6752 = ( NAMED_UNIT(*) SI_UNIT($,.STERADIAN.) SOLID_ANGLE_UNIT() );
#6753 = UNCERTAINTY_MEASURE_WITH_UNIT(LENGTH_MEASURE(1.E-07),#6750,
  'distance_accuracy_value','confusion accuracy');
#6754 = CONTEXT_DEPENDENT_SHAPE_REPRESENTATION(#6755,#6757);
#6755 = ( REPRESENTATION_RELATIONSHIP('','',#6598,#10) 
REPRESENTATION_RELATIONSHIP_WITH_TRANSFORMATION(#6756) 
SHAPE_REPRESENTATION_RELATIONSHIP() );
#6756 = ITEM_DEFINED_TRANSFORMATION('','',#11,#167);
#6757 = PRODUCT_DEFINITION_SHAPE('Placement','Placement of an item',
  #6758);
#6758 = NEXT_ASSEMBLY_USAGE_OCCURRENCE('39','Reservoir_Wasser','',#5,
  #6593,$);
#6759 = PRODUCT_RELATED_PRODUCT_CATEGORY('part',$,(#6595));
#6760 = SHAPE_DEFINITION_REPRESENTATION(#6761,#6767);
#6761 = PRODUCT_DEFINITION_SHAPE('','',#6762);
#6762 = PRODUCT_DEFINITION('design','',#6763,#6766);
#6763 = PRODUCT_DEFINITION_FORMATION('','',#6764);
#6764 = PRODUCT('Stutzen_Vorlauf','Stutzen_Vorlauf','',(#6765));
#6765 = PRODUCT_CONTEXT('',#2,'mechanical');
#6766 = PRODUCT_DEFINITION_CONTEXT('part definition',#2,'design');
#6767 = ADVANCED_BREP_SHAPE_REPRESENTATION('',(#11,#6768),#6821);
#6768 = MANIFOLD_SOLID_BREP('',#6769);
#6769 = CLOSED_SHELL('',(#6770,#6803,#6812));
#6770 = ADVANCED_FACE('',(#6771),#6798,.T.);
#6771 = FACE_BOUND('',#6772,.F.);
#6772 = EDGE_LOOP('',(#6773,#6783,#6790,#6791));
#6773 = ORIENTED_EDGE('',*,*,#6774,.T.);
#6774 = EDGE_CURVE('',#6775,#6777,#6779,.T.);
#6775 = VERTEX_POINT('',#6776);
#6776 = CARTESIAN_POINT('',(4.,-9.797174393179E-16,0.));
#6777 = VERTEX_POINT('',#6778);
#6778 = CARTESIAN_POINT('',(4.,-9.797174393179E-16,35.));
#6779 = LINE('',#6780,#6781);
#6780 = CARTESIAN_POINT('',(4.,-9.797174393179E-16,0.));
#6781 = VECTOR('',#6782,1.);
#6782 = DIRECTION('',(0.,0.,1.));
#6783 = ORIENTED_EDGE('',*,*,#6784,.T.);
#6784 = EDGE_CURVE('',#6777,#6777,#6785,.T.);
#6785 = CIRCLE('',#6786,4.);
#6786 = AXIS2_PLACEMENT_3D('',#6787,#6788,#6789);
#6787 = CARTESIAN_POINT('',(0.,0.,35.));
#6788 = DIRECTION('',(0.,0.,1.));
#6789 = DIRECTION('',(1.,0.,-0.));
#6790 = ORIENTED_EDGE('',*,*,#6774,.F.);
#6791 = ORIENTED_EDGE('',*,*,#6792,.F.);
#6792 = EDGE_CURVE('',#6775,#6775,#6793,.T.);
#6793 = CIRCLE('',#6794,4.);
#6794 = AXIS2_PLACEMENT_3D('',#6795,#6796,#6797);
#6795 = CARTESIAN_POINT('',(0.,0.,0.));
#6796 = DIRECTION('',(0.,0.,1.));
#6797 = DIRECTION('',(1.,0.,-0.));
#6798 = CYLINDRICAL_SURFACE('',#6799,4.);
#6799 = AXIS2_PLACEMENT_3D('',#6800,#6801,#6802);
#6800 = CARTESIAN_POINT('',(0.,0.,0.));
#6801 = DIRECTION('',(-0.,-0.,-1.));
#6802 = DIRECTION('',(1.,0.,-0.));
#6803 = ADVANCED_FACE('',(#6804),#6807,.F.);
#6804 = FACE_BOUND('',#6805,.T.);
#6805 = EDGE_LOOP('',(#6806));
#6806 = ORIENTED_EDGE('',*,*,#6792,.F.);
#6807 = PLANE('',#6808);
#6808 = AXIS2_PLACEMENT_3D('',#6809,#6810,#6811);
#6809 = CARTESIAN_POINT('',(0.,0.,0.));
#6810 = DIRECTION('',(0.,0.,1.));
#6811 = DIRECTION('',(1.,0.,-0.));
#6812 = ADVANCED_FACE('',(#6813),#6816,.T.);
#6813 = FACE_BOUND('',#6814,.F.);
#6814 = EDGE_LOOP('',(#6815));
#6815 = ORIENTED_EDGE('',*,*,#6784,.F.);
#6816 = PLANE('',#6817);
#6817 = AXIS2_PLACEMENT_3D('',#6818,#6819,#6820);
#6818 = CARTESIAN_POINT('',(0.,0.,35.));
#6819 = DIRECTION('',(0.,0.,1.));
#6820 = DIRECTION('',(1.,0.,-0.));
#6821 = ( GEOMETRIC_REPRESENTATION_CONTEXT(3) 
GLOBAL_UNCERTAINTY_ASSIGNED_CONTEXT((#6825)) 
GLOBAL_UNIT_ASSIGNED_CONTEXT((#6822,#6823,#6824)) REPRESENTATION_CONTEXT
('Context #1','3D Context with UNIT and UNCERTAINTY') );
#6822 = ( LENGTH_UNIT() NAMED_UNIT(*) SI_UNIT(.MILLI.,.METRE.) );
#6823 = ( NAMED_UNIT(*) PLANE_ANGLE_UNIT() SI_UNIT($,.RADIAN.) );
#6824 = ( NAMED_UNIT(*) SI_UNIT($,.STERADIAN.) SOLID_ANGLE_UNIT() );
#6825 = UNCERTAINTY_MEASURE_WITH_UNIT(LENGTH_MEASURE(1.E-07),#6822,
  'distance_accuracy_value','confusion accuracy');
#6826 = CONTEXT_DEPENDENT_SHAPE_REPRESENTATION(#6827,#6829);
#6827 = ( REPRESENTATION_RELATIONSHIP('','',#6767,#10) 
REPRESENTATION_RELATIONSHIP_WITH_TRANSFORMATION(#6828) 
SHAPE_REPRESENTATION_RELATIONSHIP() );
#6828 = ITEM_DEFINED_TRANSFORMATION('','',#11,#171);
#6829 = PRODUCT_DEFINITION_SHAPE('Placement','Placement of an item',
  #6830);
#6830 = NEXT_ASSEMBLY_USAGE_OCCURRENCE('40','Stutzen_Vorlauf','',#5,
  #6762,$);
#6831 = PRODUCT_RELATED_PRODUCT_CATEGORY('part',$,(#6764));
#6832 = SHAPE_DEFINITION_REPRESENTATION(#6833,#6839);
#6833 = PRODUCT_DEFINITION_SHAPE('','',#6834);
#6834 = PRODUCT_DEFINITION('design','',#6835,#6838);
#6835 = PRODUCT_DEFINITION_FORMATION('','',#6836);
#6836 = PRODUCT('Stutzen_Ruecklauf','Stutzen_Ruecklauf','',(#6837));
#6837 = PRODUCT_CONTEXT('',#2,'mechanical');
#6838 = PRODUCT_DEFINITION_CONTEXT('part definition',#2,'design');
#6839 = ADVANCED_BREP_SHAPE_REPRESENTATION('',(#11,#6840),#6893);
#6840 = MANIFOLD_SOLID_BREP('',#6841);
#6841 = CLOSED_SHELL('',(#6842,#6875,#6884));
#6842 = ADVANCED_FACE('',(#6843),#6870,.T.);
#6843 = FACE_BOUND('',#6844,.F.);
#6844 = EDGE_LOOP('',(#6845,#6855,#6862,#6863));
#6845 = ORIENTED_EDGE('',*,*,#6846,.T.);
#6846 = EDGE_CURVE('',#6847,#6849,#6851,.T.);
#6847 = VERTEX_POINT('',#6848);
#6848 = CARTESIAN_POINT('',(8.,-1.959434878636E-15,0.));
#6849 = VERTEX_POINT('',#6850);
#6850 = CARTESIAN_POINT('',(8.,-1.959434878636E-15,35.));
#6851 = LINE('',#6852,#6853);
#6852 = CARTESIAN_POINT('',(8.,-1.959434878636E-15,0.));
#6853 = VECTOR('',#6854,1.);
#6854 = DIRECTION('',(0.,0.,1.));
#6855 = ORIENTED_EDGE('',*,*,#6856,.T.);
#6856 = EDGE_CURVE('',#6849,#6849,#6857,.T.);
#6857 = CIRCLE('',#6858,8.);
#6858 = AXIS2_PLACEMENT_3D('',#6859,#6860,#6861);
#6859 = CARTESIAN_POINT('',(0.,0.,35.));
#6860 = DIRECTION('',(0.,0.,1.));
#6861 = DIRECTION('',(1.,0.,-0.));
#6862 = ORIENTED_EDGE('',*,*,#6846,.F.);
#6863 = ORIENTED_EDGE('',*,*,#6864,.F.);
#6864 = EDGE_CURVE('',#6847,#6847,#6865,.T.);
#6865 = CIRCLE('',#6866,8.);
#6866 = AXIS2_PLACEMENT_3D('',#6867,#6868,#6869);
#6867 = CARTESIAN_POINT('',(0.,0.,0.));
#6868 = DIRECTION('',(0.,0.,1.));
#6869 = DIRECTION('',(1.,0.,-0.));
#6870 = CYLINDRICAL_SURFACE('',#6871,8.);
#6871 = AXIS2_PLACEMENT_3D('',#6872,#6873,#6874);
#6872 = CARTESIAN_POINT('',(0.,0.,0.));
#6873 = DIRECTION('',(-0.,-0.,-1.));
#6874 = DIRECTION('',(1.,0.,-0.));
#6875 = ADVANCED_FACE('',(#6876),#6879,.F.);
#6876 = FACE_BOUND('',#6877,.T.);
#6877 = EDGE_LOOP('',(#6878));
#6878 = ORIENTED_EDGE('',*,*,#6864,.F.);
#6879 = PLANE('',#6880);
#6880 = AXIS2_PLACEMENT_3D('',#6881,#6882,#6883);
#6881 = CARTESIAN_POINT('',(0.,0.,0.));
#6882 = DIRECTION('',(0.,0.,1.));
#6883 = DIRECTION('',(1.,0.,-0.));
#6884 = ADVANCED_FACE('',(#6885),#6888,.T.);
#6885 = FACE_BOUND('',#6886,.F.);
#6886 = EDGE_LOOP('',(#6887));
#6887 = ORIENTED_EDGE('',*,*,#6856,.F.);
#6888 = PLANE('',#6889);
#6889 = AXIS2_PLACEMENT_3D('',#6890,#6891,#6892);
#6890 = CARTESIAN_POINT('',(0.,0.,35.));
#6891 = DIRECTION('',(0.,0.,1.));
#6892 = DIRECTION('',(1.,0.,-0.));
#6893 = ( GEOMETRIC_REPRESENTATION_CONTEXT(3) 
GLOBAL_UNCERTAINTY_ASSIGNED_CONTEXT((#6897)) 
GLOBAL_UNIT_ASSIGNED_CONTEXT((#6894,#6895,#6896)) REPRESENTATION_CONTEXT
('Context #1','3D Context with UNIT and UNCERTAINTY') );
#6894 = ( LENGTH_UNIT() NAMED_UNIT(*) SI_UNIT(.MILLI.,.METRE.) );
#6895 = ( NAMED_UNIT(*) PLANE_ANGLE_UNIT() SI_UNIT($,.RADIAN.) );
#6896 = ( NAMED_UNIT(*) SI_UNIT($,.STERADIAN.) SOLID_ANGLE_UNIT() );
#6897 = UNCERTAINTY_MEASURE_WITH_UNIT(LENGTH_MEASURE(1.E-07),#6894,
  'distance_accuracy_value','confusion accuracy');
#6898 = CONTEXT_DEPENDENT_SHAPE_REPRESENTATION(#6899,#6901);
#6899 = ( REPRESENTATION_RELATIONSHIP('','',#6839,#10) 
REPRESENTATION_RELATIONSHIP_WITH_TRANSFORMATION(#6900) 
SHAPE_REPRESENTATION_RELATIONSHIP() );
#6900 = ITEM_DEFINED_TRANSFORMATION('','',#11,#175);
#6901 = PRODUCT_DEFINITION_SHAPE('Placement','Placement of an item',
  #6902);
#6902 = NEXT_ASSEMBLY_USAGE_OCCURRENCE('41','Stutzen_Ruecklauf','',#5,
  #6834,$);
#6903 = PRODUCT_RELATED_PRODUCT_CATEGORY('part',$,(#6836));
#6904 = SHAPE_DEFINITION_REPRESENTATION(#6905,#6911);
#6905 = PRODUCT_DEFINITION_SHAPE('','',#6906);
#6906 = PRODUCT_DEFINITION('design','',#6907,#6910);
#6907 = PRODUCT_DEFINITION_FORMATION('','',#6908);
#6908 = PRODUCT('Kabelverschraubung','Kabelverschraubung','',(#6909));
#6909 = PRODUCT_CONTEXT('',#2,'mechanical');
#6910 = PRODUCT_DEFINITION_CONTEXT('part definition',#2,'design');
#6911 = ADVANCED_BREP_SHAPE_REPRESENTATION('',(#11,#6912),#6965);
#6912 = MANIFOLD_SOLID_BREP('',#6913);
#6913 = CLOSED_SHELL('',(#6914,#6947,#6956));
#6914 = ADVANCED_FACE('',(#6915),#6942,.T.);
#6915 = FACE_BOUND('',#6916,.F.);
#6916 = EDGE_LOOP('',(#6917,#6927,#6934,#6935));
#6917 = ORIENTED_EDGE('',*,*,#6918,.T.);
#6918 = EDGE_CURVE('',#6919,#6921,#6923,.T.);
#6919 = VERTEX_POINT('',#6920);
#6920 = CARTESIAN_POINT('',(10.,-2.449293598295E-15,0.));
#6921 = VERTEX_POINT('',#6922);
#6922 = CARTESIAN_POINT('',(10.,-2.449293598295E-15,25.));
#6923 = LINE('',#6924,#6925);
#6924 = CARTESIAN_POINT('',(10.,-2.449293598295E-15,0.));
#6925 = VECTOR('',#6926,1.);
#6926 = DIRECTION('',(0.,0.,1.));
#6927 = ORIENTED_EDGE('',*,*,#6928,.T.);
#6928 = EDGE_CURVE('',#6921,#6921,#6929,.T.);
#6929 = CIRCLE('',#6930,10.);
#6930 = AXIS2_PLACEMENT_3D('',#6931,#6932,#6933);
#6931 = CARTESIAN_POINT('',(0.,0.,25.));
#6932 = DIRECTION('',(0.,0.,1.));
#6933 = DIRECTION('',(1.,0.,-0.));
#6934 = ORIENTED_EDGE('',*,*,#6918,.F.);
#6935 = ORIENTED_EDGE('',*,*,#6936,.F.);
#6936 = EDGE_CURVE('',#6919,#6919,#6937,.T.);
#6937 = CIRCLE('',#6938,10.);
#6938 = AXIS2_PLACEMENT_3D('',#6939,#6940,#6941);
#6939 = CARTESIAN_POINT('',(0.,0.,0.));
#6940 = DIRECTION('',(0.,0.,1.));
#6941 = DIRECTION('',(1.,0.,-0.));
#6942 = CYLINDRICAL_SURFACE('',#6943,10.);
#6943 = AXIS2_PLACEMENT_3D('',#6944,#6945,#6946);
#6944 = CARTESIAN_POINT('',(0.,0.,0.));
#6945 = DIRECTION('',(-0.,-0.,-1.));
#6946 = DIRECTION('',(1.,0.,-0.));
#6947 = ADVANCED_FACE('',(#6948),#6951,.F.);
#6948 = FACE_BOUND('',#6949,.T.);
#6949 = EDGE_LOOP('',(#6950));
#6950 = ORIENTED_EDGE('',*,*,#6936,.F.);
#6951 = PLANE('',#6952);
#6952 = AXIS2_PLACEMENT_3D('',#6953,#6954,#6955);
#6953 = CARTESIAN_POINT('',(0.,0.,0.));
#6954 = DIRECTION('',(0.,0.,1.));
#6955 = DIRECTION('',(1.,0.,-0.));
#6956 = ADVANCED_FACE('',(#6957),#6960,.T.);
#6957 = FACE_BOUND('',#6958,.F.);
#6958 = EDGE_LOOP('',(#6959));
#6959 = ORIENTED_EDGE('',*,*,#6928,.F.);
#6960 = PLANE('',#6961);
#6961 = AXIS2_PLACEMENT_3D('',#6962,#6963,#6964);
#6962 = CARTESIAN_POINT('',(0.,0.,25.));
#6963 = DIRECTION('',(0.,0.,1.));
#6964 = DIRECTION('',(1.,0.,-0.));
#6965 = ( GEOMETRIC_REPRESENTATION_CONTEXT(3) 
GLOBAL_UNCERTAINTY_ASSIGNED_CONTEXT((#6969)) 
GLOBAL_UNIT_ASSIGNED_CONTEXT((#6966,#6967,#6968)) REPRESENTATION_CONTEXT
('Context #1','3D Context with UNIT and UNCERTAINTY') );
#6966 = ( LENGTH_UNIT() NAMED_UNIT(*) SI_UNIT(.MILLI.,.METRE.) );
#6967 = ( NAMED_UNIT(*) PLANE_ANGLE_UNIT() SI_UNIT($,.RADIAN.) );
#6968 = ( NAMED_UNIT(*) SI_UNIT($,.STERADIAN.) SOLID_ANGLE_UNIT() );
#6969 = UNCERTAINTY_MEASURE_WITH_UNIT(LENGTH_MEASURE(1.E-07),#6966,
  'distance_accuracy_value','confusion accuracy');
#6970 = CONTEXT_DEPENDENT_SHAPE_REPRESENTATION(#6971,#6973);
#6971 = ( REPRESENTATION_RELATIONSHIP('','',#6911,#10) 
REPRESENTATION_RELATIONSHIP_WITH_TRANSFORMATION(#6972) 
SHAPE_REPRESENTATION_RELATIONSHIP() );
#6972 = ITEM_DEFINED_TRANSFORMATION('','',#11,#179);
#6973 = PRODUCT_DEFINITION_SHAPE('Placement','Placement of an item',
  #6974);
#6974 = NEXT_ASSEMBLY_USAGE_OCCURRENCE('42','Kabelverschraubung','',#5,
  #6906,$);
#6975 = PRODUCT_RELATED_PRODUCT_CATEGORY('part',$,(#6908));
#6976 = SHAPE_DEFINITION_REPRESENTATION(#6977,#6983);
#6977 = PRODUCT_DEFINITION_SHAPE('','',#6978);
#6978 = PRODUCT_DEFINITION('design','',#6979,#6982);
#6979 = PRODUCT_DEFINITION_FORMATION('','',#6980);
#6980 = PRODUCT('Vorlaufrohr_S0','Vorlaufrohr_S0','',(#6981));
#6981 = PRODUCT_CONTEXT('',#2,'mechanical');
#6982 = PRODUCT_DEFINITION_CONTEXT('part definition',#2,'design');
#6983 = ADVANCED_BREP_SHAPE_REPRESENTATION('',(#11,#6984),#7037);
#6984 = MANIFOLD_SOLID_BREP('',#6985);
#6985 = CLOSED_SHELL('',(#6986,#7019,#7028));
#6986 = ADVANCED_FACE('',(#6987),#7014,.T.);
#6987 = FACE_BOUND('',#6988,.F.);
#6988 = EDGE_LOOP('',(#6989,#6999,#7006,#7007));
#6989 = ORIENTED_EDGE('',*,*,#6990,.T.);
#6990 = EDGE_CURVE('',#6991,#6993,#6995,.T.);
#6991 = VERTEX_POINT('',#6992);
#6992 = CARTESIAN_POINT('',(8.,-1.959434878636E-15,0.));
#6993 = VERTEX_POINT('',#6994);
#6994 = CARTESIAN_POINT('',(8.,-1.959434878636E-15,1.63E+03));
#6995 = LINE('',#6996,#6997);
#6996 = CARTESIAN_POINT('',(8.,-1.959434878636E-15,0.));
#6997 = VECTOR('',#6998,1.);
#6998 = DIRECTION('',(0.,0.,1.));
#6999 = ORIENTED_EDGE('',*,*,#7000,.T.);
#7000 = EDGE_CURVE('',#6993,#6993,#7001,.T.);
#7001 = CIRCLE('',#7002,8.);
#7002 = AXIS2_PLACEMENT_3D('',#7003,#7004,#7005);
#7003 = CARTESIAN_POINT('',(0.,0.,1.63E+03));
#7004 = DIRECTION('',(0.,0.,1.));
#7005 = DIRECTION('',(1.,0.,-0.));
#7006 = ORIENTED_EDGE('',*,*,#6990,.F.);
#7007 = ORIENTED_EDGE('',*,*,#7008,.F.);
#7008 = EDGE_CURVE('',#6991,#6991,#7009,.T.);
#7009 = CIRCLE('',#7010,8.);
#7010 = AXIS2_PLACEMENT_3D('',#7011,#7012,#7013);
#7011 = CARTESIAN_POINT('',(0.,0.,0.));
#7012 = DIRECTION('',(0.,0.,1.));
#7013 = DIRECTION('',(1.,0.,-0.));
#7014 = CYLINDRICAL_SURFACE('',#7015,8.);
#7015 = AXIS2_PLACEMENT_3D('',#7016,#7017,#7018);
#7016 = CARTESIAN_POINT('',(0.,0.,0.));
#7017 = DIRECTION('',(-0.,-0.,-1.));
#7018 = DIRECTION('',(1.,0.,-0.));
#7019 = ADVANCED_FACE('',(#7020),#7023,.F.);
#7020 = FACE_BOUND('',#7021,.T.);
#7021 = EDGE_LOOP('',(#7022));
#7022 = ORIENTED_EDGE('',*,*,#7008,.F.);
#7023 = PLANE('',#7024);
#7024 = AXIS2_PLACEMENT_3D('',#7025,#7026,#7027);
#7025 = CARTESIAN_POINT('',(0.,0.,0.));
#7026 = DIRECTION('',(0.,0.,1.));
#7027 = DIRECTION('',(1.,0.,-0.));
#7028 = ADVANCED_FACE('',(#7029),#7032,.T.);
#7029 = FACE_BOUND('',#7030,.F.);
#7030 = EDGE_LOOP('',(#7031));
#7031 = ORIENTED_EDGE('',*,*,#7000,.F.);
#7032 = PLANE('',#7033);
#7033 = AXIS2_PLACEMENT_3D('',#7034,#7035,#7036);
#7034 = CARTESIAN_POINT('',(0.,0.,1.63E+03));
#7035 = DIRECTION('',(0.,0.,1.));
#7036 = DIRECTION('',(1.,0.,-0.));
#7037 = ( GEOMETRIC_REPRESENTATION_CONTEXT(3) 
GLOBAL_UNCERTAINTY_ASSIGNED_CONTEXT((#7041)) 
GLOBAL_UNIT_ASSIGNED_CONTEXT((#7038,#7039,#7040)) REPRESENTATION_CONTEXT
('Context #1','3D Context with UNIT and UNCERTAINTY') );
#7038 = ( LENGTH_UNIT() NAMED_UNIT(*) SI_UNIT(.MILLI.,.METRE.) );
#7039 = ( NAMED_UNIT(*) PLANE_ANGLE_UNIT() SI_UNIT($,.RADIAN.) );
#7040 = ( NAMED_UNIT(*) SI_UNIT($,.STERADIAN.) SOLID_ANGLE_UNIT() );
#7041 = UNCERTAINTY_MEASURE_WITH_UNIT(LENGTH_MEASURE(1.E-07),#7038,
  'distance_accuracy_value','confusion accuracy');
#7042 = CONTEXT_DEPENDENT_SHAPE_REPRESENTATION(#7043,#7045);
#7043 = ( REPRESENTATION_RELATIONSHIP('','',#6983,#10) 
REPRESENTATION_RELATIONSHIP_WITH_TRANSFORMATION(#7044) 
SHAPE_REPRESENTATION_RELATIONSHIP() );
#7044 = ITEM_DEFINED_TRANSFORMATION('','',#11,#183);
#7045 = PRODUCT_DEFINITION_SHAPE('Placement','Placement of an item',
  #7046);
#7046 = NEXT_ASSEMBLY_USAGE_OCCURRENCE('43','Vorlaufrohr_S0','',#5,#6978
  ,$);
#7047 = PRODUCT_RELATED_PRODUCT_CATEGORY('part',$,(#6980));
#7048 = SHAPE_DEFINITION_REPRESENTATION(#7049,#7055);
#7049 = PRODUCT_DEFINITION_SHAPE('','',#7050);
#7050 = PRODUCT_DEFINITION('design','',#7051,#7054);
#7051 = PRODUCT_DEFINITION_FORMATION('','',#7052);
#7052 = PRODUCT('Fallrohr_S0','Fallrohr_S0','',(#7053));
#7053 = PRODUCT_CONTEXT('',#2,'mechanical');
#7054 = PRODUCT_DEFINITION_CONTEXT('part definition',#2,'design');
#7055 = ADVANCED_BREP_SHAPE_REPRESENTATION('',(#11,#7056),#7109);
#7056 = MANIFOLD_SOLID_BREP('',#7057);
#7057 = CLOSED_SHELL('',(#7058,#7091,#7100));
#7058 = ADVANCED_FACE('',(#7059),#7086,.T.);
#7059 = FACE_BOUND('',#7060,.F.);
#7060 = EDGE_LOOP('',(#7061,#7071,#7078,#7079));
#7061 = ORIENTED_EDGE('',*,*,#7062,.T.);
#7062 = EDGE_CURVE('',#7063,#7065,#7067,.T.);
#7063 = VERTEX_POINT('',#7064);
#7064 = CARTESIAN_POINT('',(12.5,-3.061616997868E-15,0.));
#7065 = VERTEX_POINT('',#7066);
#7066 = CARTESIAN_POINT('',(12.5,-3.061616997868E-15,1.63E+03));
#7067 = LINE('',#7068,#7069);
#7068 = CARTESIAN_POINT('',(12.5,-3.061616997868E-15,0.));
#7069 = VECTOR('',#7070,1.);
#7070 = DIRECTION('',(0.,0.,1.));
#7071 = ORIENTED_EDGE('',*,*,#7072,.T.);
#7072 = EDGE_CURVE('',#7065,#7065,#7073,.T.);
#7073 = CIRCLE('',#7074,12.5);
#7074 = AXIS2_PLACEMENT_3D('',#7075,#7076,#7077);
#7075 = CARTESIAN_POINT('',(0.,0.,1.63E+03));
#7076 = DIRECTION('',(0.,0.,1.));
#7077 = DIRECTION('',(1.,0.,-0.));
#7078 = ORIENTED_EDGE('',*,*,#7062,.F.);
#7079 = ORIENTED_EDGE('',*,*,#7080,.F.);
#7080 = EDGE_CURVE('',#7063,#7063,#7081,.T.);
#7081 = CIRCLE('',#7082,12.5);
#7082 = AXIS2_PLACEMENT_3D('',#7083,#7084,#7085);
#7083 = CARTESIAN_POINT('',(0.,0.,0.));
#7084 = DIRECTION('',(0.,0.,1.));
#7085 = DIRECTION('',(1.,0.,-0.));
#7086 = CYLINDRICAL_SURFACE('',#7087,12.5);
#7087 = AXIS2_PLACEMENT_3D('',#7088,#7089,#7090);
#7088 = CARTESIAN_POINT('',(0.,0.,0.));
#7089 = DIRECTION('',(-0.,-0.,-1.));
#7090 = DIRECTION('',(1.,0.,-0.));
#7091 = ADVANCED_FACE('',(#7092),#7095,.F.);
#7092 = FACE_BOUND('',#7093,.T.);
#7093 = EDGE_LOOP('',(#7094));
#7094 = ORIENTED_EDGE('',*,*,#7080,.F.);
#7095 = PLANE('',#7096);
#7096 = AXIS2_PLACEMENT_3D('',#7097,#7098,#7099);
#7097 = CARTESIAN_POINT('',(0.,0.,0.));
#7098 = DIRECTION('',(0.,0.,1.));
#7099 = DIRECTION('',(1.,0.,-0.));
#7100 = ADVANCED_FACE('',(#7101),#7104,.T.);
#7101 = FACE_BOUND('',#7102,.F.);
#7102 = EDGE_LOOP('',(#7103));
#7103 = ORIENTED_EDGE('',*,*,#7072,.F.);
#7104 = PLANE('',#7105);
#7105 = AXIS2_PLACEMENT_3D('',#7106,#7107,#7108);
#7106 = CARTESIAN_POINT('',(0.,0.,1.63E+03));
#7107 = DIRECTION('',(0.,0.,1.));
#7108 = DIRECTION('',(1.,0.,-0.));
#7109 = ( GEOMETRIC_REPRESENTATION_CONTEXT(3) 
GLOBAL_UNCERTAINTY_ASSIGNED_CONTEXT((#7113)) 
GLOBAL_UNIT_ASSIGNED_CONTEXT((#7110,#7111,#7112)) REPRESENTATION_CONTEXT
('Context #1','3D Context with UNIT and UNCERTAINTY') );
#7110 = ( LENGTH_UNIT() NAMED_UNIT(*) SI_UNIT(.MILLI.,.METRE.) );
#7111 = ( NAMED_UNIT(*) PLANE_ANGLE_UNIT() SI_UNIT($,.RADIAN.) );
#7112 = ( NAMED_UNIT(*) SI_UNIT($,.STERADIAN.) SOLID_ANGLE_UNIT() );
#7113 = UNCERTAINTY_MEASURE_WITH_UNIT(LENGTH_MEASURE(1.E-07),#7110,
  'distance_accuracy_value','confusion accuracy');
#7114 = CONTEXT_DEPENDENT_SHAPE_REPRESENTATION(#7115,#7117);
#7115 = ( REPRESENTATION_RELATIONSHIP('','',#7055,#10) 
REPRESENTATION_RELATIONSHIP_WITH_TRANSFORMATION(#7116) 
SHAPE_REPRESENTATION_RELATIONSHIP() );
#7116 = ITEM_DEFINED_TRANSFORMATION('','',#11,#187);
#7117 = PRODUCT_DEFINITION_SHAPE('Placement','Placement of an item',
  #7118);
#7118 = NEXT_ASSEMBLY_USAGE_OCCURRENCE('44','Fallrohr_S0','',#5,#7050,$
  );
#7119 = PRODUCT_RELATED_PRODUCT_CATEGORY('part',$,(#7052));
#7120 = SHAPE_DEFINITION_REPRESENTATION(#7121,#7127);
#7121 = PRODUCT_DEFINITION_SHAPE('','',#7122);
#7122 = PRODUCT_DEFINITION('design','',#7123,#7126);
#7123 = PRODUCT_DEFINITION_FORMATION('','',#7124);
#7124 = PRODUCT('Kabelkanal_S0','Kabelkanal_S0','',(#7125));
#7125 = PRODUCT_CONTEXT('',#2,'mechanical');
#7126 = PRODUCT_DEFINITION_CONTEXT('part definition',#2,'design');
#7127 = ADVANCED_BREP_SHAPE_REPRESENTATION('',(#11,#7128),#7278);
#7128 = MANIFOLD_SOLID_BREP('',#7129);
#7129 = CLOSED_SHELL('',(#7130,#7170,#7210,#7232,#7254,#7266));
#7130 = ADVANCED_FACE('',(#7131),#7165,.F.);
#7131 = FACE_BOUND('',#7132,.F.);
#7132 = EDGE_LOOP('',(#7133,#7143,#7151,#7159));
#7133 = ORIENTED_EDGE('',*,*,#7134,.F.);
#7134 = EDGE_CURVE('',#7135,#7137,#7139,.T.);
#7135 = VERTEX_POINT('',#7136);
#7136 = CARTESIAN_POINT('',(0.,0.,0.));
#7137 = VERTEX_POINT('',#7138);
#7138 = CARTESIAN_POINT('',(0.,0.,1.63E+03));
#7139 = LINE('',#7140,#7141);
#7140 = CARTESIAN_POINT('',(0.,0.,0.));
#7141 = VECTOR('',#7142,1.);
#7142 = DIRECTION('',(0.,0.,1.));
#7143 = ORIENTED_EDGE('',*,*,#7144,.T.);
#7144 = EDGE_CURVE('',#7135,#7145,#7147,.T.);
#7145 = VERTEX_POINT('',#7146);
#7146 = CARTESIAN_POINT('',(0.,30.,0.));
#7147 = LINE('',#7148,#7149);
#7148 = CARTESIAN_POINT('',(0.,0.,0.));
#7149 = VECTOR('',#7150,1.);
#7150 = DIRECTION('',(-0.,1.,0.));
#7151 = ORIENTED_EDGE('',*,*,#7152,.T.);
#7152 = EDGE_CURVE('',#7145,#7153,#7155,.T.);
#7153 = VERTEX_POINT('',#7154);
#7154 = CARTESIAN_POINT('',(0.,30.,1.63E+03));
#7155 = LINE('',#7156,#7157);
#7156 = CARTESIAN_POINT('',(0.,30.,0.));
#7157 = VECTOR('',#7158,1.);
#7158 = DIRECTION('',(0.,0.,1.));
#7159 = ORIENTED_EDGE('',*,*,#7160,.F.);
#7160 = EDGE_CURVE('',#7137,#7153,#7161,.T.);
#7161 = LINE('',#7162,#7163);
#7162 = CARTESIAN_POINT('',(0.,0.,1.63E+03));
#7163 = VECTOR('',#7164,1.);
#7164 = DIRECTION('',(-0.,1.,0.));
#7165 = PLANE('',#7166);
#7166 = AXIS2_PLACEMENT_3D('',#7167,#7168,#7169);
#7167 = CARTESIAN_POINT('',(0.,0.,0.));
#7168 = DIRECTION('',(1.,0.,-0.));
#7169 = DIRECTION('',(0.,0.,1.));
#7170 = ADVANCED_FACE('',(#7171),#7205,.T.);
#7171 = FACE_BOUND('',#7172,.T.);
#7172 = EDGE_LOOP('',(#7173,#7183,#7191,#7199));
#7173 = ORIENTED_EDGE('',*,*,#7174,.F.);
#7174 = EDGE_CURVE('',#7175,#7177,#7179,.T.);
#7175 = VERTEX_POINT('',#7176);
#7176 = CARTESIAN_POINT('',(45.,0.,0.));
#7177 = VERTEX_POINT('',#7178);
#7178 = CARTESIAN_POINT('',(45.,0.,1.63E+03));
#7179 = LINE('',#7180,#7181);
#7180 = CARTESIAN_POINT('',(45.,0.,0.));
#7181 = VECTOR('',#7182,1.);
#7182 = DIRECTION('',(0.,0.,1.));
#7183 = ORIENTED_EDGE('',*,*,#7184,.T.);
#7184 = EDGE_CURVE('',#7175,#7185,#7187,.T.);
#7185 = VERTEX_POINT('',#7186);
#7186 = CARTESIAN_POINT('',(45.,30.,0.));
#7187 = LINE('',#7188,#7189);
#7188 = CARTESIAN_POINT('',(45.,0.,0.));
#7189 = VECTOR('',#7190,1.);
#7190 = DIRECTION('',(-0.,1.,0.));
#7191 = ORIENTED_EDGE('',*,*,#7192,.T.);
#7192 = EDGE_CURVE('',#7185,#7193,#7195,.T.);
#7193 = VERTEX_POINT('',#7194);
#7194 = CARTESIAN_POINT('',(45.,30.,1.63E+03));
#7195 = LINE('',#7196,#7197);
#7196 = CARTESIAN_POINT('',(45.,30.,0.));
#7197 = VECTOR('',#7198,1.);
#7198 = DIRECTION('',(0.,0.,1.));
#7199 = ORIENTED_EDGE('',*,*,#7200,.F.);
#7200 = EDGE_CURVE('',#7177,#7193,#7201,.T.);
#7201 = LINE('',#7202,#7203);
#7202 = CARTESIAN_POINT('',(45.,0.,1.63E+03));
#7203 = VECTOR('',#7204,1.);
#7204 = DIRECTION('',(-0.,1.,0.));
#7205 = PLANE('',#7206);
#7206 = AXIS2_PLACEMENT_3D('',#7207,#7208,#7209);
#7207 = CARTESIAN_POINT('',(45.,0.,0.));
#7208 = DIRECTION('',(1.,0.,-0.));
#7209 = DIRECTION('',(0.,0.,1.));
#7210 = ADVANCED_FACE('',(#7211),#7227,.F.);
#7211 = FACE_BOUND('',#7212,.F.);
#7212 = EDGE_LOOP('',(#7213,#7219,#7220,#7226));
#7213 = ORIENTED_EDGE('',*,*,#7214,.F.);
#7214 = EDGE_CURVE('',#7135,#7175,#7215,.T.);
#7215 = LINE('',#7216,#7217);
#7216 = CARTESIAN_POINT('',(0.,0.,0.));
#7217 = VECTOR('',#7218,1.);
#7218 = DIRECTION('',(1.,0.,-0.));
#7219 = ORIENTED_EDGE('',*,*,#7134,.T.);
#7220 = ORIENTED_EDGE('',*,*,#7221,.T.);
#7221 = EDGE_CURVE('',#7137,#7177,#7222,.T.);
#7222 = LINE('',#7223,#7224);
#7223 = CARTESIAN_POINT('',(0.,0.,1.63E+03));
#7224 = VECTOR('',#7225,1.);
#7225 = DIRECTION('',(1.,0.,-0.));
#7226 = ORIENTED_EDGE('',*,*,#7174,.F.);
#7227 = PLANE('',#7228);
#7228 = AXIS2_PLACEMENT_3D('',#7229,#7230,#7231);
#7229 = CARTESIAN_POINT('',(0.,0.,0.));
#7230 = DIRECTION('',(-0.,1.,0.));
#7231 = DIRECTION('',(0.,0.,1.));
#7232 = ADVANCED_FACE('',(#7233),#7249,.T.);
#7233 = FACE_BOUND('',#7234,.T.);
#7234 = EDGE_LOOP('',(#7235,#7241,#7242,#7248));
#7235 = ORIENTED_EDGE('',*,*,#7236,.F.);
#7236 = EDGE_CURVE('',#7145,#7185,#7237,.T.);
#7237 = LINE('',#7238,#7239);
#7238 = CARTESIAN_POINT('',(0.,30.,0.));
#7239 = VECTOR('',#7240,1.);
#7240 = DIRECTION('',(1.,0.,-0.));
#7241 = ORIENTED_EDGE('',*,*,#7152,.T.);
#7242 = ORIENTED_EDGE('',*,*,#7243,.T.);
#7243 = EDGE_CURVE('',#7153,#7193,#7244,.T.);
#7244 = LINE('',#7245,#7246);
#7245 = CARTESIAN_POINT('',(0.,30.,1.63E+03));
#7246 = VECTOR('',#7247,1.);
#7247 = DIRECTION('',(1.,0.,-0.));
#7248 = ORIENTED_EDGE('',*,*,#7192,.F.);
#7249 = PLANE('',#7250);
#7250 = AXIS2_PLACEMENT_3D('',#7251,#7252,#7253);
#7251 = CARTESIAN_POINT('',(0.,30.,0.));
#7252 = DIRECTION('',(-0.,1.,0.));
#7253 = DIRECTION('',(0.,0.,1.));
#7254 = ADVANCED_FACE('',(#7255),#7261,.F.);
#7255 = FACE_BOUND('',#7256,.F.);
#7256 = EDGE_LOOP('',(#7257,#7258,#7259,#7260));
#7257 = ORIENTED_EDGE('',*,*,#7144,.F.);
#7258 = ORIENTED_EDGE('',*,*,#7214,.T.);
#7259 = ORIENTED_EDGE('',*,*,#7184,.T.);
#7260 = ORIENTED_EDGE('',*,*,#7236,.F.);
#7261 = PLANE('',#7262);
#7262 = AXIS2_PLACEMENT_3D('',#7263,#7264,#7265);
#7263 = CARTESIAN_POINT('',(0.,0.,0.));
#7264 = DIRECTION('',(0.,0.,1.));
#7265 = DIRECTION('',(1.,0.,-0.));
#7266 = ADVANCED_FACE('',(#7267),#7273,.T.);
#7267 = FACE_BOUND('',#7268,.T.);
#7268 = EDGE_LOOP('',(#7269,#7270,#7271,#7272));
#7269 = ORIENTED_EDGE('',*,*,#7160,.F.);
#7270 = ORIENTED_EDGE('',*,*,#7221,.T.);
#7271 = ORIENTED_EDGE('',*,*,#7200,.T.);
#7272 = ORIENTED_EDGE('',*,*,#7243,.F.);
#7273 = PLANE('',#7274);
#7274 = AXIS2_PLACEMENT_3D('',#7275,#7276,#7277);
#7275 = CARTESIAN_POINT('',(0.,0.,1.63E+03));
#7276 = DIRECTION('',(0.,0.,1.));
#7277 = DIRECTION('',(1.,0.,-0.));
#7278 = ( GEOMETRIC_REPRESENTATION_CONTEXT(3) 
GLOBAL_UNCERTAINTY_ASSIGNED_CONTEXT((#7282)) 
GLOBAL_UNIT_ASSIGNED_CONTEXT((#7279,#7280,#7281)) REPRESENTATION_CONTEXT
('Context #1','3D Context with UNIT and UNCERTAINTY') );
#7279 = ( LENGTH_UNIT() NAMED_UNIT(*) SI_UNIT(.MILLI.,.METRE.) );
#7280 = ( NAMED_UNIT(*) PLANE_ANGLE_UNIT() SI_UNIT($,.RADIAN.) );
#7281 = ( NAMED_UNIT(*) SI_UNIT($,.STERADIAN.) SOLID_ANGLE_UNIT() );
#7282 = UNCERTAINTY_MEASURE_WITH_UNIT(LENGTH_MEASURE(1.E-07),#7279,
  'distance_accuracy_value','confusion accuracy');
#7283 = CONTEXT_DEPENDENT_SHAPE_REPRESENTATION(#7284,#7286);
#7284 = ( REPRESENTATION_RELATIONSHIP('','',#7127,#10) 
REPRESENTATION_RELATIONSHIP_WITH_TRANSFORMATION(#7285) 
SHAPE_REPRESENTATION_RELATIONSHIP() );
#7285 = ITEM_DEFINED_TRANSFORMATION('','',#11,#191);
#7286 = PRODUCT_DEFINITION_SHAPE('Placement','Placement of an item',
  #7287);
#7287 = NEXT_ASSEMBLY_USAGE_OCCURRENCE('45','Kabelkanal_S0','',#5,#7122,
  $);
#7288 = PRODUCT_RELATED_PRODUCT_CATEGORY('part',$,(#7124));
#7289 = SHAPE_DEFINITION_REPRESENTATION(#7290,#7296);
#7290 = PRODUCT_DEFINITION_SHAPE('','',#7291);
#7291 = PRODUCT_DEFINITION('design','',#7292,#7295);
#7292 = PRODUCT_DEFINITION_FORMATION('','',#7293);
#7293 = PRODUCT('Gegen_Kupplung_S0_R0_E1','Gegen_Kupplung_S0_R0_E1','',(
    #7294));
#7294 = PRODUCT_CONTEXT('',#2,'mechanical');
#7295 = PRODUCT_DEFINITION_CONTEXT('part definition',#2,'design');
#7296 = ADVANCED_BREP_SHAPE_REPRESENTATION('',(#11,#7297),#7350);
#7297 = MANIFOLD_SOLID_BREP('',#7298);
#7298 = CLOSED_SHELL('',(#7299,#7332,#7341));
#7299 = ADVANCED_FACE('',(#7300),#7327,.T.);
#7300 = FACE_BOUND('',#7301,.F.);
#7301 = EDGE_LOOP('',(#7302,#7312,#7319,#7320));
#7302 = ORIENTED_EDGE('',*,*,#7303,.T.);
#7303 = EDGE_CURVE('',#7304,#7306,#7308,.T.);
#7304 = VERTEX_POINT('',#7305);
#7305 = CARTESIAN_POINT('',(9.,-2.204364238465E-15,0.));
#7306 = VERTEX_POINT('',#7307);
#7307 = CARTESIAN_POINT('',(9.,-2.204364238465E-15,12.));
#7308 = LINE('',#7309,#7310);
#7309 = CARTESIAN_POINT('',(9.,-2.204364238465E-15,0.));
#7310 = VECTOR('',#7311,1.);
#7311 = DIRECTION('',(0.,0.,1.));
#7312 = ORIENTED_EDGE('',*,*,#7313,.T.);
#7313 = EDGE_CURVE('',#7306,#7306,#7314,.T.);
#7314 = CIRCLE('',#7315,9.);
#7315 = AXIS2_PLACEMENT_3D('',#7316,#7317,#7318);
#7316 = CARTESIAN_POINT('',(0.,0.,12.));
#7317 = DIRECTION('',(0.,0.,1.));
#7318 = DIRECTION('',(1.,0.,-0.));
#7319 = ORIENTED_EDGE('',*,*,#7303,.F.);
#7320 = ORIENTED_EDGE('',*,*,#7321,.F.);
#7321 = EDGE_CURVE('',#7304,#7304,#7322,.T.);
#7322 = CIRCLE('',#7323,9.);
#7323 = AXIS2_PLACEMENT_3D('',#7324,#7325,#7326);
#7324 = CARTESIAN_POINT('',(0.,0.,0.));
#7325 = DIRECTION('',(0.,0.,1.));
#7326 = DIRECTION('',(1.,0.,-0.));
#7327 = CYLINDRICAL_SURFACE('',#7328,9.);
#7328 = AXIS2_PLACEMENT_3D('',#7329,#7330,#7331);
#7329 = CARTESIAN_POINT('',(0.,0.,0.));
#7330 = DIRECTION('',(-0.,-0.,-1.));
#7331 = DIRECTION('',(1.,0.,-0.));
#7332 = ADVANCED_FACE('',(#7333),#7336,.F.);
#7333 = FACE_BOUND('',#7334,.T.);
#7334 = EDGE_LOOP('',(#7335));
#7335 = ORIENTED_EDGE('',*,*,#7321,.F.);
#7336 = PLANE('',#7337);
#7337 = AXIS2_PLACEMENT_3D('',#7338,#7339,#7340);
#7338 = CARTESIAN_POINT('',(0.,0.,0.));
#7339 = DIRECTION('',(0.,0.,1.));
#7340 = DIRECTION('',(1.,0.,-0.));
#7341 = ADVANCED_FACE('',(#7342),#7345,.T.);
#7342 = FACE_BOUND('',#7343,.F.);
#7343 = EDGE_LOOP('',(#7344));
#7344 = ORIENTED_EDGE('',*,*,#7313,.F.);
#7345 = PLANE('',#7346);
#7346 = AXIS2_PLACEMENT_3D('',#7347,#7348,#7349);
#7347 = CARTESIAN_POINT('',(0.,0.,12.));
#7348 = DIRECTION('',(0.,0.,1.));
#7349 = DIRECTION('',(1.,0.,-0.));
#7350 = ( GEOMETRIC_REPRESENTATION_CONTEXT(3) 
GLOBAL_UNCERTAINTY_ASSIGNED_CONTEXT((#7354)) 
GLOBAL_UNIT_ASSIGNED_CONTEXT((#7351,#7352,#7353)) REPRESENTATION_CONTEXT
('Context #1','3D Context with UNIT and UNCERTAINTY') );
#7351 = ( LENGTH_UNIT() NAMED_UNIT(*) SI_UNIT(.MILLI.,.METRE.) );
#7352 = ( NAMED_UNIT(*) PLANE_ANGLE_UNIT() SI_UNIT($,.RADIAN.) );
#7353 = ( NAMED_UNIT(*) SI_UNIT($,.STERADIAN.) SOLID_ANGLE_UNIT() );
#7354 = UNCERTAINTY_MEASURE_WITH_UNIT(LENGTH_MEASURE(1.E-07),#7351,
  'distance_accuracy_value','confusion accuracy');
#7355 = CONTEXT_DEPENDENT_SHAPE_REPRESENTATION(#7356,#7358);
#7356 = ( REPRESENTATION_RELATIONSHIP('','',#7296,#10) 
REPRESENTATION_RELATIONSHIP_WITH_TRANSFORMATION(#7357) 
SHAPE_REPRESENTATION_RELATIONSHIP() );
#7357 = ITEM_DEFINED_TRANSFORMATION('','',#11,#195);
#7358 = PRODUCT_DEFINITION_SHAPE('Placement','Placement of an item',
  #7359);
#7359 = NEXT_ASSEMBLY_USAGE_OCCURRENCE('46','Gegen_Kupplung_S0_R0_E1',''
  ,#5,#7291,$);
#7360 = PRODUCT_RELATED_PRODUCT_CATEGORY('part',$,(#7293));
#7361 = SHAPE_DEFINITION_REPRESENTATION(#7362,#7368);
#7362 = PRODUCT_DEFINITION_SHAPE('','',#7363);
#7363 = PRODUCT_DEFINITION('design','',#7364,#7367);
#7364 = PRODUCT_DEFINITION_FORMATION('','',#7365);
#7365 = PRODUCT('Gegen_Stecker_S0_R0_E1','Gegen_Stecker_S0_R0_E1','',(
    #7366));
#7366 = PRODUCT_CONTEXT('',#2,'mechanical');
#7367 = PRODUCT_DEFINITION_CONTEXT('part definition',#2,'design');
#7368 = ADVANCED_BREP_SHAPE_REPRESENTATION('',(#11,#7369),#7422);
#7369 = MANIFOLD_SOLID_BREP('',#7370);
#7370 = CLOSED_SHELL('',(#7371,#7404,#7413));
#7371 = ADVANCED_FACE('',(#7372),#7399,.T.);
#7372 = FACE_BOUND('',#7373,.F.);
#7373 = EDGE_LOOP('',(#7374,#7384,#7391,#7392));
#7374 = ORIENTED_EDGE('',*,*,#7375,.T.);
#7375 = EDGE_CURVE('',#7376,#7378,#7380,.T.);
#7376 = VERTEX_POINT('',#7377);
#7377 = CARTESIAN_POINT('',(10.,-2.449293598295E-15,0.));
#7378 = VERTEX_POINT('',#7379);
#7379 = CARTESIAN_POINT('',(10.,-2.449293598295E-15,12.));
#7380 = LINE('',#7381,#7382);
#7381 = CARTESIAN_POINT('',(10.,-2.449293598295E-15,0.));
#7382 = VECTOR('',#7383,1.);
#7383 = DIRECTION('',(0.,0.,1.));
#7384 = ORIENTED_EDGE('',*,*,#7385,.T.);
#7385 = EDGE_CURVE('',#7378,#7378,#7386,.T.);
#7386 = CIRCLE('',#7387,10.);
#7387 = AXIS2_PLACEMENT_3D('',#7388,#7389,#7390);
#7388 = CARTESIAN_POINT('',(0.,0.,12.));
#7389 = DIRECTION('',(0.,0.,1.));
#7390 = DIRECTION('',(1.,0.,-0.));
#7391 = ORIENTED_EDGE('',*,*,#7375,.F.);
#7392 = ORIENTED_EDGE('',*,*,#7393,.F.);
#7393 = EDGE_CURVE('',#7376,#7376,#7394,.T.);
#7394 = CIRCLE('',#7395,10.);
#7395 = AXIS2_PLACEMENT_3D('',#7396,#7397,#7398);
#7396 = CARTESIAN_POINT('',(0.,0.,0.));
#7397 = DIRECTION('',(0.,0.,1.));
#7398 = DIRECTION('',(1.,0.,-0.));
#7399 = CYLINDRICAL_SURFACE('',#7400,10.);
#7400 = AXIS2_PLACEMENT_3D('',#7401,#7402,#7403);
#7401 = CARTESIAN_POINT('',(0.,0.,0.));
#7402 = DIRECTION('',(-0.,-0.,-1.));
#7403 = DIRECTION('',(1.,0.,-0.));
#7404 = ADVANCED_FACE('',(#7405),#7408,.F.);
#7405 = FACE_BOUND('',#7406,.T.);
#7406 = EDGE_LOOP('',(#7407));
#7407 = ORIENTED_EDGE('',*,*,#7393,.F.);
#7408 = PLANE('',#7409);
#7409 = AXIS2_PLACEMENT_3D('',#7410,#7411,#7412);
#7410 = CARTESIAN_POINT('',(0.,0.,0.));
#7411 = DIRECTION('',(0.,0.,1.));
#7412 = DIRECTION('',(1.,0.,-0.));
#7413 = ADVANCED_FACE('',(#7414),#7417,.T.);
#7414 = FACE_BOUND('',#7415,.F.);
#7415 = EDGE_LOOP('',(#7416));
#7416 = ORIENTED_EDGE('',*,*,#7385,.F.);
#7417 = PLANE('',#7418);
#7418 = AXIS2_PLACEMENT_3D('',#7419,#7420,#7421);
#7419 = CARTESIAN_POINT('',(0.,0.,12.));
#7420 = DIRECTION('',(0.,0.,1.));
#7421 = DIRECTION('',(1.,0.,-0.));
#7422 = ( GEOMETRIC_REPRESENTATION_CONTEXT(3) 
GLOBAL_UNCERTAINTY_ASSIGNED_CONTEXT((#7426)) 
GLOBAL_UNIT_ASSIGNED_CONTEXT((#7423,#7424,#7425)) REPRESENTATION_CONTEXT
('Context #1','3D Context with UNIT and UNCERTAINTY') );
#7423 = ( LENGTH_UNIT() NAMED_UNIT(*) SI_UNIT(.MILLI.,.METRE.) );
#7424 = ( NAMED_UNIT(*) PLANE_ANGLE_UNIT() SI_UNIT($,.RADIAN.) );
#7425 = ( NAMED_UNIT(*) SI_UNIT($,.STERADIAN.) SOLID_ANGLE_UNIT() );
#7426 = UNCERTAINTY_MEASURE_WITH_UNIT(LENGTH_MEASURE(1.E-07),#7423,
  'distance_accuracy_value','confusion accuracy');
#7427 = CONTEXT_DEPENDENT_SHAPE_REPRESENTATION(#7428,#7430);
#7428 = ( REPRESENTATION_RELATIONSHIP('','',#7368,#10) 
REPRESENTATION_RELATIONSHIP_WITH_TRANSFORMATION(#7429) 
SHAPE_REPRESENTATION_RELATIONSHIP() );
#7429 = ITEM_DEFINED_TRANSFORMATION('','',#11,#199);
#7430 = PRODUCT_DEFINITION_SHAPE('Placement','Placement of an item',
  #7431);
#7431 = NEXT_ASSEMBLY_USAGE_OCCURRENCE('47','Gegen_Stecker_S0_R0_E1','',
  #5,#7363,$);
#7432 = PRODUCT_RELATED_PRODUCT_CATEGORY('part',$,(#7365));
#7433 = SHAPE_DEFINITION_REPRESENTATION(#7434,#7440);
#7434 = PRODUCT_DEFINITION_SHAPE('','',#7435);
#7435 = PRODUCT_DEFINITION('design','',#7436,#7439);
#7436 = PRODUCT_DEFINITION_FORMATION('','',#7437);
#7437 = PRODUCT('Gegen_Ablauf_S0_R0_E1','Gegen_Ablauf_S0_R0_E1','',(
    #7438));
#7438 = PRODUCT_CONTEXT('',#2,'mechanical');
#7439 = PRODUCT_DEFINITION_CONTEXT('part definition',#2,'design');
#7440 = ADVANCED_BREP_SHAPE_REPRESENTATION('',(#11,#7441),#7494);
#7441 = MANIFOLD_SOLID_BREP('',#7442);
#7442 = CLOSED_SHELL('',(#7443,#7476,#7485));
#7443 = ADVANCED_FACE('',(#7444),#7471,.T.);
#7444 = FACE_BOUND('',#7445,.F.);
#7445 = EDGE_LOOP('',(#7446,#7456,#7463,#7464));
#7446 = ORIENTED_EDGE('',*,*,#7447,.T.);
#7447 = EDGE_CURVE('',#7448,#7450,#7452,.T.);
#7448 = VERTEX_POINT('',#7449);
#7449 = CARTESIAN_POINT('',(11.,-2.694222958124E-15,0.));
#7450 = VERTEX_POINT('',#7451);
#7451 = CARTESIAN_POINT('',(11.,-2.694222958124E-15,12.));
#7452 = LINE('',#7453,#7454);
#7453 = CARTESIAN_POINT('',(11.,-2.694222958124E-15,0.));
#7454 = VECTOR('',#7455,1.);
#7455 = DIRECTION('',(0.,0.,1.));
#7456 = ORIENTED_EDGE('',*,*,#7457,.T.);
#7457 = EDGE_CURVE('',#7450,#7450,#7458,.T.);
#7458 = CIRCLE('',#7459,11.);
#7459 = AXIS2_PLACEMENT_3D('',#7460,#7461,#7462);
#7460 = CARTESIAN_POINT('',(0.,0.,12.));
#7461 = DIRECTION('',(0.,0.,1.));
#7462 = DIRECTION('',(1.,0.,-0.));
#7463 = ORIENTED_EDGE('',*,*,#7447,.F.);
#7464 = ORIENTED_EDGE('',*,*,#7465,.F.);
#7465 = EDGE_CURVE('',#7448,#7448,#7466,.T.);
#7466 = CIRCLE('',#7467,11.);
#7467 = AXIS2_PLACEMENT_3D('',#7468,#7469,#7470);
#7468 = CARTESIAN_POINT('',(0.,0.,0.));
#7469 = DIRECTION('',(0.,0.,1.));
#7470 = DIRECTION('',(1.,0.,-0.));
#7471 = CYLINDRICAL_SURFACE('',#7472,11.);
#7472 = AXIS2_PLACEMENT_3D('',#7473,#7474,#7475);
#7473 = CARTESIAN_POINT('',(0.,0.,0.));
#7474 = DIRECTION('',(-0.,-0.,-1.));
#7475 = DIRECTION('',(1.,0.,-0.));
#7476 = ADVANCED_FACE('',(#7477),#7480,.F.);
#7477 = FACE_BOUND('',#7478,.T.);
#7478 = EDGE_LOOP('',(#7479));
#7479 = ORIENTED_EDGE('',*,*,#7465,.F.);
#7480 = PLANE('',#7481);
#7481 = AXIS2_PLACEMENT_3D('',#7482,#7483,#7484);
#7482 = CARTESIAN_POINT('',(0.,0.,0.));
#7483 = DIRECTION('',(0.,0.,1.));
#7484 = DIRECTION('',(1.,0.,-0.));
#7485 = ADVANCED_FACE('',(#7486),#7489,.T.);
#7486 = FACE_BOUND('',#7487,.F.);
#7487 = EDGE_LOOP('',(#7488));
#7488 = ORIENTED_EDGE('',*,*,#7457,.F.);
#7489 = PLANE('',#7490);
#7490 = AXIS2_PLACEMENT_3D('',#7491,#7492,#7493);
#7491 = CARTESIAN_POINT('',(0.,0.,12.));
#7492 = DIRECTION('',(0.,0.,1.));
#7493 = DIRECTION('',(1.,0.,-0.));
#7494 = ( GEOMETRIC_REPRESENTATION_CONTEXT(3) 
GLOBAL_UNCERTAINTY_ASSIGNED_CONTEXT((#7498)) 
GLOBAL_UNIT_ASSIGNED_CONTEXT((#7495,#7496,#7497)) REPRESENTATION_CONTEXT
('Context #1','3D Context with UNIT and UNCERTAINTY') );
#7495 = ( LENGTH_UNIT() NAMED_UNIT(*) SI_UNIT(.MILLI.,.METRE.) );
#7496 = ( NAMED_UNIT(*) PLANE_ANGLE_UNIT() SI_UNIT($,.RADIAN.) );
#7497 = ( NAMED_UNIT(*) SI_UNIT($,.STERADIAN.) SOLID_ANGLE_UNIT() );
#7498 = UNCERTAINTY_MEASURE_WITH_UNIT(LENGTH_MEASURE(1.E-07),#7495,
  'distance_accuracy_value','confusion accuracy');
#7499 = CONTEXT_DEPENDENT_SHAPE_REPRESENTATION(#7500,#7502);
#7500 = ( REPRESENTATION_RELATIONSHIP('','',#7440,#10) 
REPRESENTATION_RELATIONSHIP_WITH_TRANSFORMATION(#7501) 
SHAPE_REPRESENTATION_RELATIONSHIP() );
#7501 = ITEM_DEFINED_TRANSFORMATION('','',#11,#203);
#7502 = PRODUCT_DEFINITION_SHAPE('Placement','Placement of an item',
  #7503);
#7503 = NEXT_ASSEMBLY_USAGE_OCCURRENCE('48','Gegen_Ablauf_S0_R0_E1','',
  #5,#7435,$);
#7504 = PRODUCT_RELATED_PRODUCT_CATEGORY('part',$,(#7437));
#7505 = SHAPE_DEFINITION_REPRESENTATION(#7506,#7512);
#7506 = PRODUCT_DEFINITION_SHAPE('','',#7507);
#7507 = PRODUCT_DEFINITION('design','',#7508,#7511);
#7508 = PRODUCT_DEFINITION_FORMATION('','',#7509);
#7509 = PRODUCT('Gegen_Kupplung_S0_R0_E2','Gegen_Kupplung_S0_R0_E2','',(
    #7510));
#7510 = PRODUCT_CONTEXT('',#2,'mechanical');
#7511 = PRODUCT_DEFINITION_CONTEXT('part definition',#2,'design');
#7512 = ADVANCED_BREP_SHAPE_REPRESENTATION('',(#11,#7513),#7566);
#7513 = MANIFOLD_SOLID_BREP('',#7514);
#7514 = CLOSED_SHELL('',(#7515,#7548,#7557));
#7515 = ADVANCED_FACE('',(#7516),#7543,.T.);
#7516 = FACE_BOUND('',#7517,.F.);
#7517 = EDGE_LOOP('',(#7518,#7528,#7535,#7536));
#7518 = ORIENTED_EDGE('',*,*,#7519,.T.);
#7519 = EDGE_CURVE('',#7520,#7522,#7524,.T.);
#7520 = VERTEX_POINT('',#7521);
#7521 = CARTESIAN_POINT('',(9.,-2.204364238465E-15,0.));
#7522 = VERTEX_POINT('',#7523);
#7523 = CARTESIAN_POINT('',(9.,-2.204364238465E-15,12.));
#7524 = LINE('',#7525,#7526);
#7525 = CARTESIAN_POINT('',(9.,-2.204364238465E-15,0.));
#7526 = VECTOR('',#7527,1.);
#7527 = DIRECTION('',(0.,0.,1.));
#7528 = ORIENTED_EDGE('',*,*,#7529,.T.);
#7529 = EDGE_CURVE('',#7522,#7522,#7530,.T.);
#7530 = CIRCLE('',#7531,9.);
#7531 = AXIS2_PLACEMENT_3D('',#7532,#7533,#7534);
#7532 = CARTESIAN_POINT('',(0.,0.,12.));
#7533 = DIRECTION('',(0.,0.,1.));
#7534 = DIRECTION('',(1.,0.,-0.));
#7535 = ORIENTED_EDGE('',*,*,#7519,.F.);
#7536 = ORIENTED_EDGE('',*,*,#7537,.F.);
#7537 = EDGE_CURVE('',#7520,#7520,#7538,.T.);
#7538 = CIRCLE('',#7539,9.);
#7539 = AXIS2_PLACEMENT_3D('',#7540,#7541,#7542);
#7540 = CARTESIAN_POINT('',(0.,0.,0.));
#7541 = DIRECTION('',(0.,0.,1.));
#7542 = DIRECTION('',(1.,0.,-0.));
#7543 = CYLINDRICAL_SURFACE('',#7544,9.);
#7544 = AXIS2_PLACEMENT_3D('',#7545,#7546,#7547);
#7545 = CARTESIAN_POINT('',(0.,0.,0.));
#7546 = DIRECTION('',(-0.,-0.,-1.));
#7547 = DIRECTION('',(1.,0.,-0.));
#7548 = ADVANCED_FACE('',(#7549),#7552,.F.);
#7549 = FACE_BOUND('',#7550,.T.);
#7550 = EDGE_LOOP('',(#7551));
#7551 = ORIENTED_EDGE('',*,*,#7537,.F.);
#7552 = PLANE('',#7553);
#7553 = AXIS2_PLACEMENT_3D('',#7554,#7555,#7556);
#7554 = CARTESIAN_POINT('',(0.,0.,0.));
#7555 = DIRECTION('',(0.,0.,1.));
#7556 = DIRECTION('',(1.,0.,-0.));
#7557 = ADVANCED_FACE('',(#7558),#7561,.T.);
#7558 = FACE_BOUND('',#7559,.F.);
#7559 = EDGE_LOOP('',(#7560));
#7560 = ORIENTED_EDGE('',*,*,#7529,.F.);
#7561 = PLANE('',#7562);
#7562 = AXIS2_PLACEMENT_3D('',#7563,#7564,#7565);
#7563 = CARTESIAN_POINT('',(0.,0.,12.));
#7564 = DIRECTION('',(0.,0.,1.));
#7565 = DIRECTION('',(1.,0.,-0.));
#7566 = ( GEOMETRIC_REPRESENTATION_CONTEXT(3) 
GLOBAL_UNCERTAINTY_ASSIGNED_CONTEXT((#7570)) 
GLOBAL_UNIT_ASSIGNED_CONTEXT((#7567,#7568,#7569)) REPRESENTATION_CONTEXT
('Context #1','3D Context with UNIT and UNCERTAINTY') );
#7567 = ( LENGTH_UNIT() NAMED_UNIT(*) SI_UNIT(.MILLI.,.METRE.) );
#7568 = ( NAMED_UNIT(*) PLANE_ANGLE_UNIT() SI_UNIT($,.RADIAN.) );
#7569 = ( NAMED_UNIT(*) SI_UNIT($,.STERADIAN.) SOLID_ANGLE_UNIT() );
#7570 = UNCERTAINTY_MEASURE_WITH_UNIT(LENGTH_MEASURE(1.E-07),#7567,
  'distance_accuracy_value','confusion accuracy');
#7571 = CONTEXT_DEPENDENT_SHAPE_REPRESENTATION(#7572,#7574);
#7572 = ( REPRESENTATION_RELATIONSHIP('','',#7512,#10) 
REPRESENTATION_RELATIONSHIP_WITH_TRANSFORMATION(#7573) 
SHAPE_REPRESENTATION_RELATIONSHIP() );
#7573 = ITEM_DEFINED_TRANSFORMATION('','',#11,#207);
#7574 = PRODUCT_DEFINITION_SHAPE('Placement','Placement of an item',
  #7575);
#7575 = NEXT_ASSEMBLY_USAGE_OCCURRENCE('49','Gegen_Kupplung_S0_R0_E2',''
  ,#5,#7507,$);
#7576 = PRODUCT_RELATED_PRODUCT_CATEGORY('part',$,(#7509));
#7577 = SHAPE_DEFINITION_REPRESENTATION(#7578,#7584);
#7578 = PRODUCT_DEFINITION_SHAPE('','',#7579);
#7579 = PRODUCT_DEFINITION('design','',#7580,#7583);
#7580 = PRODUCT_DEFINITION_FORMATION('','',#7581);
#7581 = PRODUCT('Gegen_Stecker_S0_R0_E2','Gegen_Stecker_S0_R0_E2','',(
    #7582));
#7582 = PRODUCT_CONTEXT('',#2,'mechanical');
#7583 = PRODUCT_DEFINITION_CONTEXT('part definition',#2,'design');
#7584 = ADVANCED_BREP_SHAPE_REPRESENTATION('',(#11,#7585),#7638);
#7585 = MANIFOLD_SOLID_BREP('',#7586);
#7586 = CLOSED_SHELL('',(#7587,#7620,#7629));
#7587 = ADVANCED_FACE('',(#7588),#7615,.T.);
#7588 = FACE_BOUND('',#7589,.F.);
#7589 = EDGE_LOOP('',(#7590,#7600,#7607,#7608));
#7590 = ORIENTED_EDGE('',*,*,#7591,.T.);
#7591 = EDGE_CURVE('',#7592,#7594,#7596,.T.);
#7592 = VERTEX_POINT('',#7593);
#7593 = CARTESIAN_POINT('',(10.,-2.449293598295E-15,0.));
#7594 = VERTEX_POINT('',#7595);
#7595 = CARTESIAN_POINT('',(10.,-2.449293598295E-15,12.));
#7596 = LINE('',#7597,#7598);
#7597 = CARTESIAN_POINT('',(10.,-2.449293598295E-15,0.));
#7598 = VECTOR('',#7599,1.);
#7599 = DIRECTION('',(0.,0.,1.));
#7600 = ORIENTED_EDGE('',*,*,#7601,.T.);
#7601 = EDGE_CURVE('',#7594,#7594,#7602,.T.);
#7602 = CIRCLE('',#7603,10.);
#7603 = AXIS2_PLACEMENT_3D('',#7604,#7605,#7606);
#7604 = CARTESIAN_POINT('',(0.,0.,12.));
#7605 = DIRECTION('',(0.,0.,1.));
#7606 = DIRECTION('',(1.,0.,-0.));
#7607 = ORIENTED_EDGE('',*,*,#7591,.F.);
#7608 = ORIENTED_EDGE('',*,*,#7609,.F.);
#7609 = EDGE_CURVE('',#7592,#7592,#7610,.T.);
#7610 = CIRCLE('',#7611,10.);
#7611 = AXIS2_PLACEMENT_3D('',#7612,#7613,#7614);
#7612 = CARTESIAN_POINT('',(0.,0.,0.));
#7613 = DIRECTION('',(0.,0.,1.));
#7614 = DIRECTION('',(1.,0.,-0.));
#7615 = CYLINDRICAL_SURFACE('',#7616,10.);
#7616 = AXIS2_PLACEMENT_3D('',#7617,#7618,#7619);
#7617 = CARTESIAN_POINT('',(0.,0.,0.));
#7618 = DIRECTION('',(-0.,-0.,-1.));
#7619 = DIRECTION('',(1.,0.,-0.));
#7620 = ADVANCED_FACE('',(#7621),#7624,.F.);
#7621 = FACE_BOUND('',#7622,.T.);
#7622 = EDGE_LOOP('',(#7623));
#7623 = ORIENTED_EDGE('',*,*,#7609,.F.);
#7624 = PLANE('',#7625);
#7625 = AXIS2_PLACEMENT_3D('',#7626,#7627,#7628);
#7626 = CARTESIAN_POINT('',(0.,0.,0.));
#7627 = DIRECTION('',(0.,0.,1.));
#7628 = DIRECTION('',(1.,0.,-0.));
#7629 = ADVANCED_FACE('',(#7630),#7633,.T.);
#7630 = FACE_BOUND('',#7631,.F.);
#7631 = EDGE_LOOP('',(#7632));
#7632 = ORIENTED_EDGE('',*,*,#7601,.F.);
#7633 = PLANE('',#7634);
#7634 = AXIS2_PLACEMENT_3D('',#7635,#7636,#7637);
#7635 = CARTESIAN_POINT('',(0.,0.,12.));
#7636 = DIRECTION('',(0.,0.,1.));
#7637 = DIRECTION('',(1.,0.,-0.));
#7638 = ( GEOMETRIC_REPRESENTATION_CONTEXT(3) 
GLOBAL_UNCERTAINTY_ASSIGNED_CONTEXT((#7642)) 
GLOBAL_UNIT_ASSIGNED_CONTEXT((#7639,#7640,#7641)) REPRESENTATION_CONTEXT
('Context #1','3D Context with UNIT and UNCERTAINTY') );
#7639 = ( LENGTH_UNIT() NAMED_UNIT(*) SI_UNIT(.MILLI.,.METRE.) );
#7640 = ( NAMED_UNIT(*) PLANE_ANGLE_UNIT() SI_UNIT($,.RADIAN.) );
#7641 = ( NAMED_UNIT(*) SI_UNIT($,.STERADIAN.) SOLID_ANGLE_UNIT() );
#7642 = UNCERTAINTY_MEASURE_WITH_UNIT(LENGTH_MEASURE(1.E-07),#7639,
  'distance_accuracy_value','confusion accuracy');
#7643 = CONTEXT_DEPENDENT_SHAPE_REPRESENTATION(#7644,#7646);
#7644 = ( REPRESENTATION_RELATIONSHIP('','',#7584,#10) 
REPRESENTATION_RELATIONSHIP_WITH_TRANSFORMATION(#7645) 
SHAPE_REPRESENTATION_RELATIONSHIP() );
#7645 = ITEM_DEFINED_TRANSFORMATION('','',#11,#211);
#7646 = PRODUCT_DEFINITION_SHAPE('Placement','Placement of an item',
  #7647);
#7647 = NEXT_ASSEMBLY_USAGE_OCCURRENCE('50','Gegen_Stecker_S0_R0_E2','',
  #5,#7579,$);
#7648 = PRODUCT_RELATED_PRODUCT_CATEGORY('part',$,(#7581));
#7649 = SHAPE_DEFINITION_REPRESENTATION(#7650,#7656);
#7650 = PRODUCT_DEFINITION_SHAPE('','',#7651);
#7651 = PRODUCT_DEFINITION('design','',#7652,#7655);
#7652 = PRODUCT_DEFINITION_FORMATION('','',#7653);
#7653 = PRODUCT('Gegen_Ablauf_S0_R0_E2','Gegen_Ablauf_S0_R0_E2','',(
    #7654));
#7654 = PRODUCT_CONTEXT('',#2,'mechanical');
#7655 = PRODUCT_DEFINITION_CONTEXT('part definition',#2,'design');
#7656 = ADVANCED_BREP_SHAPE_REPRESENTATION('',(#11,#7657),#7710);
#7657 = MANIFOLD_SOLID_BREP('',#7658);
#7658 = CLOSED_SHELL('',(#7659,#7692,#7701));
#7659 = ADVANCED_FACE('',(#7660),#7687,.T.);
#7660 = FACE_BOUND('',#7661,.F.);
#7661 = EDGE_LOOP('',(#7662,#7672,#7679,#7680));
#7662 = ORIENTED_EDGE('',*,*,#7663,.T.);
#7663 = EDGE_CURVE('',#7664,#7666,#7668,.T.);
#7664 = VERTEX_POINT('',#7665);
#7665 = CARTESIAN_POINT('',(11.,-2.694222958124E-15,0.));
#7666 = VERTEX_POINT('',#7667);
#7667 = CARTESIAN_POINT('',(11.,-2.694222958124E-15,12.));
#7668 = LINE('',#7669,#7670);
#7669 = CARTESIAN_POINT('',(11.,-2.694222958124E-15,0.));
#7670 = VECTOR('',#7671,1.);
#7671 = DIRECTION('',(0.,0.,1.));
#7672 = ORIENTED_EDGE('',*,*,#7673,.T.);
#7673 = EDGE_CURVE('',#7666,#7666,#7674,.T.);
#7674 = CIRCLE('',#7675,11.);
#7675 = AXIS2_PLACEMENT_3D('',#7676,#7677,#7678);
#7676 = CARTESIAN_POINT('',(0.,0.,12.));
#7677 = DIRECTION('',(0.,0.,1.));
#7678 = DIRECTION('',(1.,0.,-0.));
#7679 = ORIENTED_EDGE('',*,*,#7663,.F.);
#7680 = ORIENTED_EDGE('',*,*,#7681,.F.);
#7681 = EDGE_CURVE('',#7664,#7664,#7682,.T.);
#7682 = CIRCLE('',#7683,11.);
#7683 = AXIS2_PLACEMENT_3D('',#7684,#7685,#7686);
#7684 = CARTESIAN_POINT('',(0.,0.,0.));
#7685 = DIRECTION('',(0.,0.,1.));
#7686 = DIRECTION('',(1.,0.,-0.));
#7687 = CYLINDRICAL_SURFACE('',#7688,11.);
#7688 = AXIS2_PLACEMENT_3D('',#7689,#7690,#7691);
#7689 = CARTESIAN_POINT('',(0.,0.,0.));
#7690 = DIRECTION('',(-0.,-0.,-1.));
#7691 = DIRECTION('',(1.,0.,-0.));
#7692 = ADVANCED_FACE('',(#7693),#7696,.F.);
#7693 = FACE_BOUND('',#7694,.T.);
#7694 = EDGE_LOOP('',(#7695));
#7695 = ORIENTED_EDGE('',*,*,#7681,.F.);
#7696 = PLANE('',#7697);
#7697 = AXIS2_PLACEMENT_3D('',#7698,#7699,#7700);
#7698 = CARTESIAN_POINT('',(0.,0.,0.));
#7699 = DIRECTION('',(0.,0.,1.));
#7700 = DIRECTION('',(1.,0.,-0.));
#7701 = ADVANCED_FACE('',(#7702),#7705,.T.);
#7702 = FACE_BOUND('',#7703,.F.);
#7703 = EDGE_LOOP('',(#7704));
#7704 = ORIENTED_EDGE('',*,*,#7673,.F.);
#7705 = PLANE('',#7706);
#7706 = AXIS2_PLACEMENT_3D('',#7707,#7708,#7709);
#7707 = CARTESIAN_POINT('',(0.,0.,12.));
#7708 = DIRECTION('',(0.,0.,1.));
#7709 = DIRECTION('',(1.,0.,-0.));
#7710 = ( GEOMETRIC_REPRESENTATION_CONTEXT(3) 
GLOBAL_UNCERTAINTY_ASSIGNED_CONTEXT((#7714)) 
GLOBAL_UNIT_ASSIGNED_CONTEXT((#7711,#7712,#7713)) REPRESENTATION_CONTEXT
('Context #1','3D Context with UNIT and UNCERTAINTY') );
#7711 = ( LENGTH_UNIT() NAMED_UNIT(*) SI_UNIT(.MILLI.,.METRE.) );
#7712 = ( NAMED_UNIT(*) PLANE_ANGLE_UNIT() SI_UNIT($,.RADIAN.) );
#7713 = ( NAMED_UNIT(*) SI_UNIT($,.STERADIAN.) SOLID_ANGLE_UNIT() );
#7714 = UNCERTAINTY_MEASURE_WITH_UNIT(LENGTH_MEASURE(1.E-07),#7711,
  'distance_accuracy_value','confusion accuracy');
#7715 = CONTEXT_DEPENDENT_SHAPE_REPRESENTATION(#7716,#7718);
#7716 = ( REPRESENTATION_RELATIONSHIP('','',#7656,#10) 
REPRESENTATION_RELATIONSHIP_WITH_TRANSFORMATION(#7717) 
SHAPE_REPRESENTATION_RELATIONSHIP() );
#7717 = ITEM_DEFINED_TRANSFORMATION('','',#11,#215);
#7718 = PRODUCT_DEFINITION_SHAPE('Placement','Placement of an item',
  #7719);
#7719 = NEXT_ASSEMBLY_USAGE_OCCURRENCE('51','Gegen_Ablauf_S0_R0_E2','',
  #5,#7651,$);
#7720 = PRODUCT_RELATED_PRODUCT_CATEGORY('part',$,(#7653));
#7721 = SHAPE_DEFINITION_REPRESENTATION(#7722,#7728);
#7722 = PRODUCT_DEFINITION_SHAPE('','',#7723);
#7723 = PRODUCT_DEFINITION('design','',#7724,#7727);
#7724 = PRODUCT_DEFINITION_FORMATION('','',#7725);
#7725 = PRODUCT('Gegen_Kupplung_S0_R0_E3','Gegen_Kupplung_S0_R0_E3','',(
    #7726));
#7726 = PRODUCT_CONTEXT('',#2,'mechanical');
#7727 = PRODUCT_DEFINITION_CONTEXT('part definition',#2,'design');
#7728 = ADVANCED_BREP_SHAPE_REPRESENTATION('',(#11,#7729),#7782);
#7729 = MANIFOLD_SOLID_BREP('',#7730);
#7730 = CLOSED_SHELL('',(#7731,#7764,#7773));
#7731 = ADVANCED_FACE('',(#7732),#7759,.T.);
#7732 = FACE_BOUND('',#7733,.F.);
#7733 = EDGE_LOOP('',(#7734,#7744,#7751,#7752));
#7734 = ORIENTED_EDGE('',*,*,#7735,.T.);
#7735 = EDGE_CURVE('',#7736,#7738,#7740,.T.);
#7736 = VERTEX_POINT('',#7737);
#7737 = CARTESIAN_POINT('',(9.,-2.204364238465E-15,0.));
#7738 = VERTEX_POINT('',#7739);
#7739 = CARTESIAN_POINT('',(9.,-2.204364238465E-15,12.));
#7740 = LINE('',#7741,#7742);
#7741 = CARTESIAN_POINT('',(9.,-2.204364238465E-15,0.));
#7742 = VECTOR('',#7743,1.);
#7743 = DIRECTION('',(0.,0.,1.));
#7744 = ORIENTED_EDGE('',*,*,#7745,.T.);
#7745 = EDGE_CURVE('',#7738,#7738,#7746,.T.);
#7746 = CIRCLE('',#7747,9.);
#7747 = AXIS2_PLACEMENT_3D('',#7748,#7749,#7750);
#7748 = CARTESIAN_POINT('',(0.,0.,12.));
#7749 = DIRECTION('',(0.,0.,1.));
#7750 = DIRECTION('',(1.,0.,-0.));
#7751 = ORIENTED_EDGE('',*,*,#7735,.F.);
#7752 = ORIENTED_EDGE('',*,*,#7753,.F.);
#7753 = EDGE_CURVE('',#7736,#7736,#7754,.T.);
#7754 = CIRCLE('',#7755,9.);
#7755 = AXIS2_PLACEMENT_3D('',#7756,#7757,#7758);
#7756 = CARTESIAN_POINT('',(0.,0.,0.));
#7757 = DIRECTION('',(0.,0.,1.));
#7758 = DIRECTION('',(1.,0.,-0.));
#7759 = CYLINDRICAL_SURFACE('',#7760,9.);
#7760 = AXIS2_PLACEMENT_3D('',#7761,#7762,#7763);
#7761 = CARTESIAN_POINT('',(0.,0.,0.));
#7762 = DIRECTION('',(-0.,-0.,-1.));
#7763 = DIRECTION('',(1.,0.,-0.));
#7764 = ADVANCED_FACE('',(#7765),#7768,.F.);
#7765 = FACE_BOUND('',#7766,.T.);
#7766 = EDGE_LOOP('',(#7767));
#7767 = ORIENTED_EDGE('',*,*,#7753,.F.);
#7768 = PLANE('',#7769);
#7769 = AXIS2_PLACEMENT_3D('',#7770,#7771,#7772);
#7770 = CARTESIAN_POINT('',(0.,0.,0.));
#7771 = DIRECTION('',(0.,0.,1.));
#7772 = DIRECTION('',(1.,0.,-0.));
#7773 = ADVANCED_FACE('',(#7774),#7777,.T.);
#7774 = FACE_BOUND('',#7775,.F.);
#7775 = EDGE_LOOP('',(#7776));
#7776 = ORIENTED_EDGE('',*,*,#7745,.F.);
#7777 = PLANE('',#7778);
#7778 = AXIS2_PLACEMENT_3D('',#7779,#7780,#7781);
#7779 = CARTESIAN_POINT('',(0.,0.,12.));
#7780 = DIRECTION('',(0.,0.,1.));
#7781 = DIRECTION('',(1.,0.,-0.));
#7782 = ( GEOMETRIC_REPRESENTATION_CONTEXT(3) 
GLOBAL_UNCERTAINTY_ASSIGNED_CONTEXT((#7786)) 
GLOBAL_UNIT_ASSIGNED_CONTEXT((#7783,#7784,#7785)) REPRESENTATION_CONTEXT
('Context #1','3D Context with UNIT and UNCERTAINTY') );
#7783 = ( LENGTH_UNIT() NAMED_UNIT(*) SI_UNIT(.MILLI.,.METRE.) );
#7784 = ( NAMED_UNIT(*) PLANE_ANGLE_UNIT() SI_UNIT($,.RADIAN.) );
#7785 = ( NAMED_UNIT(*) SI_UNIT($,.STERADIAN.) SOLID_ANGLE_UNIT() );
#7786 = UNCERTAINTY_MEASURE_WITH_UNIT(LENGTH_MEASURE(1.E-07),#7783,
  'distance_accuracy_value','confusion accuracy');
#7787 = CONTEXT_DEPENDENT_SHAPE_REPRESENTATION(#7788,#7790);
#7788 = ( REPRESENTATION_RELATIONSHIP('','',#7728,#10) 
REPRESENTATION_RELATIONSHIP_WITH_TRANSFORMATION(#7789) 
SHAPE_REPRESENTATION_RELATIONSHIP() );
#7789 = ITEM_DEFINED_TRANSFORMATION('','',#11,#219);
#7790 = PRODUCT_DEFINITION_SHAPE('Placement','Placement of an item',
  #7791);
#7791 = NEXT_ASSEMBLY_USAGE_OCCURRENCE('52','Gegen_Kupplung_S0_R0_E3',''
  ,#5,#7723,$);
#7792 = PRODUCT_RELATED_PRODUCT_CATEGORY('part',$,(#7725));
#7793 = SHAPE_DEFINITION_REPRESENTATION(#7794,#7800);
#7794 = PRODUCT_DEFINITION_SHAPE('','',#7795);
#7795 = PRODUCT_DEFINITION('design','',#7796,#7799);
#7796 = PRODUCT_DEFINITION_FORMATION('','',#7797);
#7797 = PRODUCT('Gegen_Stecker_S0_R0_E3','Gegen_Stecker_S0_R0_E3','',(
    #7798));
#7798 = PRODUCT_CONTEXT('',#2,'mechanical');
#7799 = PRODUCT_DEFINITION_CONTEXT('part definition',#2,'design');
#7800 = ADVANCED_BREP_SHAPE_REPRESENTATION('',(#11,#7801),#7854);
#7801 = MANIFOLD_SOLID_BREP('',#7802);
#7802 = CLOSED_SHELL('',(#7803,#7836,#7845));
#7803 = ADVANCED_FACE('',(#7804),#7831,.T.);
#7804 = FACE_BOUND('',#7805,.F.);
#7805 = EDGE_LOOP('',(#7806,#7816,#7823,#7824));
#7806 = ORIENTED_EDGE('',*,*,#7807,.T.);
#7807 = EDGE_CURVE('',#7808,#7810,#7812,.T.);
#7808 = VERTEX_POINT('',#7809);
#7809 = CARTESIAN_POINT('',(10.,-2.449293598295E-15,0.));
#7810 = VERTEX_POINT('',#7811);
#7811 = CARTESIAN_POINT('',(10.,-2.449293598295E-15,12.));
#7812 = LINE('',#7813,#7814);
#7813 = CARTESIAN_POINT('',(10.,-2.449293598295E-15,0.));
#7814 = VECTOR('',#7815,1.);
#7815 = DIRECTION('',(0.,0.,1.));
#7816 = ORIENTED_EDGE('',*,*,#7817,.T.);
#7817 = EDGE_CURVE('',#7810,#7810,#7818,.T.);
#7818 = CIRCLE('',#7819,10.);
#7819 = AXIS2_PLACEMENT_3D('',#7820,#7821,#7822);
#7820 = CARTESIAN_POINT('',(0.,0.,12.));
#7821 = DIRECTION('',(0.,0.,1.));
#7822 = DIRECTION('',(1.,0.,-0.));
#7823 = ORIENTED_EDGE('',*,*,#7807,.F.);
#7824 = ORIENTED_EDGE('',*,*,#7825,.F.);
#7825 = EDGE_CURVE('',#7808,#7808,#7826,.T.);
#7826 = CIRCLE('',#7827,10.);
#7827 = AXIS2_PLACEMENT_3D('',#7828,#7829,#7830);
#7828 = CARTESIAN_POINT('',(0.,0.,0.));
#7829 = DIRECTION('',(0.,0.,1.));
#7830 = DIRECTION('',(1.,0.,-0.));
#7831 = CYLINDRICAL_SURFACE('',#7832,10.);
#7832 = AXIS2_PLACEMENT_3D('',#7833,#7834,#7835);
#7833 = CARTESIAN_POINT('',(0.,0.,0.));
#7834 = DIRECTION('',(-0.,-0.,-1.));
#7835 = DIRECTION('',(1.,0.,-0.));
#7836 = ADVANCED_FACE('',(#7837),#7840,.F.);
#7837 = FACE_BOUND('',#7838,.T.);
#7838 = EDGE_LOOP('',(#7839));
#7839 = ORIENTED_EDGE('',*,*,#7825,.F.);
#7840 = PLANE('',#7841);
#7841 = AXIS2_PLACEMENT_3D('',#7842,#7843,#7844);
#7842 = CARTESIAN_POINT('',(0.,0.,0.));
#7843 = DIRECTION('',(0.,0.,1.));
#7844 = DIRECTION('',(1.,0.,-0.));
#7845 = ADVANCED_FACE('',(#7846),#7849,.T.);
#7846 = FACE_BOUND('',#7847,.F.);
#7847 = EDGE_LOOP('',(#7848));
#7848 = ORIENTED_EDGE('',*,*,#7817,.F.);
#7849 = PLANE('',#7850);
#7850 = AXIS2_PLACEMENT_3D('',#7851,#7852,#7853);
#7851 = CARTESIAN_POINT('',(0.,0.,12.));
#7852 = DIRECTION('',(0.,0.,1.));
#7853 = DIRECTION('',(1.,0.,-0.));
#7854 = ( GEOMETRIC_REPRESENTATION_CONTEXT(3) 
GLOBAL_UNCERTAINTY_ASSIGNED_CONTEXT((#7858)) 
GLOBAL_UNIT_ASSIGNED_CONTEXT((#7855,#7856,#7857)) REPRESENTATION_CONTEXT
('Context #1','3D Context with UNIT and UNCERTAINTY') );
#7855 = ( LENGTH_UNIT() NAMED_UNIT(*) SI_UNIT(.MILLI.,.METRE.) );
#7856 = ( NAMED_UNIT(*) PLANE_ANGLE_UNIT() SI_UNIT($,.RADIAN.) );
#7857 = ( NAMED_UNIT(*) SI_UNIT($,.STERADIAN.) SOLID_ANGLE_UNIT() );
#7858 = UNCERTAINTY_MEASURE_WITH_UNIT(LENGTH_MEASURE(1.E-07),#7855,
  'distance_accuracy_value','confusion accuracy');
#7859 = CONTEXT_DEPENDENT_SHAPE_REPRESENTATION(#7860,#7862);
#7860 = ( REPRESENTATION_RELATIONSHIP('','',#7800,#10) 
REPRESENTATION_RELATIONSHIP_WITH_TRANSFORMATION(#7861) 
SHAPE_REPRESENTATION_RELATIONSHIP() );
#7861 = ITEM_DEFINED_TRANSFORMATION('','',#11,#223);
#7862 = PRODUCT_DEFINITION_SHAPE('Placement','Placement of an item',
  #7863);
#7863 = NEXT_ASSEMBLY_USAGE_OCCURRENCE('53','Gegen_Stecker_S0_R0_E3','',
  #5,#7795,$);
#7864 = PRODUCT_RELATED_PRODUCT_CATEGORY('part',$,(#7797));
#7865 = SHAPE_DEFINITION_REPRESENTATION(#7866,#7872);
#7866 = PRODUCT_DEFINITION_SHAPE('','',#7867);
#7867 = PRODUCT_DEFINITION('design','',#7868,#7871);
#7868 = PRODUCT_DEFINITION_FORMATION('','',#7869);
#7869 = PRODUCT('Gegen_Ablauf_S0_R0_E3','Gegen_Ablauf_S0_R0_E3','',(
    #7870));
#7870 = PRODUCT_CONTEXT('',#2,'mechanical');
#7871 = PRODUCT_DEFINITION_CONTEXT('part definition',#2,'design');
#7872 = ADVANCED_BREP_SHAPE_REPRESENTATION('',(#11,#7873),#7926);
#7873 = MANIFOLD_SOLID_BREP('',#7874);
#7874 = CLOSED_SHELL('',(#7875,#7908,#7917));
#7875 = ADVANCED_FACE('',(#7876),#7903,.T.);
#7876 = FACE_BOUND('',#7877,.F.);
#7877 = EDGE_LOOP('',(#7878,#7888,#7895,#7896));
#7878 = ORIENTED_EDGE('',*,*,#7879,.T.);
#7879 = EDGE_CURVE('',#7880,#7882,#7884,.T.);
#7880 = VERTEX_POINT('',#7881);
#7881 = CARTESIAN_POINT('',(11.,-2.694222958124E-15,0.));
#7882 = VERTEX_POINT('',#7883);
#7883 = CARTESIAN_POINT('',(11.,-2.694222958124E-15,12.));
#7884 = LINE('',#7885,#7886);
#7885 = CARTESIAN_POINT('',(11.,-2.694222958124E-15,0.));
#7886 = VECTOR('',#7887,1.);
#7887 = DIRECTION('',(0.,0.,1.));
#7888 = ORIENTED_EDGE('',*,*,#7889,.T.);
#7889 = EDGE_CURVE('',#7882,#7882,#7890,.T.);
#7890 = CIRCLE('',#7891,11.);
#7891 = AXIS2_PLACEMENT_3D('',#7892,#7893,#7894);
#7892 = CARTESIAN_POINT('',(0.,0.,12.));
#7893 = DIRECTION('',(0.,0.,1.));
#7894 = DIRECTION('',(1.,0.,-0.));
#7895 = ORIENTED_EDGE('',*,*,#7879,.F.);
#7896 = ORIENTED_EDGE('',*,*,#7897,.F.);
#7897 = EDGE_CURVE('',#7880,#7880,#7898,.T.);
#7898 = CIRCLE('',#7899,11.);
#7899 = AXIS2_PLACEMENT_3D('',#7900,#7901,#7902);
#7900 = CARTESIAN_POINT('',(0.,0.,0.));
#7901 = DIRECTION('',(0.,0.,1.));
#7902 = DIRECTION('',(1.,0.,-0.));
#7903 = CYLINDRICAL_SURFACE('',#7904,11.);
#7904 = AXIS2_PLACEMENT_3D('',#7905,#7906,#7907);
#7905 = CARTESIAN_POINT('',(0.,0.,0.));
#7906 = DIRECTION('',(-0.,-0.,-1.));
#7907 = DIRECTION('',(1.,0.,-0.));
#7908 = ADVANCED_FACE('',(#7909),#7912,.F.);
#7909 = FACE_BOUND('',#7910,.T.);
#7910 = EDGE_LOOP('',(#7911));
#7911 = ORIENTED_EDGE('',*,*,#7897,.F.);
#7912 = PLANE('',#7913);
#7913 = AXIS2_PLACEMENT_3D('',#7914,#7915,#7916);
#7914 = CARTESIAN_POINT('',(0.,0.,0.));
#7915 = DIRECTION('',(0.,0.,1.));
#7916 = DIRECTION('',(1.,0.,-0.));
#7917 = ADVANCED_FACE('',(#7918),#7921,.T.);
#7918 = FACE_BOUND('',#7919,.F.);
#7919 = EDGE_LOOP('',(#7920));
#7920 = ORIENTED_EDGE('',*,*,#7889,.F.);
#7921 = PLANE('',#7922);
#7922 = AXIS2_PLACEMENT_3D('',#7923,#7924,#7925);
#7923 = CARTESIAN_POINT('',(0.,0.,12.));
#7924 = DIRECTION('',(0.,0.,1.));
#7925 = DIRECTION('',(1.,0.,-0.));
#7926 = ( GEOMETRIC_REPRESENTATION_CONTEXT(3) 
GLOBAL_UNCERTAINTY_ASSIGNED_CONTEXT((#7930)) 
GLOBAL_UNIT_ASSIGNED_CONTEXT((#7927,#7928,#7929)) REPRESENTATION_CONTEXT
('Context #1','3D Context with UNIT and UNCERTAINTY') );
#7927 = ( LENGTH_UNIT() NAMED_UNIT(*) SI_UNIT(.MILLI.,.METRE.) );
#7928 = ( NAMED_UNIT(*) PLANE_ANGLE_UNIT() SI_UNIT($,.RADIAN.) );
#7929 = ( NAMED_UNIT(*) SI_UNIT($,.STERADIAN.) SOLID_ANGLE_UNIT() );
#7930 = UNCERTAINTY_MEASURE_WITH_UNIT(LENGTH_MEASURE(1.E-07),#7927,
  'distance_accuracy_value','confusion accuracy');
#7931 = CONTEXT_DEPENDENT_SHAPE_REPRESENTATION(#7932,#7934);
#7932 = ( REPRESENTATION_RELATIONSHIP('','',#7872,#10) 
REPRESENTATION_RELATIONSHIP_WITH_TRANSFORMATION(#7933) 
SHAPE_REPRESENTATION_RELATIONSHIP() );
#7933 = ITEM_DEFINED_TRANSFORMATION('','',#11,#227);
#7934 = PRODUCT_DEFINITION_SHAPE('Placement','Placement of an item',
  #7935);
#7935 = NEXT_ASSEMBLY_USAGE_OCCURRENCE('54','Gegen_Ablauf_S0_R0_E3','',
  #5,#7867,$);
#7936 = PRODUCT_RELATED_PRODUCT_CATEGORY('part',$,(#7869));
#7937 = SHAPE_DEFINITION_REPRESENTATION(#7938,#7944);
#7938 = PRODUCT_DEFINITION_SHAPE('','',#7939);
#7939 = PRODUCT_DEFINITION('design','',#7940,#7943);
#7940 = PRODUCT_DEFINITION_FORMATION('','',#7941);
#7941 = PRODUCT('Gegen_Kupplung_S0_R0_E4','Gegen_Kupplung_S0_R0_E4','',(
    #7942));
#7942 = PRODUCT_CONTEXT('',#2,'mechanical');
#7943 = PRODUCT_DEFINITION_CONTEXT('part definition',#2,'design');
#7944 = ADVANCED_BREP_SHAPE_REPRESENTATION('',(#11,#7945),#7998);
#7945 = MANIFOLD_SOLID_BREP('',#7946);
#7946 = CLOSED_SHELL('',(#7947,#7980,#7989));
#7947 = ADVANCED_FACE('',(#7948),#7975,.T.);
#7948 = FACE_BOUND('',#7949,.F.);
#7949 = EDGE_LOOP('',(#7950,#7960,#7967,#7968));
#7950 = ORIENTED_EDGE('',*,*,#7951,.T.);
#7951 = EDGE_CURVE('',#7952,#7954,#7956,.T.);
#7952 = VERTEX_POINT('',#7953);
#7953 = CARTESIAN_POINT('',(9.,-2.204364238465E-15,0.));
#7954 = VERTEX_POINT('',#7955);
#7955 = CARTESIAN_POINT('',(9.,-2.204364238465E-15,12.));
#7956 = LINE('',#7957,#7958);
#7957 = CARTESIAN_POINT('',(9.,-2.204364238465E-15,0.));
#7958 = VECTOR('',#7959,1.);
#7959 = DIRECTION('',(0.,0.,1.));
#7960 = ORIENTED_EDGE('',*,*,#7961,.T.);
#7961 = EDGE_CURVE('',#7954,#7954,#7962,.T.);
#7962 = CIRCLE('',#7963,9.);
#7963 = AXIS2_PLACEMENT_3D('',#7964,#7965,#7966);
#7964 = CARTESIAN_POINT('',(0.,0.,12.));
#7965 = DIRECTION('',(0.,0.,1.));
#7966 = DIRECTION('',(1.,0.,-0.));
#7967 = ORIENTED_EDGE('',*,*,#7951,.F.);
#7968 = ORIENTED_EDGE('',*,*,#7969,.F.);
#7969 = EDGE_CURVE('',#7952,#7952,#7970,.T.);
#7970 = CIRCLE('',#7971,9.);
#7971 = AXIS2_PLACEMENT_3D('',#7972,#7973,#7974);
#7972 = CARTESIAN_POINT('',(0.,0.,0.));
#7973 = DIRECTION('',(0.,0.,1.));
#7974 = DIRECTION('',(1.,0.,-0.));
#7975 = CYLINDRICAL_SURFACE('',#7976,9.);
#7976 = AXIS2_PLACEMENT_3D('',#7977,#7978,#7979);
#7977 = CARTESIAN_POINT('',(0.,0.,0.));
#7978 = DIRECTION('',(-0.,-0.,-1.));
#7979 = DIRECTION('',(1.,0.,-0.));
#7980 = ADVANCED_FACE('',(#7981),#7984,.F.);
#7981 = FACE_BOUND('',#7982,.T.);
#7982 = EDGE_LOOP('',(#7983));
#7983 = ORIENTED_EDGE('',*,*,#7969,.F.);
#7984 = PLANE('',#7985);
#7985 = AXIS2_PLACEMENT_3D('',#7986,#7987,#7988);
#7986 = CARTESIAN_POINT('',(0.,0.,0.));
#7987 = DIRECTION('',(0.,0.,1.));
#7988 = DIRECTION('',(1.,0.,-0.));
#7989 = ADVANCED_FACE('',(#7990),#7993,.T.);
#7990 = FACE_BOUND('',#7991,.F.);
#7991 = EDGE_LOOP('',(#7992));
#7992 = ORIENTED_EDGE('',*,*,#7961,.F.);
#7993 = PLANE('',#7994);
#7994 = AXIS2_PLACEMENT_3D('',#7995,#7996,#7997);
#7995 = CARTESIAN_POINT('',(0.,0.,12.));
#7996 = DIRECTION('',(0.,0.,1.));
#7997 = DIRECTION('',(1.,0.,-0.));
#7998 = ( GEOMETRIC_REPRESENTATION_CONTEXT(3) 
GLOBAL_UNCERTAINTY_ASSIGNED_CONTEXT((#8002)) 
GLOBAL_UNIT_ASSIGNED_CONTEXT((#7999,#8000,#8001)) REPRESENTATION_CONTEXT
('Context #1','3D Context with UNIT and UNCERTAINTY') );
#7999 = ( LENGTH_UNIT() NAMED_UNIT(*) SI_UNIT(.MILLI.,.METRE.) );
#8000 = ( NAMED_UNIT(*) PLANE_ANGLE_UNIT() SI_UNIT($,.RADIAN.) );
#8001 = ( NAMED_UNIT(*) SI_UNIT($,.STERADIAN.) SOLID_ANGLE_UNIT() );
#8002 = UNCERTAINTY_MEASURE_WITH_UNIT(LENGTH_MEASURE(1.E-07),#7999,
  'distance_accuracy_value','confusion accuracy');
#8003 = CONTEXT_DEPENDENT_SHAPE_REPRESENTATION(#8004,#8006);
#8004 = ( REPRESENTATION_RELATIONSHIP('','',#7944,#10) 
REPRESENTATION_RELATIONSHIP_WITH_TRANSFORMATION(#8005) 
SHAPE_REPRESENTATION_RELATIONSHIP() );
#8005 = ITEM_DEFINED_TRANSFORMATION('','',#11,#231);
#8006 = PRODUCT_DEFINITION_SHAPE('Placement','Placement of an item',
  #8007);
#8007 = NEXT_ASSEMBLY_USAGE_OCCURRENCE('55','Gegen_Kupplung_S0_R0_E4',''
  ,#5,#7939,$);
#8008 = PRODUCT_RELATED_PRODUCT_CATEGORY('part',$,(#7941));
#8009 = SHAPE_DEFINITION_REPRESENTATION(#8010,#8016);
#8010 = PRODUCT_DEFINITION_SHAPE('','',#8011);
#8011 = PRODUCT_DEFINITION('design','',#8012,#8015);
#8012 = PRODUCT_DEFINITION_FORMATION('','',#8013);
#8013 = PRODUCT('Gegen_Stecker_S0_R0_E4','Gegen_Stecker_S0_R0_E4','',(
    #8014));
#8014 = PRODUCT_CONTEXT('',#2,'mechanical');
#8015 = PRODUCT_DEFINITION_CONTEXT('part definition',#2,'design');
#8016 = ADVANCED_BREP_SHAPE_REPRESENTATION('',(#11,#8017),#8070);
#8017 = MANIFOLD_SOLID_BREP('',#8018);
#8018 = CLOSED_SHELL('',(#8019,#8052,#8061));
#8019 = ADVANCED_FACE('',(#8020),#8047,.T.);
#8020 = FACE_BOUND('',#8021,.F.);
#8021 = EDGE_LOOP('',(#8022,#8032,#8039,#8040));
#8022 = ORIENTED_EDGE('',*,*,#8023,.T.);
#8023 = EDGE_CURVE('',#8024,#8026,#8028,.T.);
#8024 = VERTEX_POINT('',#8025);
#8025 = CARTESIAN_POINT('',(10.,-2.449293598295E-15,0.));
#8026 = VERTEX_POINT('',#8027);
#8027 = CARTESIAN_POINT('',(10.,-2.449293598295E-15,12.));
#8028 = LINE('',#8029,#8030);
#8029 = CARTESIAN_POINT('',(10.,-2.449293598295E-15,0.));
#8030 = VECTOR('',#8031,1.);
#8031 = DIRECTION('',(0.,0.,1.));
#8032 = ORIENTED_EDGE('',*,*,#8033,.T.);
#8033 = EDGE_CURVE('',#8026,#8026,#8034,.T.);
#8034 = CIRCLE('',#8035,10.);
#8035 = AXIS2_PLACEMENT_3D('',#8036,#8037,#8038);
#8036 = CARTESIAN_POINT('',(0.,0.,12.));
#8037 = DIRECTION('',(0.,0.,1.));
#8038 = DIRECTION('',(1.,0.,-0.));
#8039 = ORIENTED_EDGE('',*,*,#8023,.F.);
#8040 = ORIENTED_EDGE('',*,*,#8041,.F.);
#8041 = EDGE_CURVE('',#8024,#8024,#8042,.T.);
#8042 = CIRCLE('',#8043,10.);
#8043 = AXIS2_PLACEMENT_3D('',#8044,#8045,#8046);
#8044 = CARTESIAN_POINT('',(0.,0.,0.));
#8045 = DIRECTION('',(0.,0.,1.));
#8046 = DIRECTION('',(1.,0.,-0.));
#8047 = CYLINDRICAL_SURFACE('',#8048,10.);
#8048 = AXIS2_PLACEMENT_3D('',#8049,#8050,#8051);
#8049 = CARTESIAN_POINT('',(0.,0.,0.));
#8050 = DIRECTION('',(-0.,-0.,-1.));
#8051 = DIRECTION('',(1.,0.,-0.));
#8052 = ADVANCED_FACE('',(#8053),#8056,.F.);
#8053 = FACE_BOUND('',#8054,.T.);
#8054 = EDGE_LOOP('',(#8055));
#8055 = ORIENTED_EDGE('',*,*,#8041,.F.);
#8056 = PLANE('',#8057);
#8057 = AXIS2_PLACEMENT_3D('',#8058,#8059,#8060);
#8058 = CARTESIAN_POINT('',(0.,0.,0.));
#8059 = DIRECTION('',(0.,0.,1.));
#8060 = DIRECTION('',(1.,0.,-0.));
#8061 = ADVANCED_FACE('',(#8062),#8065,.T.);
#8062 = FACE_BOUND('',#8063,.F.);
#8063 = EDGE_LOOP('',(#8064));
#8064 = ORIENTED_EDGE('',*,*,#8033,.F.);
#8065 = PLANE('',#8066);
#8066 = AXIS2_PLACEMENT_3D('',#8067,#8068,#8069);
#8067 = CARTESIAN_POINT('',(0.,0.,12.));
#8068 = DIRECTION('',(0.,0.,1.));
#8069 = DIRECTION('',(1.,0.,-0.));
#8070 = ( GEOMETRIC_REPRESENTATION_CONTEXT(3) 
GLOBAL_UNCERTAINTY_ASSIGNED_CONTEXT((#8074)) 
GLOBAL_UNIT_ASSIGNED_CONTEXT((#8071,#8072,#8073)) REPRESENTATION_CONTEXT
('Context #1','3D Context with UNIT and UNCERTAINTY') );
#8071 = ( LENGTH_UNIT() NAMED_UNIT(*) SI_UNIT(.MILLI.,.METRE.) );
#8072 = ( NAMED_UNIT(*) PLANE_ANGLE_UNIT() SI_UNIT($,.RADIAN.) );
#8073 = ( NAMED_UNIT(*) SI_UNIT($,.STERADIAN.) SOLID_ANGLE_UNIT() );
#8074 = UNCERTAINTY_MEASURE_WITH_UNIT(LENGTH_MEASURE(1.E-07),#8071,
  'distance_accuracy_value','confusion accuracy');
#8075 = CONTEXT_DEPENDENT_SHAPE_REPRESENTATION(#8076,#8078);
#8076 = ( REPRESENTATION_RELATIONSHIP('','',#8016,#10) 
REPRESENTATION_RELATIONSHIP_WITH_TRANSFORMATION(#8077) 
SHAPE_REPRESENTATION_RELATIONSHIP() );
#8077 = ITEM_DEFINED_TRANSFORMATION('','',#11,#235);
#8078 = PRODUCT_DEFINITION_SHAPE('Placement','Placement of an item',
  #8079);
#8079 = NEXT_ASSEMBLY_USAGE_OCCURRENCE('56','Gegen_Stecker_S0_R0_E4','',
  #5,#8011,$);
#8080 = PRODUCT_RELATED_PRODUCT_CATEGORY('part',$,(#8013));
#8081 = SHAPE_DEFINITION_REPRESENTATION(#8082,#8088);
#8082 = PRODUCT_DEFINITION_SHAPE('','',#8083);
#8083 = PRODUCT_DEFINITION('design','',#8084,#8087);
#8084 = PRODUCT_DEFINITION_FORMATION('','',#8085);
#8085 = PRODUCT('Gegen_Ablauf_S0_R0_E4','Gegen_Ablauf_S0_R0_E4','',(
    #8086));
#8086 = PRODUCT_CONTEXT('',#2,'mechanical');
#8087 = PRODUCT_DEFINITION_CONTEXT('part definition',#2,'design');
#8088 = ADVANCED_BREP_SHAPE_REPRESENTATION('',(#11,#8089),#8142);
#8089 = MANIFOLD_SOLID_BREP('',#8090);
#8090 = CLOSED_SHELL('',(#8091,#8124,#8133));
#8091 = ADVANCED_FACE('',(#8092),#8119,.T.);
#8092 = FACE_BOUND('',#8093,.F.);
#8093 = EDGE_LOOP('',(#8094,#8104,#8111,#8112));
#8094 = ORIENTED_EDGE('',*,*,#8095,.T.);
#8095 = EDGE_CURVE('',#8096,#8098,#8100,.T.);
#8096 = VERTEX_POINT('',#8097);
#8097 = CARTESIAN_POINT('',(11.,-2.694222958124E-15,0.));
#8098 = VERTEX_POINT('',#8099);
#8099 = CARTESIAN_POINT('',(11.,-2.694222958124E-15,12.));
#8100 = LINE('',#8101,#8102);
#8101 = CARTESIAN_POINT('',(11.,-2.694222958124E-15,0.));
#8102 = VECTOR('',#8103,1.);
#8103 = DIRECTION('',(0.,0.,1.));
#8104 = ORIENTED_EDGE('',*,*,#8105,.T.);
#8105 = EDGE_CURVE('',#8098,#8098,#8106,.T.);
#8106 = CIRCLE('',#8107,11.);
#8107 = AXIS2_PLACEMENT_3D('',#8108,#8109,#8110);
#8108 = CARTESIAN_POINT('',(0.,0.,12.));
#8109 = DIRECTION('',(0.,0.,1.));
#8110 = DIRECTION('',(1.,0.,-0.));
#8111 = ORIENTED_EDGE('',*,*,#8095,.F.);
#8112 = ORIENTED_EDGE('',*,*,#8113,.F.);
#8113 = EDGE_CURVE('',#8096,#8096,#8114,.T.);
#8114 = CIRCLE('',#8115,11.);
#8115 = AXIS2_PLACEMENT_3D('',#8116,#8117,#8118);
#8116 = CARTESIAN_POINT('',(0.,0.,0.));
#8117 = DIRECTION('',(0.,0.,1.));
#8118 = DIRECTION('',(1.,0.,-0.));
#8119 = CYLINDRICAL_SURFACE('',#8120,11.);
#8120 = AXIS2_PLACEMENT_3D('',#8121,#8122,#8123);
#8121 = CARTESIAN_POINT('',(0.,0.,0.));
#8122 = DIRECTION('',(-0.,-0.,-1.));
#8123 = DIRECTION('',(1.,0.,-0.));
#8124 = ADVANCED_FACE('',(#8125),#8128,.F.);
#8125 = FACE_BOUND('',#8126,.T.);
#8126 = EDGE_LOOP('',(#8127));
#8127 = ORIENTED_EDGE('',*,*,#8113,.F.);
#8128 = PLANE('',#8129);
#8129 = AXIS2_PLACEMENT_3D('',#8130,#8131,#8132);
#8130 = CARTESIAN_POINT('',(0.,0.,0.));
#8131 = DIRECTION('',(0.,0.,1.));
#8132 = DIRECTION('',(1.,0.,-0.));
#8133 = ADVANCED_FACE('',(#8134),#8137,.T.);
#8134 = FACE_BOUND('',#8135,.F.);
#8135 = EDGE_LOOP('',(#8136));
#8136 = ORIENTED_EDGE('',*,*,#8105,.F.);
#8137 = PLANE('',#8138);
#8138 = AXIS2_PLACEMENT_3D('',#8139,#8140,#8141);
#8139 = CARTESIAN_POINT('',(0.,0.,12.));
#8140 = DIRECTION('',(0.,0.,1.));
#8141 = DIRECTION('',(1.,0.,-0.));
#8142 = ( GEOMETRIC_REPRESENTATION_CONTEXT(3) 
GLOBAL_UNCERTAINTY_ASSIGNED_CONTEXT((#8146)) 
GLOBAL_UNIT_ASSIGNED_CONTEXT((#8143,#8144,#8145)) REPRESENTATION_CONTEXT
('Context #1','3D Context with UNIT and UNCERTAINTY') );
#8143 = ( LENGTH_UNIT() NAMED_UNIT(*) SI_UNIT(.MILLI.,.METRE.) );
#8144 = ( NAMED_UNIT(*) PLANE_ANGLE_UNIT() SI_UNIT($,.RADIAN.) );
#8145 = ( NAMED_UNIT(*) SI_UNIT($,.STERADIAN.) SOLID_ANGLE_UNIT() );
#8146 = UNCERTAINTY_MEASURE_WITH_UNIT(LENGTH_MEASURE(1.E-07),#8143,
  'distance_accuracy_value','confusion accuracy');
#8147 = CONTEXT_DEPENDENT_SHAPE_REPRESENTATION(#8148,#8150);
#8148 = ( REPRESENTATION_RELATIONSHIP('','',#8088,#10) 
REPRESENTATION_RELATIONSHIP_WITH_TRANSFORMATION(#8149) 
SHAPE_REPRESENTATION_RELATIONSHIP() );
#8149 = ITEM_DEFINED_TRANSFORMATION('','',#11,#239);
#8150 = PRODUCT_DEFINITION_SHAPE('Placement','Placement of an item',
  #8151);
#8151 = NEXT_ASSEMBLY_USAGE_OCCURRENCE('57','Gegen_Ablauf_S0_R0_E4','',
  #5,#8083,$);
#8152 = PRODUCT_RELATED_PRODUCT_CATEGORY('part',$,(#8085));
#8153 = SHAPE_DEFINITION_REPRESENTATION(#8154,#8160);
#8154 = PRODUCT_DEFINITION_SHAPE('','',#8155);
#8155 = PRODUCT_DEFINITION('design','',#8156,#8159);
#8156 = PRODUCT_DEFINITION_FORMATION('','',#8157);
#8157 = PRODUCT('Modul (Baugruppe)','Modul (Baugruppe)','',(#8158));
#8158 = PRODUCT_CONTEXT('',#2,'mechanical');
#8159 = PRODUCT_DEFINITION_CONTEXT('part definition',#2,'design');
#8160 = SHAPE_REPRESENTATION('',(#11,#8161,#8165,#8169,#8173,#8177,#8181
    ,#8185,#8189,#8193,#8197,#8201,#8205,#8209,#8213,#8217,#8221,#8225,
    #8229,#8233,#8237,#8241,#8245,#8249,#8253,#8257,#8261,#8265,#8269,
    #8273,#8277,#8281,#8285,#8289,#8293,#8297,#8301,#8305,#8309,#8313,
    #8317,#8321,#8325,#8329,#8333,#8337,#8341,#8345,#8349,#8353,#8357,
    #8361,#8365),#8369);
#8161 = AXIS2_PLACEMENT_3D('',#8162,#8163,#8164);
#8162 = CARTESIAN_POINT('',(224.,390.,-30.));
#8163 = DIRECTION('',(0.,0.,1.));
#8164 = DIRECTION('',(1.,0.,0.));
#8165 = AXIS2_PLACEMENT_3D('',#8166,#8167,#8168);
#8166 = CARTESIAN_POINT('',(47.,47.,37.));
#8167 = DIRECTION('',(0.,0.,1.));
#8168 = DIRECTION('',(1.,0.,0.));
#8169 = AXIS2_PLACEMENT_3D('',#8170,#8171,#8172);
#8170 = CARTESIAN_POINT('',(225.,47.,37.));
#8171 = DIRECTION('',(0.,0.,1.));
#8172 = DIRECTION('',(1.,0.,0.));
#8173 = AXIS2_PLACEMENT_3D('',#8174,#8175,#8176);
#8174 = CARTESIAN_POINT('',(47.,157.,37.));
#8175 = DIRECTION('',(0.,0.,1.));
#8176 = DIRECTION('',(1.,0.,0.));
#8177 = AXIS2_PLACEMENT_3D('',#8178,#8179,#8180);
#8178 = CARTESIAN_POINT('',(225.,157.,37.));
#8179 = DIRECTION('',(0.,0.,1.));
#8180 = DIRECTION('',(1.,0.,0.));
#8181 = AXIS2_PLACEMENT_3D('',#8182,#8183,#8184);
#8182 = CARTESIAN_POINT('',(47.,267.,37.));
#8183 = DIRECTION('',(0.,0.,1.));
#8184 = DIRECTION('',(1.,0.,0.));
#8185 = AXIS2_PLACEMENT_3D('',#8186,#8187,#8188);
#8186 = CARTESIAN_POINT('',(225.,267.,37.));
#8187 = DIRECTION('',(0.,0.,1.));
#8188 = DIRECTION('',(1.,0.,0.));
#8189 = AXIS2_PLACEMENT_3D('',#8190,#8191,#8192);
#8190 = CARTESIAN_POINT('',(47.,91.,327.));
#8191 = DIRECTION('',(0.,0.,1.));
#8192 = DIRECTION('',(1.,0.,0.));
#8193 = AXIS2_PLACEMENT_3D('',#8194,#8195,#8196);
#8194 = CARTESIAN_POINT('',(47.,93.,326.));
#8195 = DIRECTION('',(0.,0.,1.));
#8196 = DIRECTION('',(1.,0.,0.));
#8197 = AXIS2_PLACEMENT_3D('',#8198,#8199,#8200);
#8198 = CARTESIAN_POINT('',(47.,201.,327.));
#8199 = DIRECTION('',(0.,0.,1.));
#8200 = DIRECTION('',(1.,0.,0.));
#8201 = AXIS2_PLACEMENT_3D('',#8202,#8203,#8204);
#8202 = CARTESIAN_POINT('',(47.,203.,326.));
#8203 = DIRECTION('',(0.,0.,1.));
#8204 = DIRECTION('',(1.,0.,0.));
#8205 = AXIS2_PLACEMENT_3D('',#8206,#8207,#8208);
#8206 = CARTESIAN_POINT('',(47.,311.,327.));
#8207 = DIRECTION('',(0.,0.,1.));
#8208 = DIRECTION('',(1.,0.,0.));
#8209 = AXIS2_PLACEMENT_3D('',#8210,#8211,#8212);
#8210 = CARTESIAN_POINT('',(47.,313.,326.));
#8211 = DIRECTION('',(0.,0.,1.));
#8212 = DIRECTION('',(1.,0.,0.));
#8213 = AXIS2_PLACEMENT_3D('',#8214,#8215,#8216);
#8214 = CARTESIAN_POINT('',(47.,211.,348.));
#8215 = DIRECTION('',(1.,0.,-2.22044604925E-16));
#8216 = DIRECTION('',(-2.22044604925E-16,0.,-1.));
#8217 = AXIS2_PLACEMENT_3D('',#8218,#8219,#8220);
#8218 = CARTESIAN_POINT('',(135.,211.,334.));
#8219 = DIRECTION('',(0.,0.,1.));
#8220 = DIRECTION('',(1.,0.,0.));
#8221 = AXIS2_PLACEMENT_3D('',#8222,#8223,#8224);
#8222 = CARTESIAN_POINT('',(313.,211.,334.));
#8223 = DIRECTION('',(0.,0.,1.));
#8224 = DIRECTION('',(1.,0.,0.));
#8225 = AXIS2_PLACEMENT_3D('',#8226,#8227,#8228);
#8226 = CARTESIAN_POINT('',(184.,396.,152.));
#8227 = DIRECTION('',(0.,0.,1.));
#8228 = DIRECTION('',(1.,0.,0.));
#8229 = AXIS2_PLACEMENT_3D('',#8230,#8231,#8232);
#8230 = CARTESIAN_POINT('',(112.,422.,192.));
#8231 = DIRECTION('',(0.,1.,-2.22044604925E-16));
#8232 = DIRECTION('',(1.,0.,0.));
#8233 = AXIS2_PLACEMENT_3D('',#8234,#8235,#8236);
#8234 = CARTESIAN_POINT('',(336.,422.,192.));
#8235 = DIRECTION('',(0.,1.,-2.22044604925E-16));
#8236 = DIRECTION('',(1.,0.,0.));
#8237 = AXIS2_PLACEMENT_3D('',#8238,#8239,#8240);
#8238 = CARTESIAN_POINT('',(1.,1.,23.451682144519));
#8239 = DIRECTION('',(1.744177490283E-02,3.48994967025E-02,
    0.999238614955));
#8240 = DIRECTION('',(0.999847695156,-9.75781955237E-19,
    -1.745240643728E-02));
#8241 = AXIS2_PLACEMENT_3D('',#8242,#8243,#8244);
#8242 = CARTESIAN_POINT('',(396.,422.,13.));
#8243 = DIRECTION('',(0.,1.,-2.22044604925E-16));
#8244 = DIRECTION('',(1.,0.,0.));
#8245 = AXIS2_PLACEMENT_3D('',#8246,#8247,#8248);
#8246 = CARTESIAN_POINT('',(46.,22.,74.));
#8247 = DIRECTION('',(0.,0.,1.));
#8248 = DIRECTION('',(1.,0.,0.));
#8249 = AXIS2_PLACEMENT_3D('',#8250,#8251,#8252);
#8250 = CARTESIAN_POINT('',(401.,22.,74.));
#8251 = DIRECTION('',(0.,0.,1.));
#8252 = DIRECTION('',(1.,0.,0.));
#8253 = AXIS2_PLACEMENT_3D('',#8254,#8255,#8256);
#8254 = CARTESIAN_POINT('',(47.,375.,74.));
#8255 = DIRECTION('',(0.,0.,1.));
#8256 = DIRECTION('',(1.,0.,0.));
#8257 = AXIS2_PLACEMENT_3D('',#8258,#8259,#8260);
#8258 = CARTESIAN_POINT('',(0.,0.,0.));
#8259 = DIRECTION('',(0.,0.,1.));
#8260 = DIRECTION('',(1.,0.,0.));
#8261 = AXIS2_PLACEMENT_3D('',#8262,#8263,#8264);
#8262 = CARTESIAN_POINT('',(10.,-5.,10.));
#8263 = DIRECTION('',(0.,0.,1.));
#8264 = DIRECTION('',(1.,0.,0.));
#8265 = AXIS2_PLACEMENT_3D('',#8266,#8267,#8268);
#8266 = CARTESIAN_POINT('',(164.,-23.,322.));
#8267 = DIRECTION('',(0.,0.,1.));
#8268 = DIRECTION('',(1.,0.,0.));
#8269 = AXIS2_PLACEMENT_3D('',#8270,#8271,#8272);
#8270 = CARTESIAN_POINT('',(1.,47.,44.));
#8271 = DIRECTION('',(0.,0.,1.));
#8272 = DIRECTION('',(1.,0.,0.));
#8273 = AXIS2_PLACEMENT_3D('',#8274,#8275,#8276);
#8274 = CARTESIAN_POINT('',(426.,47.,44.));
#8275 = DIRECTION('',(0.,0.,1.));
#8276 = DIRECTION('',(1.,0.,0.));
#8277 = AXIS2_PLACEMENT_3D('',#8278,#8279,#8280);
#8278 = CARTESIAN_POINT('',(1.,355.,44.));
#8279 = DIRECTION('',(0.,0.,1.));
#8280 = DIRECTION('',(1.,0.,0.));
#8281 = AXIS2_PLACEMENT_3D('',#8282,#8283,#8284);
#8282 = CARTESIAN_POINT('',(426.,355.,44.));
#8283 = DIRECTION('',(0.,0.,1.));
#8284 = DIRECTION('',(1.,0.,0.));
#8285 = AXIS2_PLACEMENT_3D('',#8286,#8287,#8288);
#8286 = CARTESIAN_POINT('',(1.,126.6,115.2));
#8287 = DIRECTION('',(1.,0.,-2.22044604925E-16));
#8288 = DIRECTION('',(-2.22044604925E-16,0.,-1.));
#8289 = AXIS2_PLACEMENT_3D('',#8290,#8291,#8292);
#8290 = CARTESIAN_POINT('',(447.,126.6,115.2));
#8291 = DIRECTION('',(-1.,0.,-2.22044604925E-16));
#8292 = DIRECTION('',(-2.22044604925E-16,0.,1.));
#8293 = AXIS2_PLACEMENT_3D('',#8294,#8295,#8296);
#8294 = CARTESIAN_POINT('',(1.,126.6,288.));
#8295 = DIRECTION('',(1.,0.,-2.22044604925E-16));
#8296 = DIRECTION('',(-2.22044604925E-16,0.,-1.));
#8297 = AXIS2_PLACEMENT_3D('',#8298,#8299,#8300);
#8298 = CARTESIAN_POINT('',(447.,126.6,288.));
#8299 = DIRECTION('',(-1.,0.,-2.22044604925E-16));
#8300 = DIRECTION('',(-2.22044604925E-16,0.,1.));
#8301 = AXIS2_PLACEMENT_3D('',#8302,#8303,#8304);
#8302 = CARTESIAN_POINT('',(1.,316.5,115.2));
#8303 = DIRECTION('',(1.,0.,-2.22044604925E-16));
#8304 = DIRECTION('',(-2.22044604925E-16,0.,-1.));
#8305 = AXIS2_PLACEMENT_3D('',#8306,#8307,#8308);
#8306 = CARTESIAN_POINT('',(447.,316.5,115.2));
#8307 = DIRECTION('',(-1.,0.,-2.22044604925E-16));
#8308 = DIRECTION('',(-2.22044604925E-16,0.,1.));
#8309 = AXIS2_PLACEMENT_3D('',#8310,#8311,#8312);
#8310 = CARTESIAN_POINT('',(1.,316.5,288.));
#8311 = DIRECTION('',(1.,0.,-2.22044604925E-16));
#8312 = DIRECTION('',(-2.22044604925E-16,0.,-1.));
#8313 = AXIS2_PLACEMENT_3D('',#8314,#8315,#8316);
#8314 = CARTESIAN_POINT('',(447.,316.5,288.));
#8315 = DIRECTION('',(-1.,0.,-2.22044604925E-16));
#8316 = DIRECTION('',(-2.22044604925E-16,0.,1.));
#8317 = AXIS2_PLACEMENT_3D('',#8318,#8319,#8320);
#8318 = CARTESIAN_POINT('',(134.4,126.6,383.));
#8319 = DIRECTION('',(0.,-1.224646799147E-16,-1.));
#8320 = DIRECTION('',(1.,0.,0.));
#8321 = AXIS2_PLACEMENT_3D('',#8322,#8323,#8324);
#8322 = CARTESIAN_POINT('',(336.,126.6,383.));
#8323 = DIRECTION('',(0.,-1.224646799147E-16,-1.));
#8324 = DIRECTION('',(1.,0.,0.));
#8325 = AXIS2_PLACEMENT_3D('',#8326,#8327,#8328);
#8326 = CARTESIAN_POINT('',(134.4,316.5,383.));
#8327 = DIRECTION('',(0.,-1.224646799147E-16,-1.));
#8328 = DIRECTION('',(1.,0.,0.));
#8329 = AXIS2_PLACEMENT_3D('',#8330,#8331,#8332);
#8330 = CARTESIAN_POINT('',(336.,316.5,383.));
#8331 = DIRECTION('',(0.,-1.224646799147E-16,-1.));
#8332 = DIRECTION('',(1.,0.,0.));
#8333 = AXIS2_PLACEMENT_3D('',#8334,#8335,#8336);
#8334 = CARTESIAN_POINT('',(0.,0.,0.));
#8335 = DIRECTION('',(0.,0.,1.));
#8336 = DIRECTION('',(1.,0.,0.));
#8337 = AXIS2_PLACEMENT_3D('',#8338,#8339,#8340);
#8338 = CARTESIAN_POINT('',(6.,-10.,82.));
#8339 = DIRECTION('',(0.,0.,1.));
#8340 = DIRECTION('',(1.,0.,0.));
#8341 = AXIS2_PLACEMENT_3D('',#8342,#8343,#8344);
#8342 = CARTESIAN_POINT('',(6.,-10.,272.));
#8343 = DIRECTION('',(0.,0.,1.));
#8344 = DIRECTION('',(1.,0.,0.));
#8345 = AXIS2_PLACEMENT_3D('',#8346,#8347,#8348);
#8346 = CARTESIAN_POINT('',(428.,-15.,162.));
#8347 = DIRECTION('',(0.,0.,1.));
#8348 = DIRECTION('',(1.,0.,0.));
#8349 = AXIS2_PLACEMENT_3D('',#8350,#8351,#8352);
#8350 = CARTESIAN_POINT('',(0.,0.,0.));
#8351 = DIRECTION('',(0.,0.,1.));
#8352 = DIRECTION('',(1.,0.,0.));
#8353 = AXIS2_PLACEMENT_3D('',#8354,#8355,#8356);
#8354 = CARTESIAN_POINT('',(0.,0.,0.));
#8355 = DIRECTION('',(0.,0.,1.));
#8356 = DIRECTION('',(1.,0.,0.));
#8357 = AXIS2_PLACEMENT_3D('',#8358,#8359,#8360);
#8358 = CARTESIAN_POINT('',(0.,0.,0.));
#8359 = DIRECTION('',(0.,0.,1.));
#8360 = DIRECTION('',(1.,0.,0.));
#8361 = AXIS2_PLACEMENT_3D('',#8362,#8363,#8364);
#8362 = CARTESIAN_POINT('',(0.,0.,0.));
#8363 = DIRECTION('',(0.,0.,1.));
#8364 = DIRECTION('',(1.,0.,0.));
#8365 = AXIS2_PLACEMENT_3D('',#8366,#8367,#8368);
#8366 = CARTESIAN_POINT('',(0.,0.,0.));
#8367 = DIRECTION('',(0.,0.,1.));
#8368 = DIRECTION('',(1.,0.,0.));
#8369 = ( GEOMETRIC_REPRESENTATION_CONTEXT(3) 
GLOBAL_UNCERTAINTY_ASSIGNED_CONTEXT((#8373)) 
GLOBAL_UNIT_ASSIGNED_CONTEXT((#8370,#8371,#8372)) REPRESENTATION_CONTEXT
('Context #1','3D Context with UNIT and UNCERTAINTY') );
#8370 = ( LENGTH_UNIT() NAMED_UNIT(*) SI_UNIT(.MILLI.,.METRE.) );
#8371 = ( NAMED_UNIT(*) PLANE_ANGLE_UNIT() SI_UNIT($,.RADIAN.) );
#8372 = ( NAMED_UNIT(*) SI_UNIT($,.STERADIAN.) SOLID_ANGLE_UNIT() );
#8373 = UNCERTAINTY_MEASURE_WITH_UNIT(LENGTH_MEASURE(5.E-06),#8370,
  'distance_accuracy_value','confusion accuracy');
#8374 = CONTEXT_DEPENDENT_SHAPE_REPRESENTATION(#8375,#8377);
#8375 = ( REPRESENTATION_RELATIONSHIP('','',#8160,#10) 
REPRESENTATION_RELATIONSHIP_WITH_TRANSFORMATION(#8376) 
SHAPE_REPRESENTATION_RELATIONSHIP() );
#8376 = ITEM_DEFINED_TRANSFORMATION('','',#11,#243);
#8377 = PRODUCT_DEFINITION_SHAPE('Placement','Placement of an item',
  #8378);
#8378 = NEXT_ASSEMBLY_USAGE_OCCURRENCE('114',
  'Modul Spalte 1 Reihe 1 Etage 1','',#5,#8155,$);
#8379 = PRODUCT_RELATED_PRODUCT_CATEGORY('part',$,(#8157));
#8380 = SHAPE_DEFINITION_REPRESENTATION(#8381,#8387);
#8381 = PRODUCT_DEFINITION_SHAPE('','',#8382);
#8382 = PRODUCT_DEFINITION('design','',#8383,#8386);
#8383 = PRODUCT_DEFINITION_FORMATION('','',#8384);
#8384 = PRODUCT('AblaufLoch','AblaufLoch','',(#8385));
#8385 = PRODUCT_CONTEXT('',#2,'mechanical');
#8386 = PRODUCT_DEFINITION_CONTEXT('part definition',#2,'design');
#8387 = ADVANCED_BREP_SHAPE_REPRESENTATION('',(#11,#8388),#8441);
#8388 = MANIFOLD_SOLID_BREP('',#8389);
#8389 = CLOSED_SHELL('',(#8390,#8423,#8432));
#8390 = ADVANCED_FACE('',(#8391),#8418,.T.);
#8391 = FACE_BOUND('',#8392,.F.);
#8392 = EDGE_LOOP('',(#8393,#8403,#8410,#8411));
#8393 = ORIENTED_EDGE('',*,*,#8394,.T.);
#8394 = EDGE_CURVE('',#8395,#8397,#8399,.T.);
#8395 = VERTEX_POINT('',#8396);
#8396 = CARTESIAN_POINT('',(10.,-2.449293598295E-15,0.));
#8397 = VERTEX_POINT('',#8398);
#8398 = CARTESIAN_POINT('',(10.,-2.449293598295E-15,60.));
#8399 = LINE('',#8400,#8401);
#8400 = CARTESIAN_POINT('',(10.,-2.449293598295E-15,0.));
#8401 = VECTOR('',#8402,1.);
#8402 = DIRECTION('',(0.,0.,1.));
#8403 = ORIENTED_EDGE('',*,*,#8404,.T.);
#8404 = EDGE_CURVE('',#8397,#8397,#8405,.T.);
#8405 = CIRCLE('',#8406,10.);
#8406 = AXIS2_PLACEMENT_3D('',#8407,#8408,#8409);
#8407 = CARTESIAN_POINT('',(0.,0.,60.));
#8408 = DIRECTION('',(0.,0.,1.));
#8409 = DIRECTION('',(1.,0.,-0.));
#8410 = ORIENTED_EDGE('',*,*,#8394,.F.);
#8411 = ORIENTED_EDGE('',*,*,#8412,.F.);
#8412 = EDGE_CURVE('',#8395,#8395,#8413,.T.);
#8413 = CIRCLE('',#8414,10.);
#8414 = AXIS2_PLACEMENT_3D('',#8415,#8416,#8417);
#8415 = CARTESIAN_POINT('',(0.,0.,0.));
#8416 = DIRECTION('',(0.,0.,1.));
#8417 = DIRECTION('',(1.,0.,-0.));
#8418 = CYLINDRICAL_SURFACE('',#8419,10.);
#8419 = AXIS2_PLACEMENT_3D('',#8420,#8421,#8422);
#8420 = CARTESIAN_POINT('',(0.,0.,0.));
#8421 = DIRECTION('',(-0.,-0.,-1.));
#8422 = DIRECTION('',(1.,0.,-0.));
#8423 = ADVANCED_FACE('',(#8424),#8427,.F.);
#8424 = FACE_BOUND('',#8425,.T.);
#8425 = EDGE_LOOP('',(#8426));
#8426 = ORIENTED_EDGE('',*,*,#8412,.F.);
#8427 = PLANE('',#8428);
#8428 = AXIS2_PLACEMENT_3D('',#8429,#8430,#8431);
#8429 = CARTESIAN_POINT('',(0.,0.,0.));
#8430 = DIRECTION('',(0.,0.,1.));
#8431 = DIRECTION('',(1.,0.,-0.));
#8432 = ADVANCED_FACE('',(#8433),#8436,.T.);
#8433 = FACE_BOUND('',#8434,.F.);
#8434 = EDGE_LOOP('',(#8435));
#8435 = ORIENTED_EDGE('',*,*,#8404,.F.);
#8436 = PLANE('',#8437);
#8437 = AXIS2_PLACEMENT_3D('',#8438,#8439,#8440);
#8438 = CARTESIAN_POINT('',(0.,0.,60.));
#8439 = DIRECTION('',(0.,0.,1.));
#8440 = DIRECTION('',(1.,0.,-0.));
#8441 = ( GEOMETRIC_REPRESENTATION_CONTEXT(3) 
GLOBAL_UNCERTAINTY_ASSIGNED_CONTEXT((#8445)) 
GLOBAL_UNIT_ASSIGNED_CONTEXT((#8442,#8443,#8444)) REPRESENTATION_CONTEXT
('Context #1','3D Context with UNIT and UNCERTAINTY') );
#8442 = ( LENGTH_UNIT() NAMED_UNIT(*) SI_UNIT(.MILLI.,.METRE.) );
#8443 = ( NAMED_UNIT(*) PLANE_ANGLE_UNIT() SI_UNIT($,.RADIAN.) );
#8444 = ( NAMED_UNIT(*) SI_UNIT($,.STERADIAN.) SOLID_ANGLE_UNIT() );
#8445 = UNCERTAINTY_MEASURE_WITH_UNIT(LENGTH_MEASURE(1.E-07),#8442,
  'distance_accuracy_value','confusion accuracy');
#8446 = CONTEXT_DEPENDENT_SHAPE_REPRESENTATION(#8447,#8449);
#8447 = ( REPRESENTATION_RELATIONSHIP('','',#8387,#8160) 
REPRESENTATION_RELATIONSHIP_WITH_TRANSFORMATION(#8448) 
SHAPE_REPRESENTATION_RELATIONSHIP() );
#8448 = ITEM_DEFINED_TRANSFORMATION('','',#11,#8161);
#8449 = PRODUCT_DEFINITION_SHAPE('Placement','Placement of an item',
  #8450);
#8450 = NEXT_ASSEMBLY_USAGE_OCCURRENCE('58','AblaufLoch','',#8155,#8382,
  $);
#8451 = PRODUCT_RELATED_PRODUCT_CATEGORY('part',$,(#8384));
#8452 = SHAPE_DEFINITION_REPRESENTATION(#8453,#8459);
#8453 = PRODUCT_DEFINITION_SHAPE('','',#8454);
#8454 = PRODUCT_DEFINITION('design','',#8455,#8458);
#8455 = PRODUCT_DEFINITION_FORMATION('','',#8456);
#8456 = PRODUCT('GN-Behaelter 1/9','GN-Behaelter 1/9','',(#8457));
#8457 = PRODUCT_CONTEXT('',#2,'mechanical');
#8458 = PRODUCT_DEFINITION_CONTEXT('part definition',#2,'design');
#8459 = SHAPE_REPRESENTATION('',(#11,#8460,#8464,#8468,#8472),#8476);
#8460 = AXIS2_PLACEMENT_3D('',#8461,#8462,#8463);
#8461 = CARTESIAN_POINT('',(8.,8.,0.));
#8462 = DIRECTION('',(0.,0.,1.));
#8463 = DIRECTION('',(1.,0.,0.));
#8464 = AXIS2_PLACEMENT_3D('',#8465,#8466,#8467);
#8465 = CARTESIAN_POINT('',(0.,0.,37.));
#8466 = DIRECTION('',(0.,0.,1.));
#8467 = DIRECTION('',(1.,0.,0.));
#8468 = AXIS2_PLACEMENT_3D('',#8469,#8470,#8471);
#8469 = CARTESIAN_POINT('',(9.,9.,1.));
#8470 = DIRECTION('',(0.,0.,1.));
#8471 = DIRECTION('',(1.,0.,0.));
#8472 = AXIS2_PLACEMENT_3D('',#8473,#8474,#8475);
#8473 = CARTESIAN_POINT('',(9.,9.,26.));
#8474 = DIRECTION('',(0.,0.,1.));
#8475 = DIRECTION('',(1.,0.,0.));
#8476 = ( GEOMETRIC_REPRESENTATION_CONTEXT(3) 
GLOBAL_UNCERTAINTY_ASSIGNED_CONTEXT((#8480)) 
GLOBAL_UNIT_ASSIGNED_CONTEXT((#8477,#8478,#8479)) REPRESENTATION_CONTEXT
('Context #1','3D Context with UNIT and UNCERTAINTY') );
#8477 = ( LENGTH_UNIT() NAMED_UNIT(*) SI_UNIT(.MILLI.,.METRE.) );
#8478 = ( NAMED_UNIT(*) PLANE_ANGLE_UNIT() SI_UNIT($,.RADIAN.) );
#8479 = ( NAMED_UNIT(*) SI_UNIT($,.STERADIAN.) SOLID_ANGLE_UNIT() );
#8480 = UNCERTAINTY_MEASURE_WITH_UNIT(LENGTH_MEASURE(1.E-07),#8477,
  'distance_accuracy_value','confusion accuracy');
#8481 = CONTEXT_DEPENDENT_SHAPE_REPRESENTATION(#8482,#8484);
#8482 = ( REPRESENTATION_RELATIONSHIP('','',#8459,#8160) 
REPRESENTATION_RELATIONSHIP_WITH_TRANSFORMATION(#8483) 
SHAPE_REPRESENTATION_RELATIONSHIP() );
#8483 = ITEM_DEFINED_TRANSFORMATION('','',#11,#8165);
#8484 = PRODUCT_DEFINITION_SHAPE('Placement','Placement of an item',
  #8485);
#8485 = NEXT_ASSEMBLY_USAGE_OCCURRENCE('63','GN_S1_R1','',#8155,#8454,$
  );
#8486 = PRODUCT_RELATED_PRODUCT_CATEGORY('part',$,(#8456));
#8487 = SHAPE_DEFINITION_REPRESENTATION(#8488,#8494);
#8488 = PRODUCT_DEFINITION_SHAPE('','',#8489);
#8489 = PRODUCT_DEFINITION('design','',#8490,#8493);
#8490 = PRODUCT_DEFINITION_FORMATION('','',#8491);
#8491 = PRODUCT('GN_Koerper','GN_Koerper','',(#8492));
#8492 = PRODUCT_CONTEXT('',#2,'mechanical');
#8493 = PRODUCT_DEFINITION_CONTEXT('part definition',#2,'design');
#8494 = ADVANCED_BREP_SHAPE_REPRESENTATION('',(#11,#8495),#8645);
#8495 = MANIFOLD_SOLID_BREP('',#8496);
#8496 = CLOSED_SHELL('',(#8497,#8537,#8577,#8599,#8621,#8633));
#8497 = ADVANCED_FACE('',(#8498),#8532,.F.);
#8498 = FACE_BOUND('',#8499,.F.);
#8499 = EDGE_LOOP('',(#8500,#8510,#8518,#8526));
#8500 = ORIENTED_EDGE('',*,*,#8501,.F.);
#8501 = EDGE_CURVE('',#8502,#8504,#8506,.T.);
#8502 = VERTEX_POINT('',#8503);
#8503 = CARTESIAN_POINT('',(0.,0.,0.));
#8504 = VERTEX_POINT('',#8505);
#8505 = CARTESIAN_POINT('',(0.,0.,37.));
#8506 = LINE('',#8507,#8508);
#8507 = CARTESIAN_POINT('',(0.,0.,0.));
#8508 = VECTOR('',#8509,1.);
#8509 = DIRECTION('',(0.,0.,1.));
#8510 = ORIENTED_EDGE('',*,*,#8511,.T.);
#8511 = EDGE_CURVE('',#8502,#8512,#8514,.T.);
#8512 = VERTEX_POINT('',#8513);
#8513 = CARTESIAN_POINT('',(0.,92.,0.));
#8514 = LINE('',#8515,#8516);
#8515 = CARTESIAN_POINT('',(0.,0.,0.));
#8516 = VECTOR('',#8517,1.);
#8517 = DIRECTION('',(-0.,1.,0.));
#8518 = ORIENTED_EDGE('',*,*,#8519,.T.);
#8519 = EDGE_CURVE('',#8512,#8520,#8522,.T.);
#8520 = VERTEX_POINT('',#8521);
#8521 = CARTESIAN_POINT('',(0.,92.,37.));
#8522 = LINE('',#8523,#8524);
#8523 = CARTESIAN_POINT('',(0.,92.,0.));
#8524 = VECTOR('',#8525,1.);
#8525 = DIRECTION('',(0.,0.,1.));
#8526 = ORIENTED_EDGE('',*,*,#8527,.F.);
#8527 = EDGE_CURVE('',#8504,#8520,#8528,.T.);
#8528 = LINE('',#8529,#8530);
#8529 = CARTESIAN_POINT('',(0.,0.,37.));
#8530 = VECTOR('',#8531,1.);
#8531 = DIRECTION('',(-0.,1.,0.));
#8532 = PLANE('',#8533);
#8533 = AXIS2_PLACEMENT_3D('',#8534,#8535,#8536);
#8534 = CARTESIAN_POINT('',(0.,0.,0.));
#8535 = DIRECTION('',(1.,0.,-0.));
#8536 = DIRECTION('',(0.,0.,1.));
#8537 = ADVANCED_FACE('',(#8538),#8572,.T.);
#8538 = FACE_BOUND('',#8539,.T.);
#8539 = EDGE_LOOP('',(#8540,#8550,#8558,#8566));
#8540 = ORIENTED_EDGE('',*,*,#8541,.F.);
#8541 = EDGE_CURVE('',#8542,#8544,#8546,.T.);
#8542 = VERTEX_POINT('',#8543);
#8543 = CARTESIAN_POINT('',(160.,0.,0.));
#8544 = VERTEX_POINT('',#8545);
#8545 = CARTESIAN_POINT('',(160.,0.,37.));
#8546 = LINE('',#8547,#8548);
#8547 = CARTESIAN_POINT('',(160.,0.,0.));
#8548 = VECTOR('',#8549,1.);
#8549 = DIRECTION('',(0.,0.,1.));
#8550 = ORIENTED_EDGE('',*,*,#8551,.T.);
#8551 = EDGE_CURVE('',#8542,#8552,#8554,.T.);
#8552 = VERTEX_POINT('',#8553);
#8553 = CARTESIAN_POINT('',(160.,92.,0.));
#8554 = LINE('',#8555,#8556);
#8555 = CARTESIAN_POINT('',(160.,0.,0.));
#8556 = VECTOR('',#8557,1.);
#8557 = DIRECTION('',(-0.,1.,0.));
#8558 = ORIENTED_EDGE('',*,*,#8559,.T.);
#8559 = EDGE_CURVE('',#8552,#8560,#8562,.T.);
#8560 = VERTEX_POINT('',#8561);
#8561 = CARTESIAN_POINT('',(160.,92.,37.));
#8562 = LINE('',#8563,#8564);
#8563 = CARTESIAN_POINT('',(160.,92.,0.));
#8564 = VECTOR('',#8565,1.);
#8565 = DIRECTION('',(0.,0.,1.));
#8566 = ORIENTED_EDGE('',*,*,#8567,.F.);
#8567 = EDGE_CURVE('',#8544,#8560,#8568,.T.);
#8568 = LINE('',#8569,#8570);
#8569 = CARTESIAN_POINT('',(160.,0.,37.));
#8570 = VECTOR('',#8571,1.);
#8571 = DIRECTION('',(-0.,1.,0.));
#8572 = PLANE('',#8573);
#8573 = AXIS2_PLACEMENT_3D('',#8574,#8575,#8576);
#8574 = CARTESIAN_POINT('',(160.,0.,0.));
#8575 = DIRECTION('',(1.,0.,-0.));
#8576 = DIRECTION('',(0.,0.,1.));
#8577 = ADVANCED_FACE('',(#8578),#8594,.F.);
#8578 = FACE_BOUND('',#8579,.F.);
#8579 = EDGE_LOOP('',(#8580,#8586,#8587,#8593));
#8580 = ORIENTED_EDGE('',*,*,#8581,.F.);
#8581 = EDGE_CURVE('',#8502,#8542,#8582,.T.);
#8582 = LINE('',#8583,#8584);
#8583 = CARTESIAN_POINT('',(0.,0.,0.));
#8584 = VECTOR('',#8585,1.);
#8585 = DIRECTION('',(1.,0.,-0.));
#8586 = ORIENTED_EDGE('',*,*,#8501,.T.);
#8587 = ORIENTED_EDGE('',*,*,#8588,.T.);
#8588 = EDGE_CURVE('',#8504,#8544,#8589,.T.);
#8589 = LINE('',#8590,#8591);
#8590 = CARTESIAN_POINT('',(0.,0.,37.));
#8591 = VECTOR('',#8592,1.);
#8592 = DIRECTION('',(1.,0.,-0.));
#8593 = ORIENTED_EDGE('',*,*,#8541,.F.);
#8594 = PLANE('',#8595);
#8595 = AXIS2_PLACEMENT_3D('',#8596,#8597,#8598);
#8596 = CARTESIAN_POINT('',(0.,0.,0.));
#8597 = DIRECTION('',(-0.,1.,0.));
#8598 = DIRECTION('',(0.,0.,1.));
#8599 = ADVANCED_FACE('',(#8600),#8616,.T.);
#8600 = FACE_BOUND('',#8601,.T.);
#8601 = EDGE_LOOP('',(#8602,#8608,#8609,#8615));
#8602 = ORIENTED_EDGE('',*,*,#8603,.F.);
#8603 = EDGE_CURVE('',#8512,#8552,#8604,.T.);
#8604 = LINE('',#8605,#8606);
#8605 = CARTESIAN_POINT('',(0.,92.,0.));
#8606 = VECTOR('',#8607,1.);
#8607 = DIRECTION('',(1.,0.,-0.));
#8608 = ORIENTED_EDGE('',*,*,#8519,.T.);
#8609 = ORIENTED_EDGE('',*,*,#8610,.T.);
#8610 = EDGE_CURVE('',#8520,#8560,#8611,.T.);
#8611 = LINE('',#8612,#8613);
#8612 = CARTESIAN_POINT('',(0.,92.,37.));
#8613 = VECTOR('',#8614,1.);
#8614 = DIRECTION('',(1.,0.,-0.));
#8615 = ORIENTED_EDGE('',*,*,#8559,.F.);
#8616 = PLANE('',#8617);
#8617 = AXIS2_PLACEMENT_3D('',#8618,#8619,#8620);
#8618 = CARTESIAN_POINT('',(0.,92.,0.));
#8619 = DIRECTION('',(-0.,1.,0.));
#8620 = DIRECTION('',(0.,0.,1.));
#8621 = ADVANCED_FACE('',(#8622),#8628,.F.);
#8622 = FACE_BOUND('',#8623,.F.);
#8623 = EDGE_LOOP('',(#8624,#8625,#8626,#8627));
#8624 = ORIENTED_EDGE('',*,*,#8511,.F.);
#8625 = ORIENTED_EDGE('',*,*,#8581,.T.);
#8626 = ORIENTED_EDGE('',*,*,#8551,.T.);
#8627 = ORIENTED_EDGE('',*,*,#8603,.F.);
#8628 = PLANE('',#8629);
#8629 = AXIS2_PLACEMENT_3D('',#8630,#8631,#8632);
#8630 = CARTESIAN_POINT('',(0.,0.,0.));
#8631 = DIRECTION('',(0.,0.,1.));
#8632 = DIRECTION('',(1.,0.,-0.));
#8633 = ADVANCED_FACE('',(#8634),#8640,.T.);
#8634 = FACE_BOUND('',#8635,.T.);
#8635 = EDGE_LOOP('',(#8636,#8637,#8638,#8639));
#8636 = ORIENTED_EDGE('',*,*,#8527,.F.);
#8637 = ORIENTED_EDGE('',*,*,#8588,.T.);
#8638 = ORIENTED_EDGE('',*,*,#8567,.T.);
#8639 = ORIENTED_EDGE('',*,*,#8610,.F.);
#8640 = PLANE('',#8641);
#8641 = AXIS2_PLACEMENT_3D('',#8642,#8643,#8644);
#8642 = CARTESIAN_POINT('',(0.,0.,37.));
#8643 = DIRECTION('',(0.,0.,1.));
#8644 = DIRECTION('',(1.,0.,-0.));
#8645 = ( GEOMETRIC_REPRESENTATION_CONTEXT(3) 
GLOBAL_UNCERTAINTY_ASSIGNED_CONTEXT((#8649)) 
GLOBAL_UNIT_ASSIGNED_CONTEXT((#8646,#8647,#8648)) REPRESENTATION_CONTEXT
('Context #1','3D Context with UNIT and UNCERTAINTY') );
#8646 = ( LENGTH_UNIT() NAMED_UNIT(*) SI_UNIT(.MILLI.,.METRE.) );
#8647 = ( NAMED_UNIT(*) PLANE_ANGLE_UNIT() SI_UNIT($,.RADIAN.) );
#8648 = ( NAMED_UNIT(*) SI_UNIT($,.STERADIAN.) SOLID_ANGLE_UNIT() );
#8649 = UNCERTAINTY_MEASURE_WITH_UNIT(LENGTH_MEASURE(1.E-07),#8646,
  'distance_accuracy_value','confusion accuracy');
#8650 = CONTEXT_DEPENDENT_SHAPE_REPRESENTATION(#8651,#8653);
#8651 = ( REPRESENTATION_RELATIONSHIP('','',#8494,#8459) 
REPRESENTATION_RELATIONSHIP_WITH_TRANSFORMATION(#8652) 
SHAPE_REPRESENTATION_RELATIONSHIP() );
#8652 = ITEM_DEFINED_TRANSFORMATION('','',#11,#8460);
#8653 = PRODUCT_DEFINITION_SHAPE('Placement','Placement of an item',
  #8654);
#8654 = NEXT_ASSEMBLY_USAGE_OCCURRENCE('59','GN_Koerper','',#8454,#8489,
  $);
#8655 = PRODUCT_RELATED_PRODUCT_CATEGORY('part',$,(#8491));
#8656 = SHAPE_DEFINITION_REPRESENTATION(#8657,#8663);
#8657 = PRODUCT_DEFINITION_SHAPE('','',#8658);
#8658 = PRODUCT_DEFINITION('design','',#8659,#8662);
#8659 = PRODUCT_DEFINITION_FORMATION('','',#8660);
#8660 = PRODUCT('GN_Rand','GN_Rand','',(#8661));
#8661 = PRODUCT_CONTEXT('',#2,'mechanical');
#8662 = PRODUCT_DEFINITION_CONTEXT('part definition',#2,'design');
#8663 = ADVANCED_BREP_SHAPE_REPRESENTATION('',(#11,#8664),#8814);
#8664 = MANIFOLD_SOLID_BREP('',#8665);
#8665 = CLOSED_SHELL('',(#8666,#8706,#8746,#8768,#8790,#8802));
#8666 = ADVANCED_FACE('',(#8667),#8701,.F.);
#8667 = FACE_BOUND('',#8668,.F.);
#8668 = EDGE_LOOP('',(#8669,#8679,#8687,#8695));
#8669 = ORIENTED_EDGE('',*,*,#8670,.F.);
#8670 = EDGE_CURVE('',#8671,#8673,#8675,.T.);
#8671 = VERTEX_POINT('',#8672);
#8672 = CARTESIAN_POINT('',(0.,0.,0.));
#8673 = VERTEX_POINT('',#8674);
#8674 = CARTESIAN_POINT('',(0.,0.,3.));
#8675 = LINE('',#8676,#8677);
#8676 = CARTESIAN_POINT('',(0.,0.,0.));
#8677 = VECTOR('',#8678,1.);
#8678 = DIRECTION('',(0.,0.,1.));
#8679 = ORIENTED_EDGE('',*,*,#8680,.T.);
#8680 = EDGE_CURVE('',#8671,#8681,#8683,.T.);
#8681 = VERTEX_POINT('',#8682);
#8682 = CARTESIAN_POINT('',(0.,108.,0.));
#8683 = LINE('',#8684,#8685);
#8684 = CARTESIAN_POINT('',(0.,0.,0.));
#8685 = VECTOR('',#8686,1.);
#8686 = DIRECTION('',(-0.,1.,0.));
#8687 = ORIENTED_EDGE('',*,*,#8688,.T.);
#8688 = EDGE_CURVE('',#8681,#8689,#8691,.T.);
#8689 = VERTEX_POINT('',#8690);
#8690 = CARTESIAN_POINT('',(0.,108.,3.));
#8691 = LINE('',#8692,#8693);
#8692 = CARTESIAN_POINT('',(0.,108.,0.));
#8693 = VECTOR('',#8694,1.);
#8694 = DIRECTION('',(0.,0.,1.));
#8695 = ORIENTED_EDGE('',*,*,#8696,.F.);
#8696 = EDGE_CURVE('',#8673,#8689,#8697,.T.);
#8697 = LINE('',#8698,#8699);
#8698 = CARTESIAN_POINT('',(0.,0.,3.));
#8699 = VECTOR('',#8700,1.);
#8700 = DIRECTION('',(-0.,1.,0.));
#8701 = PLANE('',#8702);
#8702 = AXIS2_PLACEMENT_3D('',#8703,#8704,#8705);
#8703 = CARTESIAN_POINT('',(0.,0.,0.));
#8704 = DIRECTION('',(1.,0.,-0.));
#8705 = DIRECTION('',(0.,0.,1.));
#8706 = ADVANCED_FACE('',(#8707),#8741,.T.);
#8707 = FACE_BOUND('',#8708,.T.);
#8708 = EDGE_LOOP('',(#8709,#8719,#8727,#8735));
#8709 = ORIENTED_EDGE('',*,*,#8710,.F.);
#8710 = EDGE_CURVE('',#8711,#8713,#8715,.T.);
#8711 = VERTEX_POINT('',#8712);
#8712 = CARTESIAN_POINT('',(176.,0.,0.));
#8713 = VERTEX_POINT('',#8714);
#8714 = CARTESIAN_POINT('',(176.,0.,3.));
#8715 = LINE('',#8716,#8717);
#8716 = CARTESIAN_POINT('',(176.,0.,0.));
#8717 = VECTOR('',#8718,1.);
#8718 = DIRECTION('',(0.,0.,1.));
#8719 = ORIENTED_EDGE('',*,*,#8720,.T.);
#8720 = EDGE_CURVE('',#8711,#8721,#8723,.T.);
#8721 = VERTEX_POINT('',#8722);
#8722 = CARTESIAN_POINT('',(176.,108.,0.));
#8723 = LINE('',#8724,#8725);
#8724 = CARTESIAN_POINT('',(176.,0.,0.));
#8725 = VECTOR('',#8726,1.);
#8726 = DIRECTION('',(-0.,1.,0.));
#8727 = ORIENTED_EDGE('',*,*,#8728,.T.);
#8728 = EDGE_CURVE('',#8721,#8729,#8731,.T.);
#8729 = VERTEX_POINT('',#8730);
#8730 = CARTESIAN_POINT('',(176.,108.,3.));
#8731 = LINE('',#8732,#8733);
#8732 = CARTESIAN_POINT('',(176.,108.,0.));
#8733 = VECTOR('',#8734,1.);
#8734 = DIRECTION('',(0.,0.,1.));
#8735 = ORIENTED_EDGE('',*,*,#8736,.F.);
#8736 = EDGE_CURVE('',#8713,#8729,#8737,.T.);
#8737 = LINE('',#8738,#8739);
#8738 = CARTESIAN_POINT('',(176.,0.,3.));
#8739 = VECTOR('',#8740,1.);
#8740 = DIRECTION('',(-0.,1.,0.));
#8741 = PLANE('',#8742);
#8742 = AXIS2_PLACEMENT_3D('',#8743,#8744,#8745);
#8743 = CARTESIAN_POINT('',(176.,0.,0.));
#8744 = DIRECTION('',(1.,0.,-0.));
#8745 = DIRECTION('',(0.,0.,1.));
#8746 = ADVANCED_FACE('',(#8747),#8763,.F.);
#8747 = FACE_BOUND('',#8748,.F.);
#8748 = EDGE_LOOP('',(#8749,#8755,#8756,#8762));
#8749 = ORIENTED_EDGE('',*,*,#8750,.F.);
#8750 = EDGE_CURVE('',#8671,#8711,#8751,.T.);
#8751 = LINE('',#8752,#8753);
#8752 = CARTESIAN_POINT('',(0.,0.,0.));
#8753 = VECTOR('',#8754,1.);
#8754 = DIRECTION('',(1.,0.,-0.));
#8755 = ORIENTED_EDGE('',*,*,#8670,.T.);
#8756 = ORIENTED_EDGE('',*,*,#8757,.T.);
#8757 = EDGE_CURVE('',#8673,#8713,#8758,.T.);
#8758 = LINE('',#8759,#8760);
#8759 = CARTESIAN_POINT('',(0.,0.,3.));
#8760 = VECTOR('',#8761,1.);
#8761 = DIRECTION('',(1.,0.,-0.));
#8762 = ORIENTED_EDGE('',*,*,#8710,.F.);
#8763 = PLANE('',#8764);
#8764 = AXIS2_PLACEMENT_3D('',#8765,#8766,#8767);
#8765 = CARTESIAN_POINT('',(0.,0.,0.));
#8766 = DIRECTION('',(-0.,1.,0.));
#8767 = DIRECTION('',(0.,0.,1.));
#8768 = ADVANCED_FACE('',(#8769),#8785,.T.);
#8769 = FACE_BOUND('',#8770,.T.);
#8770 = EDGE_LOOP('',(#8771,#8777,#8778,#8784));
#8771 = ORIENTED_EDGE('',*,*,#8772,.F.);
#8772 = EDGE_CURVE('',#8681,#8721,#8773,.T.);
#8773 = LINE('',#8774,#8775);
#8774 = CARTESIAN_POINT('',(0.,108.,0.));
#8775 = VECTOR('',#8776,1.);
#8776 = DIRECTION('',(1.,0.,-0.));
#8777 = ORIENTED_EDGE('',*,*,#8688,.T.);
#8778 = ORIENTED_EDGE('',*,*,#8779,.T.);
#8779 = EDGE_CURVE('',#8689,#8729,#8780,.T.);
#8780 = LINE('',#8781,#8782);
#8781 = CARTESIAN_POINT('',(0.,108.,3.));
#8782 = VECTOR('',#8783,1.);
#8783 = DIRECTION('',(1.,0.,-0.));
#8784 = ORIENTED_EDGE('',*,*,#8728,.F.);
#8785 = PLANE('',#8786);
#8786 = AXIS2_PLACEMENT_3D('',#8787,#8788,#8789);
#8787 = CARTESIAN_POINT('',(0.,108.,0.));
#8788 = DIRECTION('',(-0.,1.,0.));
#8789 = DIRECTION('',(0.,0.,1.));
#8790 = ADVANCED_FACE('',(#8791),#8797,.F.);
#8791 = FACE_BOUND('',#8792,.F.);
#8792 = EDGE_LOOP('',(#8793,#8794,#8795,#8796));
#8793 = ORIENTED_EDGE('',*,*,#8680,.F.);
#8794 = ORIENTED_EDGE('',*,*,#8750,.T.);
#8795 = ORIENTED_EDGE('',*,*,#8720,.T.);
#8796 = ORIENTED_EDGE('',*,*,#8772,.F.);
#8797 = PLANE('',#8798);
#8798 = AXIS2_PLACEMENT_3D('',#8799,#8800,#8801);
#8799 = CARTESIAN_POINT('',(0.,0.,0.));
#8800 = DIRECTION('',(0.,0.,1.));
#8801 = DIRECTION('',(1.,0.,-0.));
#8802 = ADVANCED_FACE('',(#8803),#8809,.T.);
#8803 = FACE_BOUND('',#8804,.T.);
#8804 = EDGE_LOOP('',(#8805,#8806,#8807,#8808));
#8805 = ORIENTED_EDGE('',*,*,#8696,.F.);
#8806 = ORIENTED_EDGE('',*,*,#8757,.T.);
#8807 = ORIENTED_EDGE('',*,*,#8736,.T.);
#8808 = ORIENTED_EDGE('',*,*,#8779,.F.);
#8809 = PLANE('',#8810);
#8810 = AXIS2_PLACEMENT_3D('',#8811,#8812,#8813);
#8811 = CARTESIAN_POINT('',(0.,0.,3.));
#8812 = DIRECTION('',(0.,0.,1.));
#8813 = DIRECTION('',(1.,0.,-0.));
#8814 = ( GEOMETRIC_REPRESENTATION_CONTEXT(3) 
GLOBAL_UNCERTAINTY_ASSIGNED_CONTEXT((#8818)) 
GLOBAL_UNIT_ASSIGNED_CONTEXT((#8815,#8816,#8817)) REPRESENTATION_CONTEXT
('Context #1','3D Context with UNIT and UNCERTAINTY') );
#8815 = ( LENGTH_UNIT() NAMED_UNIT(*) SI_UNIT(.MILLI.,.METRE.) );
#8816 = ( NAMED_UNIT(*) PLANE_ANGLE_UNIT() SI_UNIT($,.RADIAN.) );
#8817 = ( NAMED_UNIT(*) SI_UNIT($,.STERADIAN.) SOLID_ANGLE_UNIT() );
#8818 = UNCERTAINTY_MEASURE_WITH_UNIT(LENGTH_MEASURE(1.E-07),#8815,
  'distance_accuracy_value','confusion accuracy');
#8819 = CONTEXT_DEPENDENT_SHAPE_REPRESENTATION(#8820,#8822);
#8820 = ( REPRESENTATION_RELATIONSHIP('','',#8663,#8459) 
REPRESENTATION_RELATIONSHIP_WITH_TRANSFORMATION(#8821) 
SHAPE_REPRESENTATION_RELATIONSHIP() );
#8821 = ITEM_DEFINED_TRANSFORMATION('','',#11,#8464);
#8822 = PRODUCT_DEFINITION_SHAPE('Placement','Placement of an item',
  #8823);
#8823 = NEXT_ASSEMBLY_USAGE_OCCURRENCE('60','GN_Rand','',#8454,#8658,$);
#8824 = PRODUCT_RELATED_PRODUCT_CATEGORY('part',$,(#8660));
#8825 = SHAPE_DEFINITION_REPRESENTATION(#8826,#8832);
#8826 = PRODUCT_DEFINITION_SHAPE('','',#8827);
#8827 = PRODUCT_DEFINITION('design','',#8828,#8831);
#8828 = PRODUCT_DEFINITION_FORMATION('','',#8829);
#8829 = PRODUCT('GN_Substrat','GN_Substrat','',(#8830));
#8830 = PRODUCT_CONTEXT('',#2,'mechanical');
#8831 = PRODUCT_DEFINITION_CONTEXT('part definition',#2,'design');
#8832 = ADVANCED_BREP_SHAPE_REPRESENTATION('',(#11,#8833),#8983);
#8833 = MANIFOLD_SOLID_BREP('',#8834);
#8834 = CLOSED_SHELL('',(#8835,#8875,#8915,#8937,#8959,#8971));
#8835 = ADVANCED_FACE('',(#8836),#8870,.F.);
#8836 = FACE_BOUND('',#8837,.F.);
#8837 = EDGE_LOOP('',(#8838,#8848,#8856,#8864));
#8838 = ORIENTED_EDGE('',*,*,#8839,.F.);
#8839 = EDGE_CURVE('',#8840,#8842,#8844,.T.);
#8840 = VERTEX_POINT('',#8841);
#8841 = CARTESIAN_POINT('',(0.,0.,0.));
#8842 = VERTEX_POINT('',#8843);
#8843 = CARTESIAN_POINT('',(0.,0.,25.));
#8844 = LINE('',#8845,#8846);
#8845 = CARTESIAN_POINT('',(0.,0.,0.));
#8846 = VECTOR('',#8847,1.);
#8847 = DIRECTION('',(0.,0.,1.));
#8848 = ORIENTED_EDGE('',*,*,#8849,.T.);
#8849 = EDGE_CURVE('',#8840,#8850,#8852,.T.);
#8850 = VERTEX_POINT('',#8851);
#8851 = CARTESIAN_POINT('',(0.,90.,0.));
#8852 = LINE('',#8853,#8854);
#8853 = CARTESIAN_POINT('',(0.,0.,0.));
#8854 = VECTOR('',#8855,1.);
#8855 = DIRECTION('',(-0.,1.,0.));
#8856 = ORIENTED_EDGE('',*,*,#8857,.T.);
#8857 = EDGE_CURVE('',#8850,#8858,#8860,.T.);
#8858 = VERTEX_POINT('',#8859);
#8859 = CARTESIAN_POINT('',(0.,90.,25.));
#8860 = LINE('',#8861,#8862);
#8861 = CARTESIAN_POINT('',(0.,90.,0.));
#8862 = VECTOR('',#8863,1.);
#8863 = DIRECTION('',(0.,0.,1.));
#8864 = ORIENTED_EDGE('',*,*,#8865,.F.);
#8865 = EDGE_CURVE('',#8842,#8858,#8866,.T.);
#8866 = LINE('',#8867,#8868);
#8867 = CARTESIAN_POINT('',(0.,0.,25.));
#8868 = VECTOR('',#8869,1.);
#8869 = DIRECTION('',(-0.,1.,0.));
#8870 = PLANE('',#8871);
#8871 = AXIS2_PLACEMENT_3D('',#8872,#8873,#8874);
#8872 = CARTESIAN_POINT('',(0.,0.,0.));
#8873 = DIRECTION('',(1.,0.,-0.));
#8874 = DIRECTION('',(0.,0.,1.));
#8875 = ADVANCED_FACE('',(#8876),#8910,.T.);
#8876 = FACE_BOUND('',#8877,.T.);
#8877 = EDGE_LOOP('',(#8878,#8888,#8896,#8904));
#8878 = ORIENTED_EDGE('',*,*,#8879,.F.);
#8879 = EDGE_CURVE('',#8880,#8882,#8884,.T.);
#8880 = VERTEX_POINT('',#8881);
#8881 = CARTESIAN_POINT('',(158.,0.,0.));
#8882 = VERTEX_POINT('',#8883);
#8883 = CARTESIAN_POINT('',(158.,0.,25.));
#8884 = LINE('',#8885,#8886);
#8885 = CARTESIAN_POINT('',(158.,0.,0.));
#8886 = VECTOR('',#8887,1.);
#8887 = DIRECTION('',(0.,0.,1.));
#8888 = ORIENTED_EDGE('',*,*,#8889,.T.);
#8889 = EDGE_CURVE('',#8880,#8890,#8892,.T.);
#8890 = VERTEX_POINT('',#8891);
#8891 = CARTESIAN_POINT('',(158.,90.,0.));
#8892 = LINE('',#8893,#8894);
#8893 = CARTESIAN_POINT('',(158.,0.,0.));
#8894 = VECTOR('',#8895,1.);
#8895 = DIRECTION('',(-0.,1.,0.));
#8896 = ORIENTED_EDGE('',*,*,#8897,.T.);
#8897 = EDGE_CURVE('',#8890,#8898,#8900,.T.);
#8898 = VERTEX_POINT('',#8899);
#8899 = CARTESIAN_POINT('',(158.,90.,25.));
#8900 = LINE('',#8901,#8902);
#8901 = CARTESIAN_POINT('',(158.,90.,0.));
#8902 = VECTOR('',#8903,1.);
#8903 = DIRECTION('',(0.,0.,1.));
#8904 = ORIENTED_EDGE('',*,*,#8905,.F.);
#8905 = EDGE_CURVE('',#8882,#8898,#8906,.T.);
#8906 = LINE('',#8907,#8908);
#8907 = CARTESIAN_POINT('',(158.,0.,25.));
#8908 = VECTOR('',#8909,1.);
#8909 = DIRECTION('',(-0.,1.,0.));
#8910 = PLANE('',#8911);
#8911 = AXIS2_PLACEMENT_3D('',#8912,#8913,#8914);
#8912 = CARTESIAN_POINT('',(158.,0.,0.));
#8913 = DIRECTION('',(1.,0.,-0.));
#8914 = DIRECTION('',(0.,0.,1.));
#8915 = ADVANCED_FACE('',(#8916),#8932,.F.);
#8916 = FACE_BOUND('',#8917,.F.);
#8917 = EDGE_LOOP('',(#8918,#8924,#8925,#8931));
#8918 = ORIENTED_EDGE('',*,*,#8919,.F.);
#8919 = EDGE_CURVE('',#8840,#8880,#8920,.T.);
#8920 = LINE('',#8921,#8922);
#8921 = CARTESIAN_POINT('',(0.,0.,0.));
#8922 = VECTOR('',#8923,1.);
#8923 = DIRECTION('',(1.,0.,-0.));
#8924 = ORIENTED_EDGE('',*,*,#8839,.T.);
#8925 = ORIENTED_EDGE('',*,*,#8926,.T.);
#8926 = EDGE_CURVE('',#8842,#8882,#8927,.T.);
#8927 = LINE('',#8928,#8929);
#8928 = CARTESIAN_POINT('',(0.,0.,25.));
#8929 = VECTOR('',#8930,1.);
#8930 = DIRECTION('',(1.,0.,-0.));
#8931 = ORIENTED_EDGE('',*,*,#8879,.F.);
#8932 = PLANE('',#8933);
#8933 = AXIS2_PLACEMENT_3D('',#8934,#8935,#8936);
#8934 = CARTESIAN_POINT('',(0.,0.,0.));
#8935 = DIRECTION('',(-0.,1.,0.));
#8936 = DIRECTION('',(0.,0.,1.));
#8937 = ADVANCED_FACE('',(#8938),#8954,.T.);
#8938 = FACE_BOUND('',#8939,.T.);
#8939 = EDGE_LOOP('',(#8940,#8946,#8947,#8953));
#8940 = ORIENTED_EDGE('',*,*,#8941,.F.);
#8941 = EDGE_CURVE('',#8850,#8890,#8942,.T.);
#8942 = LINE('',#8943,#8944);
#8943 = CARTESIAN_POINT('',(0.,90.,0.));
#8944 = VECTOR('',#8945,1.);
#8945 = DIRECTION('',(1.,0.,-0.));
#8946 = ORIENTED_EDGE('',*,*,#8857,.T.);
#8947 = ORIENTED_EDGE('',*,*,#8948,.T.);
#8948 = EDGE_CURVE('',#8858,#8898,#8949,.T.);
#8949 = LINE('',#8950,#8951);
#8950 = CARTESIAN_POINT('',(0.,90.,25.));
#8951 = VECTOR('',#8952,1.);
#8952 = DIRECTION('',(1.,0.,-0.));
#8953 = ORIENTED_EDGE('',*,*,#8897,.F.);
#8954 = PLANE('',#8955);
#8955 = AXIS2_PLACEMENT_3D('',#8956,#8957,#8958);
#8956 = CARTESIAN_POINT('',(0.,90.,0.));
#8957 = DIRECTION('',(-0.,1.,0.));
#8958 = DIRECTION('',(0.,0.,1.));
#8959 = ADVANCED_FACE('',(#8960),#8966,.F.);
#8960 = FACE_BOUND('',#8961,.F.);
#8961 = EDGE_LOOP('',(#8962,#8963,#8964,#8965));
#8962 = ORIENTED_EDGE('',*,*,#8849,.F.);
#8963 = ORIENTED_EDGE('',*,*,#8919,.T.);
#8964 = ORIENTED_EDGE('',*,*,#8889,.T.);
#8965 = ORIENTED_EDGE('',*,*,#8941,.F.);
#8966 = PLANE('',#8967);
#8967 = AXIS2_PLACEMENT_3D('',#8968,#8969,#8970);
#8968 = CARTESIAN_POINT('',(0.,0.,0.));
#8969 = DIRECTION('',(0.,0.,1.));
#8970 = DIRECTION('',(1.,0.,-0.));
#8971 = ADVANCED_FACE('',(#8972),#8978,.T.);
#8972 = FACE_BOUND('',#8973,.T.);
#8973 = EDGE_LOOP('',(#8974,#8975,#8976,#8977));
#8974 = ORIENTED_EDGE('',*,*,#8865,.F.);
#8975 = ORIENTED_EDGE('',*,*,#8926,.T.);
#8976 = ORIENTED_EDGE('',*,*,#8905,.T.);
#8977 = ORIENTED_EDGE('',*,*,#8948,.F.);
#8978 = PLANE('',#8979);
#8979 = AXIS2_PLACEMENT_3D('',#8980,#8981,#8982);
#8980 = CARTESIAN_POINT('',(0.,0.,25.));
#8981 = DIRECTION('',(0.,0.,1.));
#8982 = DIRECTION('',(1.,0.,-0.));
#8983 = ( GEOMETRIC_REPRESENTATION_CONTEXT(3) 
GLOBAL_UNCERTAINTY_ASSIGNED_CONTEXT((#8987)) 
GLOBAL_UNIT_ASSIGNED_CONTEXT((#8984,#8985,#8986)) REPRESENTATION_CONTEXT
('Context #1','3D Context with UNIT and UNCERTAINTY') );
#8984 = ( LENGTH_UNIT() NAMED_UNIT(*) SI_UNIT(.MILLI.,.METRE.) );
#8985 = ( NAMED_UNIT(*) PLANE_ANGLE_UNIT() SI_UNIT($,.RADIAN.) );
#8986 = ( NAMED_UNIT(*) SI_UNIT($,.STERADIAN.) SOLID_ANGLE_UNIT() );
#8987 = UNCERTAINTY_MEASURE_WITH_UNIT(LENGTH_MEASURE(1.E-07),#8984,
  'distance_accuracy_value','confusion accuracy');
#8988 = CONTEXT_DEPENDENT_SHAPE_REPRESENTATION(#8989,#8991);
#8989 = ( REPRESENTATION_RELATIONSHIP('','',#8832,#8459) 
REPRESENTATION_RELATIONSHIP_WITH_TRANSFORMATION(#8990) 
SHAPE_REPRESENTATION_RELATIONSHIP() );
#8990 = ITEM_DEFINED_TRANSFORMATION('','',#11,#8468);
#8991 = PRODUCT_DEFINITION_SHAPE('Placement','Placement of an item',
  #8992);
#8992 = NEXT_ASSEMBLY_USAGE_OCCURRENCE('61','GN_Substrat','',#8454,#8827
  ,$);
#8993 = PRODUCT_RELATED_PRODUCT_CATEGORY('part',$,(#8829));
#8994 = SHAPE_DEFINITION_REPRESENTATION(#8995,#9001);
#8995 = PRODUCT_DEFINITION_SHAPE('','',#8996);
#8996 = PRODUCT_DEFINITION('design','',#8997,#9000);
#8997 = PRODUCT_DEFINITION_FORMATION('','',#8998);
#8998 = PRODUCT('GN_Bewuchs','GN_Bewuchs','',(#8999));
#8999 = PRODUCT_CONTEXT('',#2,'mechanical');
#9000 = PRODUCT_DEFINITION_CONTEXT('part definition',#2,'design');
#9001 = ADVANCED_BREP_SHAPE_REPRESENTATION('',(#11,#9002),#9152);
#9002 = MANIFOLD_SOLID_BREP('',#9003);
#9003 = CLOSED_SHELL('',(#9004,#9044,#9084,#9106,#9128,#9140));
#9004 = ADVANCED_FACE('',(#9005),#9039,.F.);
#9005 = FACE_BOUND('',#9006,.F.);
#9006 = EDGE_LOOP('',(#9007,#9017,#9025,#9033));
#9007 = ORIENTED_EDGE('',*,*,#9008,.F.);
#9008 = EDGE_CURVE('',#9009,#9011,#9013,.T.);
#9009 = VERTEX_POINT('',#9010);
#9010 = CARTESIAN_POINT('',(0.,0.,0.));
#9011 = VERTEX_POINT('',#9012);
#9012 = CARTESIAN_POINT('',(0.,0.,40.));
#9013 = LINE('',#9014,#9015);
#9014 = CARTESIAN_POINT('',(0.,0.,0.));
#9015 = VECTOR('',#9016,1.);
#9016 = DIRECTION('',(0.,0.,1.));
#9017 = ORIENTED_EDGE('',*,*,#9018,.T.);
#9018 = EDGE_CURVE('',#9009,#9019,#9021,.T.);
#9019 = VERTEX_POINT('',#9020);
#9020 = CARTESIAN_POINT('',(0.,90.,0.));
#9021 = LINE('',#9022,#9023);
#9022 = CARTESIAN_POINT('',(0.,0.,0.));
#9023 = VECTOR('',#9024,1.);
#9024 = DIRECTION('',(-0.,1.,0.));
#9025 = ORIENTED_EDGE('',*,*,#9026,.T.);
#9026 = EDGE_CURVE('',#9019,#9027,#9029,.T.);
#9027 = VERTEX_POINT('',#9028);
#9028 = CARTESIAN_POINT('',(0.,90.,40.));
#9029 = LINE('',#9030,#9031);
#9030 = CARTESIAN_POINT('',(0.,90.,0.));
#9031 = VECTOR('',#9032,1.);
#9032 = DIRECTION('',(0.,0.,1.));
#9033 = ORIENTED_EDGE('',*,*,#9034,.F.);
#9034 = EDGE_CURVE('',#9011,#9027,#9035,.T.);
#9035 = LINE('',#9036,#9037);
#9036 = CARTESIAN_POINT('',(0.,0.,40.));
#9037 = VECTOR('',#9038,1.);
#9038 = DIRECTION('',(-0.,1.,0.));
#9039 = PLANE('',#9040);
#9040 = AXIS2_PLACEMENT_3D('',#9041,#9042,#9043);
#9041 = CARTESIAN_POINT('',(0.,0.,0.));
#9042 = DIRECTION('',(1.,0.,-0.));
#9043 = DIRECTION('',(0.,0.,1.));
#9044 = ADVANCED_FACE('',(#9045),#9079,.T.);
#9045 = FACE_BOUND('',#9046,.T.);
#9046 = EDGE_LOOP('',(#9047,#9057,#9065,#9073));
#9047 = ORIENTED_EDGE('',*,*,#9048,.F.);
#9048 = EDGE_CURVE('',#9049,#9051,#9053,.T.);
#9049 = VERTEX_POINT('',#9050);
#9050 = CARTESIAN_POINT('',(158.,0.,0.));
#9051 = VERTEX_POINT('',#9052);
#9052 = CARTESIAN_POINT('',(158.,0.,40.));
#9053 = LINE('',#9054,#9055);
#9054 = CARTESIAN_POINT('',(158.,0.,0.));
#9055 = VECTOR('',#9056,1.);
#9056 = DIRECTION('',(0.,0.,1.));
#9057 = ORIENTED_EDGE('',*,*,#9058,.T.);
#9058 = EDGE_CURVE('',#9049,#9059,#9061,.T.);
#9059 = VERTEX_POINT('',#9060);
#9060 = CARTESIAN_POINT('',(158.,90.,0.));
#9061 = LINE('',#9062,#9063);
#9062 = CARTESIAN_POINT('',(158.,0.,0.));
#9063 = VECTOR('',#9064,1.);
#9064 = DIRECTION('',(-0.,1.,0.));
#9065 = ORIENTED_EDGE('',*,*,#9066,.T.);
#9066 = EDGE_CURVE('',#9059,#9067,#9069,.T.);
#9067 = VERTEX_POINT('',#9068);
#9068 = CARTESIAN_POINT('',(158.,90.,40.));
#9069 = LINE('',#9070,#9071);
#9070 = CARTESIAN_POINT('',(158.,90.,0.));
#9071 = VECTOR('',#9072,1.);
#9072 = DIRECTION('',(0.,0.,1.));
#9073 = ORIENTED_EDGE('',*,*,#9074,.F.);
#9074 = EDGE_CURVE('',#9051,#9067,#9075,.T.);
#9075 = LINE('',#9076,#9077);
#9076 = CARTESIAN_POINT('',(158.,0.,40.));
#9077 = VECTOR('',#9078,1.);
#9078 = DIRECTION('',(-0.,1.,0.));
#9079 = PLANE('',#9080);
#9080 = AXIS2_PLACEMENT_3D('',#9081,#9082,#9083);
#9081 = CARTESIAN_POINT('',(158.,0.,0.));
#9082 = DIRECTION('',(1.,0.,-0.));
#9083 = DIRECTION('',(0.,0.,1.));
#9084 = ADVANCED_FACE('',(#9085),#9101,.F.);
#9085 = FACE_BOUND('',#9086,.F.);
#9086 = EDGE_LOOP('',(#9087,#9093,#9094,#9100));
#9087 = ORIENTED_EDGE('',*,*,#9088,.F.);
#9088 = EDGE_CURVE('',#9009,#9049,#9089,.T.);
#9089 = LINE('',#9090,#9091);
#9090 = CARTESIAN_POINT('',(0.,0.,0.));
#9091 = VECTOR('',#9092,1.);
#9092 = DIRECTION('',(1.,0.,-0.));
#9093 = ORIENTED_EDGE('',*,*,#9008,.T.);
#9094 = ORIENTED_EDGE('',*,*,#9095,.T.);
#9095 = EDGE_CURVE('',#9011,#9051,#9096,.T.);
#9096 = LINE('',#9097,#9098);
#9097 = CARTESIAN_POINT('',(0.,0.,40.));
#9098 = VECTOR('',#9099,1.);
#9099 = DIRECTION('',(1.,0.,-0.));
#9100 = ORIENTED_EDGE('',*,*,#9048,.F.);
#9101 = PLANE('',#9102);
#9102 = AXIS2_PLACEMENT_3D('',#9103,#9104,#9105);
#9103 = CARTESIAN_POINT('',(0.,0.,0.));
#9104 = DIRECTION('',(-0.,1.,0.));
#9105 = DIRECTION('',(0.,0.,1.));
#9106 = ADVANCED_FACE('',(#9107),#9123,.T.);
#9107 = FACE_BOUND('',#9108,.T.);
#9108 = EDGE_LOOP('',(#9109,#9115,#9116,#9122));
#9109 = ORIENTED_EDGE('',*,*,#9110,.F.);
#9110 = EDGE_CURVE('',#9019,#9059,#9111,.T.);
#9111 = LINE('',#9112,#9113);
#9112 = CARTESIAN_POINT('',(0.,90.,0.));
#9113 = VECTOR('',#9114,1.);
#9114 = DIRECTION('',(1.,0.,-0.));
#9115 = ORIENTED_EDGE('',*,*,#9026,.T.);
#9116 = ORIENTED_EDGE('',*,*,#9117,.T.);
#9117 = EDGE_CURVE('',#9027,#9067,#9118,.T.);
#9118 = LINE('',#9119,#9120);
#9119 = CARTESIAN_POINT('',(0.,90.,40.));
#9120 = VECTOR('',#9121,1.);
#9121 = DIRECTION('',(1.,0.,-0.));
#9122 = ORIENTED_EDGE('',*,*,#9066,.F.);
#9123 = PLANE('',#9124);
#9124 = AXIS2_PLACEMENT_3D('',#9125,#9126,#9127);
#9125 = CARTESIAN_POINT('',(0.,90.,0.));
#9126 = DIRECTION('',(-0.,1.,0.));
#9127 = DIRECTION('',(0.,0.,1.));
#9128 = ADVANCED_FACE('',(#9129),#9135,.F.);
#9129 = FACE_BOUND('',#9130,.F.);
#9130 = EDGE_LOOP('',(#9131,#9132,#9133,#9134));
#9131 = ORIENTED_EDGE('',*,*,#9018,.F.);
#9132 = ORIENTED_EDGE('',*,*,#9088,.T.);
#9133 = ORIENTED_EDGE('',*,*,#9058,.T.);
#9134 = ORIENTED_EDGE('',*,*,#9110,.F.);
#9135 = PLANE('',#9136);
#9136 = AXIS2_PLACEMENT_3D('',#9137,#9138,#9139);
#9137 = CARTESIAN_POINT('',(0.,0.,0.));
#9138 = DIRECTION('',(0.,0.,1.));
#9139 = DIRECTION('',(1.,0.,-0.));
#9140 = ADVANCED_FACE('',(#9141),#9147,.T.);
#9141 = FACE_BOUND('',#9142,.T.);
#9142 = EDGE_LOOP('',(#9143,#9144,#9145,#9146));
#9143 = ORIENTED_EDGE('',*,*,#9034,.F.);
#9144 = ORIENTED_EDGE('',*,*,#9095,.T.);
#9145 = ORIENTED_EDGE('',*,*,#9074,.T.);
#9146 = ORIENTED_EDGE('',*,*,#9117,.F.);
#9147 = PLANE('',#9148);
#9148 = AXIS2_PLACEMENT_3D('',#9149,#9150,#9151);
#9149 = CARTESIAN_POINT('',(0.,0.,40.));
#9150 = DIRECTION('',(0.,0.,1.));
#9151 = DIRECTION('',(1.,0.,-0.));
#9152 = ( GEOMETRIC_REPRESENTATION_CONTEXT(3) 
GLOBAL_UNCERTAINTY_ASSIGNED_CONTEXT((#9156)) 
GLOBAL_UNIT_ASSIGNED_CONTEXT((#9153,#9154,#9155)) REPRESENTATION_CONTEXT
('Context #1','3D Context with UNIT and UNCERTAINTY') );
#9153 = ( LENGTH_UNIT() NAMED_UNIT(*) SI_UNIT(.MILLI.,.METRE.) );
#9154 = ( NAMED_UNIT(*) PLANE_ANGLE_UNIT() SI_UNIT($,.RADIAN.) );
#9155 = ( NAMED_UNIT(*) SI_UNIT($,.STERADIAN.) SOLID_ANGLE_UNIT() );
#9156 = UNCERTAINTY_MEASURE_WITH_UNIT(LENGTH_MEASURE(1.E-07),#9153,
  'distance_accuracy_value','confusion accuracy');
#9157 = CONTEXT_DEPENDENT_SHAPE_REPRESENTATION(#9158,#9160);
#9158 = ( REPRESENTATION_RELATIONSHIP('','',#9001,#8459) 
REPRESENTATION_RELATIONSHIP_WITH_TRANSFORMATION(#9159) 
SHAPE_REPRESENTATION_RELATIONSHIP() );
#9159 = ITEM_DEFINED_TRANSFORMATION('','',#11,#8472);
#9160 = PRODUCT_DEFINITION_SHAPE('Placement','Placement of an item',
  #9161);
#9161 = NEXT_ASSEMBLY_USAGE_OCCURRENCE('62','GN_Bewuchs','',#8454,#8996,
  $);
#9162 = PRODUCT_RELATED_PRODUCT_CATEGORY('part',$,(#8998));
#9163 = CONTEXT_DEPENDENT_SHAPE_REPRESENTATION(#9164,#9166);
#9164 = ( REPRESENTATION_RELATIONSHIP('','',#8459,#8160) 
REPRESENTATION_RELATIONSHIP_WITH_TRANSFORMATION(#9165) 
SHAPE_REPRESENTATION_RELATIONSHIP() );
#9165 = ITEM_DEFINED_TRANSFORMATION('','',#11,#8169);
#9166 = PRODUCT_DEFINITION_SHAPE('Placement','Placement of an item',
  #9167);
#9167 = NEXT_ASSEMBLY_USAGE_OCCURRENCE('64','GN_S2_R1','',#8155,#8454,$
  );
#9168 = CONTEXT_DEPENDENT_SHAPE_REPRESENTATION(#9169,#9171);
#9169 = ( REPRESENTATION_RELATIONSHIP('','',#8459,#8160) 
REPRESENTATION_RELATIONSHIP_WITH_TRANSFORMATION(#9170) 
SHAPE_REPRESENTATION_RELATIONSHIP() );
#9170 = ITEM_DEFINED_TRANSFORMATION('','',#11,#8173);
#9171 = PRODUCT_DEFINITION_SHAPE('Placement','Placement of an item',
  #9172);
#9172 = NEXT_ASSEMBLY_USAGE_OCCURRENCE('65','GN_S1_R2','',#8155,#8454,$
  );
#9173 = CONTEXT_DEPENDENT_SHAPE_REPRESENTATION(#9174,#9176);
#9174 = ( REPRESENTATION_RELATIONSHIP('','',#8459,#8160) 
REPRESENTATION_RELATIONSHIP_WITH_TRANSFORMATION(#9175) 
SHAPE_REPRESENTATION_RELATIONSHIP() );
#9175 = ITEM_DEFINED_TRANSFORMATION('','',#11,#8177);
#9176 = PRODUCT_DEFINITION_SHAPE('Placement','Placement of an item',
  #9177);
#9177 = NEXT_ASSEMBLY_USAGE_OCCURRENCE('66','GN_S2_R2','',#8155,#8454,$
  );
#9178 = CONTEXT_DEPENDENT_SHAPE_REPRESENTATION(#9179,#9181);
#9179 = ( REPRESENTATION_RELATIONSHIP('','',#8459,#8160) 
REPRESENTATION_RELATIONSHIP_WITH_TRANSFORMATION(#9180) 
SHAPE_REPRESENTATION_RELATIONSHIP() );
#9180 = ITEM_DEFINED_TRANSFORMATION('','',#11,#8181);
#9181 = PRODUCT_DEFINITION_SHAPE('Placement','Placement of an item',
  #9182);
#9182 = NEXT_ASSEMBLY_USAGE_OCCURRENCE('67','GN_S1_R3','',#8155,#8454,$
  );
#9183 = CONTEXT_DEPENDENT_SHAPE_REPRESENTATION(#9184,#9186);
#9184 = ( REPRESENTATION_RELATIONSHIP('','',#8459,#8160) 
REPRESENTATION_RELATIONSHIP_WITH_TRANSFORMATION(#9185) 
SHAPE_REPRESENTATION_RELATIONSHIP() );
#9185 = ITEM_DEFINED_TRANSFORMATION('','',#11,#8185);
#9186 = PRODUCT_DEFINITION_SHAPE('Placement','Placement of an item',
  #9187);
#9187 = NEXT_ASSEMBLY_USAGE_OCCURRENCE('68','GN_S2_R3','',#8155,#8454,$
  );
#9188 = SHAPE_DEFINITION_REPRESENTATION(#9189,#9195);
#9189 = PRODUCT_DEFINITION_SHAPE('','',#9190);
#9190 = PRODUCT_DEFINITION('design','',#9191,#9194);
#9191 = PRODUCT_DEFINITION_FORMATION('','',#9192);
#9192 = PRODUCT('LED_Bahn_1','LED_Bahn_1','',(#9193));
#9193 = PRODUCT_CONTEXT('',#2,'mechanical');
#9194 = PRODUCT_DEFINITION_CONTEXT('part definition',#2,'design');
#9195 = ADVANCED_BREP_SHAPE_REPRESENTATION('',(#11,#9196),#9346);
#9196 = MANIFOLD_SOLID_BREP('',#9197);
#9197 = CLOSED_SHELL('',(#9198,#9238,#9278,#9300,#9322,#9334));
#9198 = ADVANCED_FACE('',(#9199),#9233,.F.);
#9199 = FACE_BOUND('',#9200,.F.);
#9200 = EDGE_LOOP('',(#9201,#9211,#9219,#9227));
#9201 = ORIENTED_EDGE('',*,*,#9202,.F.);
#9202 = EDGE_CURVE('',#9203,#9205,#9207,.T.);
#9203 = VERTEX_POINT('',#9204);
#9204 = CARTESIAN_POINT('',(0.,0.,0.));
#9205 = VERTEX_POINT('',#9206);
#9206 = CARTESIAN_POINT('',(0.,0.,15.));
#9207 = LINE('',#9208,#9209);
#9208 = CARTESIAN_POINT('',(0.,0.,0.));
#9209 = VECTOR('',#9210,1.);
#9210 = DIRECTION('',(0.,0.,1.));
#9211 = ORIENTED_EDGE('',*,*,#9212,.T.);
#9212 = EDGE_CURVE('',#9203,#9213,#9215,.T.);
#9213 = VERTEX_POINT('',#9214);
#9214 = CARTESIAN_POINT('',(0.,20.,0.));
#9215 = LINE('',#9216,#9217);
#9216 = CARTESIAN_POINT('',(0.,0.,0.));
#9217 = VECTOR('',#9218,1.);
#9218 = DIRECTION('',(-0.,1.,0.));
#9219 = ORIENTED_EDGE('',*,*,#9220,.T.);
#9220 = EDGE_CURVE('',#9213,#9221,#9223,.T.);
#9221 = VERTEX_POINT('',#9222);
#9222 = CARTESIAN_POINT('',(0.,20.,15.));
#9223 = LINE('',#9224,#9225);
#9224 = CARTESIAN_POINT('',(0.,20.,0.));
#9225 = VECTOR('',#9226,1.);
#9226 = DIRECTION('',(0.,0.,1.));
#9227 = ORIENTED_EDGE('',*,*,#9228,.F.);
#9228 = EDGE_CURVE('',#9205,#9221,#9229,.T.);
#9229 = LINE('',#9230,#9231);
#9230 = CARTESIAN_POINT('',(0.,0.,15.));
#9231 = VECTOR('',#9232,1.);
#9232 = DIRECTION('',(-0.,1.,0.));
#9233 = PLANE('',#9234);
#9234 = AXIS2_PLACEMENT_3D('',#9235,#9236,#9237);
#9235 = CARTESIAN_POINT('',(0.,0.,0.));
#9236 = DIRECTION('',(1.,0.,-0.));
#9237 = DIRECTION('',(0.,0.,1.));
#9238 = ADVANCED_FACE('',(#9239),#9273,.T.);
#9239 = FACE_BOUND('',#9240,.T.);
#9240 = EDGE_LOOP('',(#9241,#9251,#9259,#9267));
#9241 = ORIENTED_EDGE('',*,*,#9242,.F.);
#9242 = EDGE_CURVE('',#9243,#9245,#9247,.T.);
#9243 = VERTEX_POINT('',#9244);
#9244 = CARTESIAN_POINT('',(354.,0.,0.));
#9245 = VERTEX_POINT('',#9246);
#9246 = CARTESIAN_POINT('',(354.,0.,15.));
#9247 = LINE('',#9248,#9249);
#9248 = CARTESIAN_POINT('',(354.,0.,0.));
#9249 = VECTOR('',#9250,1.);
#9250 = DIRECTION('',(0.,0.,1.));
#9251 = ORIENTED_EDGE('',*,*,#9252,.T.);
#9252 = EDGE_CURVE('',#9243,#9253,#9255,.T.);
#9253 = VERTEX_POINT('',#9254);
#9254 = CARTESIAN_POINT('',(354.,20.,0.));
#9255 = LINE('',#9256,#9257);
#9256 = CARTESIAN_POINT('',(354.,0.,0.));
#9257 = VECTOR('',#9258,1.);
#9258 = DIRECTION('',(-0.,1.,0.));
#9259 = ORIENTED_EDGE('',*,*,#9260,.T.);
#9260 = EDGE_CURVE('',#9253,#9261,#9263,.T.);
#9261 = VERTEX_POINT('',#9262);
#9262 = CARTESIAN_POINT('',(354.,20.,15.));
#9263 = LINE('',#9264,#9265);
#9264 = CARTESIAN_POINT('',(354.,20.,0.));
#9265 = VECTOR('',#9266,1.);
#9266 = DIRECTION('',(0.,0.,1.));
#9267 = ORIENTED_EDGE('',*,*,#9268,.F.);
#9268 = EDGE_CURVE('',#9245,#9261,#9269,.T.);
#9269 = LINE('',#9270,#9271);
#9270 = CARTESIAN_POINT('',(354.,0.,15.));
#9271 = VECTOR('',#9272,1.);
#9272 = DIRECTION('',(-0.,1.,0.));
#9273 = PLANE('',#9274);
#9274 = AXIS2_PLACEMENT_3D('',#9275,#9276,#9277);
#9275 = CARTESIAN_POINT('',(354.,0.,0.));
#9276 = DIRECTION('',(1.,0.,-0.));
#9277 = DIRECTION('',(0.,0.,1.));
#9278 = ADVANCED_FACE('',(#9279),#9295,.F.);
#9279 = FACE_BOUND('',#9280,.F.);
#9280 = EDGE_LOOP('',(#9281,#9287,#9288,#9294));
#9281 = ORIENTED_EDGE('',*,*,#9282,.F.);
#9282 = EDGE_CURVE('',#9203,#9243,#9283,.T.);
#9283 = LINE('',#9284,#9285);
#9284 = CARTESIAN_POINT('',(0.,0.,0.));
#9285 = VECTOR('',#9286,1.);
#9286 = DIRECTION('',(1.,0.,-0.));
#9287 = ORIENTED_EDGE('',*,*,#9202,.T.);
#9288 = ORIENTED_EDGE('',*,*,#9289,.T.);
#9289 = EDGE_CURVE('',#9205,#9245,#9290,.T.);
#9290 = LINE('',#9291,#9292);
#9291 = CARTESIAN_POINT('',(0.,0.,15.));
#9292 = VECTOR('',#9293,1.);
#9293 = DIRECTION('',(1.,0.,-0.));
#9294 = ORIENTED_EDGE('',*,*,#9242,.F.);
#9295 = PLANE('',#9296);
#9296 = AXIS2_PLACEMENT_3D('',#9297,#9298,#9299);
#9297 = CARTESIAN_POINT('',(0.,0.,0.));
#9298 = DIRECTION('',(-0.,1.,0.));
#9299 = DIRECTION('',(0.,0.,1.));
#9300 = ADVANCED_FACE('',(#9301),#9317,.T.);
#9301 = FACE_BOUND('',#9302,.T.);
#9302 = EDGE_LOOP('',(#9303,#9309,#9310,#9316));
#9303 = ORIENTED_EDGE('',*,*,#9304,.F.);
#9304 = EDGE_CURVE('',#9213,#9253,#9305,.T.);
#9305 = LINE('',#9306,#9307);
#9306 = CARTESIAN_POINT('',(0.,20.,0.));
#9307 = VECTOR('',#9308,1.);
#9308 = DIRECTION('',(1.,0.,-0.));
#9309 = ORIENTED_EDGE('',*,*,#9220,.T.);
#9310 = ORIENTED_EDGE('',*,*,#9311,.T.);
#9311 = EDGE_CURVE('',#9221,#9261,#9312,.T.);
#9312 = LINE('',#9313,#9314);
#9313 = CARTESIAN_POINT('',(0.,20.,15.));
#9314 = VECTOR('',#9315,1.);
#9315 = DIRECTION('',(1.,0.,-0.));
#9316 = ORIENTED_EDGE('',*,*,#9260,.F.);
#9317 = PLANE('',#9318);
#9318 = AXIS2_PLACEMENT_3D('',#9319,#9320,#9321);
#9319 = CARTESIAN_POINT('',(0.,20.,0.));
#9320 = DIRECTION('',(-0.,1.,0.));
#9321 = DIRECTION('',(0.,0.,1.));
#9322 = ADVANCED_FACE('',(#9323),#9329,.F.);
#9323 = FACE_BOUND('',#9324,.F.);
#9324 = EDGE_LOOP('',(#9325,#9326,#9327,#9328));
#9325 = ORIENTED_EDGE('',*,*,#9212,.F.);
#9326 = ORIENTED_EDGE('',*,*,#9282,.T.);
#9327 = ORIENTED_EDGE('',*,*,#9252,.T.);
#9328 = ORIENTED_EDGE('',*,*,#9304,.F.);
#9329 = PLANE('',#9330);
#9330 = AXIS2_PLACEMENT_3D('',#9331,#9332,#9333);
#9331 = CARTESIAN_POINT('',(0.,0.,0.));
#9332 = DIRECTION('',(0.,0.,1.));
#9333 = DIRECTION('',(1.,0.,-0.));
#9334 = ADVANCED_FACE('',(#9335),#9341,.T.);
#9335 = FACE_BOUND('',#9336,.T.);
#9336 = EDGE_LOOP('',(#9337,#9338,#9339,#9340));
#9337 = ORIENTED_EDGE('',*,*,#9228,.F.);
#9338 = ORIENTED_EDGE('',*,*,#9289,.T.);
#9339 = ORIENTED_EDGE('',*,*,#9268,.T.);
#9340 = ORIENTED_EDGE('',*,*,#9311,.F.);
#9341 = PLANE('',#9342);
#9342 = AXIS2_PLACEMENT_3D('',#9343,#9344,#9345);
#9343 = CARTESIAN_POINT('',(0.,0.,15.));
#9344 = DIRECTION('',(0.,0.,1.));
#9345 = DIRECTION('',(1.,0.,-0.));
#9346 = ( GEOMETRIC_REPRESENTATION_CONTEXT(3) 
GLOBAL_UNCERTAINTY_ASSIGNED_CONTEXT((#9350)) 
GLOBAL_UNIT_ASSIGNED_CONTEXT((#9347,#9348,#9349)) REPRESENTATION_CONTEXT
('Context #1','3D Context with UNIT and UNCERTAINTY') );
#9347 = ( LENGTH_UNIT() NAMED_UNIT(*) SI_UNIT(.MILLI.,.METRE.) );
#9348 = ( NAMED_UNIT(*) PLANE_ANGLE_UNIT() SI_UNIT($,.RADIAN.) );
#9349 = ( NAMED_UNIT(*) SI_UNIT($,.STERADIAN.) SOLID_ANGLE_UNIT() );
#9350 = UNCERTAINTY_MEASURE_WITH_UNIT(LENGTH_MEASURE(1.E-07),#9347,
  'distance_accuracy_value','confusion accuracy');
#9351 = CONTEXT_DEPENDENT_SHAPE_REPRESENTATION(#9352,#9354);
#9352 = ( REPRESENTATION_RELATIONSHIP('','',#9195,#8160) 
REPRESENTATION_RELATIONSHIP_WITH_TRANSFORMATION(#9353) 
SHAPE_REPRESENTATION_RELATIONSHIP() );
#9353 = ITEM_DEFINED_TRANSFORMATION('','',#11,#8189);
#9354 = PRODUCT_DEFINITION_SHAPE('Placement','Placement of an item',
  #9355);
#9355 = NEXT_ASSEMBLY_USAGE_OCCURRENCE('69','LED_Bahn_1','',#8155,#9190,
  $);
#9356 = PRODUCT_RELATED_PRODUCT_CATEGORY('part',$,(#9192));
#9357 = SHAPE_DEFINITION_REPRESENTATION(#9358,#9364);
#9358 = PRODUCT_DEFINITION_SHAPE('','',#9359);
#9359 = PRODUCT_DEFINITION('design','',#9360,#9363);
#9360 = PRODUCT_DEFINITION_FORMATION('','',#9361);
#9361 = PRODUCT('LED_Licht_1','LED_Licht_1','',(#9362));
#9362 = PRODUCT_CONTEXT('',#2,'mechanical');
#9363 = PRODUCT_DEFINITION_CONTEXT('part definition',#2,'design');
#9364 = ADVANCED_BREP_SHAPE_REPRESENTATION('',(#11,#9365),#9515);
#9365 = MANIFOLD_SOLID_BREP('',#9366);
#9366 = CLOSED_SHELL('',(#9367,#9407,#9447,#9469,#9491,#9503));
#9367 = ADVANCED_FACE('',(#9368),#9402,.F.);
#9368 = FACE_BOUND('',#9369,.F.);
#9369 = EDGE_LOOP('',(#9370,#9380,#9388,#9396));
#9370 = ORIENTED_EDGE('',*,*,#9371,.F.);
#9371 = EDGE_CURVE('',#9372,#9374,#9376,.T.);
#9372 = VERTEX_POINT('',#9373);
#9373 = CARTESIAN_POINT('',(0.,0.,0.));
#9374 = VERTEX_POINT('',#9375);
#9375 = CARTESIAN_POINT('',(0.,0.,1.));
#9376 = LINE('',#9377,#9378);
#9377 = CARTESIAN_POINT('',(0.,0.,0.));
#9378 = VECTOR('',#9379,1.);
#9379 = DIRECTION('',(0.,0.,1.));
#9380 = ORIENTED_EDGE('',*,*,#9381,.T.);
#9381 = EDGE_CURVE('',#9372,#9382,#9384,.T.);
#9382 = VERTEX_POINT('',#9383);
#9383 = CARTESIAN_POINT('',(0.,16.,0.));
#9384 = LINE('',#9385,#9386);
#9385 = CARTESIAN_POINT('',(0.,0.,0.));
#9386 = VECTOR('',#9387,1.);
#9387 = DIRECTION('',(-0.,1.,0.));
#9388 = ORIENTED_EDGE('',*,*,#9389,.T.);
#9389 = EDGE_CURVE('',#9382,#9390,#9392,.T.);
#9390 = VERTEX_POINT('',#9391);
#9391 = CARTESIAN_POINT('',(0.,16.,1.));
#9392 = LINE('',#9393,#9394);
#9393 = CARTESIAN_POINT('',(0.,16.,0.));
#9394 = VECTOR('',#9395,1.);
#9395 = DIRECTION('',(0.,0.,1.));
#9396 = ORIENTED_EDGE('',*,*,#9397,.F.);
#9397 = EDGE_CURVE('',#9374,#9390,#9398,.T.);
#9398 = LINE('',#9399,#9400);
#9399 = CARTESIAN_POINT('',(0.,0.,1.));
#9400 = VECTOR('',#9401,1.);
#9401 = DIRECTION('',(-0.,1.,0.));
#9402 = PLANE('',#9403);
#9403 = AXIS2_PLACEMENT_3D('',#9404,#9405,#9406);
#9404 = CARTESIAN_POINT('',(0.,0.,0.));
#9405 = DIRECTION('',(1.,0.,-0.));
#9406 = DIRECTION('',(0.,0.,1.));
#9407 = ADVANCED_FACE('',(#9408),#9442,.T.);
#9408 = FACE_BOUND('',#9409,.T.);
#9409 = EDGE_LOOP('',(#9410,#9420,#9428,#9436));
#9410 = ORIENTED_EDGE('',*,*,#9411,.F.);
#9411 = EDGE_CURVE('',#9412,#9414,#9416,.T.);
#9412 = VERTEX_POINT('',#9413);
#9413 = CARTESIAN_POINT('',(354.,0.,0.));
#9414 = VERTEX_POINT('',#9415);
#9415 = CARTESIAN_POINT('',(354.,0.,1.));
#9416 = LINE('',#9417,#9418);
#9417 = CARTESIAN_POINT('',(354.,0.,0.));
#9418 = VECTOR('',#9419,1.);
#9419 = DIRECTION('',(0.,0.,1.));
#9420 = ORIENTED_EDGE('',*,*,#9421,.T.);
#9421 = EDGE_CURVE('',#9412,#9422,#9424,.T.);
#9422 = VERTEX_POINT('',#9423);
#9423 = CARTESIAN_POINT('',(354.,16.,0.));
#9424 = LINE('',#9425,#9426);
#9425 = CARTESIAN_POINT('',(354.,0.,0.));
#9426 = VECTOR('',#9427,1.);
#9427 = DIRECTION('',(-0.,1.,0.));
#9428 = ORIENTED_EDGE('',*,*,#9429,.T.);
#9429 = EDGE_CURVE('',#9422,#9430,#9432,.T.);
#9430 = VERTEX_POINT('',#9431);
#9431 = CARTESIAN_POINT('',(354.,16.,1.));
#9432 = LINE('',#9433,#9434);
#9433 = CARTESIAN_POINT('',(354.,16.,0.));
#9434 = VECTOR('',#9435,1.);
#9435 = DIRECTION('',(0.,0.,1.));
#9436 = ORIENTED_EDGE('',*,*,#9437,.F.);
#9437 = EDGE_CURVE('',#9414,#9430,#9438,.T.);
#9438 = LINE('',#9439,#9440);
#9439 = CARTESIAN_POINT('',(354.,0.,1.));
#9440 = VECTOR('',#9441,1.);
#9441 = DIRECTION('',(-0.,1.,0.));
#9442 = PLANE('',#9443);
#9443 = AXIS2_PLACEMENT_3D('',#9444,#9445,#9446);
#9444 = CARTESIAN_POINT('',(354.,0.,0.));
#9445 = DIRECTION('',(1.,0.,-0.));
#9446 = DIRECTION('',(0.,0.,1.));
#9447 = ADVANCED_FACE('',(#9448),#9464,.F.);
#9448 = FACE_BOUND('',#9449,.F.);
#9449 = EDGE_LOOP('',(#9450,#9456,#9457,#9463));
#9450 = ORIENTED_EDGE('',*,*,#9451,.F.);
#9451 = EDGE_CURVE('',#9372,#9412,#9452,.T.);
#9452 = LINE('',#9453,#9454);
#9453 = CARTESIAN_POINT('',(0.,0.,0.));
#9454 = VECTOR('',#9455,1.);
#9455 = DIRECTION('',(1.,0.,-0.));
#9456 = ORIENTED_EDGE('',*,*,#9371,.T.);
#9457 = ORIENTED_EDGE('',*,*,#9458,.T.);
#9458 = EDGE_CURVE('',#9374,#9414,#9459,.T.);
#9459 = LINE('',#9460,#9461);
#9460 = CARTESIAN_POINT('',(0.,0.,1.));
#9461 = VECTOR('',#9462,1.);
#9462 = DIRECTION('',(1.,0.,-0.));
#9463 = ORIENTED_EDGE('',*,*,#9411,.F.);
#9464 = PLANE('',#9465);
#9465 = AXIS2_PLACEMENT_3D('',#9466,#9467,#9468);
#9466 = CARTESIAN_POINT('',(0.,0.,0.));
#9467 = DIRECTION('',(-0.,1.,0.));
#9468 = DIRECTION('',(0.,0.,1.));
#9469 = ADVANCED_FACE('',(#9470),#9486,.T.);
#9470 = FACE_BOUND('',#9471,.T.);
#9471 = EDGE_LOOP('',(#9472,#9478,#9479,#9485));
#9472 = ORIENTED_EDGE('',*,*,#9473,.F.);
#9473 = EDGE_CURVE('',#9382,#9422,#9474,.T.);
#9474 = LINE('',#9475,#9476);
#9475 = CARTESIAN_POINT('',(0.,16.,0.));
#9476 = VECTOR('',#9477,1.);
#9477 = DIRECTION('',(1.,0.,-0.));
#9478 = ORIENTED_EDGE('',*,*,#9389,.T.);
#9479 = ORIENTED_EDGE('',*,*,#9480,.T.);
#9480 = EDGE_CURVE('',#9390,#9430,#9481,.T.);
#9481 = LINE('',#9482,#9483);
#9482 = CARTESIAN_POINT('',(0.,16.,1.));
#9483 = VECTOR('',#9484,1.);
#9484 = DIRECTION('',(1.,0.,-0.));
#9485 = ORIENTED_EDGE('',*,*,#9429,.F.);
#9486 = PLANE('',#9487);
#9487 = AXIS2_PLACEMENT_3D('',#9488,#9489,#9490);
#9488 = CARTESIAN_POINT('',(0.,16.,0.));
#9489 = DIRECTION('',(-0.,1.,0.));
#9490 = DIRECTION('',(0.,0.,1.));
#9491 = ADVANCED_FACE('',(#9492),#9498,.F.);
#9492 = FACE_BOUND('',#9493,.F.);
#9493 = EDGE_LOOP('',(#9494,#9495,#9496,#9497));
#9494 = ORIENTED_EDGE('',*,*,#9381,.F.);
#9495 = ORIENTED_EDGE('',*,*,#9451,.T.);
#9496 = ORIENTED_EDGE('',*,*,#9421,.T.);
#9497 = ORIENTED_EDGE('',*,*,#9473,.F.);
#9498 = PLANE('',#9499);
#9499 = AXIS2_PLACEMENT_3D('',#9500,#9501,#9502);
#9500 = CARTESIAN_POINT('',(0.,0.,0.));
#9501 = DIRECTION('',(0.,0.,1.));
#9502 = DIRECTION('',(1.,0.,-0.));
#9503 = ADVANCED_FACE('',(#9504),#9510,.T.);
#9504 = FACE_BOUND('',#9505,.T.);
#9505 = EDGE_LOOP('',(#9506,#9507,#9508,#9509));
#9506 = ORIENTED_EDGE('',*,*,#9397,.F.);
#9507 = ORIENTED_EDGE('',*,*,#9458,.T.);
#9508 = ORIENTED_EDGE('',*,*,#9437,.T.);
#9509 = ORIENTED_EDGE('',*,*,#9480,.F.);
#9510 = PLANE('',#9511);
#9511 = AXIS2_PLACEMENT_3D('',#9512,#9513,#9514);
#9512 = CARTESIAN_POINT('',(0.,0.,1.));
#9513 = DIRECTION('',(0.,0.,1.));
#9514 = DIRECTION('',(1.,0.,-0.));
#9515 = ( GEOMETRIC_REPRESENTATION_CONTEXT(3) 
GLOBAL_UNCERTAINTY_ASSIGNED_CONTEXT((#9519)) 
GLOBAL_UNIT_ASSIGNED_CONTEXT((#9516,#9517,#9518)) REPRESENTATION_CONTEXT
('Context #1','3D Context with UNIT and UNCERTAINTY') );
#9516 = ( LENGTH_UNIT() NAMED_UNIT(*) SI_UNIT(.MILLI.,.METRE.) );
#9517 = ( NAMED_UNIT(*) PLANE_ANGLE_UNIT() SI_UNIT($,.RADIAN.) );
#9518 = ( NAMED_UNIT(*) SI_UNIT($,.STERADIAN.) SOLID_ANGLE_UNIT() );
#9519 = UNCERTAINTY_MEASURE_WITH_UNIT(LENGTH_MEASURE(1.E-07),#9516,
  'distance_accuracy_value','confusion accuracy');
#9520 = CONTEXT_DEPENDENT_SHAPE_REPRESENTATION(#9521,#9523);
#9521 = ( REPRESENTATION_RELATIONSHIP('','',#9364,#8160) 
REPRESENTATION_RELATIONSHIP_WITH_TRANSFORMATION(#9522) 
SHAPE_REPRESENTATION_RELATIONSHIP() );
#9522 = ITEM_DEFINED_TRANSFORMATION('','',#11,#8193);
#9523 = PRODUCT_DEFINITION_SHAPE('Placement','Placement of an item',
  #9524);
#9524 = NEXT_ASSEMBLY_USAGE_OCCURRENCE('70','LED_Licht_1','',#8155,#9359
  ,$);
#9525 = PRODUCT_RELATED_PRODUCT_CATEGORY('part',$,(#9361));
#9526 = SHAPE_DEFINITION_REPRESENTATION(#9527,#9533);
#9527 = PRODUCT_DEFINITION_SHAPE('','',#9528);
#9528 = PRODUCT_DEFINITION('design','',#9529,#9532);
#9529 = PRODUCT_DEFINITION_FORMATION('','',#9530);
#9530 = PRODUCT('LED_Bahn_2','LED_Bahn_2','',(#9531));
#9531 = PRODUCT_CONTEXT('',#2,'mechanical');
#9532 = PRODUCT_DEFINITION_CONTEXT('part definition',#2,'design');
#9533 = ADVANCED_BREP_SHAPE_REPRESENTATION('',(#11,#9534),#9684);
#9534 = MANIFOLD_SOLID_BREP('',#9535);
#9535 = CLOSED_SHELL('',(#9536,#9576,#9616,#9638,#9660,#9672));
#9536 = ADVANCED_FACE('',(#9537),#9571,.F.);
#9537 = FACE_BOUND('',#9538,.F.);
#9538 = EDGE_LOOP('',(#9539,#9549,#9557,#9565));
#9539 = ORIENTED_EDGE('',*,*,#9540,.F.);
#9540 = EDGE_CURVE('',#9541,#9543,#9545,.T.);
#9541 = VERTEX_POINT('',#9542);
#9542 = CARTESIAN_POINT('',(0.,0.,0.));
#9543 = VERTEX_POINT('',#9544);
#9544 = CARTESIAN_POINT('',(0.,0.,15.));
#9545 = LINE('',#9546,#9547);
#9546 = CARTESIAN_POINT('',(0.,0.,0.));
#9547 = VECTOR('',#9548,1.);
#9548 = DIRECTION('',(0.,0.,1.));
#9549 = ORIENTED_EDGE('',*,*,#9550,.T.);
#9550 = EDGE_CURVE('',#9541,#9551,#9553,.T.);
#9551 = VERTEX_POINT('',#9552);
#9552 = CARTESIAN_POINT('',(0.,20.,0.));
#9553 = LINE('',#9554,#9555);
#9554 = CARTESIAN_POINT('',(0.,0.,0.));
#9555 = VECTOR('',#9556,1.);
#9556 = DIRECTION('',(-0.,1.,0.));
#9557 = ORIENTED_EDGE('',*,*,#9558,.T.);
#9558 = EDGE_CURVE('',#9551,#9559,#9561,.T.);
#9559 = VERTEX_POINT('',#9560);
#9560 = CARTESIAN_POINT('',(0.,20.,15.));
#9561 = LINE('',#9562,#9563);
#9562 = CARTESIAN_POINT('',(0.,20.,0.));
#9563 = VECTOR('',#9564,1.);
#9564 = DIRECTION('',(0.,0.,1.));
#9565 = ORIENTED_EDGE('',*,*,#9566,.F.);
#9566 = EDGE_CURVE('',#9543,#9559,#9567,.T.);
#9567 = LINE('',#9568,#9569);
#9568 = CARTESIAN_POINT('',(0.,0.,15.));
#9569 = VECTOR('',#9570,1.);
#9570 = DIRECTION('',(-0.,1.,0.));
#9571 = PLANE('',#9572);
#9572 = AXIS2_PLACEMENT_3D('',#9573,#9574,#9575);
#9573 = CARTESIAN_POINT('',(0.,0.,0.));
#9574 = DIRECTION('',(1.,0.,-0.));
#9575 = DIRECTION('',(0.,0.,1.));
#9576 = ADVANCED_FACE('',(#9577),#9611,.T.);
#9577 = FACE_BOUND('',#9578,.T.);
#9578 = EDGE_LOOP('',(#9579,#9589,#9597,#9605));
#9579 = ORIENTED_EDGE('',*,*,#9580,.F.);
#9580 = EDGE_CURVE('',#9581,#9583,#9585,.T.);
#9581 = VERTEX_POINT('',#9582);
#9582 = CARTESIAN_POINT('',(354.,0.,0.));
#9583 = VERTEX_POINT('',#9584);
#9584 = CARTESIAN_POINT('',(354.,0.,15.));
#9585 = LINE('',#9586,#9587);
#9586 = CARTESIAN_POINT('',(354.,0.,0.));
#9587 = VECTOR('',#9588,1.);
#9588 = DIRECTION('',(0.,0.,1.));
#9589 = ORIENTED_EDGE('',*,*,#9590,.T.);
#9590 = EDGE_CURVE('',#9581,#9591,#9593,.T.);
#9591 = VERTEX_POINT('',#9592);
#9592 = CARTESIAN_POINT('',(354.,20.,0.));
#9593 = LINE('',#9594,#9595);
#9594 = CARTESIAN_POINT('',(354.,0.,0.));
#9595 = VECTOR('',#9596,1.);
#9596 = DIRECTION('',(-0.,1.,0.));
#9597 = ORIENTED_EDGE('',*,*,#9598,.T.);
#9598 = EDGE_CURVE('',#9591,#9599,#9601,.T.);
#9599 = VERTEX_POINT('',#9600);
#9600 = CARTESIAN_POINT('',(354.,20.,15.));
#9601 = LINE('',#9602,#9603);
#9602 = CARTESIAN_POINT('',(354.,20.,0.));
#9603 = VECTOR('',#9604,1.);
#9604 = DIRECTION('',(0.,0.,1.));
#9605 = ORIENTED_EDGE('',*,*,#9606,.F.);
#9606 = EDGE_CURVE('',#9583,#9599,#9607,.T.);
#9607 = LINE('',#9608,#9609);
#9608 = CARTESIAN_POINT('',(354.,0.,15.));
#9609 = VECTOR('',#9610,1.);
#9610 = DIRECTION('',(-0.,1.,0.));
#9611 = PLANE('',#9612);
#9612 = AXIS2_PLACEMENT_3D('',#9613,#9614,#9615);
#9613 = CARTESIAN_POINT('',(354.,0.,0.));
#9614 = DIRECTION('',(1.,0.,-0.));
#9615 = DIRECTION('',(0.,0.,1.));
#9616 = ADVANCED_FACE('',(#9617),#9633,.F.);
#9617 = FACE_BOUND('',#9618,.F.);
#9618 = EDGE_LOOP('',(#9619,#9625,#9626,#9632));
#9619 = ORIENTED_EDGE('',*,*,#9620,.F.);
#9620 = EDGE_CURVE('',#9541,#9581,#9621,.T.);
#9621 = LINE('',#9622,#9623);
#9622 = CARTESIAN_POINT('',(0.,0.,0.));
#9623 = VECTOR('',#9624,1.);
#9624 = DIRECTION('',(1.,0.,-0.));
#9625 = ORIENTED_EDGE('',*,*,#9540,.T.);
#9626 = ORIENTED_EDGE('',*,*,#9627,.T.);
#9627 = EDGE_CURVE('',#9543,#9583,#9628,.T.);
#9628 = LINE('',#9629,#9630);
#9629 = CARTESIAN_POINT('',(0.,0.,15.));
#9630 = VECTOR('',#9631,1.);
#9631 = DIRECTION('',(1.,0.,-0.));
#9632 = ORIENTED_EDGE('',*,*,#9580,.F.);
#9633 = PLANE('',#9634);
#9634 = AXIS2_PLACEMENT_3D('',#9635,#9636,#9637);
#9635 = CARTESIAN_POINT('',(0.,0.,0.));
#9636 = DIRECTION('',(-0.,1.,0.));
#9637 = DIRECTION('',(0.,0.,1.));
#9638 = ADVANCED_FACE('',(#9639),#9655,.T.);
#9639 = FACE_BOUND('',#9640,.T.);
#9640 = EDGE_LOOP('',(#9641,#9647,#9648,#9654));
#9641 = ORIENTED_EDGE('',*,*,#9642,.F.);
#9642 = EDGE_CURVE('',#9551,#9591,#9643,.T.);
#9643 = LINE('',#9644,#9645);
#9644 = CARTESIAN_POINT('',(0.,20.,0.));
#9645 = VECTOR('',#9646,1.);
#9646 = DIRECTION('',(1.,0.,-0.));
#9647 = ORIENTED_EDGE('',*,*,#9558,.T.);
#9648 = ORIENTED_EDGE('',*,*,#9649,.T.);
#9649 = EDGE_CURVE('',#9559,#9599,#9650,.T.);
#9650 = LINE('',#9651,#9652);
#9651 = CARTESIAN_POINT('',(0.,20.,15.));
#9652 = VECTOR('',#9653,1.);
#9653 = DIRECTION('',(1.,0.,-0.));
#9654 = ORIENTED_EDGE('',*,*,#9598,.F.);
#9655 = PLANE('',#9656);
#9656 = AXIS2_PLACEMENT_3D('',#9657,#9658,#9659);
#9657 = CARTESIAN_POINT('',(0.,20.,0.));
#9658 = DIRECTION('',(-0.,1.,0.));
#9659 = DIRECTION('',(0.,0.,1.));
#9660 = ADVANCED_FACE('',(#9661),#9667,.F.);
#9661 = FACE_BOUND('',#9662,.F.);
#9662 = EDGE_LOOP('',(#9663,#9664,#9665,#9666));
#9663 = ORIENTED_EDGE('',*,*,#9550,.F.);
#9664 = ORIENTED_EDGE('',*,*,#9620,.T.);
#9665 = ORIENTED_EDGE('',*,*,#9590,.T.);
#9666 = ORIENTED_EDGE('',*,*,#9642,.F.);
#9667 = PLANE('',#9668);
#9668 = AXIS2_PLACEMENT_3D('',#9669,#9670,#9671);
#9669 = CARTESIAN_POINT('',(0.,0.,0.));
#9670 = DIRECTION('',(0.,0.,1.));
#9671 = DIRECTION('',(1.,0.,-0.));
#9672 = ADVANCED_FACE('',(#9673),#9679,.T.);
#9673 = FACE_BOUND('',#9674,.T.);
#9674 = EDGE_LOOP('',(#9675,#9676,#9677,#9678));
#9675 = ORIENTED_EDGE('',*,*,#9566,.F.);
#9676 = ORIENTED_EDGE('',*,*,#9627,.T.);
#9677 = ORIENTED_EDGE('',*,*,#9606,.T.);
#9678 = ORIENTED_EDGE('',*,*,#9649,.F.);
#9679 = PLANE('',#9680);
#9680 = AXIS2_PLACEMENT_3D('',#9681,#9682,#9683);
#9681 = CARTESIAN_POINT('',(0.,0.,15.));
#9682 = DIRECTION('',(0.,0.,1.));
#9683 = DIRECTION('',(1.,0.,-0.));
#9684 = ( GEOMETRIC_REPRESENTATION_CONTEXT(3) 
GLOBAL_UNCERTAINTY_ASSIGNED_CONTEXT((#9688)) 
GLOBAL_UNIT_ASSIGNED_CONTEXT((#9685,#9686,#9687)) REPRESENTATION_CONTEXT
('Context #1','3D Context with UNIT and UNCERTAINTY') );
#9685 = ( LENGTH_UNIT() NAMED_UNIT(*) SI_UNIT(.MILLI.,.METRE.) );
#9686 = ( NAMED_UNIT(*) PLANE_ANGLE_UNIT() SI_UNIT($,.RADIAN.) );
#9687 = ( NAMED_UNIT(*) SI_UNIT($,.STERADIAN.) SOLID_ANGLE_UNIT() );
#9688 = UNCERTAINTY_MEASURE_WITH_UNIT(LENGTH_MEASURE(1.E-07),#9685,
  'distance_accuracy_value','confusion accuracy');
#9689 = CONTEXT_DEPENDENT_SHAPE_REPRESENTATION(#9690,#9692);
#9690 = ( REPRESENTATION_RELATIONSHIP('','',#9533,#8160) 
REPRESENTATION_RELATIONSHIP_WITH_TRANSFORMATION(#9691) 
SHAPE_REPRESENTATION_RELATIONSHIP() );
#9691 = ITEM_DEFINED_TRANSFORMATION('','',#11,#8197);
#9692 = PRODUCT_DEFINITION_SHAPE('Placement','Placement of an item',
  #9693);
#9693 = NEXT_ASSEMBLY_USAGE_OCCURRENCE('71','LED_Bahn_2','',#8155,#9528,
  $);
#9694 = PRODUCT_RELATED_PRODUCT_CATEGORY('part',$,(#9530));
#9695 = SHAPE_DEFINITION_REPRESENTATION(#9696,#9702);
#9696 = PRODUCT_DEFINITION_SHAPE('','',#9697);
#9697 = PRODUCT_DEFINITION('design','',#9698,#9701);
#9698 = PRODUCT_DEFINITION_FORMATION('','',#9699);
#9699 = PRODUCT('LED_Licht_2','LED_Licht_2','',(#9700));
#9700 = PRODUCT_CONTEXT('',#2,'mechanical');
#9701 = PRODUCT_DEFINITION_CONTEXT('part definition',#2,'design');
#9702 = ADVANCED_BREP_SHAPE_REPRESENTATION('',(#11,#9703),#9853);
#9703 = MANIFOLD_SOLID_BREP('',#9704);
#9704 = CLOSED_SHELL('',(#9705,#9745,#9785,#9807,#9829,#9841));
#9705 = ADVANCED_FACE('',(#9706),#9740,.F.);
#9706 = FACE_BOUND('',#9707,.F.);
#9707 = EDGE_LOOP('',(#9708,#9718,#9726,#9734));
#9708 = ORIENTED_EDGE('',*,*,#9709,.F.);
#9709 = EDGE_CURVE('',#9710,#9712,#9714,.T.);
#9710 = VERTEX_POINT('',#9711);
#9711 = CARTESIAN_POINT('',(0.,0.,0.));
#9712 = VERTEX_POINT('',#9713);
#9713 = CARTESIAN_POINT('',(0.,0.,1.));
#9714 = LINE('',#9715,#9716);
#9715 = CARTESIAN_POINT('',(0.,0.,0.));
#9716 = VECTOR('',#9717,1.);
#9717 = DIRECTION('',(0.,0.,1.));
#9718 = ORIENTED_EDGE('',*,*,#9719,.T.);
#9719 = EDGE_CURVE('',#9710,#9720,#9722,.T.);
#9720 = VERTEX_POINT('',#9721);
#9721 = CARTESIAN_POINT('',(0.,16.,0.));
#9722 = LINE('',#9723,#9724);
#9723 = CARTESIAN_POINT('',(0.,0.,0.));
#9724 = VECTOR('',#9725,1.);
#9725 = DIRECTION('',(-0.,1.,0.));
#9726 = ORIENTED_EDGE('',*,*,#9727,.T.);
#9727 = EDGE_CURVE('',#9720,#9728,#9730,.T.);
#9728 = VERTEX_POINT('',#9729);
#9729 = CARTESIAN_POINT('',(0.,16.,1.));
#9730 = LINE('',#9731,#9732);
#9731 = CARTESIAN_POINT('',(0.,16.,0.));
#9732 = VECTOR('',#9733,1.);
#9733 = DIRECTION('',(0.,0.,1.));
#9734 = ORIENTED_EDGE('',*,*,#9735,.F.);
#9735 = EDGE_CURVE('',#9712,#9728,#9736,.T.);
#9736 = LINE('',#9737,#9738);
#9737 = CARTESIAN_POINT('',(0.,0.,1.));
#9738 = VECTOR('',#9739,1.);
#9739 = DIRECTION('',(-0.,1.,0.));
#9740 = PLANE('',#9741);
#9741 = AXIS2_PLACEMENT_3D('',#9742,#9743,#9744);
#9742 = CARTESIAN_POINT('',(0.,0.,0.));
#9743 = DIRECTION('',(1.,0.,-0.));
#9744 = DIRECTION('',(0.,0.,1.));
#9745 = ADVANCED_FACE('',(#9746),#9780,.T.);
#9746 = FACE_BOUND('',#9747,.T.);
#9747 = EDGE_LOOP('',(#9748,#9758,#9766,#9774));
#9748 = ORIENTED_EDGE('',*,*,#9749,.F.);
#9749 = EDGE_CURVE('',#9750,#9752,#9754,.T.);
#9750 = VERTEX_POINT('',#9751);
#9751 = CARTESIAN_POINT('',(354.,0.,0.));
#9752 = VERTEX_POINT('',#9753);
#9753 = CARTESIAN_POINT('',(354.,0.,1.));
#9754 = LINE('',#9755,#9756);
#9755 = CARTESIAN_POINT('',(354.,0.,0.));
#9756 = VECTOR('',#9757,1.);
#9757 = DIRECTION('',(0.,0.,1.));
#9758 = ORIENTED_EDGE('',*,*,#9759,.T.);
#9759 = EDGE_CURVE('',#9750,#9760,#9762,.T.);
#9760 = VERTEX_POINT('',#9761);
#9761 = CARTESIAN_POINT('',(354.,16.,0.));
#9762 = LINE('',#9763,#9764);
#9763 = CARTESIAN_POINT('',(354.,0.,0.));
#9764 = VECTOR('',#9765,1.);
#9765 = DIRECTION('',(-0.,1.,0.));
#9766 = ORIENTED_EDGE('',*,*,#9767,.T.);
#9767 = EDGE_CURVE('',#9760,#9768,#9770,.T.);
#9768 = VERTEX_POINT('',#9769);
#9769 = CARTESIAN_POINT('',(354.,16.,1.));
#9770 = LINE('',#9771,#9772);
#9771 = CARTESIAN_POINT('',(354.,16.,0.));
#9772 = VECTOR('',#9773,1.);
#9773 = DIRECTION('',(0.,0.,1.));
#9774 = ORIENTED_EDGE('',*,*,#9775,.F.);
#9775 = EDGE_CURVE('',#9752,#9768,#9776,.T.);
#9776 = LINE('',#9777,#9778);
#9777 = CARTESIAN_POINT('',(354.,0.,1.));
#9778 = VECTOR('',#9779,1.);
#9779 = DIRECTION('',(-0.,1.,0.));
#9780 = PLANE('',#9781);
#9781 = AXIS2_PLACEMENT_3D('',#9782,#9783,#9784);
#9782 = CARTESIAN_POINT('',(354.,0.,0.));
#9783 = DIRECTION('',(1.,0.,-0.));
#9784 = DIRECTION('',(0.,0.,1.));
#9785 = ADVANCED_FACE('',(#9786),#9802,.F.);
#9786 = FACE_BOUND('',#9787,.F.);
#9787 = EDGE_LOOP('',(#9788,#9794,#9795,#9801));
#9788 = ORIENTED_EDGE('',*,*,#9789,.F.);
#9789 = EDGE_CURVE('',#9710,#9750,#9790,.T.);
#9790 = LINE('',#9791,#9792);
#9791 = CARTESIAN_POINT('',(0.,0.,0.));
#9792 = VECTOR('',#9793,1.);
#9793 = DIRECTION('',(1.,0.,-0.));
#9794 = ORIENTED_EDGE('',*,*,#9709,.T.);
#9795 = ORIENTED_EDGE('',*,*,#9796,.T.);
#9796 = EDGE_CURVE('',#9712,#9752,#9797,.T.);
#9797 = LINE('',#9798,#9799);
#9798 = CARTESIAN_POINT('',(0.,0.,1.));
#9799 = VECTOR('',#9800,1.);
#9800 = DIRECTION('',(1.,0.,-0.));
#9801 = ORIENTED_EDGE('',*,*,#9749,.F.);
#9802 = PLANE('',#9803);
#9803 = AXIS2_PLACEMENT_3D('',#9804,#9805,#9806);
#9804 = CARTESIAN_POINT('',(0.,0.,0.));
#9805 = DIRECTION('',(-0.,1.,0.));
#9806 = DIRECTION('',(0.,0.,1.));
#9807 = ADVANCED_FACE('',(#9808),#9824,.T.);
#9808 = FACE_BOUND('',#9809,.T.);
#9809 = EDGE_LOOP('',(#9810,#9816,#9817,#9823));
#9810 = ORIENTED_EDGE('',*,*,#9811,.F.);
#9811 = EDGE_CURVE('',#9720,#9760,#9812,.T.);
#9812 = LINE('',#9813,#9814);
#9813 = CARTESIAN_POINT('',(0.,16.,0.));
#9814 = VECTOR('',#9815,1.);
#9815 = DIRECTION('',(1.,0.,-0.));
#9816 = ORIENTED_EDGE('',*,*,#9727,.T.);
#9817 = ORIENTED_EDGE('',*,*,#9818,.T.);
#9818 = EDGE_CURVE('',#9728,#9768,#9819,.T.);
#9819 = LINE('',#9820,#9821);
#9820 = CARTESIAN_POINT('',(0.,16.,1.));
#9821 = VECTOR('',#9822,1.);
#9822 = DIRECTION('',(1.,0.,-0.));
#9823 = ORIENTED_EDGE('',*,*,#9767,.F.);
#9824 = PLANE('',#9825);
#9825 = AXIS2_PLACEMENT_3D('',#9826,#9827,#9828);
#9826 = CARTESIAN_POINT('',(0.,16.,0.));
#9827 = DIRECTION('',(-0.,1.,0.));
#9828 = DIRECTION('',(0.,0.,1.));
#9829 = ADVANCED_FACE('',(#9830),#9836,.F.);
#9830 = FACE_BOUND('',#9831,.F.);
#9831 = EDGE_LOOP('',(#9832,#9833,#9834,#9835));
#9832 = ORIENTED_EDGE('',*,*,#9719,.F.);
#9833 = ORIENTED_EDGE('',*,*,#9789,.T.);
#9834 = ORIENTED_EDGE('',*,*,#9759,.T.);
#9835 = ORIENTED_EDGE('',*,*,#9811,.F.);
#9836 = PLANE('',#9837);
#9837 = AXIS2_PLACEMENT_3D('',#9838,#9839,#9840);
#9838 = CARTESIAN_POINT('',(0.,0.,0.));
#9839 = DIRECTION('',(0.,0.,1.));
#9840 = DIRECTION('',(1.,0.,-0.));
#9841 = ADVANCED_FACE('',(#9842),#9848,.T.);
#9842 = FACE_BOUND('',#9843,.T.);
#9843 = EDGE_LOOP('',(#9844,#9845,#9846,#9847));
#9844 = ORIENTED_EDGE('',*,*,#9735,.F.);
#9845 = ORIENTED_EDGE('',*,*,#9796,.T.);
#9846 = ORIENTED_EDGE('',*,*,#9775,.T.);
#9847 = ORIENTED_EDGE('',*,*,#9818,.F.);
#9848 = PLANE('',#9849);
#9849 = AXIS2_PLACEMENT_3D('',#9850,#9851,#9852);
#9850 = CARTESIAN_POINT('',(0.,0.,1.));
#9851 = DIRECTION('',(0.,0.,1.));
#9852 = DIRECTION('',(1.,0.,-0.));
#9853 = ( GEOMETRIC_REPRESENTATION_CONTEXT(3) 
GLOBAL_UNCERTAINTY_ASSIGNED_CONTEXT((#9857)) 
GLOBAL_UNIT_ASSIGNED_CONTEXT((#9854,#9855,#9856)) REPRESENTATION_CONTEXT
('Context #1','3D Context with UNIT and UNCERTAINTY') );
#9854 = ( LENGTH_UNIT() NAMED_UNIT(*) SI_UNIT(.MILLI.,.METRE.) );
#9855 = ( NAMED_UNIT(*) PLANE_ANGLE_UNIT() SI_UNIT($,.RADIAN.) );
#9856 = ( NAMED_UNIT(*) SI_UNIT($,.STERADIAN.) SOLID_ANGLE_UNIT() );
#9857 = UNCERTAINTY_MEASURE_WITH_UNIT(LENGTH_MEASURE(1.E-07),#9854,
  'distance_accuracy_value','confusion accuracy');
#9858 = CONTEXT_DEPENDENT_SHAPE_REPRESENTATION(#9859,#9861);
#9859 = ( REPRESENTATION_RELATIONSHIP('','',#9702,#8160) 
REPRESENTATION_RELATIONSHIP_WITH_TRANSFORMATION(#9860) 
SHAPE_REPRESENTATION_RELATIONSHIP() );
#9860 = ITEM_DEFINED_TRANSFORMATION('','',#11,#8201);
#9861 = PRODUCT_DEFINITION_SHAPE('Placement','Placement of an item',
  #9862);
#9862 = NEXT_ASSEMBLY_USAGE_OCCURRENCE('72','LED_Licht_2','',#8155,#9697
  ,$);
#9863 = PRODUCT_RELATED_PRODUCT_CATEGORY('part',$,(#9699));
#9864 = SHAPE_DEFINITION_REPRESENTATION(#9865,#9871);
#9865 = PRODUCT_DEFINITION_SHAPE('','',#9866);
#9866 = PRODUCT_DEFINITION('design','',#9867,#9870);
#9867 = PRODUCT_DEFINITION_FORMATION('','',#9868);
#9868 = PRODUCT('LED_Bahn_3','LED_Bahn_3','',(#9869));
#9869 = PRODUCT_CONTEXT('',#2,'mechanical');
#9870 = PRODUCT_DEFINITION_CONTEXT('part definition',#2,'design');
#9871 = ADVANCED_BREP_SHAPE_REPRESENTATION('',(#11,#9872),#10022);
#9872 = MANIFOLD_SOLID_BREP('',#9873);
#9873 = CLOSED_SHELL('',(#9874,#9914,#9954,#9976,#9998,#10010));
#9874 = ADVANCED_FACE('',(#9875),#9909,.F.);
#9875 = FACE_BOUND('',#9876,.F.);
#9876 = EDGE_LOOP('',(#9877,#9887,#9895,#9903));
#9877 = ORIENTED_EDGE('',*,*,#9878,.F.);
#9878 = EDGE_CURVE('',#9879,#9881,#9883,.T.);
#9879 = VERTEX_POINT('',#9880);
#9880 = CARTESIAN_POINT('',(0.,0.,0.));
#9881 = VERTEX_POINT('',#9882);
#9882 = CARTESIAN_POINT('',(0.,0.,15.));
#9883 = LINE('',#9884,#9885);
#9884 = CARTESIAN_POINT('',(0.,0.,0.));
#9885 = VECTOR('',#9886,1.);
#9886 = DIRECTION('',(0.,0.,1.));
#9887 = ORIENTED_EDGE('',*,*,#9888,.T.);
#9888 = EDGE_CURVE('',#9879,#9889,#9891,.T.);
#9889 = VERTEX_POINT('',#9890);
#9890 = CARTESIAN_POINT('',(0.,20.,0.));
#9891 = LINE('',#9892,#9893);
#9892 = CARTESIAN_POINT('',(0.,0.,0.));
#9893 = VECTOR('',#9894,1.);
#9894 = DIRECTION('',(-0.,1.,0.));
#9895 = ORIENTED_EDGE('',*,*,#9896,.T.);
#9896 = EDGE_CURVE('',#9889,#9897,#9899,.T.);
#9897 = VERTEX_POINT('',#9898);
#9898 = CARTESIAN_POINT('',(0.,20.,15.));
#9899 = LINE('',#9900,#9901);
#9900 = CARTESIAN_POINT('',(0.,20.,0.));
#9901 = VECTOR('',#9902,1.);
#9902 = DIRECTION('',(0.,0.,1.));
#9903 = ORIENTED_EDGE('',*,*,#9904,.F.);
#9904 = EDGE_CURVE('',#9881,#9897,#9905,.T.);
#9905 = LINE('',#9906,#9907);
#9906 = CARTESIAN_POINT('',(0.,0.,15.));
#9907 = VECTOR('',#9908,1.);
#9908 = DIRECTION('',(-0.,1.,0.));
#9909 = PLANE('',#9910);
#9910 = AXIS2_PLACEMENT_3D('',#9911,#9912,#9913);
#9911 = CARTESIAN_POINT('',(0.,0.,0.));
#9912 = DIRECTION('',(1.,0.,-0.));
#9913 = DIRECTION('',(0.,0.,1.));
#9914 = ADVANCED_FACE('',(#9915),#9949,.T.);
#9915 = FACE_BOUND('',#9916,.T.);
#9916 = EDGE_LOOP('',(#9917,#9927,#9935,#9943));
#9917 = ORIENTED_EDGE('',*,*,#9918,.F.);
#9918 = EDGE_CURVE('',#9919,#9921,#9923,.T.);
#9919 = VERTEX_POINT('',#9920);
#9920 = CARTESIAN_POINT('',(354.,0.,0.));
#9921 = VERTEX_POINT('',#9922);
#9922 = CARTESIAN_POINT('',(354.,0.,15.));
#9923 = LINE('',#9924,#9925);
#9924 = CARTESIAN_POINT('',(354.,0.,0.));
#9925 = VECTOR('',#9926,1.);
#9926 = DIRECTION('',(0.,0.,1.));
#9927 = ORIENTED_EDGE('',*,*,#9928,.T.);
#9928 = EDGE_CURVE('',#9919,#9929,#9931,.T.);
#9929 = VERTEX_POINT('',#9930);
#9930 = CARTESIAN_POINT('',(354.,20.,0.));
#9931 = LINE('',#9932,#9933);
#9932 = CARTESIAN_POINT('',(354.,0.,0.));
#9933 = VECTOR('',#9934,1.);
#9934 = DIRECTION('',(-0.,1.,0.));
#9935 = ORIENTED_EDGE('',*,*,#9936,.T.);
#9936 = EDGE_CURVE('',#9929,#9937,#9939,.T.);
#9937 = VERTEX_POINT('',#9938);
#9938 = CARTESIAN_POINT('',(354.,20.,15.));
#9939 = LINE('',#9940,#9941);
#9940 = CARTESIAN_POINT('',(354.,20.,0.));
#9941 = VECTOR('',#9942,1.);
#9942 = DIRECTION('',(0.,0.,1.));
#9943 = ORIENTED_EDGE('',*,*,#9944,.F.);
#9944 = EDGE_CURVE('',#9921,#9937,#9945,.T.);
#9945 = LINE('',#9946,#9947);
#9946 = CARTESIAN_POINT('',(354.,0.,15.));
#9947 = VECTOR('',#9948,1.);
#9948 = DIRECTION('',(-0.,1.,0.));
#9949 = PLANE('',#9950);
#9950 = AXIS2_PLACEMENT_3D('',#9951,#9952,#9953);
#9951 = CARTESIAN_POINT('',(354.,0.,0.));
#9952 = DIRECTION('',(1.,0.,-0.));
#9953 = DIRECTION('',(0.,0.,1.));
#9954 = ADVANCED_FACE('',(#9955),#9971,.F.);
#9955 = FACE_BOUND('',#9956,.F.);
#9956 = EDGE_LOOP('',(#9957,#9963,#9964,#9970));
#9957 = ORIENTED_EDGE('',*,*,#9958,.F.);
#9958 = EDGE_CURVE('',#9879,#9919,#9959,.T.);
#9959 = LINE('',#9960,#9961);
#9960 = CARTESIAN_POINT('',(0.,0.,0.));
#9961 = VECTOR('',#9962,1.);
#9962 = DIRECTION('',(1.,0.,-0.));
#9963 = ORIENTED_EDGE('',*,*,#9878,.T.);
#9964 = ORIENTED_EDGE('',*,*,#9965,.T.);
#9965 = EDGE_CURVE('',#9881,#9921,#9966,.T.);
#9966 = LINE('',#9967,#9968);
#9967 = CARTESIAN_POINT('',(0.,0.,15.));
#9968 = VECTOR('',#9969,1.);
#9969 = DIRECTION('',(1.,0.,-0.));
#9970 = ORIENTED_EDGE('',*,*,#9918,.F.);
#9971 = PLANE('',#9972);
#9972 = AXIS2_PLACEMENT_3D('',#9973,#9974,#9975);
#9973 = CARTESIAN_POINT('',(0.,0.,0.));
#9974 = DIRECTION('',(-0.,1.,0.));
#9975 = DIRECTION('',(0.,0.,1.));
#9976 = ADVANCED_FACE('',(#9977),#9993,.T.);
#9977 = FACE_BOUND('',#9978,.T.);
#9978 = EDGE_LOOP('',(#9979,#9985,#9986,#9992));
#9979 = ORIENTED_EDGE('',*,*,#9980,.F.);
#9980 = EDGE_CURVE('',#9889,#9929,#9981,.T.);
#9981 = LINE('',#9982,#9983);
#9982 = CARTESIAN_POINT('',(0.,20.,0.));
#9983 = VECTOR('',#9984,1.);
#9984 = DIRECTION('',(1.,0.,-0.));
#9985 = ORIENTED_EDGE('',*,*,#9896,.T.);
#9986 = ORIENTED_EDGE('',*,*,#9987,.T.);
#9987 = EDGE_CURVE('',#9897,#9937,#9988,.T.);
#9988 = LINE('',#9989,#9990);
#9989 = CARTESIAN_POINT('',(0.,20.,15.));
#9990 = VECTOR('',#9991,1.);
#9991 = DIRECTION('',(1.,0.,-0.));
#9992 = ORIENTED_EDGE('',*,*,#9936,.F.);
#9993 = PLANE('',#9994);
#9994 = AXIS2_PLACEMENT_3D('',#9995,#9996,#9997);
#9995 = CARTESIAN_POINT('',(0.,20.,0.));
#9996 = DIRECTION('',(-0.,1.,0.));
#9997 = DIRECTION('',(0.,0.,1.));
#9998 = ADVANCED_FACE('',(#9999),#10005,.F.);
#9999 = FACE_BOUND('',#10000,.F.);
#10000 = EDGE_LOOP('',(#10001,#10002,#10003,#10004));
#10001 = ORIENTED_EDGE('',*,*,#9888,.F.);
#10002 = ORIENTED_EDGE('',*,*,#9958,.T.);
#10003 = ORIENTED_EDGE('',*,*,#9928,.T.);
#10004 = ORIENTED_EDGE('',*,*,#9980,.F.);
#10005 = PLANE('',#10006);
#10006 = AXIS2_PLACEMENT_3D('',#10007,#10008,#10009);
#10007 = CARTESIAN_POINT('',(0.,0.,0.));
#10008 = DIRECTION('',(0.,0.,1.));
#10009 = DIRECTION('',(1.,0.,-0.));
#10010 = ADVANCED_FACE('',(#10011),#10017,.T.);
#10011 = FACE_BOUND('',#10012,.T.);
#10012 = EDGE_LOOP('',(#10013,#10014,#10015,#10016));
#10013 = ORIENTED_EDGE('',*,*,#9904,.F.);
#10014 = ORIENTED_EDGE('',*,*,#9965,.T.);
#10015 = ORIENTED_EDGE('',*,*,#9944,.T.);
#10016 = ORIENTED_EDGE('',*,*,#9987,.F.);
#10017 = PLANE('',#10018);
#10018 = AXIS2_PLACEMENT_3D('',#10019,#10020,#10021);
#10019 = CARTESIAN_POINT('',(0.,0.,15.));
#10020 = DIRECTION('',(0.,0.,1.));
#10021 = DIRECTION('',(1.,0.,-0.));
#10022 = ( GEOMETRIC_REPRESENTATION_CONTEXT(3) 
GLOBAL_UNCERTAINTY_ASSIGNED_CONTEXT((#10026)) 
GLOBAL_UNIT_ASSIGNED_CONTEXT((#10023,#10024,#10025)) 
REPRESENTATION_CONTEXT('Context #1',
  '3D Context with UNIT and UNCERTAINTY') );
#10023 = ( LENGTH_UNIT() NAMED_UNIT(*) SI_UNIT(.MILLI.,.METRE.) );
#10024 = ( NAMED_UNIT(*) PLANE_ANGLE_UNIT() SI_UNIT($,.RADIAN.) );
#10025 = ( NAMED_UNIT(*) SI_UNIT($,.STERADIAN.) SOLID_ANGLE_UNIT() );
#10026 = UNCERTAINTY_MEASURE_WITH_UNIT(LENGTH_MEASURE(1.E-07),#10023,
  'distance_accuracy_value','confusion accuracy');
#10027 = CONTEXT_DEPENDENT_SHAPE_REPRESENTATION(#10028,#10030);
#10028 = ( REPRESENTATION_RELATIONSHIP('','',#9871,#8160) 
REPRESENTATION_RELATIONSHIP_WITH_TRANSFORMATION(#10029) 
SHAPE_REPRESENTATION_RELATIONSHIP() );
#10029 = ITEM_DEFINED_TRANSFORMATION('','',#11,#8205);
#10030 = PRODUCT_DEFINITION_SHAPE('Placement','Placement of an item',
  #10031);
#10031 = NEXT_ASSEMBLY_USAGE_OCCURRENCE('73','LED_Bahn_3','',#8155,#9866
  ,$);
#10032 = PRODUCT_RELATED_PRODUCT_CATEGORY('part',$,(#9868));
#10033 = SHAPE_DEFINITION_REPRESENTATION(#10034,#10040);
#10034 = PRODUCT_DEFINITION_SHAPE('','',#10035);
#10035 = PRODUCT_DEFINITION('design','',#10036,#10039);
#10036 = PRODUCT_DEFINITION_FORMATION('','',#10037);
#10037 = PRODUCT('LED_Licht_3','LED_Licht_3','',(#10038));
#10038 = PRODUCT_CONTEXT('',#2,'mechanical');
#10039 = PRODUCT_DEFINITION_CONTEXT('part definition',#2,'design');
#10040 = ADVANCED_BREP_SHAPE_REPRESENTATION('',(#11,#10041),#10191);
#10041 = MANIFOLD_SOLID_BREP('',#10042);
#10042 = CLOSED_SHELL('',(#10043,#10083,#10123,#10145,#10167,#10179));
#10043 = ADVANCED_FACE('',(#10044),#10078,.F.);
#10044 = FACE_BOUND('',#10045,.F.);
#10045 = EDGE_LOOP('',(#10046,#10056,#10064,#10072));
#10046 = ORIENTED_EDGE('',*,*,#10047,.F.);
#10047 = EDGE_CURVE('',#10048,#10050,#10052,.T.);
#10048 = VERTEX_POINT('',#10049);
#10049 = CARTESIAN_POINT('',(0.,0.,0.));
#10050 = VERTEX_POINT('',#10051);
#10051 = CARTESIAN_POINT('',(0.,0.,1.));
#10052 = LINE('',#10053,#10054);
#10053 = CARTESIAN_POINT('',(0.,0.,0.));
#10054 = VECTOR('',#10055,1.);
#10055 = DIRECTION('',(0.,0.,1.));
#10056 = ORIENTED_EDGE('',*,*,#10057,.T.);
#10057 = EDGE_CURVE('',#10048,#10058,#10060,.T.);
#10058 = VERTEX_POINT('',#10059);
#10059 = CARTESIAN_POINT('',(0.,16.,0.));
#10060 = LINE('',#10061,#10062);
#10061 = CARTESIAN_POINT('',(0.,0.,0.));
#10062 = VECTOR('',#10063,1.);
#10063 = DIRECTION('',(-0.,1.,0.));
#10064 = ORIENTED_EDGE('',*,*,#10065,.T.);
#10065 = EDGE_CURVE('',#10058,#10066,#10068,.T.);
#10066 = VERTEX_POINT('',#10067);
#10067 = CARTESIAN_POINT('',(0.,16.,1.));
#10068 = LINE('',#10069,#10070);
#10069 = CARTESIAN_POINT('',(0.,16.,0.));
#10070 = VECTOR('',#10071,1.);
#10071 = DIRECTION('',(0.,0.,1.));
#10072 = ORIENTED_EDGE('',*,*,#10073,.F.);
#10073 = EDGE_CURVE('',#10050,#10066,#10074,.T.);
#10074 = LINE('',#10075,#10076);
#10075 = CARTESIAN_POINT('',(0.,0.,1.));
#10076 = VECTOR('',#10077,1.);
#10077 = DIRECTION('',(-0.,1.,0.));
#10078 = PLANE('',#10079);
#10079 = AXIS2_PLACEMENT_3D('',#10080,#10081,#10082);
#10080 = CARTESIAN_POINT('',(0.,0.,0.));
#10081 = DIRECTION('',(1.,0.,-0.));
#10082 = DIRECTION('',(0.,0.,1.));
#10083 = ADVANCED_FACE('',(#10084),#10118,.T.);
#10084 = FACE_BOUND('',#10085,.T.);
#10085 = EDGE_LOOP('',(#10086,#10096,#10104,#10112));
#10086 = ORIENTED_EDGE('',*,*,#10087,.F.);
#10087 = EDGE_CURVE('',#10088,#10090,#10092,.T.);
#10088 = VERTEX_POINT('',#10089);
#10089 = CARTESIAN_POINT('',(354.,0.,0.));
#10090 = VERTEX_POINT('',#10091);
#10091 = CARTESIAN_POINT('',(354.,0.,1.));
#10092 = LINE('',#10093,#10094);
#10093 = CARTESIAN_POINT('',(354.,0.,0.));
#10094 = VECTOR('',#10095,1.);
#10095 = DIRECTION('',(0.,0.,1.));
#10096 = ORIENTED_EDGE('',*,*,#10097,.T.);
#10097 = EDGE_CURVE('',#10088,#10098,#10100,.T.);
#10098 = VERTEX_POINT('',#10099);
#10099 = CARTESIAN_POINT('',(354.,16.,0.));
#10100 = LINE('',#10101,#10102);
#10101 = CARTESIAN_POINT('',(354.,0.,0.));
#10102 = VECTOR('',#10103,1.);
#10103 = DIRECTION('',(-0.,1.,0.));
#10104 = ORIENTED_EDGE('',*,*,#10105,.T.);
#10105 = EDGE_CURVE('',#10098,#10106,#10108,.T.);
#10106 = VERTEX_POINT('',#10107);
#10107 = CARTESIAN_POINT('',(354.,16.,1.));
#10108 = LINE('',#10109,#10110);
#10109 = CARTESIAN_POINT('',(354.,16.,0.));
#10110 = VECTOR('',#10111,1.);
#10111 = DIRECTION('',(0.,0.,1.));
#10112 = ORIENTED_EDGE('',*,*,#10113,.F.);
#10113 = EDGE_CURVE('',#10090,#10106,#10114,.T.);
#10114 = LINE('',#10115,#10116);
#10115 = CARTESIAN_POINT('',(354.,0.,1.));
#10116 = VECTOR('',#10117,1.);
#10117 = DIRECTION('',(-0.,1.,0.));
#10118 = PLANE('',#10119);
#10119 = AXIS2_PLACEMENT_3D('',#10120,#10121,#10122);
#10120 = CARTESIAN_POINT('',(354.,0.,0.));
#10121 = DIRECTION('',(1.,0.,-0.));
#10122 = DIRECTION('',(0.,0.,1.));
#10123 = ADVANCED_FACE('',(#10124),#10140,.F.);
#10124 = FACE_BOUND('',#10125,.F.);
#10125 = EDGE_LOOP('',(#10126,#10132,#10133,#10139));
#10126 = ORIENTED_EDGE('',*,*,#10127,.F.);
#10127 = EDGE_CURVE('',#10048,#10088,#10128,.T.);
#10128 = LINE('',#10129,#10130);
#10129 = CARTESIAN_POINT('',(0.,0.,0.));
#10130 = VECTOR('',#10131,1.);
#10131 = DIRECTION('',(1.,0.,-0.));
#10132 = ORIENTED_EDGE('',*,*,#10047,.T.);
#10133 = ORIENTED_EDGE('',*,*,#10134,.T.);
#10134 = EDGE_CURVE('',#10050,#10090,#10135,.T.);
#10135 = LINE('',#10136,#10137);
#10136 = CARTESIAN_POINT('',(0.,0.,1.));
#10137 = VECTOR('',#10138,1.);
#10138 = DIRECTION('',(1.,0.,-0.));
#10139 = ORIENTED_EDGE('',*,*,#10087,.F.);
#10140 = PLANE('',#10141);
#10141 = AXIS2_PLACEMENT_3D('',#10142,#10143,#10144);
#10142 = CARTESIAN_POINT('',(0.,0.,0.));
#10143 = DIRECTION('',(-0.,1.,0.));
#10144 = DIRECTION('',(0.,0.,1.));
#10145 = ADVANCED_FACE('',(#10146),#10162,.T.);
#10146 = FACE_BOUND('',#10147,.T.);
#10147 = EDGE_LOOP('',(#10148,#10154,#10155,#10161));
#10148 = ORIENTED_EDGE('',*,*,#10149,.F.);
#10149 = EDGE_CURVE('',#10058,#10098,#10150,.T.);
#10150 = LINE('',#10151,#10152);
#10151 = CARTESIAN_POINT('',(0.,16.,0.));
#10152 = VECTOR('',#10153,1.);
#10153 = DIRECTION('',(1.,0.,-0.));
#10154 = ORIENTED_EDGE('',*,*,#10065,.T.);
#10155 = ORIENTED_EDGE('',*,*,#10156,.T.);
#10156 = EDGE_CURVE('',#10066,#10106,#10157,.T.);
#10157 = LINE('',#10158,#10159);
#10158 = CARTESIAN_POINT('',(0.,16.,1.));
#10159 = VECTOR('',#10160,1.);
#10160 = DIRECTION('',(1.,0.,-0.));
#10161 = ORIENTED_EDGE('',*,*,#10105,.F.);
#10162 = PLANE('',#10163);
#10163 = AXIS2_PLACEMENT_3D('',#10164,#10165,#10166);
#10164 = CARTESIAN_POINT('',(0.,16.,0.));
#10165 = DIRECTION('',(-0.,1.,0.));
#10166 = DIRECTION('',(0.,0.,1.));
#10167 = ADVANCED_FACE('',(#10168),#10174,.F.);
#10168 = FACE_BOUND('',#10169,.F.);
#10169 = EDGE_LOOP('',(#10170,#10171,#10172,#10173));
#10170 = ORIENTED_EDGE('',*,*,#10057,.F.);
#10171 = ORIENTED_EDGE('',*,*,#10127,.T.);
#10172 = ORIENTED_EDGE('',*,*,#10097,.T.);
#10173 = ORIENTED_EDGE('',*,*,#10149,.F.);
#10174 = PLANE('',#10175);
#10175 = AXIS2_PLACEMENT_3D('',#10176,#10177,#10178);
#10176 = CARTESIAN_POINT('',(0.,0.,0.));
#10177 = DIRECTION('',(0.,0.,1.));
#10178 = DIRECTION('',(1.,0.,-0.));
#10179 = ADVANCED_FACE('',(#10180),#10186,.T.);
#10180 = FACE_BOUND('',#10181,.T.);
#10181 = EDGE_LOOP('',(#10182,#10183,#10184,#10185));
#10182 = ORIENTED_EDGE('',*,*,#10073,.F.);
#10183 = ORIENTED_EDGE('',*,*,#10134,.T.);
#10184 = ORIENTED_EDGE('',*,*,#10113,.T.);
#10185 = ORIENTED_EDGE('',*,*,#10156,.F.);
#10186 = PLANE('',#10187);
#10187 = AXIS2_PLACEMENT_3D('',#10188,#10189,#10190);
#10188 = CARTESIAN_POINT('',(0.,0.,1.));
#10189 = DIRECTION('',(0.,0.,1.));
#10190 = DIRECTION('',(1.,0.,-0.));
#10191 = ( GEOMETRIC_REPRESENTATION_CONTEXT(3) 
GLOBAL_UNCERTAINTY_ASSIGNED_CONTEXT((#10195)) 
GLOBAL_UNIT_ASSIGNED_CONTEXT((#10192,#10193,#10194)) 
REPRESENTATION_CONTEXT('Context #1',
  '3D Context with UNIT and UNCERTAINTY') );
#10192 = ( LENGTH_UNIT() NAMED_UNIT(*) SI_UNIT(.MILLI.,.METRE.) );
#10193 = ( NAMED_UNIT(*) PLANE_ANGLE_UNIT() SI_UNIT($,.RADIAN.) );
#10194 = ( NAMED_UNIT(*) SI_UNIT($,.STERADIAN.) SOLID_ANGLE_UNIT() );
#10195 = UNCERTAINTY_MEASURE_WITH_UNIT(LENGTH_MEASURE(1.E-07),#10192,
  'distance_accuracy_value','confusion accuracy');
#10196 = CONTEXT_DEPENDENT_SHAPE_REPRESENTATION(#10197,#10199);
#10197 = ( REPRESENTATION_RELATIONSHIP('','',#10040,#8160) 
REPRESENTATION_RELATIONSHIP_WITH_TRANSFORMATION(#10198) 
SHAPE_REPRESENTATION_RELATIONSHIP() );
#10198 = ITEM_DEFINED_TRANSFORMATION('','',#11,#8209);
#10199 = PRODUCT_DEFINITION_SHAPE('Placement','Placement of an item',
  #10200);
#10200 = NEXT_ASSEMBLY_USAGE_OCCURRENCE('74','LED_Licht_3','',#8155,
  #10035,$);
#10201 = PRODUCT_RELATED_PRODUCT_CATEGORY('part',$,(#10037));
#10202 = SHAPE_DEFINITION_REPRESENTATION(#10203,#10209);
#10203 = PRODUCT_DEFINITION_SHAPE('','',#10204);
#10204 = PRODUCT_DEFINITION('design','',#10205,#10208);
#10205 = PRODUCT_DEFINITION_FORMATION('','',#10206);
#10206 = PRODUCT('Spruehleiste','Spruehleiste','',(#10207));
#10207 = PRODUCT_CONTEXT('',#2,'mechanical');
#10208 = PRODUCT_DEFINITION_CONTEXT('part definition',#2,'design');
#10209 = ADVANCED_BREP_SHAPE_REPRESENTATION('',(#11,#10210),#10263);
#10210 = MANIFOLD_SOLID_BREP('',#10211);
#10211 = CLOSED_SHELL('',(#10212,#10245,#10254));
#10212 = ADVANCED_FACE('',(#10213),#10240,.T.);
#10213 = FACE_BOUND('',#10214,.F.);
#10214 = EDGE_LOOP('',(#10215,#10225,#10232,#10233));
#10215 = ORIENTED_EDGE('',*,*,#10216,.T.);
#10216 = EDGE_CURVE('',#10217,#10219,#10221,.T.);
#10217 = VERTEX_POINT('',#10218);
#10218 = CARTESIAN_POINT('',(6.,-1.469576158977E-15,0.));
#10219 = VERTEX_POINT('',#10220);
#10220 = CARTESIAN_POINT('',(6.,-1.469576158977E-15,354.));
#10221 = LINE('',#10222,#10223);
#10222 = CARTESIAN_POINT('',(6.,-1.469576158977E-15,0.));
#10223 = VECTOR('',#10224,1.);
#10224 = DIRECTION('',(0.,0.,1.));
#10225 = ORIENTED_EDGE('',*,*,#10226,.T.);
#10226 = EDGE_CURVE('',#10219,#10219,#10227,.T.);
#10227 = CIRCLE('',#10228,6.);
#10228 = AXIS2_PLACEMENT_3D('',#10229,#10230,#10231);
#10229 = CARTESIAN_POINT('',(0.,0.,354.));
#10230 = DIRECTION('',(0.,0.,1.));
#10231 = DIRECTION('',(1.,0.,-0.));
#10232 = ORIENTED_EDGE('',*,*,#10216,.F.);
#10233 = ORIENTED_EDGE('',*,*,#10234,.F.);
#10234 = EDGE_CURVE('',#10217,#10217,#10235,.T.);
#10235 = CIRCLE('',#10236,6.);
#10236 = AXIS2_PLACEMENT_3D('',#10237,#10238,#10239);
#10237 = CARTESIAN_POINT('',(0.,0.,0.));
#10238 = DIRECTION('',(0.,0.,1.));
#10239 = DIRECTION('',(1.,0.,-0.));
#10240 = CYLINDRICAL_SURFACE('',#10241,6.);
#10241 = AXIS2_PLACEMENT_3D('',#10242,#10243,#10244);
#10242 = CARTESIAN_POINT('',(0.,0.,0.));
#10243 = DIRECTION('',(-0.,-0.,-1.));
#10244 = DIRECTION('',(1.,0.,-0.));
#10245 = ADVANCED_FACE('',(#10246),#10249,.F.);
#10246 = FACE_BOUND('',#10247,.T.);
#10247 = EDGE_LOOP('',(#10248));
#10248 = ORIENTED_EDGE('',*,*,#10234,.F.);
#10249 = PLANE('',#10250);
#10250 = AXIS2_PLACEMENT_3D('',#10251,#10252,#10253);
#10251 = CARTESIAN_POINT('',(0.,0.,0.));
#10252 = DIRECTION('',(0.,0.,1.));
#10253 = DIRECTION('',(1.,0.,-0.));
#10254 = ADVANCED_FACE('',(#10255),#10258,.T.);
#10255 = FACE_BOUND('',#10256,.F.);
#10256 = EDGE_LOOP('',(#10257));
#10257 = ORIENTED_EDGE('',*,*,#10226,.F.);
#10258 = PLANE('',#10259);
#10259 = AXIS2_PLACEMENT_3D('',#10260,#10261,#10262);
#10260 = CARTESIAN_POINT('',(0.,0.,354.));
#10261 = DIRECTION('',(0.,0.,1.));
#10262 = DIRECTION('',(1.,0.,-0.));
#10263 = ( GEOMETRIC_REPRESENTATION_CONTEXT(3) 
GLOBAL_UNCERTAINTY_ASSIGNED_CONTEXT((#10267)) 
GLOBAL_UNIT_ASSIGNED_CONTEXT((#10264,#10265,#10266)) 
REPRESENTATION_CONTEXT('Context #1',
  '3D Context with UNIT and UNCERTAINTY') );
#10264 = ( LENGTH_UNIT() NAMED_UNIT(*) SI_UNIT(.MILLI.,.METRE.) );
#10265 = ( NAMED_UNIT(*) PLANE_ANGLE_UNIT() SI_UNIT($,.RADIAN.) );
#10266 = ( NAMED_UNIT(*) SI_UNIT($,.STERADIAN.) SOLID_ANGLE_UNIT() );
#10267 = UNCERTAINTY_MEASURE_WITH_UNIT(LENGTH_MEASURE(1.E-07),#10264,
  'distance_accuracy_value','confusion accuracy');
#10268 = CONTEXT_DEPENDENT_SHAPE_REPRESENTATION(#10269,#10271);
#10269 = ( REPRESENTATION_RELATIONSHIP('','',#10209,#8160) 
REPRESENTATION_RELATIONSHIP_WITH_TRANSFORMATION(#10270) 
SHAPE_REPRESENTATION_RELATIONSHIP() );
#10270 = ITEM_DEFINED_TRANSFORMATION('','',#11,#8213);
#10271 = PRODUCT_DEFINITION_SHAPE('Placement','Placement of an item',
  #10272);
#10272 = NEXT_ASSEMBLY_USAGE_OCCURRENCE('75','Spruehleiste','',#8155,
  #10204,$);
#10273 = PRODUCT_RELATED_PRODUCT_CATEGORY('part',$,(#10206));
#10274 = SHAPE_DEFINITION_REPRESENTATION(#10275,#10281);
#10275 = PRODUCT_DEFINITION_SHAPE('','',#10276);
#10276 = PRODUCT_DEFINITION('design','',#10277,#10280);
#10277 = PRODUCT_DEFINITION_FORMATION('','',#10278);
#10278 = PRODUCT('Duese_1','Duese_1','',(#10279));
#10279 = PRODUCT_CONTEXT('',#2,'mechanical');
#10280 = PRODUCT_DEFINITION_CONTEXT('part definition',#2,'design');
#10281 = ADVANCED_BREP_SHAPE_REPRESENTATION('',(#11,#10282),#10335);
#10282 = MANIFOLD_SOLID_BREP('',#10283);
#10283 = CLOSED_SHELL('',(#10284,#10317,#10326));
#10284 = ADVANCED_FACE('',(#10285),#10312,.T.);
#10285 = FACE_BOUND('',#10286,.F.);
#10286 = EDGE_LOOP('',(#10287,#10297,#10304,#10305));
#10287 = ORIENTED_EDGE('',*,*,#10288,.T.);
#10288 = EDGE_CURVE('',#10289,#10291,#10293,.T.);
#10289 = VERTEX_POINT('',#10290);
#10290 = CARTESIAN_POINT('',(3.,-7.347880794884E-16,0.));
#10291 = VERTEX_POINT('',#10292);
#10292 = CARTESIAN_POINT('',(3.,-7.347880794884E-16,14.));
#10293 = LINE('',#10294,#10295);
#10294 = CARTESIAN_POINT('',(3.,-7.347880794884E-16,0.));
#10295 = VECTOR('',#10296,1.);
#10296 = DIRECTION('',(0.,0.,1.));
#10297 = ORIENTED_EDGE('',*,*,#10298,.T.);
#10298 = EDGE_CURVE('',#10291,#10291,#10299,.T.);
#10299 = CIRCLE('',#10300,3.);
#10300 = AXIS2_PLACEMENT_3D('',#10301,#10302,#10303);
#10301 = CARTESIAN_POINT('',(0.,0.,14.));
#10302 = DIRECTION('',(0.,0.,1.));
#10303 = DIRECTION('',(1.,0.,-0.));
#10304 = ORIENTED_EDGE('',*,*,#10288,.F.);
#10305 = ORIENTED_EDGE('',*,*,#10306,.F.);
#10306 = EDGE_CURVE('',#10289,#10289,#10307,.T.);
#10307 = CIRCLE('',#10308,3.);
#10308 = AXIS2_PLACEMENT_3D('',#10309,#10310,#10311);
#10309 = CARTESIAN_POINT('',(0.,0.,0.));
#10310 = DIRECTION('',(0.,0.,1.));
#10311 = DIRECTION('',(1.,0.,-0.));
#10312 = CYLINDRICAL_SURFACE('',#10313,3.);
#10313 = AXIS2_PLACEMENT_3D('',#10314,#10315,#10316);
#10314 = CARTESIAN_POINT('',(0.,0.,0.));
#10315 = DIRECTION('',(-0.,-0.,-1.));
#10316 = DIRECTION('',(1.,0.,-0.));
#10317 = ADVANCED_FACE('',(#10318),#10321,.F.);
#10318 = FACE_BOUND('',#10319,.T.);
#10319 = EDGE_LOOP('',(#10320));
#10320 = ORIENTED_EDGE('',*,*,#10306,.F.);
#10321 = PLANE('',#10322);
#10322 = AXIS2_PLACEMENT_3D('',#10323,#10324,#10325);
#10323 = CARTESIAN_POINT('',(0.,0.,0.));
#10324 = DIRECTION('',(0.,0.,1.));
#10325 = DIRECTION('',(1.,0.,-0.));
#10326 = ADVANCED_FACE('',(#10327),#10330,.T.);
#10327 = FACE_BOUND('',#10328,.F.);
#10328 = EDGE_LOOP('',(#10329));
#10329 = ORIENTED_EDGE('',*,*,#10298,.F.);
#10330 = PLANE('',#10331);
#10331 = AXIS2_PLACEMENT_3D('',#10332,#10333,#10334);
#10332 = CARTESIAN_POINT('',(0.,0.,14.));
#10333 = DIRECTION('',(0.,0.,1.));
#10334 = DIRECTION('',(1.,0.,-0.));
#10335 = ( GEOMETRIC_REPRESENTATION_CONTEXT(3) 
GLOBAL_UNCERTAINTY_ASSIGNED_CONTEXT((#10339)) 
GLOBAL_UNIT_ASSIGNED_CONTEXT((#10336,#10337,#10338)) 
REPRESENTATION_CONTEXT('Context #1',
  '3D Context with UNIT and UNCERTAINTY') );
#10336 = ( LENGTH_UNIT() NAMED_UNIT(*) SI_UNIT(.MILLI.,.METRE.) );
#10337 = ( NAMED_UNIT(*) PLANE_ANGLE_UNIT() SI_UNIT($,.RADIAN.) );
#10338 = ( NAMED_UNIT(*) SI_UNIT($,.STERADIAN.) SOLID_ANGLE_UNIT() );
#10339 = UNCERTAINTY_MEASURE_WITH_UNIT(LENGTH_MEASURE(1.E-07),#10336,
  'distance_accuracy_value','confusion accuracy');
#10340 = CONTEXT_DEPENDENT_SHAPE_REPRESENTATION(#10341,#10343);
#10341 = ( REPRESENTATION_RELATIONSHIP('','',#10281,#8160) 
REPRESENTATION_RELATIONSHIP_WITH_TRANSFORMATION(#10342) 
SHAPE_REPRESENTATION_RELATIONSHIP() );
#10342 = ITEM_DEFINED_TRANSFORMATION('','',#11,#8217);
#10343 = PRODUCT_DEFINITION_SHAPE('Placement','Placement of an item',
  #10344);
#10344 = NEXT_ASSEMBLY_USAGE_OCCURRENCE('76','Duese_1','',#8155,#10276,$
  );
#10345 = PRODUCT_RELATED_PRODUCT_CATEGORY('part',$,(#10278));
#10346 = SHAPE_DEFINITION_REPRESENTATION(#10347,#10353);
#10347 = PRODUCT_DEFINITION_SHAPE('','',#10348);
#10348 = PRODUCT_DEFINITION('design','',#10349,#10352);
#10349 = PRODUCT_DEFINITION_FORMATION('','',#10350);
#10350 = PRODUCT('Duese_2','Duese_2','',(#10351));
#10351 = PRODUCT_CONTEXT('',#2,'mechanical');
#10352 = PRODUCT_DEFINITION_CONTEXT('part definition',#2,'design');
#10353 = ADVANCED_BREP_SHAPE_REPRESENTATION('',(#11,#10354),#10407);
#10354 = MANIFOLD_SOLID_BREP('',#10355);
#10355 = CLOSED_SHELL('',(#10356,#10389,#10398));
#10356 = ADVANCED_FACE('',(#10357),#10384,.T.);
#10357 = FACE_BOUND('',#10358,.F.);
#10358 = EDGE_LOOP('',(#10359,#10369,#10376,#10377));
#10359 = ORIENTED_EDGE('',*,*,#10360,.T.);
#10360 = EDGE_CURVE('',#10361,#10363,#10365,.T.);
#10361 = VERTEX_POINT('',#10362);
#10362 = CARTESIAN_POINT('',(3.,-7.347880794884E-16,0.));
#10363 = VERTEX_POINT('',#10364);
#10364 = CARTESIAN_POINT('',(3.,-7.347880794884E-16,14.));
#10365 = LINE('',#10366,#10367);
#10366 = CARTESIAN_POINT('',(3.,-7.347880794884E-16,0.));
#10367 = VECTOR('',#10368,1.);
#10368 = DIRECTION('',(0.,0.,1.));
#10369 = ORIENTED_EDGE('',*,*,#10370,.T.);
#10370 = EDGE_CURVE('',#10363,#10363,#10371,.T.);
#10371 = CIRCLE('',#10372,3.);
#10372 = AXIS2_PLACEMENT_3D('',#10373,#10374,#10375);
#10373 = CARTESIAN_POINT('',(0.,0.,14.));
#10374 = DIRECTION('',(0.,0.,1.));
#10375 = DIRECTION('',(1.,0.,-0.));
#10376 = ORIENTED_EDGE('',*,*,#10360,.F.);
#10377 = ORIENTED_EDGE('',*,*,#10378,.F.);
#10378 = EDGE_CURVE('',#10361,#10361,#10379,.T.);
#10379 = CIRCLE('',#10380,3.);
#10380 = AXIS2_PLACEMENT_3D('',#10381,#10382,#10383);
#10381 = CARTESIAN_POINT('',(0.,0.,0.));
#10382 = DIRECTION('',(0.,0.,1.));
#10383 = DIRECTION('',(1.,0.,-0.));
#10384 = CYLINDRICAL_SURFACE('',#10385,3.);
#10385 = AXIS2_PLACEMENT_3D('',#10386,#10387,#10388);
#10386 = CARTESIAN_POINT('',(0.,0.,0.));
#10387 = DIRECTION('',(-0.,-0.,-1.));
#10388 = DIRECTION('',(1.,0.,-0.));
#10389 = ADVANCED_FACE('',(#10390),#10393,.F.);
#10390 = FACE_BOUND('',#10391,.T.);
#10391 = EDGE_LOOP('',(#10392));
#10392 = ORIENTED_EDGE('',*,*,#10378,.F.);
#10393 = PLANE('',#10394);
#10394 = AXIS2_PLACEMENT_3D('',#10395,#10396,#10397);
#10395 = CARTESIAN_POINT('',(0.,0.,0.));
#10396 = DIRECTION('',(0.,0.,1.));
#10397 = DIRECTION('',(1.,0.,-0.));
#10398 = ADVANCED_FACE('',(#10399),#10402,.T.);
#10399 = FACE_BOUND('',#10400,.F.);
#10400 = EDGE_LOOP('',(#10401));
#10401 = ORIENTED_EDGE('',*,*,#10370,.F.);
#10402 = PLANE('',#10403);
#10403 = AXIS2_PLACEMENT_3D('',#10404,#10405,#10406);
#10404 = CARTESIAN_POINT('',(0.,0.,14.));
#10405 = DIRECTION('',(0.,0.,1.));
#10406 = DIRECTION('',(1.,0.,-0.));
#10407 = ( GEOMETRIC_REPRESENTATION_CONTEXT(3) 
GLOBAL_UNCERTAINTY_ASSIGNED_CONTEXT((#10411)) 
GLOBAL_UNIT_ASSIGNED_CONTEXT((#10408,#10409,#10410)) 
REPRESENTATION_CONTEXT('Context #1',
  '3D Context with UNIT and UNCERTAINTY') );
#10408 = ( LENGTH_UNIT() NAMED_UNIT(*) SI_UNIT(.MILLI.,.METRE.) );
#10409 = ( NAMED_UNIT(*) PLANE_ANGLE_UNIT() SI_UNIT($,.RADIAN.) );
#10410 = ( NAMED_UNIT(*) SI_UNIT($,.STERADIAN.) SOLID_ANGLE_UNIT() );
#10411 = UNCERTAINTY_MEASURE_WITH_UNIT(LENGTH_MEASURE(1.E-07),#10408,
  'distance_accuracy_value','confusion accuracy');
#10412 = CONTEXT_DEPENDENT_SHAPE_REPRESENTATION(#10413,#10415);
#10413 = ( REPRESENTATION_RELATIONSHIP('','',#10353,#8160) 
REPRESENTATION_RELATIONSHIP_WITH_TRANSFORMATION(#10414) 
SHAPE_REPRESENTATION_RELATIONSHIP() );
#10414 = ITEM_DEFINED_TRANSFORMATION('','',#11,#8221);
#10415 = PRODUCT_DEFINITION_SHAPE('Placement','Placement of an item',
  #10416);
#10416 = NEXT_ASSEMBLY_USAGE_OCCURRENCE('77','Duese_2','',#8155,#10348,$
  );
#10417 = PRODUCT_RELATED_PRODUCT_CATEGORY('part',$,(#10350));
#10418 = SHAPE_DEFINITION_REPRESENTATION(#10419,#10425);
#10419 = PRODUCT_DEFINITION_SHAPE('','',#10420);
#10420 = PRODUCT_DEFINITION('design','',#10421,#10424);
#10421 = PRODUCT_DEFINITION_FORMATION('','',#10422);
#10422 = PRODUCT('Luefter','Luefter','',(#10423));
#10423 = PRODUCT_CONTEXT('',#2,'mechanical');
#10424 = PRODUCT_DEFINITION_CONTEXT('part definition',#2,'design');
#10425 = ADVANCED_BREP_SHAPE_REPRESENTATION('',(#11,#10426),#10576);
#10426 = MANIFOLD_SOLID_BREP('',#10427);
#10427 = CLOSED_SHELL('',(#10428,#10468,#10508,#10530,#10552,#10564));
#10428 = ADVANCED_FACE('',(#10429),#10463,.F.);
#10429 = FACE_BOUND('',#10430,.F.);
#10430 = EDGE_LOOP('',(#10431,#10441,#10449,#10457));
#10431 = ORIENTED_EDGE('',*,*,#10432,.F.);
#10432 = EDGE_CURVE('',#10433,#10435,#10437,.T.);
#10433 = VERTEX_POINT('',#10434);
#10434 = CARTESIAN_POINT('',(0.,0.,0.));
#10435 = VERTEX_POINT('',#10436);
#10436 = CARTESIAN_POINT('',(0.,0.,80.));
#10437 = LINE('',#10438,#10439);
#10438 = CARTESIAN_POINT('',(0.,0.,0.));
#10439 = VECTOR('',#10440,1.);
#10440 = DIRECTION('',(0.,0.,1.));
#10441 = ORIENTED_EDGE('',*,*,#10442,.T.);
#10442 = EDGE_CURVE('',#10433,#10443,#10445,.T.);
#10443 = VERTEX_POINT('',#10444);
#10444 = CARTESIAN_POINT('',(0.,26.,0.));
#10445 = LINE('',#10446,#10447);
#10446 = CARTESIAN_POINT('',(0.,0.,0.));
#10447 = VECTOR('',#10448,1.);
#10448 = DIRECTION('',(-0.,1.,0.));
#10449 = ORIENTED_EDGE('',*,*,#10450,.T.);
#10450 = EDGE_CURVE('',#10443,#10451,#10453,.T.);
#10451 = VERTEX_POINT('',#10452);
#10452 = CARTESIAN_POINT('',(0.,26.,80.));
#10453 = LINE('',#10454,#10455);
#10454 = CARTESIAN_POINT('',(0.,26.,0.));
#10455 = VECTOR('',#10456,1.);
#10456 = DIRECTION('',(0.,0.,1.));
#10457 = ORIENTED_EDGE('',*,*,#10458,.F.);
#10458 = EDGE_CURVE('',#10435,#10451,#10459,.T.);
#10459 = LINE('',#10460,#10461);
#10460 = CARTESIAN_POINT('',(0.,0.,80.));
#10461 = VECTOR('',#10462,1.);
#10462 = DIRECTION('',(-0.,1.,0.));
#10463 = PLANE('',#10464);
#10464 = AXIS2_PLACEMENT_3D('',#10465,#10466,#10467);
#10465 = CARTESIAN_POINT('',(0.,0.,0.));
#10466 = DIRECTION('',(1.,0.,-0.));
#10467 = DIRECTION('',(0.,0.,1.));
#10468 = ADVANCED_FACE('',(#10469),#10503,.T.);
#10469 = FACE_BOUND('',#10470,.T.);
#10470 = EDGE_LOOP('',(#10471,#10481,#10489,#10497));
#10471 = ORIENTED_EDGE('',*,*,#10472,.F.);
#10472 = EDGE_CURVE('',#10473,#10475,#10477,.T.);
#10473 = VERTEX_POINT('',#10474);
#10474 = CARTESIAN_POINT('',(80.,0.,0.));
#10475 = VERTEX_POINT('',#10476);
#10476 = CARTESIAN_POINT('',(80.,0.,80.));
#10477 = LINE('',#10478,#10479);
#10478 = CARTESIAN_POINT('',(80.,0.,0.));
#10479 = VECTOR('',#10480,1.);
#10480 = DIRECTION('',(0.,0.,1.));
#10481 = ORIENTED_EDGE('',*,*,#10482,.T.);
#10482 = EDGE_CURVE('',#10473,#10483,#10485,.T.);
#10483 = VERTEX_POINT('',#10484);
#10484 = CARTESIAN_POINT('',(80.,26.,0.));
#10485 = LINE('',#10486,#10487);
#10486 = CARTESIAN_POINT('',(80.,0.,0.));
#10487 = VECTOR('',#10488,1.);
#10488 = DIRECTION('',(-0.,1.,0.));
#10489 = ORIENTED_EDGE('',*,*,#10490,.T.);
#10490 = EDGE_CURVE('',#10483,#10491,#10493,.T.);
#10491 = VERTEX_POINT('',#10492);
#10492 = CARTESIAN_POINT('',(80.,26.,80.));
#10493 = LINE('',#10494,#10495);
#10494 = CARTESIAN_POINT('',(80.,26.,0.));
#10495 = VECTOR('',#10496,1.);
#10496 = DIRECTION('',(0.,0.,1.));
#10497 = ORIENTED_EDGE('',*,*,#10498,.F.);
#10498 = EDGE_CURVE('',#10475,#10491,#10499,.T.);
#10499 = LINE('',#10500,#10501);
#10500 = CARTESIAN_POINT('',(80.,0.,80.));
#10501 = VECTOR('',#10502,1.);
#10502 = DIRECTION('',(-0.,1.,0.));
#10503 = PLANE('',#10504);
#10504 = AXIS2_PLACEMENT_3D('',#10505,#10506,#10507);
#10505 = CARTESIAN_POINT('',(80.,0.,0.));
#10506 = DIRECTION('',(1.,0.,-0.));
#10507 = DIRECTION('',(0.,0.,1.));
#10508 = ADVANCED_FACE('',(#10509),#10525,.F.);
#10509 = FACE_BOUND('',#10510,.F.);
#10510 = EDGE_LOOP('',(#10511,#10517,#10518,#10524));
#10511 = ORIENTED_EDGE('',*,*,#10512,.F.);
#10512 = EDGE_CURVE('',#10433,#10473,#10513,.T.);
#10513 = LINE('',#10514,#10515);
#10514 = CARTESIAN_POINT('',(0.,0.,0.));
#10515 = VECTOR('',#10516,1.);
#10516 = DIRECTION('',(1.,0.,-0.));
#10517 = ORIENTED_EDGE('',*,*,#10432,.T.);
#10518 = ORIENTED_EDGE('',*,*,#10519,.T.);
#10519 = EDGE_CURVE('',#10435,#10475,#10520,.T.);
#10520 = LINE('',#10521,#10522);
#10521 = CARTESIAN_POINT('',(0.,0.,80.));
#10522 = VECTOR('',#10523,1.);
#10523 = DIRECTION('',(1.,0.,-0.));
#10524 = ORIENTED_EDGE('',*,*,#10472,.F.);
#10525 = PLANE('',#10526);
#10526 = AXIS2_PLACEMENT_3D('',#10527,#10528,#10529);
#10527 = CARTESIAN_POINT('',(0.,0.,0.));
#10528 = DIRECTION('',(-0.,1.,0.));
#10529 = DIRECTION('',(0.,0.,1.));
#10530 = ADVANCED_FACE('',(#10531),#10547,.T.);
#10531 = FACE_BOUND('',#10532,.T.);
#10532 = EDGE_LOOP('',(#10533,#10539,#10540,#10546));
#10533 = ORIENTED_EDGE('',*,*,#10534,.F.);
#10534 = EDGE_CURVE('',#10443,#10483,#10535,.T.);
#10535 = LINE('',#10536,#10537);
#10536 = CARTESIAN_POINT('',(0.,26.,0.));
#10537 = VECTOR('',#10538,1.);
#10538 = DIRECTION('',(1.,0.,-0.));
#10539 = ORIENTED_EDGE('',*,*,#10450,.T.);
#10540 = ORIENTED_EDGE('',*,*,#10541,.T.);
#10541 = EDGE_CURVE('',#10451,#10491,#10542,.T.);
#10542 = LINE('',#10543,#10544);
#10543 = CARTESIAN_POINT('',(0.,26.,80.));
#10544 = VECTOR('',#10545,1.);
#10545 = DIRECTION('',(1.,0.,-0.));
#10546 = ORIENTED_EDGE('',*,*,#10490,.F.);
#10547 = PLANE('',#10548);
#10548 = AXIS2_PLACEMENT_3D('',#10549,#10550,#10551);
#10549 = CARTESIAN_POINT('',(0.,26.,0.));
#10550 = DIRECTION('',(-0.,1.,0.));
#10551 = DIRECTION('',(0.,0.,1.));
#10552 = ADVANCED_FACE('',(#10553),#10559,.F.);
#10553 = FACE_BOUND('',#10554,.F.);
#10554 = EDGE_LOOP('',(#10555,#10556,#10557,#10558));
#10555 = ORIENTED_EDGE('',*,*,#10442,.F.);
#10556 = ORIENTED_EDGE('',*,*,#10512,.T.);
#10557 = ORIENTED_EDGE('',*,*,#10482,.T.);
#10558 = ORIENTED_EDGE('',*,*,#10534,.F.);
#10559 = PLANE('',#10560);
#10560 = AXIS2_PLACEMENT_3D('',#10561,#10562,#10563);
#10561 = CARTESIAN_POINT('',(0.,0.,0.));
#10562 = DIRECTION('',(0.,0.,1.));
#10563 = DIRECTION('',(1.,0.,-0.));
#10564 = ADVANCED_FACE('',(#10565),#10571,.T.);
#10565 = FACE_BOUND('',#10566,.T.);
#10566 = EDGE_LOOP('',(#10567,#10568,#10569,#10570));
#10567 = ORIENTED_EDGE('',*,*,#10458,.F.);
#10568 = ORIENTED_EDGE('',*,*,#10519,.T.);
#10569 = ORIENTED_EDGE('',*,*,#10498,.T.);
#10570 = ORIENTED_EDGE('',*,*,#10541,.F.);
#10571 = PLANE('',#10572);
#10572 = AXIS2_PLACEMENT_3D('',#10573,#10574,#10575);
#10573 = CARTESIAN_POINT('',(0.,0.,80.));
#10574 = DIRECTION('',(0.,0.,1.));
#10575 = DIRECTION('',(1.,0.,-0.));
#10576 = ( GEOMETRIC_REPRESENTATION_CONTEXT(3) 
GLOBAL_UNCERTAINTY_ASSIGNED_CONTEXT((#10580)) 
GLOBAL_UNIT_ASSIGNED_CONTEXT((#10577,#10578,#10579)) 
REPRESENTATION_CONTEXT('Context #1',
  '3D Context with UNIT and UNCERTAINTY') );
#10577 = ( LENGTH_UNIT() NAMED_UNIT(*) SI_UNIT(.MILLI.,.METRE.) );
#10578 = ( NAMED_UNIT(*) PLANE_ANGLE_UNIT() SI_UNIT($,.RADIAN.) );
#10579 = ( NAMED_UNIT(*) SI_UNIT($,.STERADIAN.) SOLID_ANGLE_UNIT() );
#10580 = UNCERTAINTY_MEASURE_WITH_UNIT(LENGTH_MEASURE(1.E-07),#10577,
  'distance_accuracy_value','confusion accuracy');
#10581 = CONTEXT_DEPENDENT_SHAPE_REPRESENTATION(#10582,#10584);
#10582 = ( REPRESENTATION_RELATIONSHIP('','',#10425,#8160) 
REPRESENTATION_RELATIONSHIP_WITH_TRANSFORMATION(#10583) 
SHAPE_REPRESENTATION_RELATIONSHIP() );
#10583 = ITEM_DEFINED_TRANSFORMATION('','',#11,#8225);
#10584 = PRODUCT_DEFINITION_SHAPE('Placement','Placement of an item',
  #10585);
#10585 = NEXT_ASSEMBLY_USAGE_OCCURRENCE('78','Luefter','',#8155,#10420,$
  );
#10586 = PRODUCT_RELATED_PRODUCT_CATEGORY('part',$,(#10422));
#10587 = SHAPE_DEFINITION_REPRESENTATION(#10588,#10594);
#10588 = PRODUCT_DEFINITION_SHAPE('','',#10589);
#10589 = PRODUCT_DEFINITION('design','',#10590,#10593);
#10590 = PRODUCT_DEFINITION_FORMATION('','',#10591);
#10591 = PRODUCT('Kupplung_Hydraulik','Kupplung_Hydraulik','',(#10592));
#10592 = PRODUCT_CONTEXT('',#2,'mechanical');
#10593 = PRODUCT_DEFINITION_CONTEXT('part definition',#2,'design');
#10594 = ADVANCED_BREP_SHAPE_REPRESENTATION('',(#11,#10595),#10648);
#10595 = MANIFOLD_SOLID_BREP('',#10596);
#10596 = CLOSED_SHELL('',(#10597,#10630,#10639));
#10597 = ADVANCED_FACE('',(#10598),#10625,.T.);
#10598 = FACE_BOUND('',#10599,.F.);
#10599 = EDGE_LOOP('',(#10600,#10610,#10617,#10618));
#10600 = ORIENTED_EDGE('',*,*,#10601,.T.);
#10601 = EDGE_CURVE('',#10602,#10604,#10606,.T.);
#10602 = VERTEX_POINT('',#10603);
#10603 = CARTESIAN_POINT('',(7.,-1.714505518806E-15,0.));
#10604 = VERTEX_POINT('',#10605);
#10605 = CARTESIAN_POINT('',(7.,-1.714505518806E-15,35.));
#10606 = LINE('',#10607,#10608);
#10607 = CARTESIAN_POINT('',(7.,-1.714505518806E-15,0.));
#10608 = VECTOR('',#10609,1.);
#10609 = DIRECTION('',(0.,0.,1.));
#10610 = ORIENTED_EDGE('',*,*,#10611,.T.);
#10611 = EDGE_CURVE('',#10604,#10604,#10612,.T.);
#10612 = CIRCLE('',#10613,7.);
#10613 = AXIS2_PLACEMENT_3D('',#10614,#10615,#10616);
#10614 = CARTESIAN_POINT('',(0.,0.,35.));
#10615 = DIRECTION('',(0.,0.,1.));
#10616 = DIRECTION('',(1.,0.,-0.));
#10617 = ORIENTED_EDGE('',*,*,#10601,.F.);
#10618 = ORIENTED_EDGE('',*,*,#10619,.F.);
#10619 = EDGE_CURVE('',#10602,#10602,#10620,.T.);
#10620 = CIRCLE('',#10621,7.);
#10621 = AXIS2_PLACEMENT_3D('',#10622,#10623,#10624);
#10622 = CARTESIAN_POINT('',(0.,0.,0.));
#10623 = DIRECTION('',(0.,0.,1.));
#10624 = DIRECTION('',(1.,0.,-0.));
#10625 = CYLINDRICAL_SURFACE('',#10626,7.);
#10626 = AXIS2_PLACEMENT_3D('',#10627,#10628,#10629);
#10627 = CARTESIAN_POINT('',(0.,0.,0.));
#10628 = DIRECTION('',(-0.,-0.,-1.));
#10629 = DIRECTION('',(1.,0.,-0.));
#10630 = ADVANCED_FACE('',(#10631),#10634,.F.);
#10631 = FACE_BOUND('',#10632,.T.);
#10632 = EDGE_LOOP('',(#10633));
#10633 = ORIENTED_EDGE('',*,*,#10619,.F.);
#10634 = PLANE('',#10635);
#10635 = AXIS2_PLACEMENT_3D('',#10636,#10637,#10638);
#10636 = CARTESIAN_POINT('',(0.,0.,0.));
#10637 = DIRECTION('',(0.,0.,1.));
#10638 = DIRECTION('',(1.,0.,-0.));
#10639 = ADVANCED_FACE('',(#10640),#10643,.T.);
#10640 = FACE_BOUND('',#10641,.F.);
#10641 = EDGE_LOOP('',(#10642));
#10642 = ORIENTED_EDGE('',*,*,#10611,.F.);
#10643 = PLANE('',#10644);
#10644 = AXIS2_PLACEMENT_3D('',#10645,#10646,#10647);
#10645 = CARTESIAN_POINT('',(0.,0.,35.));
#10646 = DIRECTION('',(0.,0.,1.));
#10647 = DIRECTION('',(1.,0.,-0.));
#10648 = ( GEOMETRIC_REPRESENTATION_CONTEXT(3) 
GLOBAL_UNCERTAINTY_ASSIGNED_CONTEXT((#10652)) 
GLOBAL_UNIT_ASSIGNED_CONTEXT((#10649,#10650,#10651)) 
REPRESENTATION_CONTEXT('Context #1',
  '3D Context with UNIT and UNCERTAINTY') );
#10649 = ( LENGTH_UNIT() NAMED_UNIT(*) SI_UNIT(.MILLI.,.METRE.) );
#10650 = ( NAMED_UNIT(*) PLANE_ANGLE_UNIT() SI_UNIT($,.RADIAN.) );
#10651 = ( NAMED_UNIT(*) SI_UNIT($,.STERADIAN.) SOLID_ANGLE_UNIT() );
#10652 = UNCERTAINTY_MEASURE_WITH_UNIT(LENGTH_MEASURE(1.E-07),#10649,
  'distance_accuracy_value','confusion accuracy');
#10653 = CONTEXT_DEPENDENT_SHAPE_REPRESENTATION(#10654,#10656);
#10654 = ( REPRESENTATION_RELATIONSHIP('','',#10594,#8160) 
REPRESENTATION_RELATIONSHIP_WITH_TRANSFORMATION(#10655) 
SHAPE_REPRESENTATION_RELATIONSHIP() );
#10655 = ITEM_DEFINED_TRANSFORMATION('','',#11,#8229);
#10656 = PRODUCT_DEFINITION_SHAPE('Placement','Placement of an item',
  #10657);
#10657 = NEXT_ASSEMBLY_USAGE_OCCURRENCE('79','Kupplung_Hydraulik','',
  #8155,#10589,$);
#10658 = PRODUCT_RELATED_PRODUCT_CATEGORY('part',$,(#10591));
#10659 = SHAPE_DEFINITION_REPRESENTATION(#10660,#10666);
#10660 = PRODUCT_DEFINITION_SHAPE('','',#10661);
#10661 = PRODUCT_DEFINITION('design','',#10662,#10665);
#10662 = PRODUCT_DEFINITION_FORMATION('','',#10663);
#10663 = PRODUCT('Stecker_M12','Stecker_M12','',(#10664));
#10664 = PRODUCT_CONTEXT('',#2,'mechanical');
#10665 = PRODUCT_DEFINITION_CONTEXT('part definition',#2,'design');
#10666 = ADVANCED_BREP_SHAPE_REPRESENTATION('',(#11,#10667),#10720);
#10667 = MANIFOLD_SOLID_BREP('',#10668);
#10668 = CLOSED_SHELL('',(#10669,#10702,#10711));
#10669 = ADVANCED_FACE('',(#10670),#10697,.T.);
#10670 = FACE_BOUND('',#10671,.F.);
#10671 = EDGE_LOOP('',(#10672,#10682,#10689,#10690));
#10672 = ORIENTED_EDGE('',*,*,#10673,.T.);
#10673 = EDGE_CURVE('',#10674,#10676,#10678,.T.);
#10674 = VERTEX_POINT('',#10675);
#10675 = CARTESIAN_POINT('',(8.,-1.959434878636E-15,0.));
#10676 = VERTEX_POINT('',#10677);
#10677 = CARTESIAN_POINT('',(8.,-1.959434878636E-15,30.));
#10678 = LINE('',#10679,#10680);
#10679 = CARTESIAN_POINT('',(8.,-1.959434878636E-15,0.));
#10680 = VECTOR('',#10681,1.);
#10681 = DIRECTION('',(0.,0.,1.));
#10682 = ORIENTED_EDGE('',*,*,#10683,.T.);
#10683 = EDGE_CURVE('',#10676,#10676,#10684,.T.);
#10684 = CIRCLE('',#10685,8.);
#10685 = AXIS2_PLACEMENT_3D('',#10686,#10687,#10688);
#10686 = CARTESIAN_POINT('',(0.,0.,30.));
#10687 = DIRECTION('',(0.,0.,1.));
#10688 = DIRECTION('',(1.,0.,-0.));
#10689 = ORIENTED_EDGE('',*,*,#10673,.F.);
#10690 = ORIENTED_EDGE('',*,*,#10691,.F.);
#10691 = EDGE_CURVE('',#10674,#10674,#10692,.T.);
#10692 = CIRCLE('',#10693,8.);
#10693 = AXIS2_PLACEMENT_3D('',#10694,#10695,#10696);
#10694 = CARTESIAN_POINT('',(0.,0.,0.));
#10695 = DIRECTION('',(0.,0.,1.));
#10696 = DIRECTION('',(1.,0.,-0.));
#10697 = CYLINDRICAL_SURFACE('',#10698,8.);
#10698 = AXIS2_PLACEMENT_3D('',#10699,#10700,#10701);
#10699 = CARTESIAN_POINT('',(0.,0.,0.));
#10700 = DIRECTION('',(-0.,-0.,-1.));
#10701 = DIRECTION('',(1.,0.,-0.));
#10702 = ADVANCED_FACE('',(#10703),#10706,.F.);
#10703 = FACE_BOUND('',#10704,.T.);
#10704 = EDGE_LOOP('',(#10705));
#10705 = ORIENTED_EDGE('',*,*,#10691,.F.);
#10706 = PLANE('',#10707);
#10707 = AXIS2_PLACEMENT_3D('',#10708,#10709,#10710);
#10708 = CARTESIAN_POINT('',(0.,0.,0.));
#10709 = DIRECTION('',(0.,0.,1.));
#10710 = DIRECTION('',(1.,0.,-0.));
#10711 = ADVANCED_FACE('',(#10712),#10715,.T.);
#10712 = FACE_BOUND('',#10713,.F.);
#10713 = EDGE_LOOP('',(#10714));
#10714 = ORIENTED_EDGE('',*,*,#10683,.F.);
#10715 = PLANE('',#10716);
#10716 = AXIS2_PLACEMENT_3D('',#10717,#10718,#10719);
#10717 = CARTESIAN_POINT('',(0.,0.,30.));
#10718 = DIRECTION('',(0.,0.,1.));
#10719 = DIRECTION('',(1.,0.,-0.));
#10720 = ( GEOMETRIC_REPRESENTATION_CONTEXT(3) 
GLOBAL_UNCERTAINTY_ASSIGNED_CONTEXT((#10724)) 
GLOBAL_UNIT_ASSIGNED_CONTEXT((#10721,#10722,#10723)) 
REPRESENTATION_CONTEXT('Context #1',
  '3D Context with UNIT and UNCERTAINTY') );
#10721 = ( LENGTH_UNIT() NAMED_UNIT(*) SI_UNIT(.MILLI.,.METRE.) );
#10722 = ( NAMED_UNIT(*) PLANE_ANGLE_UNIT() SI_UNIT($,.RADIAN.) );
#10723 = ( NAMED_UNIT(*) SI_UNIT($,.STERADIAN.) SOLID_ANGLE_UNIT() );
#10724 = UNCERTAINTY_MEASURE_WITH_UNIT(LENGTH_MEASURE(1.E-07),#10721,
  'distance_accuracy_value','confusion accuracy');
#10725 = CONTEXT_DEPENDENT_SHAPE_REPRESENTATION(#10726,#10728);
#10726 = ( REPRESENTATION_RELATIONSHIP('','',#10666,#8160) 
REPRESENTATION_RELATIONSHIP_WITH_TRANSFORMATION(#10727) 
SHAPE_REPRESENTATION_RELATIONSHIP() );
#10727 = ITEM_DEFINED_TRANSFORMATION('','',#11,#8233);
#10728 = PRODUCT_DEFINITION_SHAPE('Placement','Placement of an item',
  #10729);
#10729 = NEXT_ASSEMBLY_USAGE_OCCURRENCE('80','Stecker_M12','',#8155,
  #10661,$);
#10730 = PRODUCT_RELATED_PRODUCT_CATEGORY('part',$,(#10663));
#10731 = SHAPE_DEFINITION_REPRESENTATION(#10732,#10738);
#10732 = PRODUCT_DEFINITION_SHAPE('','',#10733);
#10733 = PRODUCT_DEFINITION('design','',#10734,#10737);
#10734 = PRODUCT_DEFINITION_FORMATION('','',#10735);
#10735 = PRODUCT('Modulboden001','Modulboden001','',(#10736));
#10736 = PRODUCT_CONTEXT('',#2,'mechanical');
#10737 = PRODUCT_DEFINITION_CONTEXT('part definition',#2,'design');
#10738 = ADVANCED_BREP_SHAPE_REPRESENTATION('',(#11,#10739),#10889);
#10739 = MANIFOLD_SOLID_BREP('',#10740);
#10740 = CLOSED_SHELL('',(#10741,#10781,#10821,#10843,#10865,#10877));
#10741 = ADVANCED_FACE('',(#10742),#10776,.F.);
#10742 = FACE_BOUND('',#10743,.F.);
#10743 = EDGE_LOOP('',(#10744,#10754,#10762,#10770));
#10744 = ORIENTED_EDGE('',*,*,#10745,.F.);
#10745 = EDGE_CURVE('',#10746,#10748,#10750,.T.);
#10746 = VERTEX_POINT('',#10747);
#10747 = CARTESIAN_POINT('',(0.,0.,0.));
#10748 = VERTEX_POINT('',#10749);
#10749 = CARTESIAN_POINT('',(0.,0.,1.));
#10750 = LINE('',#10751,#10752);
#10751 = CARTESIAN_POINT('',(0.,0.,0.));
#10752 = VECTOR('',#10753,1.);
#10753 = DIRECTION('',(0.,0.,1.));
#10754 = ORIENTED_EDGE('',*,*,#10755,.T.);
#10755 = EDGE_CURVE('',#10746,#10756,#10758,.T.);
#10756 = VERTEX_POINT('',#10757);
#10757 = CARTESIAN_POINT('',(0.,420.2560086055,0.));
#10758 = LINE('',#10759,#10760);
#10759 = CARTESIAN_POINT('',(0.,0.,0.));
#10760 = VECTOR('',#10761,1.);
#10761 = DIRECTION('',(-0.,1.,0.));
#10762 = ORIENTED_EDGE('',*,*,#10763,.T.);
#10763 = EDGE_CURVE('',#10756,#10764,#10766,.T.);
#10764 = VERTEX_POINT('',#10765);
#10765 = CARTESIAN_POINT('',(0.,420.2560086055,1.));
#10766 = LINE('',#10767,#10768);
#10767 = CARTESIAN_POINT('',(0.,420.2560086055,0.));
#10768 = VECTOR('',#10769,1.);
#10769 = DIRECTION('',(0.,0.,1.));
#10770 = ORIENTED_EDGE('',*,*,#10771,.F.);
#10771 = EDGE_CURVE('',#10748,#10764,#10772,.T.);
#10772 = LINE('',#10773,#10774);
#10773 = CARTESIAN_POINT('',(0.,0.,1.));
#10774 = VECTOR('',#10775,1.);
#10775 = DIRECTION('',(-0.,1.,0.));
#10776 = PLANE('',#10777);
#10777 = AXIS2_PLACEMENT_3D('',#10778,#10779,#10780);
#10778 = CARTESIAN_POINT('',(0.,0.,0.));
#10779 = DIRECTION('',(1.,0.,-0.));
#10780 = DIRECTION('',(0.,0.,1.));
#10781 = ADVANCED_FACE('',(#10782),#10816,.T.);
#10782 = FACE_BOUND('',#10783,.T.);
#10783 = EDGE_LOOP('',(#10784,#10794,#10802,#10810));
#10784 = ORIENTED_EDGE('',*,*,#10785,.F.);
#10785 = EDGE_CURVE('',#10786,#10788,#10790,.T.);
#10786 = VERTEX_POINT('',#10787);
#10787 = CARTESIAN_POINT('',(446.06793830758,0.,0.));
#10788 = VERTEX_POINT('',#10789);
#10789 = CARTESIAN_POINT('',(446.06793830758,0.,1.));
#10790 = LINE('',#10791,#10792);
#10791 = CARTESIAN_POINT('',(446.06793830758,0.,0.));
#10792 = VECTOR('',#10793,1.);
#10793 = DIRECTION('',(0.,0.,1.));
#10794 = ORIENTED_EDGE('',*,*,#10795,.T.);
#10795 = EDGE_CURVE('',#10786,#10796,#10798,.T.);
#10796 = VERTEX_POINT('',#10797);
#10797 = CARTESIAN_POINT('',(446.06793830758,420.2560086055,0.));
#10798 = LINE('',#10799,#10800);
#10799 = CARTESIAN_POINT('',(446.06793830758,0.,0.));
#10800 = VECTOR('',#10801,1.);
#10801 = DIRECTION('',(-0.,1.,0.));
#10802 = ORIENTED_EDGE('',*,*,#10803,.T.);
#10803 = EDGE_CURVE('',#10796,#10804,#10806,.T.);
#10804 = VERTEX_POINT('',#10805);
#10805 = CARTESIAN_POINT('',(446.06793830758,420.2560086055,1.));
#10806 = LINE('',#10807,#10808);
#10807 = CARTESIAN_POINT('',(446.06793830758,420.2560086055,0.));
#10808 = VECTOR('',#10809,1.);
#10809 = DIRECTION('',(0.,0.,1.));
#10810 = ORIENTED_EDGE('',*,*,#10811,.F.);
#10811 = EDGE_CURVE('',#10788,#10804,#10812,.T.);
#10812 = LINE('',#10813,#10814);
#10813 = CARTESIAN_POINT('',(446.06793830758,0.,1.));
#10814 = VECTOR('',#10815,1.);
#10815 = DIRECTION('',(-0.,1.,0.));
#10816 = PLANE('',#10817);
#10817 = AXIS2_PLACEMENT_3D('',#10818,#10819,#10820);
#10818 = CARTESIAN_POINT('',(446.06793830758,0.,0.));
#10819 = DIRECTION('',(1.,0.,-0.));
#10820 = DIRECTION('',(0.,0.,1.));
#10821 = ADVANCED_FACE('',(#10822),#10838,.F.);
#10822 = FACE_BOUND('',#10823,.F.);
#10823 = EDGE_LOOP('',(#10824,#10830,#10831,#10837));
#10824 = ORIENTED_EDGE('',*,*,#10825,.F.);
#10825 = EDGE_CURVE('',#10746,#10786,#10826,.T.);
#10826 = LINE('',#10827,#10828);
#10827 = CARTESIAN_POINT('',(0.,0.,0.));
#10828 = VECTOR('',#10829,1.);
#10829 = DIRECTION('',(1.,0.,-0.));
#10830 = ORIENTED_EDGE('',*,*,#10745,.T.);
#10831 = ORIENTED_EDGE('',*,*,#10832,.T.);
#10832 = EDGE_CURVE('',#10748,#10788,#10833,.T.);
#10833 = LINE('',#10834,#10835);
#10834 = CARTESIAN_POINT('',(0.,0.,1.));
#10835 = VECTOR('',#10836,1.);
#10836 = DIRECTION('',(1.,0.,-0.));
#10837 = ORIENTED_EDGE('',*,*,#10785,.F.);
#10838 = PLANE('',#10839);
#10839 = AXIS2_PLACEMENT_3D('',#10840,#10841,#10842);
#10840 = CARTESIAN_POINT('',(0.,0.,0.));
#10841 = DIRECTION('',(-0.,1.,0.));
#10842 = DIRECTION('',(0.,0.,1.));
#10843 = ADVANCED_FACE('',(#10844),#10860,.T.);
#10844 = FACE_BOUND('',#10845,.T.);
#10845 = EDGE_LOOP('',(#10846,#10852,#10853,#10859));
#10846 = ORIENTED_EDGE('',*,*,#10847,.F.);
#10847 = EDGE_CURVE('',#10756,#10796,#10848,.T.);
#10848 = LINE('',#10849,#10850);
#10849 = CARTESIAN_POINT('',(0.,420.2560086055,0.));
#10850 = VECTOR('',#10851,1.);
#10851 = DIRECTION('',(1.,0.,-0.));
#10852 = ORIENTED_EDGE('',*,*,#10763,.T.);
#10853 = ORIENTED_EDGE('',*,*,#10854,.T.);
#10854 = EDGE_CURVE('',#10764,#10804,#10855,.T.);
#10855 = LINE('',#10856,#10857);
#10856 = CARTESIAN_POINT('',(0.,420.2560086055,1.));
#10857 = VECTOR('',#10858,1.);
#10858 = DIRECTION('',(1.,0.,-0.));
#10859 = ORIENTED_EDGE('',*,*,#10803,.F.);
#10860 = PLANE('',#10861);
#10861 = AXIS2_PLACEMENT_3D('',#10862,#10863,#10864);
#10862 = CARTESIAN_POINT('',(0.,420.2560086055,0.));
#10863 = DIRECTION('',(-0.,1.,0.));
#10864 = DIRECTION('',(0.,0.,1.));
#10865 = ADVANCED_FACE('',(#10866),#10872,.F.);
#10866 = FACE_BOUND('',#10867,.F.);
#10867 = EDGE_LOOP('',(#10868,#10869,#10870,#10871));
#10868 = ORIENTED_EDGE('',*,*,#10755,.F.);
#10869 = ORIENTED_EDGE('',*,*,#10825,.T.);
#10870 = ORIENTED_EDGE('',*,*,#10795,.T.);
#10871 = ORIENTED_EDGE('',*,*,#10847,.F.);
#10872 = PLANE('',#10873);
#10873 = AXIS2_PLACEMENT_3D('',#10874,#10875,#10876);
#10874 = CARTESIAN_POINT('',(0.,0.,0.));
#10875 = DIRECTION('',(0.,0.,1.));
#10876 = DIRECTION('',(1.,0.,-0.));
#10877 = ADVANCED_FACE('',(#10878),#10884,.T.);
#10878 = FACE_BOUND('',#10879,.T.);
#10879 = EDGE_LOOP('',(#10880,#10881,#10882,#10883));
#10880 = ORIENTED_EDGE('',*,*,#10771,.F.);
#10881 = ORIENTED_EDGE('',*,*,#10832,.T.);
#10882 = ORIENTED_EDGE('',*,*,#10811,.T.);
#10883 = ORIENTED_EDGE('',*,*,#10854,.F.);
#10884 = PLANE('',#10885);
#10885 = AXIS2_PLACEMENT_3D('',#10886,#10887,#10888);
#10886 = CARTESIAN_POINT('',(0.,0.,1.));
#10887 = DIRECTION('',(0.,0.,1.));
#10888 = DIRECTION('',(1.,0.,-0.));
#10889 = ( GEOMETRIC_REPRESENTATION_CONTEXT(3) 
GLOBAL_UNCERTAINTY_ASSIGNED_CONTEXT((#10893)) 
GLOBAL_UNIT_ASSIGNED_CONTEXT((#10890,#10891,#10892)) 
REPRESENTATION_CONTEXT('Context #1',
  '3D Context with UNIT and UNCERTAINTY') );
#10890 = ( LENGTH_UNIT() NAMED_UNIT(*) SI_UNIT(.MILLI.,.METRE.) );
#10891 = ( NAMED_UNIT(*) PLANE_ANGLE_UNIT() SI_UNIT($,.RADIAN.) );
#10892 = ( NAMED_UNIT(*) SI_UNIT($,.STERADIAN.) SOLID_ANGLE_UNIT() );
#10893 = UNCERTAINTY_MEASURE_WITH_UNIT(LENGTH_MEASURE(1.E-07),#10890,
  'distance_accuracy_value','confusion accuracy');
#10894 = CONTEXT_DEPENDENT_SHAPE_REPRESENTATION(#10895,#10897);
#10895 = ( REPRESENTATION_RELATIONSHIP('','',#10738,#8160) 
REPRESENTATION_RELATIONSHIP_WITH_TRANSFORMATION(#10896) 
SHAPE_REPRESENTATION_RELATIONSHIP() );
#10896 = ITEM_DEFINED_TRANSFORMATION('','',#11,#8237);
#10897 = PRODUCT_DEFINITION_SHAPE('Placement','Placement of an item',
  #10898);
#10898 = NEXT_ASSEMBLY_USAGE_OCCURRENCE('81','Modulboden001','',#8155,
  #10733,$);
#10899 = PRODUCT_RELATED_PRODUCT_CATEGORY('part',$,(#10735));
#10900 = SHAPE_DEFINITION_REPRESENTATION(#10901,#10907);
#10901 = PRODUCT_DEFINITION_SHAPE('','',#10902);
#10902 = PRODUCT_DEFINITION('design','',#10903,#10906);
#10903 = PRODUCT_DEFINITION_FORMATION('','',#10904);
#10904 = PRODUCT('AblaufStutzen','AblaufStutzen','',(#10905));
#10905 = PRODUCT_CONTEXT('',#2,'mechanical');
#10906 = PRODUCT_DEFINITION_CONTEXT('part definition',#2,'design');
#10907 = ADVANCED_BREP_SHAPE_REPRESENTATION('',(#11,#10908),#10961);
#10908 = MANIFOLD_SOLID_BREP('',#10909);
#10909 = CLOSED_SHELL('',(#10910,#10943,#10952));
#10910 = ADVANCED_FACE('',(#10911),#10938,.T.);
#10911 = FACE_BOUND('',#10912,.F.);
#10912 = EDGE_LOOP('',(#10913,#10923,#10930,#10931));
#10913 = ORIENTED_EDGE('',*,*,#10914,.T.);
#10914 = EDGE_CURVE('',#10915,#10917,#10919,.T.);
#10915 = VERTEX_POINT('',#10916);
#10916 = CARTESIAN_POINT('',(10.,-2.449293598295E-15,0.));
#10917 = VERTEX_POINT('',#10918);
#10918 = CARTESIAN_POINT('',(10.,-2.449293598295E-15,28.));
#10919 = LINE('',#10920,#10921);
#10920 = CARTESIAN_POINT('',(10.,-2.449293598295E-15,0.));
#10921 = VECTOR('',#10922,1.);
#10922 = DIRECTION('',(0.,0.,1.));
#10923 = ORIENTED_EDGE('',*,*,#10924,.T.);
#10924 = EDGE_CURVE('',#10917,#10917,#10925,.T.);
#10925 = CIRCLE('',#10926,10.);
#10926 = AXIS2_PLACEMENT_3D('',#10927,#10928,#10929);
#10927 = CARTESIAN_POINT('',(0.,0.,28.));
#10928 = DIRECTION('',(0.,0.,1.));
#10929 = DIRECTION('',(1.,0.,-0.));
#10930 = ORIENTED_EDGE('',*,*,#10914,.F.);
#10931 = ORIENTED_EDGE('',*,*,#10932,.F.);
#10932 = EDGE_CURVE('',#10915,#10915,#10933,.T.);
#10933 = CIRCLE('',#10934,10.);
#10934 = AXIS2_PLACEMENT_3D('',#10935,#10936,#10937);
#10935 = CARTESIAN_POINT('',(0.,0.,0.));
#10936 = DIRECTION('',(0.,0.,1.));
#10937 = DIRECTION('',(1.,0.,-0.));
#10938 = CYLINDRICAL_SURFACE('',#10939,10.);
#10939 = AXIS2_PLACEMENT_3D('',#10940,#10941,#10942);
#10940 = CARTESIAN_POINT('',(0.,0.,0.));
#10941 = DIRECTION('',(-0.,-0.,-1.));
#10942 = DIRECTION('',(1.,0.,-0.));
#10943 = ADVANCED_FACE('',(#10944),#10947,.F.);
#10944 = FACE_BOUND('',#10945,.T.);
#10945 = EDGE_LOOP('',(#10946));
#10946 = ORIENTED_EDGE('',*,*,#10932,.F.);
#10947 = PLANE('',#10948);
#10948 = AXIS2_PLACEMENT_3D('',#10949,#10950,#10951);
#10949 = CARTESIAN_POINT('',(0.,0.,0.));
#10950 = DIRECTION('',(0.,0.,1.));
#10951 = DIRECTION('',(1.,0.,-0.));
#10952 = ADVANCED_FACE('',(#10953),#10956,.T.);
#10953 = FACE_BOUND('',#10954,.F.);
#10954 = EDGE_LOOP('',(#10955));
#10955 = ORIENTED_EDGE('',*,*,#10924,.F.);
#10956 = PLANE('',#10957);
#10957 = AXIS2_PLACEMENT_3D('',#10958,#10959,#10960);
#10958 = CARTESIAN_POINT('',(0.,0.,28.));
#10959 = DIRECTION('',(0.,0.,1.));
#10960 = DIRECTION('',(1.,0.,-0.));
#10961 = ( GEOMETRIC_REPRESENTATION_CONTEXT(3) 
GLOBAL_UNCERTAINTY_ASSIGNED_CONTEXT((#10965)) 
GLOBAL_UNIT_ASSIGNED_CONTEXT((#10962,#10963,#10964)) 
REPRESENTATION_CONTEXT('Context #1',
  '3D Context with UNIT and UNCERTAINTY') );
#10962 = ( LENGTH_UNIT() NAMED_UNIT(*) SI_UNIT(.MILLI.,.METRE.) );
#10963 = ( NAMED_UNIT(*) PLANE_ANGLE_UNIT() SI_UNIT($,.RADIAN.) );
#10964 = ( NAMED_UNIT(*) SI_UNIT($,.STERADIAN.) SOLID_ANGLE_UNIT() );
#10965 = UNCERTAINTY_MEASURE_WITH_UNIT(LENGTH_MEASURE(1.E-07),#10962,
  'distance_accuracy_value','confusion accuracy');
#10966 = CONTEXT_DEPENDENT_SHAPE_REPRESENTATION(#10967,#10969);
#10967 = ( REPRESENTATION_RELATIONSHIP('','',#10907,#8160) 
REPRESENTATION_RELATIONSHIP_WITH_TRANSFORMATION(#10968) 
SHAPE_REPRESENTATION_RELATIONSHIP() );
#10968 = ITEM_DEFINED_TRANSFORMATION('','',#11,#8241);
#10969 = PRODUCT_DEFINITION_SHAPE('Placement','Placement of an item',
  #10970);
#10970 = NEXT_ASSEMBLY_USAGE_OCCURRENCE('82','AblaufStutzen','',#8155,
  #10902,$);
#10971 = PRODUCT_RELATED_PRODUCT_CATEGORY('part',$,(#10904));
#10972 = SHAPE_DEFINITION_REPRESENTATION(#10973,#10979);
#10973 = PRODUCT_DEFINITION_SHAPE('','',#10974);
#10974 = PRODUCT_DEFINITION('design','',#10975,#10978);
#10975 = PRODUCT_DEFINITION_FORMATION('','',#10976);
#10976 = PRODUCT('Anschlag_X_links','Anschlag_X_links','',(#10977));
#10977 = PRODUCT_CONTEXT('',#2,'mechanical');
#10978 = PRODUCT_DEFINITION_CONTEXT('part definition',#2,'design');
#10979 = ADVANCED_BREP_SHAPE_REPRESENTATION('',(#11,#10980),#11130);
#10980 = MANIFOLD_SOLID_BREP('',#10981);
#10981 = CLOSED_SHELL('',(#10982,#11022,#11062,#11084,#11106,#11118));
#10982 = ADVANCED_FACE('',(#10983),#11017,.F.);
#10983 = FACE_BOUND('',#10984,.F.);
#10984 = EDGE_LOOP('',(#10985,#10995,#11003,#11011));
#10985 = ORIENTED_EDGE('',*,*,#10986,.F.);
#10986 = EDGE_CURVE('',#10987,#10989,#10991,.T.);
#10987 = VERTEX_POINT('',#10988);
#10988 = CARTESIAN_POINT('',(0.,0.,0.));
#10989 = VERTEX_POINT('',#10990);
#10990 = CARTESIAN_POINT('',(0.,0.,8.));
#10991 = LINE('',#10992,#10993);
#10992 = CARTESIAN_POINT('',(0.,0.,0.));
#10993 = VECTOR('',#10994,1.);
#10994 = DIRECTION('',(0.,0.,1.));
#10995 = ORIENTED_EDGE('',*,*,#10996,.T.);
#10996 = EDGE_CURVE('',#10987,#10997,#10999,.T.);
#10997 = VERTEX_POINT('',#10998);
#10998 = CARTESIAN_POINT('',(0.,378.,0.));
#10999 = LINE('',#11000,#11001);
#11000 = CARTESIAN_POINT('',(0.,0.,0.));
#11001 = VECTOR('',#11002,1.);
#11002 = DIRECTION('',(-0.,1.,0.));
#11003 = ORIENTED_EDGE('',*,*,#11004,.T.);
#11004 = EDGE_CURVE('',#10997,#11005,#11007,.T.);
#11005 = VERTEX_POINT('',#11006);
#11006 = CARTESIAN_POINT('',(0.,378.,8.));
#11007 = LINE('',#11008,#11009);
#11008 = CARTESIAN_POINT('',(0.,378.,0.));
#11009 = VECTOR('',#11010,1.);
#11010 = DIRECTION('',(0.,0.,1.));
#11011 = ORIENTED_EDGE('',*,*,#11012,.F.);
#11012 = EDGE_CURVE('',#10989,#11005,#11013,.T.);
#11013 = LINE('',#11014,#11015);
#11014 = CARTESIAN_POINT('',(0.,0.,8.));
#11015 = VECTOR('',#11016,1.);
#11016 = DIRECTION('',(-0.,1.,0.));
#11017 = PLANE('',#11018);
#11018 = AXIS2_PLACEMENT_3D('',#11019,#11020,#11021);
#11019 = CARTESIAN_POINT('',(0.,0.,0.));
#11020 = DIRECTION('',(1.,0.,-0.));
#11021 = DIRECTION('',(0.,0.,1.));
#11022 = ADVANCED_FACE('',(#11023),#11057,.T.);
#11023 = FACE_BOUND('',#11024,.T.);
#11024 = EDGE_LOOP('',(#11025,#11035,#11043,#11051));
#11025 = ORIENTED_EDGE('',*,*,#11026,.F.);
#11026 = EDGE_CURVE('',#11027,#11029,#11031,.T.);
#11027 = VERTEX_POINT('',#11028);
#11028 = CARTESIAN_POINT('',(1.,0.,0.));
#11029 = VERTEX_POINT('',#11030);
#11030 = CARTESIAN_POINT('',(1.,0.,8.));
#11031 = LINE('',#11032,#11033);
#11032 = CARTESIAN_POINT('',(1.,0.,0.));
#11033 = VECTOR('',#11034,1.);
#11034 = DIRECTION('',(0.,0.,1.));
#11035 = ORIENTED_EDGE('',*,*,#11036,.T.);
#11036 = EDGE_CURVE('',#11027,#11037,#11039,.T.);
#11037 = VERTEX_POINT('',#11038);
#11038 = CARTESIAN_POINT('',(1.,378.,0.));
#11039 = LINE('',#11040,#11041);
#11040 = CARTESIAN_POINT('',(1.,0.,0.));
#11041 = VECTOR('',#11042,1.);
#11042 = DIRECTION('',(-0.,1.,0.));
#11043 = ORIENTED_EDGE('',*,*,#11044,.T.);
#11044 = EDGE_CURVE('',#11037,#11045,#11047,.T.);
#11045 = VERTEX_POINT('',#11046);
#11046 = CARTESIAN_POINT('',(1.,378.,8.));
#11047 = LINE('',#11048,#11049);
#11048 = CARTESIAN_POINT('',(1.,378.,0.));
#11049 = VECTOR('',#11050,1.);
#11050 = DIRECTION('',(0.,0.,1.));
#11051 = ORIENTED_EDGE('',*,*,#11052,.F.);
#11052 = EDGE_CURVE('',#11029,#11045,#11053,.T.);
#11053 = LINE('',#11054,#11055);
#11054 = CARTESIAN_POINT('',(1.,0.,8.));
#11055 = VECTOR('',#11056,1.);
#11056 = DIRECTION('',(-0.,1.,0.));
#11057 = PLANE('',#11058);
#11058 = AXIS2_PLACEMENT_3D('',#11059,#11060,#11061);
#11059 = CARTESIAN_POINT('',(1.,0.,0.));
#11060 = DIRECTION('',(1.,0.,-0.));
#11061 = DIRECTION('',(0.,0.,1.));
#11062 = ADVANCED_FACE('',(#11063),#11079,.F.);
#11063 = FACE_BOUND('',#11064,.F.);
#11064 = EDGE_LOOP('',(#11065,#11071,#11072,#11078));
#11065 = ORIENTED_EDGE('',*,*,#11066,.F.);
#11066 = EDGE_CURVE('',#10987,#11027,#11067,.T.);
#11067 = LINE('',#11068,#11069);
#11068 = CARTESIAN_POINT('',(0.,0.,0.));
#11069 = VECTOR('',#11070,1.);
#11070 = DIRECTION('',(1.,0.,-0.));
#11071 = ORIENTED_EDGE('',*,*,#10986,.T.);
#11072 = ORIENTED_EDGE('',*,*,#11073,.T.);
#11073 = EDGE_CURVE('',#10989,#11029,#11074,.T.);
#11074 = LINE('',#11075,#11076);
#11075 = CARTESIAN_POINT('',(0.,0.,8.));
#11076 = VECTOR('',#11077,1.);
#11077 = DIRECTION('',(1.,0.,-0.));
#11078 = ORIENTED_EDGE('',*,*,#11026,.F.);
#11079 = PLANE('',#11080);
#11080 = AXIS2_PLACEMENT_3D('',#11081,#11082,#11083);
#11081 = CARTESIAN_POINT('',(0.,0.,0.));
#11082 = DIRECTION('',(-0.,1.,0.));
#11083 = DIRECTION('',(0.,0.,1.));
#11084 = ADVANCED_FACE('',(#11085),#11101,.T.);
#11085 = FACE_BOUND('',#11086,.T.);
#11086 = EDGE_LOOP('',(#11087,#11093,#11094,#11100));
#11087 = ORIENTED_EDGE('',*,*,#11088,.F.);
#11088 = EDGE_CURVE('',#10997,#11037,#11089,.T.);
#11089 = LINE('',#11090,#11091);
#11090 = CARTESIAN_POINT('',(0.,378.,0.));
#11091 = VECTOR('',#11092,1.);
#11092 = DIRECTION('',(1.,0.,-0.));
#11093 = ORIENTED_EDGE('',*,*,#11004,.T.);
#11094 = ORIENTED_EDGE('',*,*,#11095,.T.);
#11095 = EDGE_CURVE('',#11005,#11045,#11096,.T.);
#11096 = LINE('',#11097,#11098);
#11097 = CARTESIAN_POINT('',(0.,378.,8.));
#11098 = VECTOR('',#11099,1.);
#11099 = DIRECTION('',(1.,0.,-0.));
#11100 = ORIENTED_EDGE('',*,*,#11044,.F.);
#11101 = PLANE('',#11102);
#11102 = AXIS2_PLACEMENT_3D('',#11103,#11104,#11105);
#11103 = CARTESIAN_POINT('',(0.,378.,0.));
#11104 = DIRECTION('',(-0.,1.,0.));
#11105 = DIRECTION('',(0.,0.,1.));
#11106 = ADVANCED_FACE('',(#11107),#11113,.F.);
#11107 = FACE_BOUND('',#11108,.F.);
#11108 = EDGE_LOOP('',(#11109,#11110,#11111,#11112));
#11109 = ORIENTED_EDGE('',*,*,#10996,.F.);
#11110 = ORIENTED_EDGE('',*,*,#11066,.T.);
#11111 = ORIENTED_EDGE('',*,*,#11036,.T.);
#11112 = ORIENTED_EDGE('',*,*,#11088,.F.);
#11113 = PLANE('',#11114);
#11114 = AXIS2_PLACEMENT_3D('',#11115,#11116,#11117);
#11115 = CARTESIAN_POINT('',(0.,0.,0.));
#11116 = DIRECTION('',(0.,0.,1.));
#11117 = DIRECTION('',(1.,0.,-0.));
#11118 = ADVANCED_FACE('',(#11119),#11125,.T.);
#11119 = FACE_BOUND('',#11120,.T.);
#11120 = EDGE_LOOP('',(#11121,#11122,#11123,#11124));
#11121 = ORIENTED_EDGE('',*,*,#11012,.F.);
#11122 = ORIENTED_EDGE('',*,*,#11073,.T.);
#11123 = ORIENTED_EDGE('',*,*,#11052,.T.);
#11124 = ORIENTED_EDGE('',*,*,#11095,.F.);
#11125 = PLANE('',#11126);
#11126 = AXIS2_PLACEMENT_3D('',#11127,#11128,#11129);
#11127 = CARTESIAN_POINT('',(0.,0.,8.));
#11128 = DIRECTION('',(0.,0.,1.));
#11129 = DIRECTION('',(1.,0.,-0.));
#11130 = ( GEOMETRIC_REPRESENTATION_CONTEXT(3) 
GLOBAL_UNCERTAINTY_ASSIGNED_CONTEXT((#11134)) 
GLOBAL_UNIT_ASSIGNED_CONTEXT((#11131,#11132,#11133)) 
REPRESENTATION_CONTEXT('Context #1',
  '3D Context with UNIT and UNCERTAINTY') );
#11131 = ( LENGTH_UNIT() NAMED_UNIT(*) SI_UNIT(.MILLI.,.METRE.) );
#11132 = ( NAMED_UNIT(*) PLANE_ANGLE_UNIT() SI_UNIT($,.RADIAN.) );
#11133 = ( NAMED_UNIT(*) SI_UNIT($,.STERADIAN.) SOLID_ANGLE_UNIT() );
#11134 = UNCERTAINTY_MEASURE_WITH_UNIT(LENGTH_MEASURE(1.E-07),#11131,
  'distance_accuracy_value','confusion accuracy');
#11135 = CONTEXT_DEPENDENT_SHAPE_REPRESENTATION(#11136,#11138);
#11136 = ( REPRESENTATION_RELATIONSHIP('','',#10979,#8160) 
REPRESENTATION_RELATIONSHIP_WITH_TRANSFORMATION(#11137) 
SHAPE_REPRESENTATION_RELATIONSHIP() );
#11137 = ITEM_DEFINED_TRANSFORMATION('','',#11,#8245);
#11138 = PRODUCT_DEFINITION_SHAPE('Placement','Placement of an item',
  #11139);
#11139 = NEXT_ASSEMBLY_USAGE_OCCURRENCE('83','Anschlag_X_links','',#8155
  ,#10974,$);
#11140 = PRODUCT_RELATED_PRODUCT_CATEGORY('part',$,(#10976));
#11141 = SHAPE_DEFINITION_REPRESENTATION(#11142,#11148);
#11142 = PRODUCT_DEFINITION_SHAPE('','',#11143);
#11143 = PRODUCT_DEFINITION('design','',#11144,#11147);
#11144 = PRODUCT_DEFINITION_FORMATION('','',#11145);
#11145 = PRODUCT('Anschlag_X_rechts','Anschlag_X_rechts','',(#11146));
#11146 = PRODUCT_CONTEXT('',#2,'mechanical');
#11147 = PRODUCT_DEFINITION_CONTEXT('part definition',#2,'design');
#11148 = ADVANCED_BREP_SHAPE_REPRESENTATION('',(#11,#11149),#11299);
#11149 = MANIFOLD_SOLID_BREP('',#11150);
#11150 = CLOSED_SHELL('',(#11151,#11191,#11231,#11253,#11275,#11287));
#11151 = ADVANCED_FACE('',(#11152),#11186,.F.);
#11152 = FACE_BOUND('',#11153,.F.);
#11153 = EDGE_LOOP('',(#11154,#11164,#11172,#11180));
#11154 = ORIENTED_EDGE('',*,*,#11155,.F.);
#11155 = EDGE_CURVE('',#11156,#11158,#11160,.T.);
#11156 = VERTEX_POINT('',#11157);
#11157 = CARTESIAN_POINT('',(0.,0.,0.));
#11158 = VERTEX_POINT('',#11159);
#11159 = CARTESIAN_POINT('',(0.,0.,8.));
#11160 = LINE('',#11161,#11162);
#11161 = CARTESIAN_POINT('',(0.,0.,0.));
#11162 = VECTOR('',#11163,1.);
#11163 = DIRECTION('',(0.,0.,1.));
#11164 = ORIENTED_EDGE('',*,*,#11165,.T.);
#11165 = EDGE_CURVE('',#11156,#11166,#11168,.T.);
#11166 = VERTEX_POINT('',#11167);
#11167 = CARTESIAN_POINT('',(0.,378.,0.));
#11168 = LINE('',#11169,#11170);
#11169 = CARTESIAN_POINT('',(0.,0.,0.));
#11170 = VECTOR('',#11171,1.);
#11171 = DIRECTION('',(-0.,1.,0.));
#11172 = ORIENTED_EDGE('',*,*,#11173,.T.);
#11173 = EDGE_CURVE('',#11166,#11174,#11176,.T.);
#11174 = VERTEX_POINT('',#11175);
#11175 = CARTESIAN_POINT('',(0.,378.,8.));
#11176 = LINE('',#11177,#11178);
#11177 = CARTESIAN_POINT('',(0.,378.,0.));
#11178 = VECTOR('',#11179,1.);
#11179 = DIRECTION('',(0.,0.,1.));
#11180 = ORIENTED_EDGE('',*,*,#11181,.F.);
#11181 = EDGE_CURVE('',#11158,#11174,#11182,.T.);
#11182 = LINE('',#11183,#11184);
#11183 = CARTESIAN_POINT('',(0.,0.,8.));
#11184 = VECTOR('',#11185,1.);
#11185 = DIRECTION('',(-0.,1.,0.));
#11186 = PLANE('',#11187);
#11187 = AXIS2_PLACEMENT_3D('',#11188,#11189,#11190);
#11188 = CARTESIAN_POINT('',(0.,0.,0.));
#11189 = DIRECTION('',(1.,0.,-0.));
#11190 = DIRECTION('',(0.,0.,1.));
#11191 = ADVANCED_FACE('',(#11192),#11226,.T.);
#11192 = FACE_BOUND('',#11193,.T.);
#11193 = EDGE_LOOP('',(#11194,#11204,#11212,#11220));
#11194 = ORIENTED_EDGE('',*,*,#11195,.F.);
#11195 = EDGE_CURVE('',#11196,#11198,#11200,.T.);
#11196 = VERTEX_POINT('',#11197);
#11197 = CARTESIAN_POINT('',(1.,0.,0.));
#11198 = VERTEX_POINT('',#11199);
#11199 = CARTESIAN_POINT('',(1.,0.,8.));
#11200 = LINE('',#11201,#11202);
#11201 = CARTESIAN_POINT('',(1.,0.,0.));
#11202 = VECTOR('',#11203,1.);
#11203 = DIRECTION('',(0.,0.,1.));
#11204 = ORIENTED_EDGE('',*,*,#11205,.T.);
#11205 = EDGE_CURVE('',#11196,#11206,#11208,.T.);
#11206 = VERTEX_POINT('',#11207);
#11207 = CARTESIAN_POINT('',(1.,378.,0.));
#11208 = LINE('',#11209,#11210);
#11209 = CARTESIAN_POINT('',(1.,0.,0.));
#11210 = VECTOR('',#11211,1.);
#11211 = DIRECTION('',(-0.,1.,0.));
#11212 = ORIENTED_EDGE('',*,*,#11213,.T.);
#11213 = EDGE_CURVE('',#11206,#11214,#11216,.T.);
#11214 = VERTEX_POINT('',#11215);
#11215 = CARTESIAN_POINT('',(1.,378.,8.));
#11216 = LINE('',#11217,#11218);
#11217 = CARTESIAN_POINT('',(1.,378.,0.));
#11218 = VECTOR('',#11219,1.);
#11219 = DIRECTION('',(0.,0.,1.));
#11220 = ORIENTED_EDGE('',*,*,#11221,.F.);
#11221 = EDGE_CURVE('',#11198,#11214,#11222,.T.);
#11222 = LINE('',#11223,#11224);
#11223 = CARTESIAN_POINT('',(1.,0.,8.));
#11224 = VECTOR('',#11225,1.);
#11225 = DIRECTION('',(-0.,1.,0.));
#11226 = PLANE('',#11227);
#11227 = AXIS2_PLACEMENT_3D('',#11228,#11229,#11230);
#11228 = CARTESIAN_POINT('',(1.,0.,0.));
#11229 = DIRECTION('',(1.,0.,-0.));
#11230 = DIRECTION('',(0.,0.,1.));
#11231 = ADVANCED_FACE('',(#11232),#11248,.F.);
#11232 = FACE_BOUND('',#11233,.F.);
#11233 = EDGE_LOOP('',(#11234,#11240,#11241,#11247));
#11234 = ORIENTED_EDGE('',*,*,#11235,.F.);
#11235 = EDGE_CURVE('',#11156,#11196,#11236,.T.);
#11236 = LINE('',#11237,#11238);
#11237 = CARTESIAN_POINT('',(0.,0.,0.));
#11238 = VECTOR('',#11239,1.);
#11239 = DIRECTION('',(1.,0.,-0.));
#11240 = ORIENTED_EDGE('',*,*,#11155,.T.);
#11241 = ORIENTED_EDGE('',*,*,#11242,.T.);
#11242 = EDGE_CURVE('',#11158,#11198,#11243,.T.);
#11243 = LINE('',#11244,#11245);
#11244 = CARTESIAN_POINT('',(0.,0.,8.));
#11245 = VECTOR('',#11246,1.);
#11246 = DIRECTION('',(1.,0.,-0.));
#11247 = ORIENTED_EDGE('',*,*,#11195,.F.);
#11248 = PLANE('',#11249);
#11249 = AXIS2_PLACEMENT_3D('',#11250,#11251,#11252);
#11250 = CARTESIAN_POINT('',(0.,0.,0.));
#11251 = DIRECTION('',(-0.,1.,0.));
#11252 = DIRECTION('',(0.,0.,1.));
#11253 = ADVANCED_FACE('',(#11254),#11270,.T.);
#11254 = FACE_BOUND('',#11255,.T.);
#11255 = EDGE_LOOP('',(#11256,#11262,#11263,#11269));
#11256 = ORIENTED_EDGE('',*,*,#11257,.F.);
#11257 = EDGE_CURVE('',#11166,#11206,#11258,.T.);
#11258 = LINE('',#11259,#11260);
#11259 = CARTESIAN_POINT('',(0.,378.,0.));
#11260 = VECTOR('',#11261,1.);
#11261 = DIRECTION('',(1.,0.,-0.));
#11262 = ORIENTED_EDGE('',*,*,#11173,.T.);
#11263 = ORIENTED_EDGE('',*,*,#11264,.T.);
#11264 = EDGE_CURVE('',#11174,#11214,#11265,.T.);
#11265 = LINE('',#11266,#11267);
#11266 = CARTESIAN_POINT('',(0.,378.,8.));
#11267 = VECTOR('',#11268,1.);
#11268 = DIRECTION('',(1.,0.,-0.));
#11269 = ORIENTED_EDGE('',*,*,#11213,.F.);
#11270 = PLANE('',#11271);
#11271 = AXIS2_PLACEMENT_3D('',#11272,#11273,#11274);
#11272 = CARTESIAN_POINT('',(0.,378.,0.));
#11273 = DIRECTION('',(-0.,1.,0.));
#11274 = DIRECTION('',(0.,0.,1.));
#11275 = ADVANCED_FACE('',(#11276),#11282,.F.);
#11276 = FACE_BOUND('',#11277,.F.);
#11277 = EDGE_LOOP('',(#11278,#11279,#11280,#11281));
#11278 = ORIENTED_EDGE('',*,*,#11165,.F.);
#11279 = ORIENTED_EDGE('',*,*,#11235,.T.);
#11280 = ORIENTED_EDGE('',*,*,#11205,.T.);
#11281 = ORIENTED_EDGE('',*,*,#11257,.F.);
#11282 = PLANE('',#11283);
#11283 = AXIS2_PLACEMENT_3D('',#11284,#11285,#11286);
#11284 = CARTESIAN_POINT('',(0.,0.,0.));
#11285 = DIRECTION('',(0.,0.,1.));
#11286 = DIRECTION('',(1.,0.,-0.));
#11287 = ADVANCED_FACE('',(#11288),#11294,.T.);
#11288 = FACE_BOUND('',#11289,.T.);
#11289 = EDGE_LOOP('',(#11290,#11291,#11292,#11293));
#11290 = ORIENTED_EDGE('',*,*,#11181,.F.);
#11291 = ORIENTED_EDGE('',*,*,#11242,.T.);
#11292 = ORIENTED_EDGE('',*,*,#11221,.T.);
#11293 = ORIENTED_EDGE('',*,*,#11264,.F.);
#11294 = PLANE('',#11295);
#11295 = AXIS2_PLACEMENT_3D('',#11296,#11297,#11298);
#11296 = CARTESIAN_POINT('',(0.,0.,8.));
#11297 = DIRECTION('',(0.,0.,1.));
#11298 = DIRECTION('',(1.,0.,-0.));
#11299 = ( GEOMETRIC_REPRESENTATION_CONTEXT(3) 
GLOBAL_UNCERTAINTY_ASSIGNED_CONTEXT((#11303)) 
GLOBAL_UNIT_ASSIGNED_CONTEXT((#11300,#11301,#11302)) 
REPRESENTATION_CONTEXT('Context #1',
  '3D Context with UNIT and UNCERTAINTY') );
#11300 = ( LENGTH_UNIT() NAMED_UNIT(*) SI_UNIT(.MILLI.,.METRE.) );
#11301 = ( NAMED_UNIT(*) PLANE_ANGLE_UNIT() SI_UNIT($,.RADIAN.) );
#11302 = ( NAMED_UNIT(*) SI_UNIT($,.STERADIAN.) SOLID_ANGLE_UNIT() );
#11303 = UNCERTAINTY_MEASURE_WITH_UNIT(LENGTH_MEASURE(1.E-07),#11300,
  'distance_accuracy_value','confusion accuracy');
#11304 = CONTEXT_DEPENDENT_SHAPE_REPRESENTATION(#11305,#11307);
#11305 = ( REPRESENTATION_RELATIONSHIP('','',#11148,#8160) 
REPRESENTATION_RELATIONSHIP_WITH_TRANSFORMATION(#11306) 
SHAPE_REPRESENTATION_RELATIONSHIP() );
#11306 = ITEM_DEFINED_TRANSFORMATION('','',#11,#8249);
#11307 = PRODUCT_DEFINITION_SHAPE('Placement','Placement of an item',
  #11308);
#11308 = NEXT_ASSEMBLY_USAGE_OCCURRENCE('84','Anschlag_X_rechts','',
  #8155,#11143,$);
#11309 = PRODUCT_RELATED_PRODUCT_CATEGORY('part',$,(#11145));
#11310 = SHAPE_DEFINITION_REPRESENTATION(#11311,#11317);
#11311 = PRODUCT_DEFINITION_SHAPE('','',#11312);
#11312 = PRODUCT_DEFINITION('design','',#11313,#11316);
#11313 = PRODUCT_DEFINITION_FORMATION('','',#11314);
#11314 = PRODUCT('Anschlag_Y_hinten','Anschlag_Y_hinten','',(#11315));
#11315 = PRODUCT_CONTEXT('',#2,'mechanical');
#11316 = PRODUCT_DEFINITION_CONTEXT('part definition',#2,'design');
#11317 = ADVANCED_BREP_SHAPE_REPRESENTATION('',(#11,#11318),#11468);
#11318 = MANIFOLD_SOLID_BREP('',#11319);
#11319 = CLOSED_SHELL('',(#11320,#11360,#11400,#11422,#11444,#11456));
#11320 = ADVANCED_FACE('',(#11321),#11355,.F.);
#11321 = FACE_BOUND('',#11322,.F.);
#11322 = EDGE_LOOP('',(#11323,#11333,#11341,#11349));
#11323 = ORIENTED_EDGE('',*,*,#11324,.F.);
#11324 = EDGE_CURVE('',#11325,#11327,#11329,.T.);
#11325 = VERTEX_POINT('',#11326);
#11326 = CARTESIAN_POINT('',(0.,0.,0.));
#11327 = VERTEX_POINT('',#11328);
#11328 = CARTESIAN_POINT('',(0.,0.,8.));
#11329 = LINE('',#11330,#11331);
#11330 = CARTESIAN_POINT('',(0.,0.,0.));
#11331 = VECTOR('',#11332,1.);
#11332 = DIRECTION('',(0.,0.,1.));
#11333 = ORIENTED_EDGE('',*,*,#11334,.T.);
#11334 = EDGE_CURVE('',#11325,#11335,#11337,.T.);
#11335 = VERTEX_POINT('',#11336);
#11336 = CARTESIAN_POINT('',(0.,1.,0.));
#11337 = LINE('',#11338,#11339);
#11338 = CARTESIAN_POINT('',(0.,0.,0.));
#11339 = VECTOR('',#11340,1.);
#11340 = DIRECTION('',(-0.,1.,0.));
#11341 = ORIENTED_EDGE('',*,*,#11342,.T.);
#11342 = EDGE_CURVE('',#11335,#11343,#11345,.T.);
#11343 = VERTEX_POINT('',#11344);
#11344 = CARTESIAN_POINT('',(0.,1.,8.));
#11345 = LINE('',#11346,#11347);
#11346 = CARTESIAN_POINT('',(0.,1.,0.));
#11347 = VECTOR('',#11348,1.);
#11348 = DIRECTION('',(0.,0.,1.));
#11349 = ORIENTED_EDGE('',*,*,#11350,.F.);
#11350 = EDGE_CURVE('',#11327,#11343,#11351,.T.);
#11351 = LINE('',#11352,#11353);
#11352 = CARTESIAN_POINT('',(0.,0.,8.));
#11353 = VECTOR('',#11354,1.);
#11354 = DIRECTION('',(-0.,1.,0.));
#11355 = PLANE('',#11356);
#11356 = AXIS2_PLACEMENT_3D('',#11357,#11358,#11359);
#11357 = CARTESIAN_POINT('',(0.,0.,0.));
#11358 = DIRECTION('',(1.,0.,-0.));
#11359 = DIRECTION('',(0.,0.,1.));
#11360 = ADVANCED_FACE('',(#11361),#11395,.T.);
#11361 = FACE_BOUND('',#11362,.T.);
#11362 = EDGE_LOOP('',(#11363,#11373,#11381,#11389));
#11363 = ORIENTED_EDGE('',*,*,#11364,.F.);
#11364 = EDGE_CURVE('',#11365,#11367,#11369,.T.);
#11365 = VERTEX_POINT('',#11366);
#11366 = CARTESIAN_POINT('',(354.,0.,0.));
#11367 = VERTEX_POINT('',#11368);
#11368 = CARTESIAN_POINT('',(354.,0.,8.));
#11369 = LINE('',#11370,#11371);
#11370 = CARTESIAN_POINT('',(354.,0.,0.));
#11371 = VECTOR('',#11372,1.);
#11372 = DIRECTION('',(0.,0.,1.));
#11373 = ORIENTED_EDGE('',*,*,#11374,.T.);
#11374 = EDGE_CURVE('',#11365,#11375,#11377,.T.);
#11375 = VERTEX_POINT('',#11376);
#11376 = CARTESIAN_POINT('',(354.,1.,0.));
#11377 = LINE('',#11378,#11379);
#11378 = CARTESIAN_POINT('',(354.,0.,0.));
#11379 = VECTOR('',#11380,1.);
#11380 = DIRECTION('',(-0.,1.,0.));
#11381 = ORIENTED_EDGE('',*,*,#11382,.T.);
#11382 = EDGE_CURVE('',#11375,#11383,#11385,.T.);
#11383 = VERTEX_POINT('',#11384);
#11384 = CARTESIAN_POINT('',(354.,1.,8.));
#11385 = LINE('',#11386,#11387);
#11386 = CARTESIAN_POINT('',(354.,1.,0.));
#11387 = VECTOR('',#11388,1.);
#11388 = DIRECTION('',(0.,0.,1.));
#11389 = ORIENTED_EDGE('',*,*,#11390,.F.);
#11390 = EDGE_CURVE('',#11367,#11383,#11391,.T.);
#11391 = LINE('',#11392,#11393);
#11392 = CARTESIAN_POINT('',(354.,0.,8.));
#11393 = VECTOR('',#11394,1.);
#11394 = DIRECTION('',(-0.,1.,0.));
#11395 = PLANE('',#11396);
#11396 = AXIS2_PLACEMENT_3D('',#11397,#11398,#11399);
#11397 = CARTESIAN_POINT('',(354.,0.,0.));
#11398 = DIRECTION('',(1.,0.,-0.));
#11399 = DIRECTION('',(0.,0.,1.));
#11400 = ADVANCED_FACE('',(#11401),#11417,.F.);
#11401 = FACE_BOUND('',#11402,.F.);
#11402 = EDGE_LOOP('',(#11403,#11409,#11410,#11416));
#11403 = ORIENTED_EDGE('',*,*,#11404,.F.);
#11404 = EDGE_CURVE('',#11325,#11365,#11405,.T.);
#11405 = LINE('',#11406,#11407);
#11406 = CARTESIAN_POINT('',(0.,0.,0.));
#11407 = VECTOR('',#11408,1.);
#11408 = DIRECTION('',(1.,0.,-0.));
#11409 = ORIENTED_EDGE('',*,*,#11324,.T.);
#11410 = ORIENTED_EDGE('',*,*,#11411,.T.);
#11411 = EDGE_CURVE('',#11327,#11367,#11412,.T.);
#11412 = LINE('',#11413,#11414);
#11413 = CARTESIAN_POINT('',(0.,0.,8.));
#11414 = VECTOR('',#11415,1.);
#11415 = DIRECTION('',(1.,0.,-0.));
#11416 = ORIENTED_EDGE('',*,*,#11364,.F.);
#11417 = PLANE('',#11418);
#11418 = AXIS2_PLACEMENT_3D('',#11419,#11420,#11421);
#11419 = CARTESIAN_POINT('',(0.,0.,0.));
#11420 = DIRECTION('',(-0.,1.,0.));
#11421 = DIRECTION('',(0.,0.,1.));
#11422 = ADVANCED_FACE('',(#11423),#11439,.T.);
#11423 = FACE_BOUND('',#11424,.T.);
#11424 = EDGE_LOOP('',(#11425,#11431,#11432,#11438));
#11425 = ORIENTED_EDGE('',*,*,#11426,.F.);
#11426 = EDGE_CURVE('',#11335,#11375,#11427,.T.);
#11427 = LINE('',#11428,#11429);
#11428 = CARTESIAN_POINT('',(0.,1.,0.));
#11429 = VECTOR('',#11430,1.);
#11430 = DIRECTION('',(1.,0.,-0.));
#11431 = ORIENTED_EDGE('',*,*,#11342,.T.);
#11432 = ORIENTED_EDGE('',*,*,#11433,.T.);
#11433 = EDGE_CURVE('',#11343,#11383,#11434,.T.);
#11434 = LINE('',#11435,#11436);
#11435 = CARTESIAN_POINT('',(0.,1.,8.));
#11436 = VECTOR('',#11437,1.);
#11437 = DIRECTION('',(1.,0.,-0.));
#11438 = ORIENTED_EDGE('',*,*,#11382,.F.);
#11439 = PLANE('',#11440);
#11440 = AXIS2_PLACEMENT_3D('',#11441,#11442,#11443);
#11441 = CARTESIAN_POINT('',(0.,1.,0.));
#11442 = DIRECTION('',(-0.,1.,0.));
#11443 = DIRECTION('',(0.,0.,1.));
#11444 = ADVANCED_FACE('',(#11445),#11451,.F.);
#11445 = FACE_BOUND('',#11446,.F.);
#11446 = EDGE_LOOP('',(#11447,#11448,#11449,#11450));
#11447 = ORIENTED_EDGE('',*,*,#11334,.F.);
#11448 = ORIENTED_EDGE('',*,*,#11404,.T.);
#11449 = ORIENTED_EDGE('',*,*,#11374,.T.);
#11450 = ORIENTED_EDGE('',*,*,#11426,.F.);
#11451 = PLANE('',#11452);
#11452 = AXIS2_PLACEMENT_3D('',#11453,#11454,#11455);
#11453 = CARTESIAN_POINT('',(0.,0.,0.));
#11454 = DIRECTION('',(0.,0.,1.));
#11455 = DIRECTION('',(1.,0.,-0.));
#11456 = ADVANCED_FACE('',(#11457),#11463,.T.);
#11457 = FACE_BOUND('',#11458,.T.);
#11458 = EDGE_LOOP('',(#11459,#11460,#11461,#11462));
#11459 = ORIENTED_EDGE('',*,*,#11350,.F.);
#11460 = ORIENTED_EDGE('',*,*,#11411,.T.);
#11461 = ORIENTED_EDGE('',*,*,#11390,.T.);
#11462 = ORIENTED_EDGE('',*,*,#11433,.F.);
#11463 = PLANE('',#11464);
#11464 = AXIS2_PLACEMENT_3D('',#11465,#11466,#11467);
#11465 = CARTESIAN_POINT('',(0.,0.,8.));
#11466 = DIRECTION('',(0.,0.,1.));
#11467 = DIRECTION('',(1.,0.,-0.));
#11468 = ( GEOMETRIC_REPRESENTATION_CONTEXT(3) 
GLOBAL_UNCERTAINTY_ASSIGNED_CONTEXT((#11472)) 
GLOBAL_UNIT_ASSIGNED_CONTEXT((#11469,#11470,#11471)) 
REPRESENTATION_CONTEXT('Context #1',
  '3D Context with UNIT and UNCERTAINTY') );
#11469 = ( LENGTH_UNIT() NAMED_UNIT(*) SI_UNIT(.MILLI.,.METRE.) );
#11470 = ( NAMED_UNIT(*) PLANE_ANGLE_UNIT() SI_UNIT($,.RADIAN.) );
#11471 = ( NAMED_UNIT(*) SI_UNIT($,.STERADIAN.) SOLID_ANGLE_UNIT() );
#11472 = UNCERTAINTY_MEASURE_WITH_UNIT(LENGTH_MEASURE(1.E-07),#11469,
  'distance_accuracy_value','confusion accuracy');
#11473 = CONTEXT_DEPENDENT_SHAPE_REPRESENTATION(#11474,#11476);
#11474 = ( REPRESENTATION_RELATIONSHIP('','',#11317,#8160) 
REPRESENTATION_RELATIONSHIP_WITH_TRANSFORMATION(#11475) 
SHAPE_REPRESENTATION_RELATIONSHIP() );
#11475 = ITEM_DEFINED_TRANSFORMATION('','',#11,#8253);
#11476 = PRODUCT_DEFINITION_SHAPE('Placement','Placement of an item',
  #11477);
#11477 = NEXT_ASSEMBLY_USAGE_OCCURRENCE('85','Anschlag_Y_hinten','',
  #8155,#11312,$);
#11478 = PRODUCT_RELATED_PRODUCT_CATEGORY('part',$,(#11314));
#11479 = SHAPE_DEFINITION_REPRESENTATION(#11480,#11486);
#11480 = PRODUCT_DEFINITION_SHAPE('','',#11481);
#11481 = PRODUCT_DEFINITION('design','',#11482,#11485);
#11482 = PRODUCT_DEFINITION_FORMATION('','',#11483);
#11483 = PRODUCT('Modulschale_offen','Modulschale_offen','',(#11484));
#11484 = PRODUCT_CONTEXT('',#2,'mechanical');
#11485 = PRODUCT_DEFINITION_CONTEXT('part definition',#2,'design');
#11486 = ADVANCED_BREP_SHAPE_REPRESENTATION('',(#11,#11487),#11960);
#11487 = MANIFOLD_SOLID_BREP('',#11488);
#11488 = CLOSED_SHELL('',(#11489,#11529,#11594,#11618,#11653,#11670,
    #11682,#11713,#11737,#11761,#11778,#11803,#11849,#11892,#11914,
    #11931,#11948));
#11489 = ADVANCED_FACE('',(#11490),#11524,.F.);
#11490 = FACE_BOUND('',#11491,.F.);
#11491 = EDGE_LOOP('',(#11492,#11502,#11510,#11518));
#11492 = ORIENTED_EDGE('',*,*,#11493,.F.);
#11493 = EDGE_CURVE('',#11494,#11496,#11498,.T.);
#11494 = VERTEX_POINT('',#11495);
#11495 = CARTESIAN_POINT('',(0.,0.,0.));
#11496 = VERTEX_POINT('',#11497);
#11497 = CARTESIAN_POINT('',(0.,0.,384.));
#11498 = LINE('',#11499,#11500);
#11499 = CARTESIAN_POINT('',(0.,0.,0.));
#11500 = VECTOR('',#11501,1.);
#11501 = DIRECTION('',(0.,0.,1.));
#11502 = ORIENTED_EDGE('',*,*,#11503,.T.);
#11503 = EDGE_CURVE('',#11494,#11504,#11506,.T.);
#11504 = VERTEX_POINT('',#11505);
#11505 = CARTESIAN_POINT('',(0.,422.,0.));
#11506 = LINE('',#11507,#11508);
#11507 = CARTESIAN_POINT('',(0.,0.,0.));
#11508 = VECTOR('',#11509,1.);
#11509 = DIRECTION('',(0.,1.,0.));
#11510 = ORIENTED_EDGE('',*,*,#11511,.T.);
#11511 = EDGE_CURVE('',#11504,#11512,#11514,.T.);
#11512 = VERTEX_POINT('',#11513);
#11513 = CARTESIAN_POINT('',(0.,422.,384.));
#11514 = LINE('',#11515,#11516);
#11515 = CARTESIAN_POINT('',(0.,422.,0.));
#11516 = VECTOR('',#11517,1.);
#11517 = DIRECTION('',(0.,0.,1.));
#11518 = ORIENTED_EDGE('',*,*,#11519,.F.);
#11519 = EDGE_CURVE('',#11496,#11512,#11520,.T.);
#11520 = LINE('',#11521,#11522);
#11521 = CARTESIAN_POINT('',(0.,0.,384.));
#11522 = VECTOR('',#11523,1.);
#11523 = DIRECTION('',(0.,1.,0.));
#11524 = PLANE('',#11525);
#11525 = AXIS2_PLACEMENT_3D('',#11526,#11527,#11528);
#11526 = CARTESIAN_POINT('',(0.,0.,0.));
#11527 = DIRECTION('',(1.,0.,0.));
#11528 = DIRECTION('',(0.,0.,1.));
#11529 = ADVANCED_FACE('',(#11530,#11555),#11589,.F.);
#11530 = FACE_BOUND('',#11531,.F.);
#11531 = EDGE_LOOP('',(#11532,#11540,#11541,#11549));
#11532 = ORIENTED_EDGE('',*,*,#11533,.F.);
#11533 = EDGE_CURVE('',#11494,#11534,#11536,.T.);
#11534 = VERTEX_POINT('',#11535);
#11535 = CARTESIAN_POINT('',(448.,0.,0.));
#11536 = LINE('',#11537,#11538);
#11537 = CARTESIAN_POINT('',(0.,0.,0.));
#11538 = VECTOR('',#11539,1.);
#11539 = DIRECTION('',(1.,0.,0.));
#11540 = ORIENTED_EDGE('',*,*,#11493,.T.);
#11541 = ORIENTED_EDGE('',*,*,#11542,.T.);
#11542 = EDGE_CURVE('',#11496,#11543,#11545,.T.);
#11543 = VERTEX_POINT('',#11544);
#11544 = CARTESIAN_POINT('',(448.,0.,384.));
#11545 = LINE('',#11546,#11547);
#11546 = CARTESIAN_POINT('',(0.,0.,384.));
#11547 = VECTOR('',#11548,1.);
#11548 = DIRECTION('',(1.,0.,0.));
#11549 = ORIENTED_EDGE('',*,*,#11550,.F.);
#11550 = EDGE_CURVE('',#11534,#11543,#11551,.T.);
#11551 = LINE('',#11552,#11553);
#11552 = CARTESIAN_POINT('',(448.,0.,0.));
#11553 = VECTOR('',#11554,1.);
#11554 = DIRECTION('',(0.,0.,1.));
#11555 = FACE_BOUND('',#11556,.F.);
#11556 = EDGE_LOOP('',(#11557,#11567,#11575,#11583));
#11557 = ORIENTED_EDGE('',*,*,#11558,.F.);
#11558 = EDGE_CURVE('',#11559,#11561,#11563,.T.);
#11559 = VERTEX_POINT('',#11560);
#11560 = CARTESIAN_POINT('',(22.,0.,362.));
#11561 = VERTEX_POINT('',#11562);
#11562 = CARTESIAN_POINT('',(426.,0.,362.));
#11563 = LINE('',#11564,#11565);
#11564 = CARTESIAN_POINT('',(11.,0.,362.));
#11565 = VECTOR('',#11566,1.);
#11566 = DIRECTION('',(1.,0.,0.));
#11567 = ORIENTED_EDGE('',*,*,#11568,.T.);
#11568 = EDGE_CURVE('',#11559,#11569,#11571,.T.);
#11569 = VERTEX_POINT('',#11570);
#11570 = CARTESIAN_POINT('',(22.,0.,22.));
#11571 = LINE('',#11572,#11573);
#11572 = CARTESIAN_POINT('',(22.,0.,11.));
#11573 = VECTOR('',#11574,1.);
#11574 = DIRECTION('',(0.,0.,-1.));
#11575 = ORIENTED_EDGE('',*,*,#11576,.T.);
#11576 = EDGE_CURVE('',#11569,#11577,#11579,.T.);
#11577 = VERTEX_POINT('',#11578);
#11578 = CARTESIAN_POINT('',(426.,0.,22.));
#11579 = LINE('',#11580,#11581);
#11580 = CARTESIAN_POINT('',(11.,0.,22.));
#11581 = VECTOR('',#11582,1.);
#11582 = DIRECTION('',(1.,0.,0.));
#11583 = ORIENTED_EDGE('',*,*,#11584,.F.);
#11584 = EDGE_CURVE('',#11561,#11577,#11585,.T.);
#11585 = LINE('',#11586,#11587);
#11586 = CARTESIAN_POINT('',(426.,0.,11.));
#11587 = VECTOR('',#11588,1.);
#11588 = DIRECTION('',(0.,0.,-1.));
#11589 = PLANE('',#11590);
#11590 = AXIS2_PLACEMENT_3D('',#11591,#11592,#11593);
#11591 = CARTESIAN_POINT('',(0.,0.,0.));
#11592 = DIRECTION('',(0.,1.,0.));
#11593 = DIRECTION('',(0.,0.,1.));
#11594 = ADVANCED_FACE('',(#11595),#11613,.T.);
#11595 = FACE_BOUND('',#11596,.T.);
#11596 = EDGE_LOOP('',(#11597,#11598,#11599,#11607));
#11597 = ORIENTED_EDGE('',*,*,#11519,.F.);
#11598 = ORIENTED_EDGE('',*,*,#11542,.T.);
#11599 = ORIENTED_EDGE('',*,*,#11600,.T.);
#11600 = EDGE_CURVE('',#11543,#11601,#11603,.T.);
#11601 = VERTEX_POINT('',#11602);
#11602 = CARTESIAN_POINT('',(448.,422.,384.));
#11603 = LINE('',#11604,#11605);
#11604 = CARTESIAN_POINT('',(448.,0.,384.));
#11605 = VECTOR('',#11606,1.);
#11606 = DIRECTION('',(0.,1.,0.));
#11607 = ORIENTED_EDGE('',*,*,#11608,.F.);
#11608 = EDGE_CURVE('',#11512,#11601,#11609,.T.);
#11609 = LINE('',#11610,#11611);
#11610 = CARTESIAN_POINT('',(0.,422.,384.));
#11611 = VECTOR('',#11612,1.);
#11612 = DIRECTION('',(1.,0.,0.));
#11613 = PLANE('',#11614);
#11614 = AXIS2_PLACEMENT_3D('',#11615,#11616,#11617);
#11615 = CARTESIAN_POINT('',(0.,0.,384.));
#11616 = DIRECTION('',(0.,0.,1.));
#11617 = DIRECTION('',(1.,0.,0.));
#11618 = ADVANCED_FACE('',(#11619,#11637),#11648,.T.);
#11619 = FACE_BOUND('',#11620,.T.);
#11620 = EDGE_LOOP('',(#11621,#11629,#11630,#11631));
#11621 = ORIENTED_EDGE('',*,*,#11622,.F.);
#11622 = EDGE_CURVE('',#11504,#11623,#11625,.T.);
#11623 = VERTEX_POINT('',#11624);
#11624 = CARTESIAN_POINT('',(448.,422.,0.));
#11625 = LINE('',#11626,#11627);
#11626 = CARTESIAN_POINT('',(0.,422.,0.));
#11627 = VECTOR('',#11628,1.);
#11628 = DIRECTION('',(1.,0.,0.));
#11629 = ORIENTED_EDGE('',*,*,#11511,.T.);
#11630 = ORIENTED_EDGE('',*,*,#11608,.T.);
#11631 = ORIENTED_EDGE('',*,*,#11632,.F.);
#11632 = EDGE_CURVE('',#11623,#11601,#11633,.T.);
#11633 = LINE('',#11634,#11635);
#11634 = CARTESIAN_POINT('',(448.,422.,0.));
#11635 = VECTOR('',#11636,1.);
#11636 = DIRECTION('',(0.,0.,1.));
#11637 = FACE_BOUND('',#11638,.T.);
#11638 = EDGE_LOOP('',(#11639));
#11639 = ORIENTED_EDGE('',*,*,#11640,.T.);
#11640 = EDGE_CURVE('',#11641,#11641,#11643,.T.);
#11641 = VERTEX_POINT('',#11642);
#11642 = CARTESIAN_POINT('',(406.,422.,13.));
#11643 = CIRCLE('',#11644,10.);
#11644 = AXIS2_PLACEMENT_3D('',#11645,#11646,#11647);
#11645 = CARTESIAN_POINT('',(396.,422.,13.));
#11646 = DIRECTION('',(0.,-1.,2.22044604925E-16));
#11647 = DIRECTION('',(1.,0.,0.));
#11648 = PLANE('',#11649);
#11649 = AXIS2_PLACEMENT_3D('',#11650,#11651,#11652);
#11650 = CARTESIAN_POINT('',(0.,422.,0.));
#11651 = DIRECTION('',(0.,1.,0.));
#11652 = DIRECTION('',(0.,0.,1.));
#11653 = ADVANCED_FACE('',(#11654),#11665,.F.);
#11654 = FACE_BOUND('',#11655,.F.);
#11655 = EDGE_LOOP('',(#11656,#11657,#11658,#11664));
#11656 = ORIENTED_EDGE('',*,*,#11503,.F.);
#11657 = ORIENTED_EDGE('',*,*,#11533,.T.);
#11658 = ORIENTED_EDGE('',*,*,#11659,.T.);
#11659 = EDGE_CURVE('',#11534,#11623,#11660,.T.);
#11660 = LINE('',#11661,#11662);
#11661 = CARTESIAN_POINT('',(448.,0.,0.));
#11662 = VECTOR('',#11663,1.);
#11663 = DIRECTION('',(0.,1.,0.));
#11664 = ORIENTED_EDGE('',*,*,#11622,.F.);
#11665 = PLANE('',#11666);
#11666 = AXIS2_PLACEMENT_3D('',#11667,#11668,#11669);
#11667 = CARTESIAN_POINT('',(0.,0.,0.));
#11668 = DIRECTION('',(0.,0.,1.));
#11669 = DIRECTION('',(1.,0.,0.));
#11670 = ADVANCED_FACE('',(#11671),#11677,.T.);
#11671 = FACE_BOUND('',#11672,.T.);
#11672 = EDGE_LOOP('',(#11673,#11674,#11675,#11676));
#11673 = ORIENTED_EDGE('',*,*,#11550,.F.);
#11674 = ORIENTED_EDGE('',*,*,#11659,.T.);
#11675 = ORIENTED_EDGE('',*,*,#11632,.T.);
#11676 = ORIENTED_EDGE('',*,*,#11600,.F.);
#11677 = PLANE('',#11678);
#11678 = AXIS2_PLACEMENT_3D('',#11679,#11680,#11681);
#11679 = CARTESIAN_POINT('',(448.,0.,0.));
#11680 = DIRECTION('',(1.,0.,0.));
#11681 = DIRECTION('',(0.,0.,1.));
#11682 = ADVANCED_FACE('',(#11683),#11708,.F.);
#11683 = FACE_BOUND('',#11684,.F.);
#11684 = EDGE_LOOP('',(#11685,#11693,#11694,#11702));
#11685 = ORIENTED_EDGE('',*,*,#11686,.F.);
#11686 = EDGE_CURVE('',#11559,#11687,#11689,.T.);
#11687 = VERTEX_POINT('',#11688);
#11688 = CARTESIAN_POINT('',(22.,1.,362.));
#11689 = LINE('',#11690,#11691);
#11690 = CARTESIAN_POINT('',(22.,-3.,362.));
#11691 = VECTOR('',#11692,1.);
#11692 = DIRECTION('',(0.,1.,0.));
#11693 = ORIENTED_EDGE('',*,*,#11558,.T.);
#11694 = ORIENTED_EDGE('',*,*,#11695,.T.);
#11695 = EDGE_CURVE('',#11561,#11696,#11698,.T.);
#11696 = VERTEX_POINT('',#11697);
#11697 = CARTESIAN_POINT('',(426.,1.,362.));
#11698 = LINE('',#11699,#11700);
#11699 = CARTESIAN_POINT('',(426.,-3.,362.));
#11700 = VECTOR('',#11701,1.);
#11701 = DIRECTION('',(0.,1.,0.));
#11702 = ORIENTED_EDGE('',*,*,#11703,.F.);
#11703 = EDGE_CURVE('',#11687,#11696,#11704,.T.);
#11704 = LINE('',#11705,#11706);
#11705 = CARTESIAN_POINT('',(11.5,1.,362.));
#11706 = VECTOR('',#11707,1.);
#11707 = DIRECTION('',(1.,0.,0.));
#11708 = PLANE('',#11709);
#11709 = AXIS2_PLACEMENT_3D('',#11710,#11711,#11712);
#11710 = CARTESIAN_POINT('',(22.,-3.,362.));
#11711 = DIRECTION('',(0.,0.,1.));
#11712 = DIRECTION('',(1.,0.,0.));
#11713 = ADVANCED_FACE('',(#11714),#11732,.F.);
#11714 = FACE_BOUND('',#11715,.F.);
#11715 = EDGE_LOOP('',(#11716,#11717,#11718,#11726));
#11716 = ORIENTED_EDGE('',*,*,#11695,.F.);
#11717 = ORIENTED_EDGE('',*,*,#11584,.T.);
#11718 = ORIENTED_EDGE('',*,*,#11719,.T.);
#11719 = EDGE_CURVE('',#11577,#11720,#11722,.T.);
#11720 = VERTEX_POINT('',#11721);
#11721 = CARTESIAN_POINT('',(426.,1.,22.));
#11722 = LINE('',#11723,#11724);
#11723 = CARTESIAN_POINT('',(426.,-3.,22.));
#11724 = VECTOR('',#11725,1.);
#11725 = DIRECTION('',(0.,1.,0.));
#11726 = ORIENTED_EDGE('',*,*,#11727,.F.);
#11727 = EDGE_CURVE('',#11696,#11720,#11728,.T.);
#11728 = LINE('',#11729,#11730);
#11729 = CARTESIAN_POINT('',(426.,1.,11.5));
#11730 = VECTOR('',#11731,1.);
#11731 = DIRECTION('',(0.,0.,-1.));
#11732 = PLANE('',#11733);
#11733 = AXIS2_PLACEMENT_3D('',#11734,#11735,#11736);
#11734 = CARTESIAN_POINT('',(426.,-3.,22.));
#11735 = DIRECTION('',(1.,0.,0.));
#11736 = DIRECTION('',(0.,0.,1.));
#11737 = ADVANCED_FACE('',(#11738),#11756,.T.);
#11738 = FACE_BOUND('',#11739,.T.);
#11739 = EDGE_LOOP('',(#11740,#11748,#11749,#11750));
#11740 = ORIENTED_EDGE('',*,*,#11741,.F.);
#11741 = EDGE_CURVE('',#11569,#11742,#11744,.T.);
#11742 = VERTEX_POINT('',#11743);
#11743 = CARTESIAN_POINT('',(22.,1.,22.));
#11744 = LINE('',#11745,#11746);
#11745 = CARTESIAN_POINT('',(22.,-3.,22.));
#11746 = VECTOR('',#11747,1.);
#11747 = DIRECTION('',(0.,1.,0.));
#11748 = ORIENTED_EDGE('',*,*,#11576,.T.);
#11749 = ORIENTED_EDGE('',*,*,#11719,.T.);
#11750 = ORIENTED_EDGE('',*,*,#11751,.F.);
#11751 = EDGE_CURVE('',#11742,#11720,#11752,.T.);
#11752 = LINE('',#11753,#11754);
#11753 = CARTESIAN_POINT('',(11.5,1.,22.));
#11754 = VECTOR('',#11755,1.);
#11755 = DIRECTION('',(1.,0.,0.));
#11756 = PLANE('',#11757);
#11757 = AXIS2_PLACEMENT_3D('',#11758,#11759,#11760);
#11758 = CARTESIAN_POINT('',(22.,-3.,22.));
#11759 = DIRECTION('',(0.,0.,1.));
#11760 = DIRECTION('',(1.,0.,0.));
#11761 = ADVANCED_FACE('',(#11762),#11773,.T.);
#11762 = FACE_BOUND('',#11763,.T.);
#11763 = EDGE_LOOP('',(#11764,#11765,#11766,#11767));
#11764 = ORIENTED_EDGE('',*,*,#11686,.F.);
#11765 = ORIENTED_EDGE('',*,*,#11568,.T.);
#11766 = ORIENTED_EDGE('',*,*,#11741,.T.);
#11767 = ORIENTED_EDGE('',*,*,#11768,.F.);
#11768 = EDGE_CURVE('',#11687,#11742,#11769,.T.);
#11769 = LINE('',#11770,#11771);
#11770 = CARTESIAN_POINT('',(22.,1.,11.5));
#11771 = VECTOR('',#11772,1.);
#11772 = DIRECTION('',(0.,0.,-1.));
#11773 = PLANE('',#11774);
#11774 = AXIS2_PLACEMENT_3D('',#11775,#11776,#11777);
#11775 = CARTESIAN_POINT('',(22.,-3.,22.));
#11776 = DIRECTION('',(1.,0.,0.));
#11777 = DIRECTION('',(0.,0.,1.));
#11778 = ADVANCED_FACE('',(#11779),#11798,.F.);
#11779 = FACE_BOUND('',#11780,.T.);
#11780 = EDGE_LOOP('',(#11781,#11790,#11796,#11797));
#11781 = ORIENTED_EDGE('',*,*,#11782,.T.);
#11782 = EDGE_CURVE('',#11783,#11783,#11785,.T.);
#11783 = VERTEX_POINT('',#11784);
#11784 = CARTESIAN_POINT('',(406.,421.,13.));
#11785 = CIRCLE('',#11786,10.);
#11786 = AXIS2_PLACEMENT_3D('',#11787,#11788,#11789);
#11787 = CARTESIAN_POINT('',(396.,421.,13.));
#11788 = DIRECTION('',(0.,-1.,2.22044604925E-16));
#11789 = DIRECTION('',(1.,0.,0.));
#11790 = ORIENTED_EDGE('',*,*,#11791,.T.);
#11791 = EDGE_CURVE('',#11783,#11641,#11792,.T.);
#11792 = LINE('',#11793,#11794);
#11793 = CARTESIAN_POINT('',(406.,418.,13.));
#11794 = VECTOR('',#11795,1.);
#11795 = DIRECTION('',(0.,1.,-2.22044604925E-16));
#11796 = ORIENTED_EDGE('',*,*,#11640,.F.);
#11797 = ORIENTED_EDGE('',*,*,#11791,.F.);
#11798 = CYLINDRICAL_SURFACE('',#11799,10.);
#11799 = AXIS2_PLACEMENT_3D('',#11800,#11801,#11802);
#11800 = CARTESIAN_POINT('',(396.,418.,13.));
#11801 = DIRECTION('',(-0.,-1.,2.22044604925E-16));
#11802 = DIRECTION('',(1.,0.,0.));
#11803 = ADVANCED_FACE('',(#11804,#11838),#11844,.T.);
#11804 = FACE_BOUND('',#11805,.T.);
#11805 = EDGE_LOOP('',(#11806,#11816,#11824,#11832));
#11806 = ORIENTED_EDGE('',*,*,#11807,.F.);
#11807 = EDGE_CURVE('',#11808,#11810,#11812,.T.);
#11808 = VERTEX_POINT('',#11809);
#11809 = CARTESIAN_POINT('',(1.,1.,1.));
#11810 = VERTEX_POINT('',#11811);
#11811 = CARTESIAN_POINT('',(447.,1.,1.));
#11812 = LINE('',#11813,#11814);
#11813 = CARTESIAN_POINT('',(1.,1.,1.));
#11814 = VECTOR('',#11815,1.);
#11815 = DIRECTION('',(1.,0.,0.));
#11816 = ORIENTED_EDGE('',*,*,#11817,.T.);
#11817 = EDGE_CURVE('',#11808,#11818,#11820,.T.);
#11818 = VERTEX_POINT('',#11819);
#11819 = CARTESIAN_POINT('',(1.,1.,383.));
#11820 = LINE('',#11821,#11822);
#11821 = CARTESIAN_POINT('',(1.,1.,1.));
#11822 = VECTOR('',#11823,1.);
#11823 = DIRECTION('',(0.,0.,1.));
#11824 = ORIENTED_EDGE('',*,*,#11825,.T.);
#11825 = EDGE_CURVE('',#11818,#11826,#11828,.T.);
#11826 = VERTEX_POINT('',#11827);
#11827 = CARTESIAN_POINT('',(447.,1.,383.));
#11828 = LINE('',#11829,#11830);
#11829 = CARTESIAN_POINT('',(1.,1.,383.));
#11830 = VECTOR('',#11831,1.);
#11831 = DIRECTION('',(1.,0.,0.));
#11832 = ORIENTED_EDGE('',*,*,#11833,.F.);
#11833 = EDGE_CURVE('',#11810,#11826,#11834,.T.);
#11834 = LINE('',#11835,#11836);
#11835 = CARTESIAN_POINT('',(447.,1.,1.));
#11836 = VECTOR('',#11837,1.);
#11837 = DIRECTION('',(0.,0.,1.));
#11838 = FACE_BOUND('',#11839,.T.);
#11839 = EDGE_LOOP('',(#11840,#11841,#11842,#11843));
#11840 = ORIENTED_EDGE('',*,*,#11703,.F.);
#11841 = ORIENTED_EDGE('',*,*,#11768,.T.);
#11842 = ORIENTED_EDGE('',*,*,#11751,.T.);
#11843 = ORIENTED_EDGE('',*,*,#11727,.F.);
#11844 = PLANE('',#11845);
#11845 = AXIS2_PLACEMENT_3D('',#11846,#11847,#11848);
#11846 = CARTESIAN_POINT('',(1.,1.,1.));
#11847 = DIRECTION('',(0.,1.,0.));
#11848 = DIRECTION('',(0.,0.,1.));
#11849 = ADVANCED_FACE('',(#11850,#11884),#11887,.F.);
#11850 = FACE_BOUND('',#11851,.F.);
#11851 = EDGE_LOOP('',(#11852,#11862,#11870,#11878));
#11852 = ORIENTED_EDGE('',*,*,#11853,.F.);
#11853 = EDGE_CURVE('',#11854,#11856,#11858,.T.);
#11854 = VERTEX_POINT('',#11855);
#11855 = CARTESIAN_POINT('',(1.,421.,1.));
#11856 = VERTEX_POINT('',#11857);
#11857 = CARTESIAN_POINT('',(447.,421.,1.));
#11858 = LINE('',#11859,#11860);
#11859 = CARTESIAN_POINT('',(1.,421.,1.));
#11860 = VECTOR('',#11861,1.);
#11861 = DIRECTION('',(1.,0.,0.));
#11862 = ORIENTED_EDGE('',*,*,#11863,.T.);
#11863 = EDGE_CURVE('',#11854,#11864,#11866,.T.);
#11864 = VERTEX_POINT('',#11865);
#11865 = CARTESIAN_POINT('',(1.,421.,383.));
#11866 = LINE('',#11867,#11868);
#11867 = CARTESIAN_POINT('',(1.,421.,1.));
#11868 = VECTOR('',#11869,1.);
#11869 = DIRECTION('',(0.,0.,1.));
#11870 = ORIENTED_EDGE('',*,*,#11871,.T.);
#11871 = EDGE_CURVE('',#11864,#11872,#11874,.T.);
#11872 = VERTEX_POINT('',#11873);
#11873 = CARTESIAN_POINT('',(447.,421.,383.));
#11874 = LINE('',#11875,#11876);
#11875 = CARTESIAN_POINT('',(1.,421.,383.));
#11876 = VECTOR('',#11877,1.);
#11877 = DIRECTION('',(1.,0.,0.));
#11878 = ORIENTED_EDGE('',*,*,#11879,.F.);
#11879 = EDGE_CURVE('',#11856,#11872,#11880,.T.);
#11880 = LINE('',#11881,#11882);
#11881 = CARTESIAN_POINT('',(447.,421.,1.));
#11882 = VECTOR('',#11883,1.);
#11883 = DIRECTION('',(0.,0.,1.));
#11884 = FACE_BOUND('',#11885,.F.);
#11885 = EDGE_LOOP('',(#11886));
#11886 = ORIENTED_EDGE('',*,*,#11782,.T.);
#11887 = PLANE('',#11888);
#11888 = AXIS2_PLACEMENT_3D('',#11889,#11890,#11891);
#11889 = CARTESIAN_POINT('',(1.,421.,1.));
#11890 = DIRECTION('',(0.,1.,0.));
#11891 = DIRECTION('',(0.,0.,1.));
#11892 = ADVANCED_FACE('',(#11893),#11909,.T.);
#11893 = FACE_BOUND('',#11894,.T.);
#11894 = EDGE_LOOP('',(#11895,#11901,#11902,#11908));
#11895 = ORIENTED_EDGE('',*,*,#11896,.F.);
#11896 = EDGE_CURVE('',#11808,#11854,#11897,.T.);
#11897 = LINE('',#11898,#11899);
#11898 = CARTESIAN_POINT('',(1.,1.,1.));
#11899 = VECTOR('',#11900,1.);
#11900 = DIRECTION('',(0.,1.,0.));
#11901 = ORIENTED_EDGE('',*,*,#11807,.T.);
#11902 = ORIENTED_EDGE('',*,*,#11903,.T.);
#11903 = EDGE_CURVE('',#11810,#11856,#11904,.T.);
#11904 = LINE('',#11905,#11906);
#11905 = CARTESIAN_POINT('',(447.,1.,1.));
#11906 = VECTOR('',#11907,1.);
#11907 = DIRECTION('',(0.,1.,0.));
#11908 = ORIENTED_EDGE('',*,*,#11853,.F.);
#11909 = PLANE('',#11910);
#11910 = AXIS2_PLACEMENT_3D('',#11911,#11912,#11913);
#11911 = CARTESIAN_POINT('',(1.,1.,1.));
#11912 = DIRECTION('',(0.,0.,1.));
#11913 = DIRECTION('',(1.,0.,0.));
#11914 = ADVANCED_FACE('',(#11915),#11926,.F.);
#11915 = FACE_BOUND('',#11916,.F.);
#11916 = EDGE_LOOP('',(#11917,#11918,#11919,#11920));
#11917 = ORIENTED_EDGE('',*,*,#11833,.F.);
#11918 = ORIENTED_EDGE('',*,*,#11903,.T.);
#11919 = ORIENTED_EDGE('',*,*,#11879,.T.);
#11920 = ORIENTED_EDGE('',*,*,#11921,.F.);
#11921 = EDGE_CURVE('',#11826,#11872,#11922,.T.);
#11922 = LINE('',#11923,#11924);
#11923 = CARTESIAN_POINT('',(447.,1.,383.));
#11924 = VECTOR('',#11925,1.);
#11925 = DIRECTION('',(0.,1.,0.));
#11926 = PLANE('',#11927);
#11927 = AXIS2_PLACEMENT_3D('',#11928,#11929,#11930);
#11928 = CARTESIAN_POINT('',(447.,1.,1.));
#11929 = DIRECTION('',(1.,0.,0.));
#11930 = DIRECTION('',(0.,0.,1.));
#11931 = ADVANCED_FACE('',(#11932),#11943,.T.);
#11932 = FACE_BOUND('',#11933,.T.);
#11933 = EDGE_LOOP('',(#11934,#11935,#11936,#11937));
#11934 = ORIENTED_EDGE('',*,*,#11817,.F.);
#11935 = ORIENTED_EDGE('',*,*,#11896,.T.);
#11936 = ORIENTED_EDGE('',*,*,#11863,.T.);
#11937 = ORIENTED_EDGE('',*,*,#11938,.F.);
#11938 = EDGE_CURVE('',#11818,#11864,#11939,.T.);
#11939 = LINE('',#11940,#11941);
#11940 = CARTESIAN_POINT('',(1.,1.,383.));
#11941 = VECTOR('',#11942,1.);
#11942 = DIRECTION('',(0.,1.,0.));
#11943 = PLANE('',#11944);
#11944 = AXIS2_PLACEMENT_3D('',#11945,#11946,#11947);
#11945 = CARTESIAN_POINT('',(1.,1.,1.));
#11946 = DIRECTION('',(1.,0.,0.));
#11947 = DIRECTION('',(0.,0.,1.));
#11948 = ADVANCED_FACE('',(#11949),#11955,.F.);
#11949 = FACE_BOUND('',#11950,.F.);
#11950 = EDGE_LOOP('',(#11951,#11952,#11953,#11954));
#11951 = ORIENTED_EDGE('',*,*,#11938,.F.);
#11952 = ORIENTED_EDGE('',*,*,#11825,.T.);
#11953 = ORIENTED_EDGE('',*,*,#11921,.T.);
#11954 = ORIENTED_EDGE('',*,*,#11871,.F.);
#11955 = PLANE('',#11956);
#11956 = AXIS2_PLACEMENT_3D('',#11957,#11958,#11959);
#11957 = CARTESIAN_POINT('',(1.,1.,383.));
#11958 = DIRECTION('',(0.,0.,1.));
#11959 = DIRECTION('',(1.,0.,0.));
#11960 = ( GEOMETRIC_REPRESENTATION_CONTEXT(3) 
GLOBAL_UNCERTAINTY_ASSIGNED_CONTEXT((#11964)) 
GLOBAL_UNIT_ASSIGNED_CONTEXT((#11961,#11962,#11963)) 
REPRESENTATION_CONTEXT('Context #1',
  '3D Context with UNIT and UNCERTAINTY') );
#11961 = ( LENGTH_UNIT() NAMED_UNIT(*) SI_UNIT(.MILLI.,.METRE.) );
#11962 = ( NAMED_UNIT(*) PLANE_ANGLE_UNIT() SI_UNIT($,.RADIAN.) );
#11963 = ( NAMED_UNIT(*) SI_UNIT($,.STERADIAN.) SOLID_ANGLE_UNIT() );
#11964 = UNCERTAINTY_MEASURE_WITH_UNIT(LENGTH_MEASURE(1.E-04),#11961,
  'distance_accuracy_value','confusion accuracy');
#11965 = CONTEXT_DEPENDENT_SHAPE_REPRESENTATION(#11966,#11968);
#11966 = ( REPRESENTATION_RELATIONSHIP('','',#11486,#8160) 
REPRESENTATION_RELATIONSHIP_WITH_TRANSFORMATION(#11967) 
SHAPE_REPRESENTATION_RELATIONSHIP() );
#11967 = ITEM_DEFINED_TRANSFORMATION('','',#11,#8257);
#11968 = PRODUCT_DEFINITION_SHAPE('Placement','Placement of an item',
  #11969);
#11969 = NEXT_ASSEMBLY_USAGE_OCCURRENCE('86','Modulschale_offen','',
  #8155,#11481,$);
#11970 = PRODUCT_RELATED_PRODUCT_CATEGORY('part',$,(#11483));
#11971 = SHAPE_DEFINITION_REPRESENTATION(#11972,#11978);
#11972 = PRODUCT_DEFINITION_SHAPE('','',#11973);
#11973 = PRODUCT_DEFINITION('design','',#11974,#11977);
#11974 = PRODUCT_DEFINITION_FORMATION('','',#11975);
#11975 = PRODUCT('Frontklappe','Frontklappe','',(#11976));
#11976 = PRODUCT_CONTEXT('',#2,'mechanical');
#11977 = PRODUCT_DEFINITION_CONTEXT('part definition',#2,'design');
#11978 = ADVANCED_BREP_SHAPE_REPRESENTATION('',(#11,#11979),#12129);
#11979 = MANIFOLD_SOLID_BREP('',#11980);
#11980 = CLOSED_SHELL('',(#11981,#12021,#12061,#12083,#12105,#12117));
#11981 = ADVANCED_FACE('',(#11982),#12016,.F.);
#11982 = FACE_BOUND('',#11983,.F.);
#11983 = EDGE_LOOP('',(#11984,#11994,#12002,#12010));
#11984 = ORIENTED_EDGE('',*,*,#11985,.F.);
#11985 = EDGE_CURVE('',#11986,#11988,#11990,.T.);
#11986 = VERTEX_POINT('',#11987);
#11987 = CARTESIAN_POINT('',(0.,0.,0.));
#11988 = VERTEX_POINT('',#11989);
#11989 = CARTESIAN_POINT('',(0.,0.,364.));
#11990 = LINE('',#11991,#11992);
#11991 = CARTESIAN_POINT('',(0.,0.,0.));
#11992 = VECTOR('',#11993,1.);
#11993 = DIRECTION('',(0.,0.,1.));
#11994 = ORIENTED_EDGE('',*,*,#11995,.T.);
#11995 = EDGE_CURVE('',#11986,#11996,#11998,.T.);
#11996 = VERTEX_POINT('',#11997);
#11997 = CARTESIAN_POINT('',(0.,1.,0.));
#11998 = LINE('',#11999,#12000);
#11999 = CARTESIAN_POINT('',(0.,0.,0.));
#12000 = VECTOR('',#12001,1.);
#12001 = DIRECTION('',(-0.,1.,0.));
#12002 = ORIENTED_EDGE('',*,*,#12003,.T.);
#12003 = EDGE_CURVE('',#11996,#12004,#12006,.T.);
#12004 = VERTEX_POINT('',#12005);
#12005 = CARTESIAN_POINT('',(0.,1.,364.));
#12006 = LINE('',#12007,#12008);
#12007 = CARTESIAN_POINT('',(0.,1.,0.));
#12008 = VECTOR('',#12009,1.);
#12009 = DIRECTION('',(0.,0.,1.));
#12010 = ORIENTED_EDGE('',*,*,#12011,.F.);
#12011 = EDGE_CURVE('',#11988,#12004,#12012,.T.);
#12012 = LINE('',#12013,#12014);
#12013 = CARTESIAN_POINT('',(0.,0.,364.));
#12014 = VECTOR('',#12015,1.);
#12015 = DIRECTION('',(-0.,1.,0.));
#12016 = PLANE('',#12017);
#12017 = AXIS2_PLACEMENT_3D('',#12018,#12019,#12020);
#12018 = CARTESIAN_POINT('',(0.,0.,0.));
#12019 = DIRECTION('',(1.,0.,-0.));
#12020 = DIRECTION('',(0.,0.,1.));
#12021 = ADVANCED_FACE('',(#12022),#12056,.T.);
#12022 = FACE_BOUND('',#12023,.T.);
#12023 = EDGE_LOOP('',(#12024,#12034,#12042,#12050));
#12024 = ORIENTED_EDGE('',*,*,#12025,.F.);
#12025 = EDGE_CURVE('',#12026,#12028,#12030,.T.);
#12026 = VERTEX_POINT('',#12027);
#12027 = CARTESIAN_POINT('',(428.,0.,0.));
#12028 = VERTEX_POINT('',#12029);
#12029 = CARTESIAN_POINT('',(428.,0.,364.));
#12030 = LINE('',#12031,#12032);
#12031 = CARTESIAN_POINT('',(428.,0.,0.));
#12032 = VECTOR('',#12033,1.);
#12033 = DIRECTION('',(0.,0.,1.));
#12034 = ORIENTED_EDGE('',*,*,#12035,.T.);
#12035 = EDGE_CURVE('',#12026,#12036,#12038,.T.);
#12036 = VERTEX_POINT('',#12037);
#12037 = CARTESIAN_POINT('',(428.,1.,0.));
#12038 = LINE('',#12039,#12040);
#12039 = CARTESIAN_POINT('',(428.,0.,0.));
#12040 = VECTOR('',#12041,1.);
#12041 = DIRECTION('',(-0.,1.,0.));
#12042 = ORIENTED_EDGE('',*,*,#12043,.T.);
#12043 = EDGE_CURVE('',#12036,#12044,#12046,.T.);
#12044 = VERTEX_POINT('',#12045);
#12045 = CARTESIAN_POINT('',(428.,1.,364.));
#12046 = LINE('',#12047,#12048);
#12047 = CARTESIAN_POINT('',(428.,1.,0.));
#12048 = VECTOR('',#12049,1.);
#12049 = DIRECTION('',(0.,0.,1.));
#12050 = ORIENTED_EDGE('',*,*,#12051,.F.);
#12051 = EDGE_CURVE('',#12028,#12044,#12052,.T.);
#12052 = LINE('',#12053,#12054);
#12053 = CARTESIAN_POINT('',(428.,0.,364.));
#12054 = VECTOR('',#12055,1.);
#12055 = DIRECTION('',(-0.,1.,0.));
#12056 = PLANE('',#12057);
#12057 = AXIS2_PLACEMENT_3D('',#12058,#12059,#12060);
#12058 = CARTESIAN_POINT('',(428.,0.,0.));
#12059 = DIRECTION('',(1.,0.,-0.));
#12060 = DIRECTION('',(0.,0.,1.));
#12061 = ADVANCED_FACE('',(#12062),#12078,.F.);
#12062 = FACE_BOUND('',#12063,.F.);
#12063 = EDGE_LOOP('',(#12064,#12070,#12071,#12077));
#12064 = ORIENTED_EDGE('',*,*,#12065,.F.);
#12065 = EDGE_CURVE('',#11986,#12026,#12066,.T.);
#12066 = LINE('',#12067,#12068);
#12067 = CARTESIAN_POINT('',(0.,0.,0.));
#12068 = VECTOR('',#12069,1.);
#12069 = DIRECTION('',(1.,0.,-0.));
#12070 = ORIENTED_EDGE('',*,*,#11985,.T.);
#12071 = ORIENTED_EDGE('',*,*,#12072,.T.);
#12072 = EDGE_CURVE('',#11988,#12028,#12073,.T.);
#12073 = LINE('',#12074,#12075);
#12074 = CARTESIAN_POINT('',(0.,0.,364.));
#12075 = VECTOR('',#12076,1.);
#12076 = DIRECTION('',(1.,0.,-0.));
#12077 = ORIENTED_EDGE('',*,*,#12025,.F.);
#12078 = PLANE('',#12079);
#12079 = AXIS2_PLACEMENT_3D('',#12080,#12081,#12082);
#12080 = CARTESIAN_POINT('',(0.,0.,0.));
#12081 = DIRECTION('',(-0.,1.,0.));
#12082 = DIRECTION('',(0.,0.,1.));
#12083 = ADVANCED_FACE('',(#12084),#12100,.T.);
#12084 = FACE_BOUND('',#12085,.T.);
#12085 = EDGE_LOOP('',(#12086,#12092,#12093,#12099));
#12086 = ORIENTED_EDGE('',*,*,#12087,.F.);
#12087 = EDGE_CURVE('',#11996,#12036,#12088,.T.);
#12088 = LINE('',#12089,#12090);
#12089 = CARTESIAN_POINT('',(0.,1.,0.));
#12090 = VECTOR('',#12091,1.);
#12091 = DIRECTION('',(1.,0.,-0.));
#12092 = ORIENTED_EDGE('',*,*,#12003,.T.);
#12093 = ORIENTED_EDGE('',*,*,#12094,.T.);
#12094 = EDGE_CURVE('',#12004,#12044,#12095,.T.);
#12095 = LINE('',#12096,#12097);
#12096 = CARTESIAN_POINT('',(0.,1.,364.));
#12097 = VECTOR('',#12098,1.);
#12098 = DIRECTION('',(1.,0.,-0.));
#12099 = ORIENTED_EDGE('',*,*,#12043,.F.);
#12100 = PLANE('',#12101);
#12101 = AXIS2_PLACEMENT_3D('',#12102,#12103,#12104);
#12102 = CARTESIAN_POINT('',(0.,1.,0.));
#12103 = DIRECTION('',(-0.,1.,0.));
#12104 = DIRECTION('',(0.,0.,1.));
#12105 = ADVANCED_FACE('',(#12106),#12112,.F.);
#12106 = FACE_BOUND('',#12107,.F.);
#12107 = EDGE_LOOP('',(#12108,#12109,#12110,#12111));
#12108 = ORIENTED_EDGE('',*,*,#11995,.F.);
#12109 = ORIENTED_EDGE('',*,*,#12065,.T.);
#12110 = ORIENTED_EDGE('',*,*,#12035,.T.);
#12111 = ORIENTED_EDGE('',*,*,#12087,.F.);
#12112 = PLANE('',#12113);
#12113 = AXIS2_PLACEMENT_3D('',#12114,#12115,#12116);
#12114 = CARTESIAN_POINT('',(0.,0.,0.));
#12115 = DIRECTION('',(0.,0.,1.));
#12116 = DIRECTION('',(1.,0.,-0.));
#12117 = ADVANCED_FACE('',(#12118),#12124,.T.);
#12118 = FACE_BOUND('',#12119,.T.);
#12119 = EDGE_LOOP('',(#12120,#12121,#12122,#12123));
#12120 = ORIENTED_EDGE('',*,*,#12011,.F.);
#12121 = ORIENTED_EDGE('',*,*,#12072,.T.);
#12122 = ORIENTED_EDGE('',*,*,#12051,.T.);
#12123 = ORIENTED_EDGE('',*,*,#12094,.F.);
#12124 = PLANE('',#12125);
#12125 = AXIS2_PLACEMENT_3D('',#12126,#12127,#12128);
#12126 = CARTESIAN_POINT('',(0.,0.,364.));
#12127 = DIRECTION('',(0.,0.,1.));
#12128 = DIRECTION('',(1.,0.,-0.));
#12129 = ( GEOMETRIC_REPRESENTATION_CONTEXT(3) 
GLOBAL_UNCERTAINTY_ASSIGNED_CONTEXT((#12133)) 
GLOBAL_UNIT_ASSIGNED_CONTEXT((#12130,#12131,#12132)) 
REPRESENTATION_CONTEXT('Context #1',
  '3D Context with UNIT and UNCERTAINTY') );
#12130 = ( LENGTH_UNIT() NAMED_UNIT(*) SI_UNIT(.MILLI.,.METRE.) );
#12131 = ( NAMED_UNIT(*) PLANE_ANGLE_UNIT() SI_UNIT($,.RADIAN.) );
#12132 = ( NAMED_UNIT(*) SI_UNIT($,.STERADIAN.) SOLID_ANGLE_UNIT() );
#12133 = UNCERTAINTY_MEASURE_WITH_UNIT(LENGTH_MEASURE(1.E-07),#12130,
  'distance_accuracy_value','confusion accuracy');
#12134 = CONTEXT_DEPENDENT_SHAPE_REPRESENTATION(#12135,#12137);
#12135 = ( REPRESENTATION_RELATIONSHIP('','',#11978,#8160) 
REPRESENTATION_RELATIONSHIP_WITH_TRANSFORMATION(#12136) 
SHAPE_REPRESENTATION_RELATIONSHIP() );
#12136 = ITEM_DEFINED_TRANSFORMATION('','',#11,#8261);
#12137 = PRODUCT_DEFINITION_SHAPE('Placement','Placement of an item',
  #12138);
#12138 = NEXT_ASSEMBLY_USAGE_OCCURRENCE('87','Frontklappe','',#8155,
  #11973,$);
#12139 = PRODUCT_RELATED_PRODUCT_CATEGORY('part',$,(#11975));
#12140 = SHAPE_DEFINITION_REPRESENTATION(#12141,#12147);
#12141 = PRODUCT_DEFINITION_SHAPE('','',#12142);
#12142 = PRODUCT_DEFINITION('design','',#12143,#12146);
#12143 = PRODUCT_DEFINITION_FORMATION('','',#12144);
#12144 = PRODUCT('Klappengriff','Klappengriff','',(#12145));
#12145 = PRODUCT_CONTEXT('',#2,'mechanical');
#12146 = PRODUCT_DEFINITION_CONTEXT('part definition',#2,'design');
#12147 = ADVANCED_BREP_SHAPE_REPRESENTATION('',(#11,#12148),#12298);
#12148 = MANIFOLD_SOLID_BREP('',#12149);
#12149 = CLOSED_SHELL('',(#12150,#12190,#12230,#12252,#12274,#12286));
#12150 = ADVANCED_FACE('',(#12151),#12185,.F.);
#12151 = FACE_BOUND('',#12152,.F.);
#12152 = EDGE_LOOP('',(#12153,#12163,#12171,#12179));
#12153 = ORIENTED_EDGE('',*,*,#12154,.F.);
#12154 = EDGE_CURVE('',#12155,#12157,#12159,.T.);
#12155 = VERTEX_POINT('',#12156);
#12156 = CARTESIAN_POINT('',(0.,0.,0.));
#12157 = VERTEX_POINT('',#12158);
#12158 = CARTESIAN_POINT('',(0.,0.,12.));
#12159 = LINE('',#12160,#12161);
#12160 = CARTESIAN_POINT('',(0.,0.,0.));
#12161 = VECTOR('',#12162,1.);
#12162 = DIRECTION('',(0.,0.,1.));
#12163 = ORIENTED_EDGE('',*,*,#12164,.T.);
#12164 = EDGE_CURVE('',#12155,#12165,#12167,.T.);
#12165 = VERTEX_POINT('',#12166);
#12166 = CARTESIAN_POINT('',(0.,18.,0.));
#12167 = LINE('',#12168,#12169);
#12168 = CARTESIAN_POINT('',(0.,0.,0.));
#12169 = VECTOR('',#12170,1.);
#12170 = DIRECTION('',(-0.,1.,0.));
#12171 = ORIENTED_EDGE('',*,*,#12172,.T.);
#12172 = EDGE_CURVE('',#12165,#12173,#12175,.T.);
#12173 = VERTEX_POINT('',#12174);
#12174 = CARTESIAN_POINT('',(0.,18.,12.));
#12175 = LINE('',#12176,#12177);
#12176 = CARTESIAN_POINT('',(0.,18.,0.));
#12177 = VECTOR('',#12178,1.);
#12178 = DIRECTION('',(0.,0.,1.));
#12179 = ORIENTED_EDGE('',*,*,#12180,.F.);
#12180 = EDGE_CURVE('',#12157,#12173,#12181,.T.);
#12181 = LINE('',#12182,#12183);
#12182 = CARTESIAN_POINT('',(0.,0.,12.));
#12183 = VECTOR('',#12184,1.);
#12184 = DIRECTION('',(-0.,1.,0.));
#12185 = PLANE('',#12186);
#12186 = AXIS2_PLACEMENT_3D('',#12187,#12188,#12189);
#12187 = CARTESIAN_POINT('',(0.,0.,0.));
#12188 = DIRECTION('',(1.,0.,-0.));
#12189 = DIRECTION('',(0.,0.,1.));
#12190 = ADVANCED_FACE('',(#12191),#12225,.T.);
#12191 = FACE_BOUND('',#12192,.T.);
#12192 = EDGE_LOOP('',(#12193,#12203,#12211,#12219));
#12193 = ORIENTED_EDGE('',*,*,#12194,.F.);
#12194 = EDGE_CURVE('',#12195,#12197,#12199,.T.);
#12195 = VERTEX_POINT('',#12196);
#12196 = CARTESIAN_POINT('',(120.,0.,0.));
#12197 = VERTEX_POINT('',#12198);
#12198 = CARTESIAN_POINT('',(120.,0.,12.));
#12199 = LINE('',#12200,#12201);
#12200 = CARTESIAN_POINT('',(120.,0.,0.));
#12201 = VECTOR('',#12202,1.);
#12202 = DIRECTION('',(0.,0.,1.));
#12203 = ORIENTED_EDGE('',*,*,#12204,.T.);
#12204 = EDGE_CURVE('',#12195,#12205,#12207,.T.);
#12205 = VERTEX_POINT('',#12206);
#12206 = CARTESIAN_POINT('',(120.,18.,0.));
#12207 = LINE('',#12208,#12209);
#12208 = CARTESIAN_POINT('',(120.,0.,0.));
#12209 = VECTOR('',#12210,1.);
#12210 = DIRECTION('',(-0.,1.,0.));
#12211 = ORIENTED_EDGE('',*,*,#12212,.T.);
#12212 = EDGE_CURVE('',#12205,#12213,#12215,.T.);
#12213 = VERTEX_POINT('',#12214);
#12214 = CARTESIAN_POINT('',(120.,18.,12.));
#12215 = LINE('',#12216,#12217);
#12216 = CARTESIAN_POINT('',(120.,18.,0.));
#12217 = VECTOR('',#12218,1.);
#12218 = DIRECTION('',(0.,0.,1.));
#12219 = ORIENTED_EDGE('',*,*,#12220,.F.);
#12220 = EDGE_CURVE('',#12197,#12213,#12221,.T.);
#12221 = LINE('',#12222,#12223);
#12222 = CARTESIAN_POINT('',(120.,0.,12.));
#12223 = VECTOR('',#12224,1.);
#12224 = DIRECTION('',(-0.,1.,0.));
#12225 = PLANE('',#12226);
#12226 = AXIS2_PLACEMENT_3D('',#12227,#12228,#12229);
#12227 = CARTESIAN_POINT('',(120.,0.,0.));
#12228 = DIRECTION('',(1.,0.,-0.));
#12229 = DIRECTION('',(0.,0.,1.));
#12230 = ADVANCED_FACE('',(#12231),#12247,.F.);
#12231 = FACE_BOUND('',#12232,.F.);
#12232 = EDGE_LOOP('',(#12233,#12239,#12240,#12246));
#12233 = ORIENTED_EDGE('',*,*,#12234,.F.);
#12234 = EDGE_CURVE('',#12155,#12195,#12235,.T.);
#12235 = LINE('',#12236,#12237);
#12236 = CARTESIAN_POINT('',(0.,0.,0.));
#12237 = VECTOR('',#12238,1.);
#12238 = DIRECTION('',(1.,0.,-0.));
#12239 = ORIENTED_EDGE('',*,*,#12154,.T.);
#12240 = ORIENTED_EDGE('',*,*,#12241,.T.);
#12241 = EDGE_CURVE('',#12157,#12197,#12242,.T.);
#12242 = LINE('',#12243,#12244);
#12243 = CARTESIAN_POINT('',(0.,0.,12.));
#12244 = VECTOR('',#12245,1.);
#12245 = DIRECTION('',(1.,0.,-0.));
#12246 = ORIENTED_EDGE('',*,*,#12194,.F.);
#12247 = PLANE('',#12248);
#12248 = AXIS2_PLACEMENT_3D('',#12249,#12250,#12251);
#12249 = CARTESIAN_POINT('',(0.,0.,0.));
#12250 = DIRECTION('',(-0.,1.,0.));
#12251 = DIRECTION('',(0.,0.,1.));
#12252 = ADVANCED_FACE('',(#12253),#12269,.T.);
#12253 = FACE_BOUND('',#12254,.T.);
#12254 = EDGE_LOOP('',(#12255,#12261,#12262,#12268));
#12255 = ORIENTED_EDGE('',*,*,#12256,.F.);
#12256 = EDGE_CURVE('',#12165,#12205,#12257,.T.);
#12257 = LINE('',#12258,#12259);
#12258 = CARTESIAN_POINT('',(0.,18.,0.));
#12259 = VECTOR('',#12260,1.);
#12260 = DIRECTION('',(1.,0.,-0.));
#12261 = ORIENTED_EDGE('',*,*,#12172,.T.);
#12262 = ORIENTED_EDGE('',*,*,#12263,.T.);
#12263 = EDGE_CURVE('',#12173,#12213,#12264,.T.);
#12264 = LINE('',#12265,#12266);
#12265 = CARTESIAN_POINT('',(0.,18.,12.));
#12266 = VECTOR('',#12267,1.);
#12267 = DIRECTION('',(1.,0.,-0.));
#12268 = ORIENTED_EDGE('',*,*,#12212,.F.);
#12269 = PLANE('',#12270);
#12270 = AXIS2_PLACEMENT_3D('',#12271,#12272,#12273);
#12271 = CARTESIAN_POINT('',(0.,18.,0.));
#12272 = DIRECTION('',(-0.,1.,0.));
#12273 = DIRECTION('',(0.,0.,1.));
#12274 = ADVANCED_FACE('',(#12275),#12281,.F.);
#12275 = FACE_BOUND('',#12276,.F.);
#12276 = EDGE_LOOP('',(#12277,#12278,#12279,#12280));
#12277 = ORIENTED_EDGE('',*,*,#12164,.F.);
#12278 = ORIENTED_EDGE('',*,*,#12234,.T.);
#12279 = ORIENTED_EDGE('',*,*,#12204,.T.);
#12280 = ORIENTED_EDGE('',*,*,#12256,.F.);
#12281 = PLANE('',#12282);
#12282 = AXIS2_PLACEMENT_3D('',#12283,#12284,#12285);
#12283 = CARTESIAN_POINT('',(0.,0.,0.));
#12284 = DIRECTION('',(0.,0.,1.));
#12285 = DIRECTION('',(1.,0.,-0.));
#12286 = ADVANCED_FACE('',(#12287),#12293,.T.);
#12287 = FACE_BOUND('',#12288,.T.);
#12288 = EDGE_LOOP('',(#12289,#12290,#12291,#12292));
#12289 = ORIENTED_EDGE('',*,*,#12180,.F.);
#12290 = ORIENTED_EDGE('',*,*,#12241,.T.);
#12291 = ORIENTED_EDGE('',*,*,#12220,.T.);
#12292 = ORIENTED_EDGE('',*,*,#12263,.F.);
#12293 = PLANE('',#12294);
#12294 = AXIS2_PLACEMENT_3D('',#12295,#12296,#12297);
#12295 = CARTESIAN_POINT('',(0.,0.,12.));
#12296 = DIRECTION('',(0.,0.,1.));
#12297 = DIRECTION('',(1.,0.,-0.));
#12298 = ( GEOMETRIC_REPRESENTATION_CONTEXT(3) 
GLOBAL_UNCERTAINTY_ASSIGNED_CONTEXT((#12302)) 
GLOBAL_UNIT_ASSIGNED_CONTEXT((#12299,#12300,#12301)) 
REPRESENTATION_CONTEXT('Context #1',
  '3D Context with UNIT and UNCERTAINTY') );
#12299 = ( LENGTH_UNIT() NAMED_UNIT(*) SI_UNIT(.MILLI.,.METRE.) );
#12300 = ( NAMED_UNIT(*) PLANE_ANGLE_UNIT() SI_UNIT($,.RADIAN.) );
#12301 = ( NAMED_UNIT(*) SI_UNIT($,.STERADIAN.) SOLID_ANGLE_UNIT() );
#12302 = UNCERTAINTY_MEASURE_WITH_UNIT(LENGTH_MEASURE(1.E-07),#12299,
  'distance_accuracy_value','confusion accuracy');
#12303 = CONTEXT_DEPENDENT_SHAPE_REPRESENTATION(#12304,#12306);
#12304 = ( REPRESENTATION_RELATIONSHIP('','',#12147,#8160) 
REPRESENTATION_RELATIONSHIP_WITH_TRANSFORMATION(#12305) 
SHAPE_REPRESENTATION_RELATIONSHIP() );
#12305 = ITEM_DEFINED_TRANSFORMATION('','',#11,#8265);
#12306 = PRODUCT_DEFINITION_SHAPE('Placement','Placement of an item',
  #12307);
#12307 = NEXT_ASSEMBLY_USAGE_OCCURRENCE('88','Klappengriff','',#8155,
  #12142,$);
#12308 = PRODUCT_RELATED_PRODUCT_CATEGORY('part',$,(#12144));
#12309 = SHAPE_DEFINITION_REPRESENTATION(#12310,#12316);
#12310 = PRODUCT_DEFINITION_SHAPE('','',#12311);
#12311 = PRODUCT_DEFINITION('design','',#12312,#12315);
#12312 = PRODUCT_DEFINITION_FORMATION('','',#12313);
#12313 = PRODUCT('Standoff_vorn_links','Standoff_vorn_links','',(#12314)
  );
#12314 = PRODUCT_CONTEXT('',#2,'mechanical');
#12315 = PRODUCT_DEFINITION_CONTEXT('part definition',#2,'design');
#12316 = ADVANCED_BREP_SHAPE_REPRESENTATION('',(#11,#12317),#12467);
#12317 = MANIFOLD_SOLID_BREP('',#12318);
#12318 = CLOSED_SHELL('',(#12319,#12359,#12399,#12421,#12443,#12455));
#12319 = ADVANCED_FACE('',(#12320),#12354,.F.);
#12320 = FACE_BOUND('',#12321,.F.);
#12321 = EDGE_LOOP('',(#12322,#12332,#12340,#12348));
#12322 = ORIENTED_EDGE('',*,*,#12323,.F.);
#12323 = EDGE_CURVE('',#12324,#12326,#12328,.T.);
#12324 = VERTEX_POINT('',#12325);
#12325 = CARTESIAN_POINT('',(0.,0.,0.));
#12326 = VERTEX_POINT('',#12327);
#12327 = CARTESIAN_POINT('',(0.,0.,15.));
#12328 = LINE('',#12329,#12330);
#12329 = CARTESIAN_POINT('',(0.,0.,0.));
#12330 = VECTOR('',#12331,1.);
#12331 = DIRECTION('',(0.,0.,1.));
#12332 = ORIENTED_EDGE('',*,*,#12333,.T.);
#12333 = EDGE_CURVE('',#12324,#12334,#12336,.T.);
#12334 = VERTEX_POINT('',#12335);
#12335 = CARTESIAN_POINT('',(0.,20.,0.));
#12336 = LINE('',#12337,#12338);
#12337 = CARTESIAN_POINT('',(0.,0.,0.));
#12338 = VECTOR('',#12339,1.);
#12339 = DIRECTION('',(-0.,1.,0.));
#12340 = ORIENTED_EDGE('',*,*,#12341,.T.);
#12341 = EDGE_CURVE('',#12334,#12342,#12344,.T.);
#12342 = VERTEX_POINT('',#12343);
#12343 = CARTESIAN_POINT('',(0.,20.,15.));
#12344 = LINE('',#12345,#12346);
#12345 = CARTESIAN_POINT('',(0.,20.,0.));
#12346 = VECTOR('',#12347,1.);
#12347 = DIRECTION('',(0.,0.,1.));
#12348 = ORIENTED_EDGE('',*,*,#12349,.F.);
#12349 = EDGE_CURVE('',#12326,#12342,#12350,.T.);
#12350 = LINE('',#12351,#12352);
#12351 = CARTESIAN_POINT('',(0.,0.,15.));
#12352 = VECTOR('',#12353,1.);
#12353 = DIRECTION('',(-0.,1.,0.));
#12354 = PLANE('',#12355);
#12355 = AXIS2_PLACEMENT_3D('',#12356,#12357,#12358);
#12356 = CARTESIAN_POINT('',(0.,0.,0.));
#12357 = DIRECTION('',(1.,0.,-0.));
#12358 = DIRECTION('',(0.,0.,1.));
#12359 = ADVANCED_FACE('',(#12360),#12394,.T.);
#12360 = FACE_BOUND('',#12361,.T.);
#12361 = EDGE_LOOP('',(#12362,#12372,#12380,#12388));
#12362 = ORIENTED_EDGE('',*,*,#12363,.F.);
#12363 = EDGE_CURVE('',#12364,#12366,#12368,.T.);
#12364 = VERTEX_POINT('',#12365);
#12365 = CARTESIAN_POINT('',(21.,0.,0.));
#12366 = VERTEX_POINT('',#12367);
#12367 = CARTESIAN_POINT('',(21.,0.,15.));
#12368 = LINE('',#12369,#12370);
#12369 = CARTESIAN_POINT('',(21.,0.,0.));
#12370 = VECTOR('',#12371,1.);
#12371 = DIRECTION('',(0.,0.,1.));
#12372 = ORIENTED_EDGE('',*,*,#12373,.T.);
#12373 = EDGE_CURVE('',#12364,#12374,#12376,.T.);
#12374 = VERTEX_POINT('',#12375);
#12375 = CARTESIAN_POINT('',(21.,20.,0.));
#12376 = LINE('',#12377,#12378);
#12377 = CARTESIAN_POINT('',(21.,0.,0.));
#12378 = VECTOR('',#12379,1.);
#12379 = DIRECTION('',(-0.,1.,0.));
#12380 = ORIENTED_EDGE('',*,*,#12381,.T.);
#12381 = EDGE_CURVE('',#12374,#12382,#12384,.T.);
#12382 = VERTEX_POINT('',#12383);
#12383 = CARTESIAN_POINT('',(21.,20.,15.));
#12384 = LINE('',#12385,#12386);
#12385 = CARTESIAN_POINT('',(21.,20.,0.));
#12386 = VECTOR('',#12387,1.);
#12387 = DIRECTION('',(0.,0.,1.));
#12388 = ORIENTED_EDGE('',*,*,#12389,.F.);
#12389 = EDGE_CURVE('',#12366,#12382,#12390,.T.);
#12390 = LINE('',#12391,#12392);
#12391 = CARTESIAN_POINT('',(21.,0.,15.));
#12392 = VECTOR('',#12393,1.);
#12393 = DIRECTION('',(-0.,1.,0.));
#12394 = PLANE('',#12395);
#12395 = AXIS2_PLACEMENT_3D('',#12396,#12397,#12398);
#12396 = CARTESIAN_POINT('',(21.,0.,0.));
#12397 = DIRECTION('',(1.,0.,-0.));
#12398 = DIRECTION('',(0.,0.,1.));
#12399 = ADVANCED_FACE('',(#12400),#12416,.F.);
#12400 = FACE_BOUND('',#12401,.F.);
#12401 = EDGE_LOOP('',(#12402,#12408,#12409,#12415));
#12402 = ORIENTED_EDGE('',*,*,#12403,.F.);
#12403 = EDGE_CURVE('',#12324,#12364,#12404,.T.);
#12404 = LINE('',#12405,#12406);
#12405 = CARTESIAN_POINT('',(0.,0.,0.));
#12406 = VECTOR('',#12407,1.);
#12407 = DIRECTION('',(1.,0.,-0.));
#12408 = ORIENTED_EDGE('',*,*,#12323,.T.);
#12409 = ORIENTED_EDGE('',*,*,#12410,.T.);
#12410 = EDGE_CURVE('',#12326,#12366,#12411,.T.);
#12411 = LINE('',#12412,#12413);
#12412 = CARTESIAN_POINT('',(0.,0.,15.));
#12413 = VECTOR('',#12414,1.);
#12414 = DIRECTION('',(1.,0.,-0.));
#12415 = ORIENTED_EDGE('',*,*,#12363,.F.);
#12416 = PLANE('',#12417);
#12417 = AXIS2_PLACEMENT_3D('',#12418,#12419,#12420);
#12418 = CARTESIAN_POINT('',(0.,0.,0.));
#12419 = DIRECTION('',(-0.,1.,0.));
#12420 = DIRECTION('',(0.,0.,1.));
#12421 = ADVANCED_FACE('',(#12422),#12438,.T.);
#12422 = FACE_BOUND('',#12423,.T.);
#12423 = EDGE_LOOP('',(#12424,#12430,#12431,#12437));
#12424 = ORIENTED_EDGE('',*,*,#12425,.F.);
#12425 = EDGE_CURVE('',#12334,#12374,#12426,.T.);
#12426 = LINE('',#12427,#12428);
#12427 = CARTESIAN_POINT('',(0.,20.,0.));
#12428 = VECTOR('',#12429,1.);
#12429 = DIRECTION('',(1.,0.,-0.));
#12430 = ORIENTED_EDGE('',*,*,#12341,.T.);
#12431 = ORIENTED_EDGE('',*,*,#12432,.T.);
#12432 = EDGE_CURVE('',#12342,#12382,#12433,.T.);
#12433 = LINE('',#12434,#12435);
#12434 = CARTESIAN_POINT('',(0.,20.,15.));
#12435 = VECTOR('',#12436,1.);
#12436 = DIRECTION('',(1.,0.,-0.));
#12437 = ORIENTED_EDGE('',*,*,#12381,.F.);
#12438 = PLANE('',#12439);
#12439 = AXIS2_PLACEMENT_3D('',#12440,#12441,#12442);
#12440 = CARTESIAN_POINT('',(0.,20.,0.));
#12441 = DIRECTION('',(-0.,1.,0.));
#12442 = DIRECTION('',(0.,0.,1.));
#12443 = ADVANCED_FACE('',(#12444),#12450,.F.);
#12444 = FACE_BOUND('',#12445,.F.);
#12445 = EDGE_LOOP('',(#12446,#12447,#12448,#12449));
#12446 = ORIENTED_EDGE('',*,*,#12333,.F.);
#12447 = ORIENTED_EDGE('',*,*,#12403,.T.);
#12448 = ORIENTED_EDGE('',*,*,#12373,.T.);
#12449 = ORIENTED_EDGE('',*,*,#12425,.F.);
#12450 = PLANE('',#12451);
#12451 = AXIS2_PLACEMENT_3D('',#12452,#12453,#12454);
#12452 = CARTESIAN_POINT('',(0.,0.,0.));
#12453 = DIRECTION('',(0.,0.,1.));
#12454 = DIRECTION('',(1.,0.,-0.));
#12455 = ADVANCED_FACE('',(#12456),#12462,.T.);
#12456 = FACE_BOUND('',#12457,.T.);
#12457 = EDGE_LOOP('',(#12458,#12459,#12460,#12461));
#12458 = ORIENTED_EDGE('',*,*,#12349,.F.);
#12459 = ORIENTED_EDGE('',*,*,#12410,.T.);
#12460 = ORIENTED_EDGE('',*,*,#12389,.T.);
#12461 = ORIENTED_EDGE('',*,*,#12432,.F.);
#12462 = PLANE('',#12463);
#12463 = AXIS2_PLACEMENT_3D('',#12464,#12465,#12466);
#12464 = CARTESIAN_POINT('',(0.,0.,15.));
#12465 = DIRECTION('',(0.,0.,1.));
#12466 = DIRECTION('',(1.,0.,-0.));
#12467 = ( GEOMETRIC_REPRESENTATION_CONTEXT(3) 
GLOBAL_UNCERTAINTY_ASSIGNED_CONTEXT((#12471)) 
GLOBAL_UNIT_ASSIGNED_CONTEXT((#12468,#12469,#12470)) 
REPRESENTATION_CONTEXT('Context #1',
  '3D Context with UNIT and UNCERTAINTY') );
#12468 = ( LENGTH_UNIT() NAMED_UNIT(*) SI_UNIT(.MILLI.,.METRE.) );
#12469 = ( NAMED_UNIT(*) PLANE_ANGLE_UNIT() SI_UNIT($,.RADIAN.) );
#12470 = ( NAMED_UNIT(*) SI_UNIT($,.STERADIAN.) SOLID_ANGLE_UNIT() );
#12471 = UNCERTAINTY_MEASURE_WITH_UNIT(LENGTH_MEASURE(1.E-07),#12468,
  'distance_accuracy_value','confusion accuracy');
#12472 = CONTEXT_DEPENDENT_SHAPE_REPRESENTATION(#12473,#12475);
#12473 = ( REPRESENTATION_RELATIONSHIP('','',#12316,#8160) 
REPRESENTATION_RELATIONSHIP_WITH_TRANSFORMATION(#12474) 
SHAPE_REPRESENTATION_RELATIONSHIP() );
#12474 = ITEM_DEFINED_TRANSFORMATION('','',#11,#8269);
#12475 = PRODUCT_DEFINITION_SHAPE('Placement','Placement of an item',
  #12476);
#12476 = NEXT_ASSEMBLY_USAGE_OCCURRENCE('89','Standoff_vorn_links','',
  #8155,#12311,$);
#12477 = PRODUCT_RELATED_PRODUCT_CATEGORY('part',$,(#12313));
#12478 = SHAPE_DEFINITION_REPRESENTATION(#12479,#12485);
#12479 = PRODUCT_DEFINITION_SHAPE('','',#12480);
#12480 = PRODUCT_DEFINITION('design','',#12481,#12484);
#12481 = PRODUCT_DEFINITION_FORMATION('','',#12482);
#12482 = PRODUCT('Standoff_vorn_rechts','Standoff_vorn_rechts','',(
    #12483));
#12483 = PRODUCT_CONTEXT('',#2,'mechanical');
#12484 = PRODUCT_DEFINITION_CONTEXT('part definition',#2,'design');
#12485 = ADVANCED_BREP_SHAPE_REPRESENTATION('',(#11,#12486),#12636);
#12486 = MANIFOLD_SOLID_BREP('',#12487);
#12487 = CLOSED_SHELL('',(#12488,#12528,#12568,#12590,#12612,#12624));
#12488 = ADVANCED_FACE('',(#12489),#12523,.F.);
#12489 = FACE_BOUND('',#12490,.F.);
#12490 = EDGE_LOOP('',(#12491,#12501,#12509,#12517));
#12491 = ORIENTED_EDGE('',*,*,#12492,.F.);
#12492 = EDGE_CURVE('',#12493,#12495,#12497,.T.);
#12493 = VERTEX_POINT('',#12494);
#12494 = CARTESIAN_POINT('',(0.,0.,0.));
#12495 = VERTEX_POINT('',#12496);
#12496 = CARTESIAN_POINT('',(0.,0.,15.));
#12497 = LINE('',#12498,#12499);
#12498 = CARTESIAN_POINT('',(0.,0.,0.));
#12499 = VECTOR('',#12500,1.);
#12500 = DIRECTION('',(0.,0.,1.));
#12501 = ORIENTED_EDGE('',*,*,#12502,.T.);
#12502 = EDGE_CURVE('',#12493,#12503,#12505,.T.);
#12503 = VERTEX_POINT('',#12504);
#12504 = CARTESIAN_POINT('',(0.,20.,0.));
#12505 = LINE('',#12506,#12507);
#12506 = CARTESIAN_POINT('',(0.,0.,0.));
#12507 = VECTOR('',#12508,1.);
#12508 = DIRECTION('',(-0.,1.,0.));
#12509 = ORIENTED_EDGE('',*,*,#12510,.T.);
#12510 = EDGE_CURVE('',#12503,#12511,#12513,.T.);
#12511 = VERTEX_POINT('',#12512);
#12512 = CARTESIAN_POINT('',(0.,20.,15.));
#12513 = LINE('',#12514,#12515);
#12514 = CARTESIAN_POINT('',(0.,20.,0.));
#12515 = VECTOR('',#12516,1.);
#12516 = DIRECTION('',(0.,0.,1.));
#12517 = ORIENTED_EDGE('',*,*,#12518,.F.);
#12518 = EDGE_CURVE('',#12495,#12511,#12519,.T.);
#12519 = LINE('',#12520,#12521);
#12520 = CARTESIAN_POINT('',(0.,0.,15.));
#12521 = VECTOR('',#12522,1.);
#12522 = DIRECTION('',(-0.,1.,0.));
#12523 = PLANE('',#12524);
#12524 = AXIS2_PLACEMENT_3D('',#12525,#12526,#12527);
#12525 = CARTESIAN_POINT('',(0.,0.,0.));
#12526 = DIRECTION('',(1.,0.,-0.));
#12527 = DIRECTION('',(0.,0.,1.));
#12528 = ADVANCED_FACE('',(#12529),#12563,.T.);
#12529 = FACE_BOUND('',#12530,.T.);
#12530 = EDGE_LOOP('',(#12531,#12541,#12549,#12557));
#12531 = ORIENTED_EDGE('',*,*,#12532,.F.);
#12532 = EDGE_CURVE('',#12533,#12535,#12537,.T.);
#12533 = VERTEX_POINT('',#12534);
#12534 = CARTESIAN_POINT('',(21.,0.,0.));
#12535 = VERTEX_POINT('',#12536);
#12536 = CARTESIAN_POINT('',(21.,0.,15.));
#12537 = LINE('',#12538,#12539);
#12538 = CARTESIAN_POINT('',(21.,0.,0.));
#12539 = VECTOR('',#12540,1.);
#12540 = DIRECTION('',(0.,0.,1.));
#12541 = ORIENTED_EDGE('',*,*,#12542,.T.);
#12542 = EDGE_CURVE('',#12533,#12543,#12545,.T.);
#12543 = VERTEX_POINT('',#12544);
#12544 = CARTESIAN_POINT('',(21.,20.,0.));
#12545 = LINE('',#12546,#12547);
#12546 = CARTESIAN_POINT('',(21.,0.,0.));
#12547 = VECTOR('',#12548,1.);
#12548 = DIRECTION('',(-0.,1.,0.));
#12549 = ORIENTED_EDGE('',*,*,#12550,.T.);
#12550 = EDGE_CURVE('',#12543,#12551,#12553,.T.);
#12551 = VERTEX_POINT('',#12552);
#12552 = CARTESIAN_POINT('',(21.,20.,15.));
#12553 = LINE('',#12554,#12555);
#12554 = CARTESIAN_POINT('',(21.,20.,0.));
#12555 = VECTOR('',#12556,1.);
#12556 = DIRECTION('',(0.,0.,1.));
#12557 = ORIENTED_EDGE('',*,*,#12558,.F.);
#12558 = EDGE_CURVE('',#12535,#12551,#12559,.T.);
#12559 = LINE('',#12560,#12561);
#12560 = CARTESIAN_POINT('',(21.,0.,15.));
#12561 = VECTOR('',#12562,1.);
#12562 = DIRECTION('',(-0.,1.,0.));
#12563 = PLANE('',#12564);
#12564 = AXIS2_PLACEMENT_3D('',#12565,#12566,#12567);
#12565 = CARTESIAN_POINT('',(21.,0.,0.));
#12566 = DIRECTION('',(1.,0.,-0.));
#12567 = DIRECTION('',(0.,0.,1.));
#12568 = ADVANCED_FACE('',(#12569),#12585,.F.);
#12569 = FACE_BOUND('',#12570,.F.);
#12570 = EDGE_LOOP('',(#12571,#12577,#12578,#12584));
#12571 = ORIENTED_EDGE('',*,*,#12572,.F.);
#12572 = EDGE_CURVE('',#12493,#12533,#12573,.T.);
#12573 = LINE('',#12574,#12575);
#12574 = CARTESIAN_POINT('',(0.,0.,0.));
#12575 = VECTOR('',#12576,1.);
#12576 = DIRECTION('',(1.,0.,-0.));
#12577 = ORIENTED_EDGE('',*,*,#12492,.T.);
#12578 = ORIENTED_EDGE('',*,*,#12579,.T.);
#12579 = EDGE_CURVE('',#12495,#12535,#12580,.T.);
#12580 = LINE('',#12581,#12582);
#12581 = CARTESIAN_POINT('',(0.,0.,15.));
#12582 = VECTOR('',#12583,1.);
#12583 = DIRECTION('',(1.,0.,-0.));
#12584 = ORIENTED_EDGE('',*,*,#12532,.F.);
#12585 = PLANE('',#12586);
#12586 = AXIS2_PLACEMENT_3D('',#12587,#12588,#12589);
#12587 = CARTESIAN_POINT('',(0.,0.,0.));
#12588 = DIRECTION('',(-0.,1.,0.));
#12589 = DIRECTION('',(0.,0.,1.));
#12590 = ADVANCED_FACE('',(#12591),#12607,.T.);
#12591 = FACE_BOUND('',#12592,.T.);
#12592 = EDGE_LOOP('',(#12593,#12599,#12600,#12606));
#12593 = ORIENTED_EDGE('',*,*,#12594,.F.);
#12594 = EDGE_CURVE('',#12503,#12543,#12595,.T.);
#12595 = LINE('',#12596,#12597);
#12596 = CARTESIAN_POINT('',(0.,20.,0.));
#12597 = VECTOR('',#12598,1.);
#12598 = DIRECTION('',(1.,0.,-0.));
#12599 = ORIENTED_EDGE('',*,*,#12510,.T.);
#12600 = ORIENTED_EDGE('',*,*,#12601,.T.);
#12601 = EDGE_CURVE('',#12511,#12551,#12602,.T.);
#12602 = LINE('',#12603,#12604);
#12603 = CARTESIAN_POINT('',(0.,20.,15.));
#12604 = VECTOR('',#12605,1.);
#12605 = DIRECTION('',(1.,0.,-0.));
#12606 = ORIENTED_EDGE('',*,*,#12550,.F.);
#12607 = PLANE('',#12608);
#12608 = AXIS2_PLACEMENT_3D('',#12609,#12610,#12611);
#12609 = CARTESIAN_POINT('',(0.,20.,0.));
#12610 = DIRECTION('',(-0.,1.,0.));
#12611 = DIRECTION('',(0.,0.,1.));
#12612 = ADVANCED_FACE('',(#12613),#12619,.F.);
#12613 = FACE_BOUND('',#12614,.F.);
#12614 = EDGE_LOOP('',(#12615,#12616,#12617,#12618));
#12615 = ORIENTED_EDGE('',*,*,#12502,.F.);
#12616 = ORIENTED_EDGE('',*,*,#12572,.T.);
#12617 = ORIENTED_EDGE('',*,*,#12542,.T.);
#12618 = ORIENTED_EDGE('',*,*,#12594,.F.);
#12619 = PLANE('',#12620);
#12620 = AXIS2_PLACEMENT_3D('',#12621,#12622,#12623);
#12621 = CARTESIAN_POINT('',(0.,0.,0.));
#12622 = DIRECTION('',(0.,0.,1.));
#12623 = DIRECTION('',(1.,0.,-0.));
#12624 = ADVANCED_FACE('',(#12625),#12631,.T.);
#12625 = FACE_BOUND('',#12626,.T.);
#12626 = EDGE_LOOP('',(#12627,#12628,#12629,#12630));
#12627 = ORIENTED_EDGE('',*,*,#12518,.F.);
#12628 = ORIENTED_EDGE('',*,*,#12579,.T.);
#12629 = ORIENTED_EDGE('',*,*,#12558,.T.);
#12630 = ORIENTED_EDGE('',*,*,#12601,.F.);
#12631 = PLANE('',#12632);
#12632 = AXIS2_PLACEMENT_3D('',#12633,#12634,#12635);
#12633 = CARTESIAN_POINT('',(0.,0.,15.));
#12634 = DIRECTION('',(0.,0.,1.));
#12635 = DIRECTION('',(1.,0.,-0.));
#12636 = ( GEOMETRIC_REPRESENTATION_CONTEXT(3) 
GLOBAL_UNCERTAINTY_ASSIGNED_CONTEXT((#12640)) 
GLOBAL_UNIT_ASSIGNED_CONTEXT((#12637,#12638,#12639)) 
REPRESENTATION_CONTEXT('Context #1',
  '3D Context with UNIT and UNCERTAINTY') );
#12637 = ( LENGTH_UNIT() NAMED_UNIT(*) SI_UNIT(.MILLI.,.METRE.) );
#12638 = ( NAMED_UNIT(*) PLANE_ANGLE_UNIT() SI_UNIT($,.RADIAN.) );
#12639 = ( NAMED_UNIT(*) SI_UNIT($,.STERADIAN.) SOLID_ANGLE_UNIT() );
#12640 = UNCERTAINTY_MEASURE_WITH_UNIT(LENGTH_MEASURE(1.E-07),#12637,
  'distance_accuracy_value','confusion accuracy');
#12641 = CONTEXT_DEPENDENT_SHAPE_REPRESENTATION(#12642,#12644);
#12642 = ( REPRESENTATION_RELATIONSHIP('','',#12485,#8160) 
REPRESENTATION_RELATIONSHIP_WITH_TRANSFORMATION(#12643) 
SHAPE_REPRESENTATION_RELATIONSHIP() );
#12643 = ITEM_DEFINED_TRANSFORMATION('','',#11,#8273);
#12644 = PRODUCT_DEFINITION_SHAPE('Placement','Placement of an item',
  #12645);
#12645 = NEXT_ASSEMBLY_USAGE_OCCURRENCE('90','Standoff_vorn_rechts','',
  #8155,#12480,$);
#12646 = PRODUCT_RELATED_PRODUCT_CATEGORY('part',$,(#12482));
#12647 = SHAPE_DEFINITION_REPRESENTATION(#12648,#12654);
#12648 = PRODUCT_DEFINITION_SHAPE('','',#12649);
#12649 = PRODUCT_DEFINITION('design','',#12650,#12653);
#12650 = PRODUCT_DEFINITION_FORMATION('','',#12651);
#12651 = PRODUCT('Standoff_hinten_links','Standoff_hinten_links','',(
    #12652));
#12652 = PRODUCT_CONTEXT('',#2,'mechanical');
#12653 = PRODUCT_DEFINITION_CONTEXT('part definition',#2,'design');
#12654 = ADVANCED_BREP_SHAPE_REPRESENTATION('',(#11,#12655),#12805);
#12655 = MANIFOLD_SOLID_BREP('',#12656);
#12656 = CLOSED_SHELL('',(#12657,#12697,#12737,#12759,#12781,#12793));
#12657 = ADVANCED_FACE('',(#12658),#12692,.F.);
#12658 = FACE_BOUND('',#12659,.F.);
#12659 = EDGE_LOOP('',(#12660,#12670,#12678,#12686));
#12660 = ORIENTED_EDGE('',*,*,#12661,.F.);
#12661 = EDGE_CURVE('',#12662,#12664,#12666,.T.);
#12662 = VERTEX_POINT('',#12663);
#12663 = CARTESIAN_POINT('',(0.,0.,0.));
#12664 = VERTEX_POINT('',#12665);
#12665 = CARTESIAN_POINT('',(0.,0.,15.));
#12666 = LINE('',#12667,#12668);
#12667 = CARTESIAN_POINT('',(0.,0.,0.));
#12668 = VECTOR('',#12669,1.);
#12669 = DIRECTION('',(0.,0.,1.));
#12670 = ORIENTED_EDGE('',*,*,#12671,.T.);
#12671 = EDGE_CURVE('',#12662,#12672,#12674,.T.);
#12672 = VERTEX_POINT('',#12673);
#12673 = CARTESIAN_POINT('',(0.,20.,0.));
#12674 = LINE('',#12675,#12676);
#12675 = CARTESIAN_POINT('',(0.,0.,0.));
#12676 = VECTOR('',#12677,1.);
#12677 = DIRECTION('',(-0.,1.,0.));
#12678 = ORIENTED_EDGE('',*,*,#12679,.T.);
#12679 = EDGE_CURVE('',#12672,#12680,#12682,.T.);
#12680 = VERTEX_POINT('',#12681);
#12681 = CARTESIAN_POINT('',(0.,20.,15.));
#12682 = LINE('',#12683,#12684);
#12683 = CARTESIAN_POINT('',(0.,20.,0.));
#12684 = VECTOR('',#12685,1.);
#12685 = DIRECTION('',(0.,0.,1.));
#12686 = ORIENTED_EDGE('',*,*,#12687,.F.);
#12687 = EDGE_CURVE('',#12664,#12680,#12688,.T.);
#12688 = LINE('',#12689,#12690);
#12689 = CARTESIAN_POINT('',(0.,0.,15.));
#12690 = VECTOR('',#12691,1.);
#12691 = DIRECTION('',(-0.,1.,0.));
#12692 = PLANE('',#12693);
#12693 = AXIS2_PLACEMENT_3D('',#12694,#12695,#12696);
#12694 = CARTESIAN_POINT('',(0.,0.,0.));
#12695 = DIRECTION('',(1.,0.,-0.));
#12696 = DIRECTION('',(0.,0.,1.));
#12697 = ADVANCED_FACE('',(#12698),#12732,.T.);
#12698 = FACE_BOUND('',#12699,.T.);
#12699 = EDGE_LOOP('',(#12700,#12710,#12718,#12726));
#12700 = ORIENTED_EDGE('',*,*,#12701,.F.);
#12701 = EDGE_CURVE('',#12702,#12704,#12706,.T.);
#12702 = VERTEX_POINT('',#12703);
#12703 = CARTESIAN_POINT('',(21.,0.,0.));
#12704 = VERTEX_POINT('',#12705);
#12705 = CARTESIAN_POINT('',(21.,0.,15.));
#12706 = LINE('',#12707,#12708);
#12707 = CARTESIAN_POINT('',(21.,0.,0.));
#12708 = VECTOR('',#12709,1.);
#12709 = DIRECTION('',(0.,0.,1.));
#12710 = ORIENTED_EDGE('',*,*,#12711,.T.);
#12711 = EDGE_CURVE('',#12702,#12712,#12714,.T.);
#12712 = VERTEX_POINT('',#12713);
#12713 = CARTESIAN_POINT('',(21.,20.,0.));
#12714 = LINE('',#12715,#12716);
#12715 = CARTESIAN_POINT('',(21.,0.,0.));
#12716 = VECTOR('',#12717,1.);
#12717 = DIRECTION('',(-0.,1.,0.));
#12718 = ORIENTED_EDGE('',*,*,#12719,.T.);
#12719 = EDGE_CURVE('',#12712,#12720,#12722,.T.);
#12720 = VERTEX_POINT('',#12721);
#12721 = CARTESIAN_POINT('',(21.,20.,15.));
#12722 = LINE('',#12723,#12724);
#12723 = CARTESIAN_POINT('',(21.,20.,0.));
#12724 = VECTOR('',#12725,1.);
#12725 = DIRECTION('',(0.,0.,1.));
#12726 = ORIENTED_EDGE('',*,*,#12727,.F.);
#12727 = EDGE_CURVE('',#12704,#12720,#12728,.T.);
#12728 = LINE('',#12729,#12730);
#12729 = CARTESIAN_POINT('',(21.,0.,15.));
#12730 = VECTOR('',#12731,1.);
#12731 = DIRECTION('',(-0.,1.,0.));
#12732 = PLANE('',#12733);
#12733 = AXIS2_PLACEMENT_3D('',#12734,#12735,#12736);
#12734 = CARTESIAN_POINT('',(21.,0.,0.));
#12735 = DIRECTION('',(1.,0.,-0.));
#12736 = DIRECTION('',(0.,0.,1.));
#12737 = ADVANCED_FACE('',(#12738),#12754,.F.);
#12738 = FACE_BOUND('',#12739,.F.);
#12739 = EDGE_LOOP('',(#12740,#12746,#12747,#12753));
#12740 = ORIENTED_EDGE('',*,*,#12741,.F.);
#12741 = EDGE_CURVE('',#12662,#12702,#12742,.T.);
#12742 = LINE('',#12743,#12744);
#12743 = CARTESIAN_POINT('',(0.,0.,0.));
#12744 = VECTOR('',#12745,1.);
#12745 = DIRECTION('',(1.,0.,-0.));
#12746 = ORIENTED_EDGE('',*,*,#12661,.T.);
#12747 = ORIENTED_EDGE('',*,*,#12748,.T.);
#12748 = EDGE_CURVE('',#12664,#12704,#12749,.T.);
#12749 = LINE('',#12750,#12751);
#12750 = CARTESIAN_POINT('',(0.,0.,15.));
#12751 = VECTOR('',#12752,1.);
#12752 = DIRECTION('',(1.,0.,-0.));
#12753 = ORIENTED_EDGE('',*,*,#12701,.F.);
#12754 = PLANE('',#12755);
#12755 = AXIS2_PLACEMENT_3D('',#12756,#12757,#12758);
#12756 = CARTESIAN_POINT('',(0.,0.,0.));
#12757 = DIRECTION('',(-0.,1.,0.));
#12758 = DIRECTION('',(0.,0.,1.));
#12759 = ADVANCED_FACE('',(#12760),#12776,.T.);
#12760 = FACE_BOUND('',#12761,.T.);
#12761 = EDGE_LOOP('',(#12762,#12768,#12769,#12775));
#12762 = ORIENTED_EDGE('',*,*,#12763,.F.);
#12763 = EDGE_CURVE('',#12672,#12712,#12764,.T.);
#12764 = LINE('',#12765,#12766);
#12765 = CARTESIAN_POINT('',(0.,20.,0.));
#12766 = VECTOR('',#12767,1.);
#12767 = DIRECTION('',(1.,0.,-0.));
#12768 = ORIENTED_EDGE('',*,*,#12679,.T.);
#12769 = ORIENTED_EDGE('',*,*,#12770,.T.);
#12770 = EDGE_CURVE('',#12680,#12720,#12771,.T.);
#12771 = LINE('',#12772,#12773);
#12772 = CARTESIAN_POINT('',(0.,20.,15.));
#12773 = VECTOR('',#12774,1.);
#12774 = DIRECTION('',(1.,0.,-0.));
#12775 = ORIENTED_EDGE('',*,*,#12719,.F.);
#12776 = PLANE('',#12777);
#12777 = AXIS2_PLACEMENT_3D('',#12778,#12779,#12780);
#12778 = CARTESIAN_POINT('',(0.,20.,0.));
#12779 = DIRECTION('',(-0.,1.,0.));
#12780 = DIRECTION('',(0.,0.,1.));
#12781 = ADVANCED_FACE('',(#12782),#12788,.F.);
#12782 = FACE_BOUND('',#12783,.F.);
#12783 = EDGE_LOOP('',(#12784,#12785,#12786,#12787));
#12784 = ORIENTED_EDGE('',*,*,#12671,.F.);
#12785 = ORIENTED_EDGE('',*,*,#12741,.T.);
#12786 = ORIENTED_EDGE('',*,*,#12711,.T.);
#12787 = ORIENTED_EDGE('',*,*,#12763,.F.);
#12788 = PLANE('',#12789);
#12789 = AXIS2_PLACEMENT_3D('',#12790,#12791,#12792);
#12790 = CARTESIAN_POINT('',(0.,0.,0.));
#12791 = DIRECTION('',(0.,0.,1.));
#12792 = DIRECTION('',(1.,0.,-0.));
#12793 = ADVANCED_FACE('',(#12794),#12800,.T.);
#12794 = FACE_BOUND('',#12795,.T.);
#12795 = EDGE_LOOP('',(#12796,#12797,#12798,#12799));
#12796 = ORIENTED_EDGE('',*,*,#12687,.F.);
#12797 = ORIENTED_EDGE('',*,*,#12748,.T.);
#12798 = ORIENTED_EDGE('',*,*,#12727,.T.);
#12799 = ORIENTED_EDGE('',*,*,#12770,.F.);
#12800 = PLANE('',#12801);
#12801 = AXIS2_PLACEMENT_3D('',#12802,#12803,#12804);
#12802 = CARTESIAN_POINT('',(0.,0.,15.));
#12803 = DIRECTION('',(0.,0.,1.));
#12804 = DIRECTION('',(1.,0.,-0.));
#12805 = ( GEOMETRIC_REPRESENTATION_CONTEXT(3) 
GLOBAL_UNCERTAINTY_ASSIGNED_CONTEXT((#12809)) 
GLOBAL_UNIT_ASSIGNED_CONTEXT((#12806,#12807,#12808)) 
REPRESENTATION_CONTEXT('Context #1',
  '3D Context with UNIT and UNCERTAINTY') );
#12806 = ( LENGTH_UNIT() NAMED_UNIT(*) SI_UNIT(.MILLI.,.METRE.) );
#12807 = ( NAMED_UNIT(*) PLANE_ANGLE_UNIT() SI_UNIT($,.RADIAN.) );
#12808 = ( NAMED_UNIT(*) SI_UNIT($,.STERADIAN.) SOLID_ANGLE_UNIT() );
#12809 = UNCERTAINTY_MEASURE_WITH_UNIT(LENGTH_MEASURE(1.E-07),#12806,
  'distance_accuracy_value','confusion accuracy');
#12810 = CONTEXT_DEPENDENT_SHAPE_REPRESENTATION(#12811,#12813);
#12811 = ( REPRESENTATION_RELATIONSHIP('','',#12654,#8160) 
REPRESENTATION_RELATIONSHIP_WITH_TRANSFORMATION(#12812) 
SHAPE_REPRESENTATION_RELATIONSHIP() );
#12812 = ITEM_DEFINED_TRANSFORMATION('','',#11,#8277);
#12813 = PRODUCT_DEFINITION_SHAPE('Placement','Placement of an item',
  #12814);
#12814 = NEXT_ASSEMBLY_USAGE_OCCURRENCE('91','Standoff_hinten_links','',
  #8155,#12649,$);
#12815 = PRODUCT_RELATED_PRODUCT_CATEGORY('part',$,(#12651));
#12816 = SHAPE_DEFINITION_REPRESENTATION(#12817,#12823);
#12817 = PRODUCT_DEFINITION_SHAPE('','',#12818);
#12818 = PRODUCT_DEFINITION('design','',#12819,#12822);
#12819 = PRODUCT_DEFINITION_FORMATION('','',#12820);
#12820 = PRODUCT('Standoff_hinten_rechts','Standoff_hinten_rechts','',(
    #12821));
#12821 = PRODUCT_CONTEXT('',#2,'mechanical');
#12822 = PRODUCT_DEFINITION_CONTEXT('part definition',#2,'design');
#12823 = ADVANCED_BREP_SHAPE_REPRESENTATION('',(#11,#12824),#12974);
#12824 = MANIFOLD_SOLID_BREP('',#12825);
#12825 = CLOSED_SHELL('',(#12826,#12866,#12906,#12928,#12950,#12962));
#12826 = ADVANCED_FACE('',(#12827),#12861,.F.);
#12827 = FACE_BOUND('',#12828,.F.);
#12828 = EDGE_LOOP('',(#12829,#12839,#12847,#12855));
#12829 = ORIENTED_EDGE('',*,*,#12830,.F.);
#12830 = EDGE_CURVE('',#12831,#12833,#12835,.T.);
#12831 = VERTEX_POINT('',#12832);
#12832 = CARTESIAN_POINT('',(0.,0.,0.));
#12833 = VERTEX_POINT('',#12834);
#12834 = CARTESIAN_POINT('',(0.,0.,15.));
#12835 = LINE('',#12836,#12837);
#12836 = CARTESIAN_POINT('',(0.,0.,0.));
#12837 = VECTOR('',#12838,1.);
#12838 = DIRECTION('',(0.,0.,1.));
#12839 = ORIENTED_EDGE('',*,*,#12840,.T.);
#12840 = EDGE_CURVE('',#12831,#12841,#12843,.T.);
#12841 = VERTEX_POINT('',#12842);
#12842 = CARTESIAN_POINT('',(0.,20.,0.));
#12843 = LINE('',#12844,#12845);
#12844 = CARTESIAN_POINT('',(0.,0.,0.));
#12845 = VECTOR('',#12846,1.);
#12846 = DIRECTION('',(-0.,1.,0.));
#12847 = ORIENTED_EDGE('',*,*,#12848,.T.);
#12848 = EDGE_CURVE('',#12841,#12849,#12851,.T.);
#12849 = VERTEX_POINT('',#12850);
#12850 = CARTESIAN_POINT('',(0.,20.,15.));
#12851 = LINE('',#12852,#12853);
#12852 = CARTESIAN_POINT('',(0.,20.,0.));
#12853 = VECTOR('',#12854,1.);
#12854 = DIRECTION('',(0.,0.,1.));
#12855 = ORIENTED_EDGE('',*,*,#12856,.F.);
#12856 = EDGE_CURVE('',#12833,#12849,#12857,.T.);
#12857 = LINE('',#12858,#12859);
#12858 = CARTESIAN_POINT('',(0.,0.,15.));
#12859 = VECTOR('',#12860,1.);
#12860 = DIRECTION('',(-0.,1.,0.));
#12861 = PLANE('',#12862);
#12862 = AXIS2_PLACEMENT_3D('',#12863,#12864,#12865);
#12863 = CARTESIAN_POINT('',(0.,0.,0.));
#12864 = DIRECTION('',(1.,0.,-0.));
#12865 = DIRECTION('',(0.,0.,1.));
#12866 = ADVANCED_FACE('',(#12867),#12901,.T.);
#12867 = FACE_BOUND('',#12868,.T.);
#12868 = EDGE_LOOP('',(#12869,#12879,#12887,#12895));
#12869 = ORIENTED_EDGE('',*,*,#12870,.F.);
#12870 = EDGE_CURVE('',#12871,#12873,#12875,.T.);
#12871 = VERTEX_POINT('',#12872);
#12872 = CARTESIAN_POINT('',(21.,0.,0.));
#12873 = VERTEX_POINT('',#12874);
#12874 = CARTESIAN_POINT('',(21.,0.,15.));
#12875 = LINE('',#12876,#12877);
#12876 = CARTESIAN_POINT('',(21.,0.,0.));
#12877 = VECTOR('',#12878,1.);
#12878 = DIRECTION('',(0.,0.,1.));
#12879 = ORIENTED_EDGE('',*,*,#12880,.T.);
#12880 = EDGE_CURVE('',#12871,#12881,#12883,.T.);
#12881 = VERTEX_POINT('',#12882);
#12882 = CARTESIAN_POINT('',(21.,20.,0.));
#12883 = LINE('',#12884,#12885);
#12884 = CARTESIAN_POINT('',(21.,0.,0.));
#12885 = VECTOR('',#12886,1.);
#12886 = DIRECTION('',(-0.,1.,0.));
#12887 = ORIENTED_EDGE('',*,*,#12888,.T.);
#12888 = EDGE_CURVE('',#12881,#12889,#12891,.T.);
#12889 = VERTEX_POINT('',#12890);
#12890 = CARTESIAN_POINT('',(21.,20.,15.));
#12891 = LINE('',#12892,#12893);
#12892 = CARTESIAN_POINT('',(21.,20.,0.));
#12893 = VECTOR('',#12894,1.);
#12894 = DIRECTION('',(0.,0.,1.));
#12895 = ORIENTED_EDGE('',*,*,#12896,.F.);
#12896 = EDGE_CURVE('',#12873,#12889,#12897,.T.);
#12897 = LINE('',#12898,#12899);
#12898 = CARTESIAN_POINT('',(21.,0.,15.));
#12899 = VECTOR('',#12900,1.);
#12900 = DIRECTION('',(-0.,1.,0.));
#12901 = PLANE('',#12902);
#12902 = AXIS2_PLACEMENT_3D('',#12903,#12904,#12905);
#12903 = CARTESIAN_POINT('',(21.,0.,0.));
#12904 = DIRECTION('',(1.,0.,-0.));
#12905 = DIRECTION('',(0.,0.,1.));
#12906 = ADVANCED_FACE('',(#12907),#12923,.F.);
#12907 = FACE_BOUND('',#12908,.F.);
#12908 = EDGE_LOOP('',(#12909,#12915,#12916,#12922));
#12909 = ORIENTED_EDGE('',*,*,#12910,.F.);
#12910 = EDGE_CURVE('',#12831,#12871,#12911,.T.);
#12911 = LINE('',#12912,#12913);
#12912 = CARTESIAN_POINT('',(0.,0.,0.));
#12913 = VECTOR('',#12914,1.);
#12914 = DIRECTION('',(1.,0.,-0.));
#12915 = ORIENTED_EDGE('',*,*,#12830,.T.);
#12916 = ORIENTED_EDGE('',*,*,#12917,.T.);
#12917 = EDGE_CURVE('',#12833,#12873,#12918,.T.);
#12918 = LINE('',#12919,#12920);
#12919 = CARTESIAN_POINT('',(0.,0.,15.));
#12920 = VECTOR('',#12921,1.);
#12921 = DIRECTION('',(1.,0.,-0.));
#12922 = ORIENTED_EDGE('',*,*,#12870,.F.);
#12923 = PLANE('',#12924);
#12924 = AXIS2_PLACEMENT_3D('',#12925,#12926,#12927);
#12925 = CARTESIAN_POINT('',(0.,0.,0.));
#12926 = DIRECTION('',(-0.,1.,0.));
#12927 = DIRECTION('',(0.,0.,1.));
#12928 = ADVANCED_FACE('',(#12929),#12945,.T.);
#12929 = FACE_BOUND('',#12930,.T.);
#12930 = EDGE_LOOP('',(#12931,#12937,#12938,#12944));
#12931 = ORIENTED_EDGE('',*,*,#12932,.F.);
#12932 = EDGE_CURVE('',#12841,#12881,#12933,.T.);
#12933 = LINE('',#12934,#12935);
#12934 = CARTESIAN_POINT('',(0.,20.,0.));
#12935 = VECTOR('',#12936,1.);
#12936 = DIRECTION('',(1.,0.,-0.));
#12937 = ORIENTED_EDGE('',*,*,#12848,.T.);
#12938 = ORIENTED_EDGE('',*,*,#12939,.T.);
#12939 = EDGE_CURVE('',#12849,#12889,#12940,.T.);
#12940 = LINE('',#12941,#12942);
#12941 = CARTESIAN_POINT('',(0.,20.,15.));
#12942 = VECTOR('',#12943,1.);
#12943 = DIRECTION('',(1.,0.,-0.));
#12944 = ORIENTED_EDGE('',*,*,#12888,.F.);
#12945 = PLANE('',#12946);
#12946 = AXIS2_PLACEMENT_3D('',#12947,#12948,#12949);
#12947 = CARTESIAN_POINT('',(0.,20.,0.));
#12948 = DIRECTION('',(-0.,1.,0.));
#12949 = DIRECTION('',(0.,0.,1.));
#12950 = ADVANCED_FACE('',(#12951),#12957,.F.);
#12951 = FACE_BOUND('',#12952,.F.);
#12952 = EDGE_LOOP('',(#12953,#12954,#12955,#12956));
#12953 = ORIENTED_EDGE('',*,*,#12840,.F.);
#12954 = ORIENTED_EDGE('',*,*,#12910,.T.);
#12955 = ORIENTED_EDGE('',*,*,#12880,.T.);
#12956 = ORIENTED_EDGE('',*,*,#12932,.F.);
#12957 = PLANE('',#12958);
#12958 = AXIS2_PLACEMENT_3D('',#12959,#12960,#12961);
#12959 = CARTESIAN_POINT('',(0.,0.,0.));
#12960 = DIRECTION('',(0.,0.,1.));
#12961 = DIRECTION('',(1.,0.,-0.));
#12962 = ADVANCED_FACE('',(#12963),#12969,.T.);
#12963 = FACE_BOUND('',#12964,.T.);
#12964 = EDGE_LOOP('',(#12965,#12966,#12967,#12968));
#12965 = ORIENTED_EDGE('',*,*,#12856,.F.);
#12966 = ORIENTED_EDGE('',*,*,#12917,.T.);
#12967 = ORIENTED_EDGE('',*,*,#12896,.T.);
#12968 = ORIENTED_EDGE('',*,*,#12939,.F.);
#12969 = PLANE('',#12970);
#12970 = AXIS2_PLACEMENT_3D('',#12971,#12972,#12973);
#12971 = CARTESIAN_POINT('',(0.,0.,15.));
#12972 = DIRECTION('',(0.,0.,1.));
#12973 = DIRECTION('',(1.,0.,-0.));
#12974 = ( GEOMETRIC_REPRESENTATION_CONTEXT(3) 
GLOBAL_UNCERTAINTY_ASSIGNED_CONTEXT((#12978)) 
GLOBAL_UNIT_ASSIGNED_CONTEXT((#12975,#12976,#12977)) 
REPRESENTATION_CONTEXT('Context #1',
  '3D Context with UNIT and UNCERTAINTY') );
#12975 = ( LENGTH_UNIT() NAMED_UNIT(*) SI_UNIT(.MILLI.,.METRE.) );
#12976 = ( NAMED_UNIT(*) PLANE_ANGLE_UNIT() SI_UNIT($,.RADIAN.) );
#12977 = ( NAMED_UNIT(*) SI_UNIT($,.STERADIAN.) SOLID_ANGLE_UNIT() );
#12978 = UNCERTAINTY_MEASURE_WITH_UNIT(LENGTH_MEASURE(1.E-07),#12975,
  'distance_accuracy_value','confusion accuracy');
#12979 = CONTEXT_DEPENDENT_SHAPE_REPRESENTATION(#12980,#12982);
#12980 = ( REPRESENTATION_RELATIONSHIP('','',#12823,#8160) 
REPRESENTATION_RELATIONSHIP_WITH_TRANSFORMATION(#12981) 
SHAPE_REPRESENTATION_RELATIONSHIP() );
#12981 = ITEM_DEFINED_TRANSFORMATION('','',#11,#8281);
#12982 = PRODUCT_DEFINITION_SHAPE('Placement','Placement of an item',
  #12983);
#12983 = NEXT_ASSEMBLY_USAGE_OCCURRENCE('92','Standoff_hinten_rechts',''
  ,#8155,#12818,$);
#12984 = PRODUCT_RELATED_PRODUCT_CATEGORY('part',$,(#12820));
#12985 = SHAPE_DEFINITION_REPRESENTATION(#12986,#12992);
#12986 = PRODUCT_DEFINITION_SHAPE('','',#12987);
#12987 = PRODUCT_DEFINITION('design','',#12988,#12991);
#12988 = PRODUCT_DEFINITION_FORMATION('','',#12989);
#12989 = PRODUCT('Linerbolzen_LA1','Linerbolzen_LA1','',(#12990));
#12990 = PRODUCT_CONTEXT('',#2,'mechanical');
#12991 = PRODUCT_DEFINITION_CONTEXT('part definition',#2,'design');
#12992 = ADVANCED_BREP_SHAPE_REPRESENTATION('',(#11,#12993),#13046);
#12993 = MANIFOLD_SOLID_BREP('',#12994);
#12994 = CLOSED_SHELL('',(#12995,#13028,#13037));
#12995 = ADVANCED_FACE('',(#12996),#13023,.T.);
#12996 = FACE_BOUND('',#12997,.F.);
#12997 = EDGE_LOOP('',(#12998,#13008,#13015,#13016));
#12998 = ORIENTED_EDGE('',*,*,#12999,.T.);
#12999 = EDGE_CURVE('',#13000,#13002,#13004,.T.);
#13000 = VERTEX_POINT('',#13001);
#13001 = CARTESIAN_POINT('',(3.,-7.347880794884E-16,0.));
#13002 = VERTEX_POINT('',#13003);
#13003 = CARTESIAN_POINT('',(3.,-7.347880794884E-16,21.));
#13004 = LINE('',#13005,#13006);
#13005 = CARTESIAN_POINT('',(3.,-7.347880794884E-16,0.));
#13006 = VECTOR('',#13007,1.);
#13007 = DIRECTION('',(0.,0.,1.));
#13008 = ORIENTED_EDGE('',*,*,#13009,.T.);
#13009 = EDGE_CURVE('',#13002,#13002,#13010,.T.);
#13010 = CIRCLE('',#13011,3.);
#13011 = AXIS2_PLACEMENT_3D('',#13012,#13013,#13014);
#13012 = CARTESIAN_POINT('',(0.,0.,21.));
#13013 = DIRECTION('',(0.,0.,1.));
#13014 = DIRECTION('',(1.,0.,-0.));
#13015 = ORIENTED_EDGE('',*,*,#12999,.F.);
#13016 = ORIENTED_EDGE('',*,*,#13017,.F.);
#13017 = EDGE_CURVE('',#13000,#13000,#13018,.T.);
#13018 = CIRCLE('',#13019,3.);
#13019 = AXIS2_PLACEMENT_3D('',#13020,#13021,#13022);
#13020 = CARTESIAN_POINT('',(0.,0.,0.));
#13021 = DIRECTION('',(0.,0.,1.));
#13022 = DIRECTION('',(1.,0.,-0.));
#13023 = CYLINDRICAL_SURFACE('',#13024,3.);
#13024 = AXIS2_PLACEMENT_3D('',#13025,#13026,#13027);
#13025 = CARTESIAN_POINT('',(0.,0.,0.));
#13026 = DIRECTION('',(-0.,-0.,-1.));
#13027 = DIRECTION('',(1.,0.,-0.));
#13028 = ADVANCED_FACE('',(#13029),#13032,.F.);
#13029 = FACE_BOUND('',#13030,.T.);
#13030 = EDGE_LOOP('',(#13031));
#13031 = ORIENTED_EDGE('',*,*,#13017,.F.);
#13032 = PLANE('',#13033);
#13033 = AXIS2_PLACEMENT_3D('',#13034,#13035,#13036);
#13034 = CARTESIAN_POINT('',(0.,0.,0.));
#13035 = DIRECTION('',(0.,0.,1.));
#13036 = DIRECTION('',(1.,0.,-0.));
#13037 = ADVANCED_FACE('',(#13038),#13041,.T.);
#13038 = FACE_BOUND('',#13039,.F.);
#13039 = EDGE_LOOP('',(#13040));
#13040 = ORIENTED_EDGE('',*,*,#13009,.F.);
#13041 = PLANE('',#13042);
#13042 = AXIS2_PLACEMENT_3D('',#13043,#13044,#13045);
#13043 = CARTESIAN_POINT('',(0.,0.,21.));
#13044 = DIRECTION('',(0.,0.,1.));
#13045 = DIRECTION('',(1.,0.,-0.));
#13046 = ( GEOMETRIC_REPRESENTATION_CONTEXT(3) 
GLOBAL_UNCERTAINTY_ASSIGNED_CONTEXT((#13050)) 
GLOBAL_UNIT_ASSIGNED_CONTEXT((#13047,#13048,#13049)) 
REPRESENTATION_CONTEXT('Context #1',
  '3D Context with UNIT and UNCERTAINTY') );
#13047 = ( LENGTH_UNIT() NAMED_UNIT(*) SI_UNIT(.MILLI.,.METRE.) );
#13048 = ( NAMED_UNIT(*) PLANE_ANGLE_UNIT() SI_UNIT($,.RADIAN.) );
#13049 = ( NAMED_UNIT(*) SI_UNIT($,.STERADIAN.) SOLID_ANGLE_UNIT() );
#13050 = UNCERTAINTY_MEASURE_WITH_UNIT(LENGTH_MEASURE(1.E-07),#13047,
  'distance_accuracy_value','confusion accuracy');
#13051 = CONTEXT_DEPENDENT_SHAPE_REPRESENTATION(#13052,#13054);
#13052 = ( REPRESENTATION_RELATIONSHIP('','',#12992,#8160) 
REPRESENTATION_RELATIONSHIP_WITH_TRANSFORMATION(#13053) 
SHAPE_REPRESENTATION_RELATIONSHIP() );
#13053 = ITEM_DEFINED_TRANSFORMATION('','',#11,#8285);
#13054 = PRODUCT_DEFINITION_SHAPE('Placement','Placement of an item',
  #13055);
#13055 = NEXT_ASSEMBLY_USAGE_OCCURRENCE('93','Linerbolzen_LA1','',#8155,
  #12987,$);
#13056 = PRODUCT_RELATED_PRODUCT_CATEGORY('part',$,(#12989));
#13057 = SHAPE_DEFINITION_REPRESENTATION(#13058,#13064);
#13058 = PRODUCT_DEFINITION_SHAPE('','',#13059);
#13059 = PRODUCT_DEFINITION('design','',#13060,#13063);
#13060 = PRODUCT_DEFINITION_FORMATION('','',#13061);
#13061 = PRODUCT('Linerbolzen_RA1','Linerbolzen_RA1','',(#13062));
#13062 = PRODUCT_CONTEXT('',#2,'mechanical');
#13063 = PRODUCT_DEFINITION_CONTEXT('part definition',#2,'design');
#13064 = ADVANCED_BREP_SHAPE_REPRESENTATION('',(#11,#13065),#13118);
#13065 = MANIFOLD_SOLID_BREP('',#13066);
#13066 = CLOSED_SHELL('',(#13067,#13100,#13109));
#13067 = ADVANCED_FACE('',(#13068),#13095,.T.);
#13068 = FACE_BOUND('',#13069,.F.);
#13069 = EDGE_LOOP('',(#13070,#13080,#13087,#13088));
#13070 = ORIENTED_EDGE('',*,*,#13071,.T.);
#13071 = EDGE_CURVE('',#13072,#13074,#13076,.T.);
#13072 = VERTEX_POINT('',#13073);
#13073 = CARTESIAN_POINT('',(3.,-7.347880794884E-16,0.));
#13074 = VERTEX_POINT('',#13075);
#13075 = CARTESIAN_POINT('',(3.,-7.347880794884E-16,21.));
#13076 = LINE('',#13077,#13078);
#13077 = CARTESIAN_POINT('',(3.,-7.347880794884E-16,0.));
#13078 = VECTOR('',#13079,1.);
#13079 = DIRECTION('',(0.,0.,1.));
#13080 = ORIENTED_EDGE('',*,*,#13081,.T.);
#13081 = EDGE_CURVE('',#13074,#13074,#13082,.T.);
#13082 = CIRCLE('',#13083,3.);
#13083 = AXIS2_PLACEMENT_3D('',#13084,#13085,#13086);
#13084 = CARTESIAN_POINT('',(0.,0.,21.));
#13085 = DIRECTION('',(0.,0.,1.));
#13086 = DIRECTION('',(1.,0.,-0.));
#13087 = ORIENTED_EDGE('',*,*,#13071,.F.);
#13088 = ORIENTED_EDGE('',*,*,#13089,.F.);
#13089 = EDGE_CURVE('',#13072,#13072,#13090,.T.);
#13090 = CIRCLE('',#13091,3.);
#13091 = AXIS2_PLACEMENT_3D('',#13092,#13093,#13094);
#13092 = CARTESIAN_POINT('',(0.,0.,0.));
#13093 = DIRECTION('',(0.,0.,1.));
#13094 = DIRECTION('',(1.,0.,-0.));
#13095 = CYLINDRICAL_SURFACE('',#13096,3.);
#13096 = AXIS2_PLACEMENT_3D('',#13097,#13098,#13099);
#13097 = CARTESIAN_POINT('',(0.,0.,0.));
#13098 = DIRECTION('',(-0.,-0.,-1.));
#13099 = DIRECTION('',(1.,0.,-0.));
#13100 = ADVANCED_FACE('',(#13101),#13104,.F.);
#13101 = FACE_BOUND('',#13102,.T.);
#13102 = EDGE_LOOP('',(#13103));
#13103 = ORIENTED_EDGE('',*,*,#13089,.F.);
#13104 = PLANE('',#13105);
#13105 = AXIS2_PLACEMENT_3D('',#13106,#13107,#13108);
#13106 = CARTESIAN_POINT('',(0.,0.,0.));
#13107 = DIRECTION('',(0.,0.,1.));
#13108 = DIRECTION('',(1.,0.,-0.));
#13109 = ADVANCED_FACE('',(#13110),#13113,.T.);
#13110 = FACE_BOUND('',#13111,.F.);
#13111 = EDGE_LOOP('',(#13112));
#13112 = ORIENTED_EDGE('',*,*,#13081,.F.);
#13113 = PLANE('',#13114);
#13114 = AXIS2_PLACEMENT_3D('',#13115,#13116,#13117);
#13115 = CARTESIAN_POINT('',(0.,0.,21.));
#13116 = DIRECTION('',(0.,0.,1.));
#13117 = DIRECTION('',(1.,0.,-0.));
#13118 = ( GEOMETRIC_REPRESENTATION_CONTEXT(3) 
GLOBAL_UNCERTAINTY_ASSIGNED_CONTEXT((#13122)) 
GLOBAL_UNIT_ASSIGNED_CONTEXT((#13119,#13120,#13121)) 
REPRESENTATION_CONTEXT('Context #1',
  '3D Context with UNIT and UNCERTAINTY') );
#13119 = ( LENGTH_UNIT() NAMED_UNIT(*) SI_UNIT(.MILLI.,.METRE.) );
#13120 = ( NAMED_UNIT(*) PLANE_ANGLE_UNIT() SI_UNIT($,.RADIAN.) );
#13121 = ( NAMED_UNIT(*) SI_UNIT($,.STERADIAN.) SOLID_ANGLE_UNIT() );
#13122 = UNCERTAINTY_MEASURE_WITH_UNIT(LENGTH_MEASURE(1.E-07),#13119,
  'distance_accuracy_value','confusion accuracy');
#13123 = CONTEXT_DEPENDENT_SHAPE_REPRESENTATION(#13124,#13126);
#13124 = ( REPRESENTATION_RELATIONSHIP('','',#13064,#8160) 
REPRESENTATION_RELATIONSHIP_WITH_TRANSFORMATION(#13125) 
SHAPE_REPRESENTATION_RELATIONSHIP() );
#13125 = ITEM_DEFINED_TRANSFORMATION('','',#11,#8289);
#13126 = PRODUCT_DEFINITION_SHAPE('Placement','Placement of an item',
  #13127);
#13127 = NEXT_ASSEMBLY_USAGE_OCCURRENCE('94','Linerbolzen_RA1','',#8155,
  #13059,$);
#13128 = PRODUCT_RELATED_PRODUCT_CATEGORY('part',$,(#13061));
#13129 = SHAPE_DEFINITION_REPRESENTATION(#13130,#13136);
#13130 = PRODUCT_DEFINITION_SHAPE('','',#13131);
#13131 = PRODUCT_DEFINITION('design','',#13132,#13135);
#13132 = PRODUCT_DEFINITION_FORMATION('','',#13133);
#13133 = PRODUCT('Linerbolzen_LA2','Linerbolzen_LA2','',(#13134));
#13134 = PRODUCT_CONTEXT('',#2,'mechanical');
#13135 = PRODUCT_DEFINITION_CONTEXT('part definition',#2,'design');
#13136 = ADVANCED_BREP_SHAPE_REPRESENTATION('',(#11,#13137),#13190);
#13137 = MANIFOLD_SOLID_BREP('',#13138);
#13138 = CLOSED_SHELL('',(#13139,#13172,#13181));
#13139 = ADVANCED_FACE('',(#13140),#13167,.T.);
#13140 = FACE_BOUND('',#13141,.F.);
#13141 = EDGE_LOOP('',(#13142,#13152,#13159,#13160));
#13142 = ORIENTED_EDGE('',*,*,#13143,.T.);
#13143 = EDGE_CURVE('',#13144,#13146,#13148,.T.);
#13144 = VERTEX_POINT('',#13145);
#13145 = CARTESIAN_POINT('',(3.,-7.347880794884E-16,0.));
#13146 = VERTEX_POINT('',#13147);
#13147 = CARTESIAN_POINT('',(3.,-7.347880794884E-16,21.));
#13148 = LINE('',#13149,#13150);
#13149 = CARTESIAN_POINT('',(3.,-7.347880794884E-16,0.));
#13150 = VECTOR('',#13151,1.);
#13151 = DIRECTION('',(0.,0.,1.));
#13152 = ORIENTED_EDGE('',*,*,#13153,.T.);
#13153 = EDGE_CURVE('',#13146,#13146,#13154,.T.);
#13154 = CIRCLE('',#13155,3.);
#13155 = AXIS2_PLACEMENT_3D('',#13156,#13157,#13158);
#13156 = CARTESIAN_POINT('',(0.,0.,21.));
#13157 = DIRECTION('',(0.,0.,1.));
#13158 = DIRECTION('',(1.,0.,-0.));
#13159 = ORIENTED_EDGE('',*,*,#13143,.F.);
#13160 = ORIENTED_EDGE('',*,*,#13161,.F.);
#13161 = EDGE_CURVE('',#13144,#13144,#13162,.T.);
#13162 = CIRCLE('',#13163,3.);
#13163 = AXIS2_PLACEMENT_3D('',#13164,#13165,#13166);
#13164 = CARTESIAN_POINT('',(0.,0.,0.));
#13165 = DIRECTION('',(0.,0.,1.));
#13166 = DIRECTION('',(1.,0.,-0.));
#13167 = CYLINDRICAL_SURFACE('',#13168,3.);
#13168 = AXIS2_PLACEMENT_3D('',#13169,#13170,#13171);
#13169 = CARTESIAN_POINT('',(0.,0.,0.));
#13170 = DIRECTION('',(-0.,-0.,-1.));
#13171 = DIRECTION('',(1.,0.,-0.));
#13172 = ADVANCED_FACE('',(#13173),#13176,.F.);
#13173 = FACE_BOUND('',#13174,.T.);
#13174 = EDGE_LOOP('',(#13175));
#13175 = ORIENTED_EDGE('',*,*,#13161,.F.);
#13176 = PLANE('',#13177);
#13177 = AXIS2_PLACEMENT_3D('',#13178,#13179,#13180);
#13178 = CARTESIAN_POINT('',(0.,0.,0.));
#13179 = DIRECTION('',(0.,0.,1.));
#13180 = DIRECTION('',(1.,0.,-0.));
#13181 = ADVANCED_FACE('',(#13182),#13185,.T.);
#13182 = FACE_BOUND('',#13183,.F.);
#13183 = EDGE_LOOP('',(#13184));
#13184 = ORIENTED_EDGE('',*,*,#13153,.F.);
#13185 = PLANE('',#13186);
#13186 = AXIS2_PLACEMENT_3D('',#13187,#13188,#13189);
#13187 = CARTESIAN_POINT('',(0.,0.,21.));
#13188 = DIRECTION('',(0.,0.,1.));
#13189 = DIRECTION('',(1.,0.,-0.));
#13190 = ( GEOMETRIC_REPRESENTATION_CONTEXT(3) 
GLOBAL_UNCERTAINTY_ASSIGNED_CONTEXT((#13194)) 
GLOBAL_UNIT_ASSIGNED_CONTEXT((#13191,#13192,#13193)) 
REPRESENTATION_CONTEXT('Context #1',
  '3D Context with UNIT and UNCERTAINTY') );
#13191 = ( LENGTH_UNIT() NAMED_UNIT(*) SI_UNIT(.MILLI.,.METRE.) );
#13192 = ( NAMED_UNIT(*) PLANE_ANGLE_UNIT() SI_UNIT($,.RADIAN.) );
#13193 = ( NAMED_UNIT(*) SI_UNIT($,.STERADIAN.) SOLID_ANGLE_UNIT() );
#13194 = UNCERTAINTY_MEASURE_WITH_UNIT(LENGTH_MEASURE(1.E-07),#13191,
  'distance_accuracy_value','confusion accuracy');
#13195 = CONTEXT_DEPENDENT_SHAPE_REPRESENTATION(#13196,#13198);
#13196 = ( REPRESENTATION_RELATIONSHIP('','',#13136,#8160) 
REPRESENTATION_RELATIONSHIP_WITH_TRANSFORMATION(#13197) 
SHAPE_REPRESENTATION_RELATIONSHIP() );
#13197 = ITEM_DEFINED_TRANSFORMATION('','',#11,#8293);
#13198 = PRODUCT_DEFINITION_SHAPE('Placement','Placement of an item',
  #13199);
#13199 = NEXT_ASSEMBLY_USAGE_OCCURRENCE('95','Linerbolzen_LA2','',#8155,
  #13131,$);
#13200 = PRODUCT_RELATED_PRODUCT_CATEGORY('part',$,(#13133));
#13201 = SHAPE_DEFINITION_REPRESENTATION(#13202,#13208);
#13202 = PRODUCT_DEFINITION_SHAPE('','',#13203);
#13203 = PRODUCT_DEFINITION('design','',#13204,#13207);
#13204 = PRODUCT_DEFINITION_FORMATION('','',#13205);
#13205 = PRODUCT('Linerbolzen_RA2','Linerbolzen_RA2','',(#13206));
#13206 = PRODUCT_CONTEXT('',#2,'mechanical');
#13207 = PRODUCT_DEFINITION_CONTEXT('part definition',#2,'design');
#13208 = ADVANCED_BREP_SHAPE_REPRESENTATION('',(#11,#13209),#13262);
#13209 = MANIFOLD_SOLID_BREP('',#13210);
#13210 = CLOSED_SHELL('',(#13211,#13244,#13253));
#13211 = ADVANCED_FACE('',(#13212),#13239,.T.);
#13212 = FACE_BOUND('',#13213,.F.);
#13213 = EDGE_LOOP('',(#13214,#13224,#13231,#13232));
#13214 = ORIENTED_EDGE('',*,*,#13215,.T.);
#13215 = EDGE_CURVE('',#13216,#13218,#13220,.T.);
#13216 = VERTEX_POINT('',#13217);
#13217 = CARTESIAN_POINT('',(3.,-7.347880794884E-16,0.));
#13218 = VERTEX_POINT('',#13219);
#13219 = CARTESIAN_POINT('',(3.,-7.347880794884E-16,21.));
#13220 = LINE('',#13221,#13222);
#13221 = CARTESIAN_POINT('',(3.,-7.347880794884E-16,0.));
#13222 = VECTOR('',#13223,1.);
#13223 = DIRECTION('',(0.,0.,1.));
#13224 = ORIENTED_EDGE('',*,*,#13225,.T.);
#13225 = EDGE_CURVE('',#13218,#13218,#13226,.T.);
#13226 = CIRCLE('',#13227,3.);
#13227 = AXIS2_PLACEMENT_3D('',#13228,#13229,#13230);
#13228 = CARTESIAN_POINT('',(0.,0.,21.));
#13229 = DIRECTION('',(0.,0.,1.));
#13230 = DIRECTION('',(1.,0.,-0.));
#13231 = ORIENTED_EDGE('',*,*,#13215,.F.);
#13232 = ORIENTED_EDGE('',*,*,#13233,.F.);
#13233 = EDGE_CURVE('',#13216,#13216,#13234,.T.);
#13234 = CIRCLE('',#13235,3.);
#13235 = AXIS2_PLACEMENT_3D('',#13236,#13237,#13238);
#13236 = CARTESIAN_POINT('',(0.,0.,0.));
#13237 = DIRECTION('',(0.,0.,1.));
#13238 = DIRECTION('',(1.,0.,-0.));
#13239 = CYLINDRICAL_SURFACE('',#13240,3.);
#13240 = AXIS2_PLACEMENT_3D('',#13241,#13242,#13243);
#13241 = CARTESIAN_POINT('',(0.,0.,0.));
#13242 = DIRECTION('',(-0.,-0.,-1.));
#13243 = DIRECTION('',(1.,0.,-0.));
#13244 = ADVANCED_FACE('',(#13245),#13248,.F.);
#13245 = FACE_BOUND('',#13246,.T.);
#13246 = EDGE_LOOP('',(#13247));
#13247 = ORIENTED_EDGE('',*,*,#13233,.F.);
#13248 = PLANE('',#13249);
#13249 = AXIS2_PLACEMENT_3D('',#13250,#13251,#13252);
#13250 = CARTESIAN_POINT('',(0.,0.,0.));
#13251 = DIRECTION('',(0.,0.,1.));
#13252 = DIRECTION('',(1.,0.,-0.));
#13253 = ADVANCED_FACE('',(#13254),#13257,.T.);
#13254 = FACE_BOUND('',#13255,.F.);
#13255 = EDGE_LOOP('',(#13256));
#13256 = ORIENTED_EDGE('',*,*,#13225,.F.);
#13257 = PLANE('',#13258);
#13258 = AXIS2_PLACEMENT_3D('',#13259,#13260,#13261);
#13259 = CARTESIAN_POINT('',(0.,0.,21.));
#13260 = DIRECTION('',(0.,0.,1.));
#13261 = DIRECTION('',(1.,0.,-0.));
#13262 = ( GEOMETRIC_REPRESENTATION_CONTEXT(3) 
GLOBAL_UNCERTAINTY_ASSIGNED_CONTEXT((#13266)) 
GLOBAL_UNIT_ASSIGNED_CONTEXT((#13263,#13264,#13265)) 
REPRESENTATION_CONTEXT('Context #1',
  '3D Context with UNIT and UNCERTAINTY') );
#13263 = ( LENGTH_UNIT() NAMED_UNIT(*) SI_UNIT(.MILLI.,.METRE.) );
#13264 = ( NAMED_UNIT(*) PLANE_ANGLE_UNIT() SI_UNIT($,.RADIAN.) );
#13265 = ( NAMED_UNIT(*) SI_UNIT($,.STERADIAN.) SOLID_ANGLE_UNIT() );
#13266 = UNCERTAINTY_MEASURE_WITH_UNIT(LENGTH_MEASURE(1.E-07),#13263,
  'distance_accuracy_value','confusion accuracy');
#13267 = CONTEXT_DEPENDENT_SHAPE_REPRESENTATION(#13268,#13270);
#13268 = ( REPRESENTATION_RELATIONSHIP('','',#13208,#8160) 
REPRESENTATION_RELATIONSHIP_WITH_TRANSFORMATION(#13269) 
SHAPE_REPRESENTATION_RELATIONSHIP() );
#13269 = ITEM_DEFINED_TRANSFORMATION('','',#11,#8297);
#13270 = PRODUCT_DEFINITION_SHAPE('Placement','Placement of an item',
  #13271);
#13271 = NEXT_ASSEMBLY_USAGE_OCCURRENCE('96','Linerbolzen_RA2','',#8155,
  #13203,$);
#13272 = PRODUCT_RELATED_PRODUCT_CATEGORY('part',$,(#13205));
#13273 = SHAPE_DEFINITION_REPRESENTATION(#13274,#13280);
#13274 = PRODUCT_DEFINITION_SHAPE('','',#13275);
#13275 = PRODUCT_DEFINITION('design','',#13276,#13279);
#13276 = PRODUCT_DEFINITION_FORMATION('','',#13277);
#13277 = PRODUCT('Linerbolzen_LB1','Linerbolzen_LB1','',(#13278));
#13278 = PRODUCT_CONTEXT('',#2,'mechanical');
#13279 = PRODUCT_DEFINITION_CONTEXT('part definition',#2,'design');
#13280 = ADVANCED_BREP_SHAPE_REPRESENTATION('',(#11,#13281),#13334);
#13281 = MANIFOLD_SOLID_BREP('',#13282);
#13282 = CLOSED_SHELL('',(#13283,#13316,#13325));
#13283 = ADVANCED_FACE('',(#13284),#13311,.T.);
#13284 = FACE_BOUND('',#13285,.F.);
#13285 = EDGE_LOOP('',(#13286,#13296,#13303,#13304));
#13286 = ORIENTED_EDGE('',*,*,#13287,.T.);
#13287 = EDGE_CURVE('',#13288,#13290,#13292,.T.);
#13288 = VERTEX_POINT('',#13289);
#13289 = CARTESIAN_POINT('',(3.,-7.347880794884E-16,0.));
#13290 = VERTEX_POINT('',#13291);
#13291 = CARTESIAN_POINT('',(3.,-7.347880794884E-16,21.));
#13292 = LINE('',#13293,#13294);
#13293 = CARTESIAN_POINT('',(3.,-7.347880794884E-16,0.));
#13294 = VECTOR('',#13295,1.);
#13295 = DIRECTION('',(0.,0.,1.));
#13296 = ORIENTED_EDGE('',*,*,#13297,.T.);
#13297 = EDGE_CURVE('',#13290,#13290,#13298,.T.);
#13298 = CIRCLE('',#13299,3.);
#13299 = AXIS2_PLACEMENT_3D('',#13300,#13301,#13302);
#13300 = CARTESIAN_POINT('',(0.,0.,21.));
#13301 = DIRECTION('',(0.,0.,1.));
#13302 = DIRECTION('',(1.,0.,-0.));
#13303 = ORIENTED_EDGE('',*,*,#13287,.F.);
#13304 = ORIENTED_EDGE('',*,*,#13305,.F.);
#13305 = EDGE_CURVE('',#13288,#13288,#13306,.T.);
#13306 = CIRCLE('',#13307,3.);
#13307 = AXIS2_PLACEMENT_3D('',#13308,#13309,#13310);
#13308 = CARTESIAN_POINT('',(0.,0.,0.));
#13309 = DIRECTION('',(0.,0.,1.));
#13310 = DIRECTION('',(1.,0.,-0.));
#13311 = CYLINDRICAL_SURFACE('',#13312,3.);
#13312 = AXIS2_PLACEMENT_3D('',#13313,#13314,#13315);
#13313 = CARTESIAN_POINT('',(0.,0.,0.));
#13314 = DIRECTION('',(-0.,-0.,-1.));
#13315 = DIRECTION('',(1.,0.,-0.));
#13316 = ADVANCED_FACE('',(#13317),#13320,.F.);
#13317 = FACE_BOUND('',#13318,.T.);
#13318 = EDGE_LOOP('',(#13319));
#13319 = ORIENTED_EDGE('',*,*,#13305,.F.);
#13320 = PLANE('',#13321);
#13321 = AXIS2_PLACEMENT_3D('',#13322,#13323,#13324);
#13322 = CARTESIAN_POINT('',(0.,0.,0.));
#13323 = DIRECTION('',(0.,0.,1.));
#13324 = DIRECTION('',(1.,0.,-0.));
#13325 = ADVANCED_FACE('',(#13326),#13329,.T.);
#13326 = FACE_BOUND('',#13327,.F.);
#13327 = EDGE_LOOP('',(#13328));
#13328 = ORIENTED_EDGE('',*,*,#13297,.F.);
#13329 = PLANE('',#13330);
#13330 = AXIS2_PLACEMENT_3D('',#13331,#13332,#13333);
#13331 = CARTESIAN_POINT('',(0.,0.,21.));
#13332 = DIRECTION('',(0.,0.,1.));
#13333 = DIRECTION('',(1.,0.,-0.));
#13334 = ( GEOMETRIC_REPRESENTATION_CONTEXT(3) 
GLOBAL_UNCERTAINTY_ASSIGNED_CONTEXT((#13338)) 
GLOBAL_UNIT_ASSIGNED_CONTEXT((#13335,#13336,#13337)) 
REPRESENTATION_CONTEXT('Context #1',
  '3D Context with UNIT and UNCERTAINTY') );
#13335 = ( LENGTH_UNIT() NAMED_UNIT(*) SI_UNIT(.MILLI.,.METRE.) );
#13336 = ( NAMED_UNIT(*) PLANE_ANGLE_UNIT() SI_UNIT($,.RADIAN.) );
#13337 = ( NAMED_UNIT(*) SI_UNIT($,.STERADIAN.) SOLID_ANGLE_UNIT() );
#13338 = UNCERTAINTY_MEASURE_WITH_UNIT(LENGTH_MEASURE(1.E-07),#13335,
  'distance_accuracy_value','confusion accuracy');
#13339 = CONTEXT_DEPENDENT_SHAPE_REPRESENTATION(#13340,#13342);
#13340 = ( REPRESENTATION_RELATIONSHIP('','',#13280,#8160) 
REPRESENTATION_RELATIONSHIP_WITH_TRANSFORMATION(#13341) 
SHAPE_REPRESENTATION_RELATIONSHIP() );
#13341 = ITEM_DEFINED_TRANSFORMATION('','',#11,#8301);
#13342 = PRODUCT_DEFINITION_SHAPE('Placement','Placement of an item',
  #13343);
#13343 = NEXT_ASSEMBLY_USAGE_OCCURRENCE('97','Linerbolzen_LB1','',#8155,
  #13275,$);
#13344 = PRODUCT_RELATED_PRODUCT_CATEGORY('part',$,(#13277));
#13345 = SHAPE_DEFINITION_REPRESENTATION(#13346,#13352);
#13346 = PRODUCT_DEFINITION_SHAPE('','',#13347);
#13347 = PRODUCT_DEFINITION('design','',#13348,#13351);
#13348 = PRODUCT_DEFINITION_FORMATION('','',#13349);
#13349 = PRODUCT('Linerbolzen_RB1','Linerbolzen_RB1','',(#13350));
#13350 = PRODUCT_CONTEXT('',#2,'mechanical');
#13351 = PRODUCT_DEFINITION_CONTEXT('part definition',#2,'design');
#13352 = ADVANCED_BREP_SHAPE_REPRESENTATION('',(#11,#13353),#13406);
#13353 = MANIFOLD_SOLID_BREP('',#13354);
#13354 = CLOSED_SHELL('',(#13355,#13388,#13397));
#13355 = ADVANCED_FACE('',(#13356),#13383,.T.);
#13356 = FACE_BOUND('',#13357,.F.);
#13357 = EDGE_LOOP('',(#13358,#13368,#13375,#13376));
#13358 = ORIENTED_EDGE('',*,*,#13359,.T.);
#13359 = EDGE_CURVE('',#13360,#13362,#13364,.T.);
#13360 = VERTEX_POINT('',#13361);
#13361 = CARTESIAN_POINT('',(3.,-7.347880794884E-16,0.));
#13362 = VERTEX_POINT('',#13363);
#13363 = CARTESIAN_POINT('',(3.,-7.347880794884E-16,21.));
#13364 = LINE('',#13365,#13366);
#13365 = CARTESIAN_POINT('',(3.,-7.347880794884E-16,0.));
#13366 = VECTOR('',#13367,1.);
#13367 = DIRECTION('',(0.,0.,1.));
#13368 = ORIENTED_EDGE('',*,*,#13369,.T.);
#13369 = EDGE_CURVE('',#13362,#13362,#13370,.T.);
#13370 = CIRCLE('',#13371,3.);
#13371 = AXIS2_PLACEMENT_3D('',#13372,#13373,#13374);
#13372 = CARTESIAN_POINT('',(0.,0.,21.));
#13373 = DIRECTION('',(0.,0.,1.));
#13374 = DIRECTION('',(1.,0.,-0.));
#13375 = ORIENTED_EDGE('',*,*,#13359,.F.);
#13376 = ORIENTED_EDGE('',*,*,#13377,.F.);
#13377 = EDGE_CURVE('',#13360,#13360,#13378,.T.);
#13378 = CIRCLE('',#13379,3.);
#13379 = AXIS2_PLACEMENT_3D('',#13380,#13381,#13382);
#13380 = CARTESIAN_POINT('',(0.,0.,0.));
#13381 = DIRECTION('',(0.,0.,1.));
#13382 = DIRECTION('',(1.,0.,-0.));
#13383 = CYLINDRICAL_SURFACE('',#13384,3.);
#13384 = AXIS2_PLACEMENT_3D('',#13385,#13386,#13387);
#13385 = CARTESIAN_POINT('',(0.,0.,0.));
#13386 = DIRECTION('',(-0.,-0.,-1.));
#13387 = DIRECTION('',(1.,0.,-0.));
#13388 = ADVANCED_FACE('',(#13389),#13392,.F.);
#13389 = FACE_BOUND('',#13390,.T.);
#13390 = EDGE_LOOP('',(#13391));
#13391 = ORIENTED_EDGE('',*,*,#13377,.F.);
#13392 = PLANE('',#13393);
#13393 = AXIS2_PLACEMENT_3D('',#13394,#13395,#13396);
#13394 = CARTESIAN_POINT('',(0.,0.,0.));
#13395 = DIRECTION('',(0.,0.,1.));
#13396 = DIRECTION('',(1.,0.,-0.));
#13397 = ADVANCED_FACE('',(#13398),#13401,.T.);
#13398 = FACE_BOUND('',#13399,.F.);
#13399 = EDGE_LOOP('',(#13400));
#13400 = ORIENTED_EDGE('',*,*,#13369,.F.);
#13401 = PLANE('',#13402);
#13402 = AXIS2_PLACEMENT_3D('',#13403,#13404,#13405);
#13403 = CARTESIAN_POINT('',(0.,0.,21.));
#13404 = DIRECTION('',(0.,0.,1.));
#13405 = DIRECTION('',(1.,0.,-0.));
#13406 = ( GEOMETRIC_REPRESENTATION_CONTEXT(3) 
GLOBAL_UNCERTAINTY_ASSIGNED_CONTEXT((#13410)) 
GLOBAL_UNIT_ASSIGNED_CONTEXT((#13407,#13408,#13409)) 
REPRESENTATION_CONTEXT('Context #1',
  '3D Context with UNIT and UNCERTAINTY') );
#13407 = ( LENGTH_UNIT() NAMED_UNIT(*) SI_UNIT(.MILLI.,.METRE.) );
#13408 = ( NAMED_UNIT(*) PLANE_ANGLE_UNIT() SI_UNIT($,.RADIAN.) );
#13409 = ( NAMED_UNIT(*) SI_UNIT($,.STERADIAN.) SOLID_ANGLE_UNIT() );
#13410 = UNCERTAINTY_MEASURE_WITH_UNIT(LENGTH_MEASURE(1.E-07),#13407,
  'distance_accuracy_value','confusion accuracy');
#13411 = CONTEXT_DEPENDENT_SHAPE_REPRESENTATION(#13412,#13414);
#13412 = ( REPRESENTATION_RELATIONSHIP('','',#13352,#8160) 
REPRESENTATION_RELATIONSHIP_WITH_TRANSFORMATION(#13413) 
SHAPE_REPRESENTATION_RELATIONSHIP() );
#13413 = ITEM_DEFINED_TRANSFORMATION('','',#11,#8305);
#13414 = PRODUCT_DEFINITION_SHAPE('Placement','Placement of an item',
  #13415);
#13415 = NEXT_ASSEMBLY_USAGE_OCCURRENCE('98','Linerbolzen_RB1','',#8155,
  #13347,$);
#13416 = PRODUCT_RELATED_PRODUCT_CATEGORY('part',$,(#13349));
#13417 = SHAPE_DEFINITION_REPRESENTATION(#13418,#13424);
#13418 = PRODUCT_DEFINITION_SHAPE('','',#13419);
#13419 = PRODUCT_DEFINITION('design','',#13420,#13423);
#13420 = PRODUCT_DEFINITION_FORMATION('','',#13421);
#13421 = PRODUCT('Linerbolzen_LB2','Linerbolzen_LB2','',(#13422));
#13422 = PRODUCT_CONTEXT('',#2,'mechanical');
#13423 = PRODUCT_DEFINITION_CONTEXT('part definition',#2,'design');
#13424 = ADVANCED_BREP_SHAPE_REPRESENTATION('',(#11,#13425),#13478);
#13425 = MANIFOLD_SOLID_BREP('',#13426);
#13426 = CLOSED_SHELL('',(#13427,#13460,#13469));
#13427 = ADVANCED_FACE('',(#13428),#13455,.T.);
#13428 = FACE_BOUND('',#13429,.F.);
#13429 = EDGE_LOOP('',(#13430,#13440,#13447,#13448));
#13430 = ORIENTED_EDGE('',*,*,#13431,.T.);
#13431 = EDGE_CURVE('',#13432,#13434,#13436,.T.);
#13432 = VERTEX_POINT('',#13433);
#13433 = CARTESIAN_POINT('',(3.,-7.347880794884E-16,0.));
#13434 = VERTEX_POINT('',#13435);
#13435 = CARTESIAN_POINT('',(3.,-7.347880794884E-16,21.));
#13436 = LINE('',#13437,#13438);
#13437 = CARTESIAN_POINT('',(3.,-7.347880794884E-16,0.));
#13438 = VECTOR('',#13439,1.);
#13439 = DIRECTION('',(0.,0.,1.));
#13440 = ORIENTED_EDGE('',*,*,#13441,.T.);
#13441 = EDGE_CURVE('',#13434,#13434,#13442,.T.);
#13442 = CIRCLE('',#13443,3.);
#13443 = AXIS2_PLACEMENT_3D('',#13444,#13445,#13446);
#13444 = CARTESIAN_POINT('',(0.,0.,21.));
#13445 = DIRECTION('',(0.,0.,1.));
#13446 = DIRECTION('',(1.,0.,-0.));
#13447 = ORIENTED_EDGE('',*,*,#13431,.F.);
#13448 = ORIENTED_EDGE('',*,*,#13449,.F.);
#13449 = EDGE_CURVE('',#13432,#13432,#13450,.T.);
#13450 = CIRCLE('',#13451,3.);
#13451 = AXIS2_PLACEMENT_3D('',#13452,#13453,#13454);
#13452 = CARTESIAN_POINT('',(0.,0.,0.));
#13453 = DIRECTION('',(0.,0.,1.));
#13454 = DIRECTION('',(1.,0.,-0.));
#13455 = CYLINDRICAL_SURFACE('',#13456,3.);
#13456 = AXIS2_PLACEMENT_3D('',#13457,#13458,#13459);
#13457 = CARTESIAN_POINT('',(0.,0.,0.));
#13458 = DIRECTION('',(-0.,-0.,-1.));
#13459 = DIRECTION('',(1.,0.,-0.));
#13460 = ADVANCED_FACE('',(#13461),#13464,.F.);
#13461 = FACE_BOUND('',#13462,.T.);
#13462 = EDGE_LOOP('',(#13463));
#13463 = ORIENTED_EDGE('',*,*,#13449,.F.);
#13464 = PLANE('',#13465);
#13465 = AXIS2_PLACEMENT_3D('',#13466,#13467,#13468);
#13466 = CARTESIAN_POINT('',(0.,0.,0.));
#13467 = DIRECTION('',(0.,0.,1.));
#13468 = DIRECTION('',(1.,0.,-0.));
#13469 = ADVANCED_FACE('',(#13470),#13473,.T.);
#13470 = FACE_BOUND('',#13471,.F.);
#13471 = EDGE_LOOP('',(#13472));
#13472 = ORIENTED_EDGE('',*,*,#13441,.F.);
#13473 = PLANE('',#13474);
#13474 = AXIS2_PLACEMENT_3D('',#13475,#13476,#13477);
#13475 = CARTESIAN_POINT('',(0.,0.,21.));
#13476 = DIRECTION('',(0.,0.,1.));
#13477 = DIRECTION('',(1.,0.,-0.));
#13478 = ( GEOMETRIC_REPRESENTATION_CONTEXT(3) 
GLOBAL_UNCERTAINTY_ASSIGNED_CONTEXT((#13482)) 
GLOBAL_UNIT_ASSIGNED_CONTEXT((#13479,#13480,#13481)) 
REPRESENTATION_CONTEXT('Context #1',
  '3D Context with UNIT and UNCERTAINTY') );
#13479 = ( LENGTH_UNIT() NAMED_UNIT(*) SI_UNIT(.MILLI.,.METRE.) );
#13480 = ( NAMED_UNIT(*) PLANE_ANGLE_UNIT() SI_UNIT($,.RADIAN.) );
#13481 = ( NAMED_UNIT(*) SI_UNIT($,.STERADIAN.) SOLID_ANGLE_UNIT() );
#13482 = UNCERTAINTY_MEASURE_WITH_UNIT(LENGTH_MEASURE(1.E-07),#13479,
  'distance_accuracy_value','confusion accuracy');
#13483 = CONTEXT_DEPENDENT_SHAPE_REPRESENTATION(#13484,#13486);
#13484 = ( REPRESENTATION_RELATIONSHIP('','',#13424,#8160) 
REPRESENTATION_RELATIONSHIP_WITH_TRANSFORMATION(#13485) 
SHAPE_REPRESENTATION_RELATIONSHIP() );
#13485 = ITEM_DEFINED_TRANSFORMATION('','',#11,#8309);
#13486 = PRODUCT_DEFINITION_SHAPE('Placement','Placement of an item',
  #13487);
#13487 = NEXT_ASSEMBLY_USAGE_OCCURRENCE('99','Linerbolzen_LB2','',#8155,
  #13419,$);
#13488 = PRODUCT_RELATED_PRODUCT_CATEGORY('part',$,(#13421));
#13489 = SHAPE_DEFINITION_REPRESENTATION(#13490,#13496);
#13490 = PRODUCT_DEFINITION_SHAPE('','',#13491);
#13491 = PRODUCT_DEFINITION('design','',#13492,#13495);
#13492 = PRODUCT_DEFINITION_FORMATION('','',#13493);
#13493 = PRODUCT('Linerbolzen_RB2','Linerbolzen_RB2','',(#13494));
#13494 = PRODUCT_CONTEXT('',#2,'mechanical');
#13495 = PRODUCT_DEFINITION_CONTEXT('part definition',#2,'design');
#13496 = ADVANCED_BREP_SHAPE_REPRESENTATION('',(#11,#13497),#13550);
#13497 = MANIFOLD_SOLID_BREP('',#13498);
#13498 = CLOSED_SHELL('',(#13499,#13532,#13541));
#13499 = ADVANCED_FACE('',(#13500),#13527,.T.);
#13500 = FACE_BOUND('',#13501,.F.);
#13501 = EDGE_LOOP('',(#13502,#13512,#13519,#13520));
#13502 = ORIENTED_EDGE('',*,*,#13503,.T.);
#13503 = EDGE_CURVE('',#13504,#13506,#13508,.T.);
#13504 = VERTEX_POINT('',#13505);
#13505 = CARTESIAN_POINT('',(3.,-7.347880794884E-16,0.));
#13506 = VERTEX_POINT('',#13507);
#13507 = CARTESIAN_POINT('',(3.,-7.347880794884E-16,21.));
#13508 = LINE('',#13509,#13510);
#13509 = CARTESIAN_POINT('',(3.,-7.347880794884E-16,0.));
#13510 = VECTOR('',#13511,1.);
#13511 = DIRECTION('',(0.,0.,1.));
#13512 = ORIENTED_EDGE('',*,*,#13513,.T.);
#13513 = EDGE_CURVE('',#13506,#13506,#13514,.T.);
#13514 = CIRCLE('',#13515,3.);
#13515 = AXIS2_PLACEMENT_3D('',#13516,#13517,#13518);
#13516 = CARTESIAN_POINT('',(0.,0.,21.));
#13517 = DIRECTION('',(0.,0.,1.));
#13518 = DIRECTION('',(1.,0.,-0.));
#13519 = ORIENTED_EDGE('',*,*,#13503,.F.);
#13520 = ORIENTED_EDGE('',*,*,#13521,.F.);
#13521 = EDGE_CURVE('',#13504,#13504,#13522,.T.);
#13522 = CIRCLE('',#13523,3.);
#13523 = AXIS2_PLACEMENT_3D('',#13524,#13525,#13526);
#13524 = CARTESIAN_POINT('',(0.,0.,0.));
#13525 = DIRECTION('',(0.,0.,1.));
#13526 = DIRECTION('',(1.,0.,-0.));
#13527 = CYLINDRICAL_SURFACE('',#13528,3.);
#13528 = AXIS2_PLACEMENT_3D('',#13529,#13530,#13531);
#13529 = CARTESIAN_POINT('',(0.,0.,0.));
#13530 = DIRECTION('',(-0.,-0.,-1.));
#13531 = DIRECTION('',(1.,0.,-0.));
#13532 = ADVANCED_FACE('',(#13533),#13536,.F.);
#13533 = FACE_BOUND('',#13534,.T.);
#13534 = EDGE_LOOP('',(#13535));
#13535 = ORIENTED_EDGE('',*,*,#13521,.F.);
#13536 = PLANE('',#13537);
#13537 = AXIS2_PLACEMENT_3D('',#13538,#13539,#13540);
#13538 = CARTESIAN_POINT('',(0.,0.,0.));
#13539 = DIRECTION('',(0.,0.,1.));
#13540 = DIRECTION('',(1.,0.,-0.));
#13541 = ADVANCED_FACE('',(#13542),#13545,.T.);
#13542 = FACE_BOUND('',#13543,.F.);
#13543 = EDGE_LOOP('',(#13544));
#13544 = ORIENTED_EDGE('',*,*,#13513,.F.);
#13545 = PLANE('',#13546);
#13546 = AXIS2_PLACEMENT_3D('',#13547,#13548,#13549);
#13547 = CARTESIAN_POINT('',(0.,0.,21.));
#13548 = DIRECTION('',(0.,0.,1.));
#13549 = DIRECTION('',(1.,0.,-0.));
#13550 = ( GEOMETRIC_REPRESENTATION_CONTEXT(3) 
GLOBAL_UNCERTAINTY_ASSIGNED_CONTEXT((#13554)) 
GLOBAL_UNIT_ASSIGNED_CONTEXT((#13551,#13552,#13553)) 
REPRESENTATION_CONTEXT('Context #1',
  '3D Context with UNIT and UNCERTAINTY') );
#13551 = ( LENGTH_UNIT() NAMED_UNIT(*) SI_UNIT(.MILLI.,.METRE.) );
#13552 = ( NAMED_UNIT(*) PLANE_ANGLE_UNIT() SI_UNIT($,.RADIAN.) );
#13553 = ( NAMED_UNIT(*) SI_UNIT($,.STERADIAN.) SOLID_ANGLE_UNIT() );
#13554 = UNCERTAINTY_MEASURE_WITH_UNIT(LENGTH_MEASURE(1.E-07),#13551,
  'distance_accuracy_value','confusion accuracy');
#13555 = CONTEXT_DEPENDENT_SHAPE_REPRESENTATION(#13556,#13558);
#13556 = ( REPRESENTATION_RELATIONSHIP('','',#13496,#8160) 
REPRESENTATION_RELATIONSHIP_WITH_TRANSFORMATION(#13557) 
SHAPE_REPRESENTATION_RELATIONSHIP() );
#13557 = ITEM_DEFINED_TRANSFORMATION('','',#11,#8313);
#13558 = PRODUCT_DEFINITION_SHAPE('Placement','Placement of an item',
  #13559);
#13559 = NEXT_ASSEMBLY_USAGE_OCCURRENCE('100','Linerbolzen_RB2','',#8155
  ,#13491,$);
#13560 = PRODUCT_RELATED_PRODUCT_CATEGORY('part',$,(#13493));
#13561 = SHAPE_DEFINITION_REPRESENTATION(#13562,#13568);
#13562 = PRODUCT_DEFINITION_SHAPE('','',#13563);
#13563 = PRODUCT_DEFINITION('design','',#13564,#13567);
#13564 = PRODUCT_DEFINITION_FORMATION('','',#13565);
#13565 = PRODUCT('Linerbolzen_DLA','Linerbolzen_DLA','',(#13566));
#13566 = PRODUCT_CONTEXT('',#2,'mechanical');
#13567 = PRODUCT_DEFINITION_CONTEXT('part definition',#2,'design');
#13568 = ADVANCED_BREP_SHAPE_REPRESENTATION('',(#11,#13569),#13622);
#13569 = MANIFOLD_SOLID_BREP('',#13570);
#13570 = CLOSED_SHELL('',(#13571,#13604,#13613));
#13571 = ADVANCED_FACE('',(#13572),#13599,.T.);
#13572 = FACE_BOUND('',#13573,.F.);
#13573 = EDGE_LOOP('',(#13574,#13584,#13591,#13592));
#13574 = ORIENTED_EDGE('',*,*,#13575,.T.);
#13575 = EDGE_CURVE('',#13576,#13578,#13580,.T.);
#13576 = VERTEX_POINT('',#13577);
#13577 = CARTESIAN_POINT('',(3.,-7.347880794884E-16,0.));
#13578 = VERTEX_POINT('',#13579);
#13579 = CARTESIAN_POINT('',(3.,-7.347880794884E-16,21.));
#13580 = LINE('',#13581,#13582);
#13581 = CARTESIAN_POINT('',(3.,-7.347880794884E-16,0.));
#13582 = VECTOR('',#13583,1.);
#13583 = DIRECTION('',(0.,0.,1.));
#13584 = ORIENTED_EDGE('',*,*,#13585,.T.);
#13585 = EDGE_CURVE('',#13578,#13578,#13586,.T.);
#13586 = CIRCLE('',#13587,3.);
#13587 = AXIS2_PLACEMENT_3D('',#13588,#13589,#13590);
#13588 = CARTESIAN_POINT('',(0.,0.,21.));
#13589 = DIRECTION('',(0.,0.,1.));
#13590 = DIRECTION('',(1.,0.,-0.));
#13591 = ORIENTED_EDGE('',*,*,#13575,.F.);
#13592 = ORIENTED_EDGE('',*,*,#13593,.F.);
#13593 = EDGE_CURVE('',#13576,#13576,#13594,.T.);
#13594 = CIRCLE('',#13595,3.);
#13595 = AXIS2_PLACEMENT_3D('',#13596,#13597,#13598);
#13596 = CARTESIAN_POINT('',(0.,0.,0.));
#13597 = DIRECTION('',(0.,0.,1.));
#13598 = DIRECTION('',(1.,0.,-0.));
#13599 = CYLINDRICAL_SURFACE('',#13600,3.);
#13600 = AXIS2_PLACEMENT_3D('',#13601,#13602,#13603);
#13601 = CARTESIAN_POINT('',(0.,0.,0.));
#13602 = DIRECTION('',(-0.,-0.,-1.));
#13603 = DIRECTION('',(1.,0.,-0.));
#13604 = ADVANCED_FACE('',(#13605),#13608,.F.);
#13605 = FACE_BOUND('',#13606,.T.);
#13606 = EDGE_LOOP('',(#13607));
#13607 = ORIENTED_EDGE('',*,*,#13593,.F.);
#13608 = PLANE('',#13609);
#13609 = AXIS2_PLACEMENT_3D('',#13610,#13611,#13612);
#13610 = CARTESIAN_POINT('',(0.,0.,0.));
#13611 = DIRECTION('',(0.,0.,1.));
#13612 = DIRECTION('',(1.,0.,-0.));
#13613 = ADVANCED_FACE('',(#13614),#13617,.T.);
#13614 = FACE_BOUND('',#13615,.F.);
#13615 = EDGE_LOOP('',(#13616));
#13616 = ORIENTED_EDGE('',*,*,#13585,.F.);
#13617 = PLANE('',#13618);
#13618 = AXIS2_PLACEMENT_3D('',#13619,#13620,#13621);
#13619 = CARTESIAN_POINT('',(0.,0.,21.));
#13620 = DIRECTION('',(0.,0.,1.));
#13621 = DIRECTION('',(1.,0.,-0.));
#13622 = ( GEOMETRIC_REPRESENTATION_CONTEXT(3) 
GLOBAL_UNCERTAINTY_ASSIGNED_CONTEXT((#13626)) 
GLOBAL_UNIT_ASSIGNED_CONTEXT((#13623,#13624,#13625)) 
REPRESENTATION_CONTEXT('Context #1',
  '3D Context with UNIT and UNCERTAINTY') );
#13623 = ( LENGTH_UNIT() NAMED_UNIT(*) SI_UNIT(.MILLI.,.METRE.) );
#13624 = ( NAMED_UNIT(*) PLANE_ANGLE_UNIT() SI_UNIT($,.RADIAN.) );
#13625 = ( NAMED_UNIT(*) SI_UNIT($,.STERADIAN.) SOLID_ANGLE_UNIT() );
#13626 = UNCERTAINTY_MEASURE_WITH_UNIT(LENGTH_MEASURE(1.E-07),#13623,
  'distance_accuracy_value','confusion accuracy');
#13627 = CONTEXT_DEPENDENT_SHAPE_REPRESENTATION(#13628,#13630);
#13628 = ( REPRESENTATION_RELATIONSHIP('','',#13568,#8160) 
REPRESENTATION_RELATIONSHIP_WITH_TRANSFORMATION(#13629) 
SHAPE_REPRESENTATION_RELATIONSHIP() );
#13629 = ITEM_DEFINED_TRANSFORMATION('','',#11,#8317);
#13630 = PRODUCT_DEFINITION_SHAPE('Placement','Placement of an item',
  #13631);
#13631 = NEXT_ASSEMBLY_USAGE_OCCURRENCE('101','Linerbolzen_DLA','',#8155
  ,#13563,$);
#13632 = PRODUCT_RELATED_PRODUCT_CATEGORY('part',$,(#13565));
#13633 = SHAPE_DEFINITION_REPRESENTATION(#13634,#13640);
#13634 = PRODUCT_DEFINITION_SHAPE('','',#13635);
#13635 = PRODUCT_DEFINITION('design','',#13636,#13639);
#13636 = PRODUCT_DEFINITION_FORMATION('','',#13637);
#13637 = PRODUCT('Linerbolzen_DRA','Linerbolzen_DRA','',(#13638));
#13638 = PRODUCT_CONTEXT('',#2,'mechanical');
#13639 = PRODUCT_DEFINITION_CONTEXT('part definition',#2,'design');
#13640 = ADVANCED_BREP_SHAPE_REPRESENTATION('',(#11,#13641),#13694);
#13641 = MANIFOLD_SOLID_BREP('',#13642);
#13642 = CLOSED_SHELL('',(#13643,#13676,#13685));
#13643 = ADVANCED_FACE('',(#13644),#13671,.T.);
#13644 = FACE_BOUND('',#13645,.F.);
#13645 = EDGE_LOOP('',(#13646,#13656,#13663,#13664));
#13646 = ORIENTED_EDGE('',*,*,#13647,.T.);
#13647 = EDGE_CURVE('',#13648,#13650,#13652,.T.);
#13648 = VERTEX_POINT('',#13649);
#13649 = CARTESIAN_POINT('',(3.,-7.347880794884E-16,0.));
#13650 = VERTEX_POINT('',#13651);
#13651 = CARTESIAN_POINT('',(3.,-7.347880794884E-16,21.));
#13652 = LINE('',#13653,#13654);
#13653 = CARTESIAN_POINT('',(3.,-7.347880794884E-16,0.));
#13654 = VECTOR('',#13655,1.);
#13655 = DIRECTION('',(0.,0.,1.));
#13656 = ORIENTED_EDGE('',*,*,#13657,.T.);
#13657 = EDGE_CURVE('',#13650,#13650,#13658,.T.);
#13658 = CIRCLE('',#13659,3.);
#13659 = AXIS2_PLACEMENT_3D('',#13660,#13661,#13662);
#13660 = CARTESIAN_POINT('',(0.,0.,21.));
#13661 = DIRECTION('',(0.,0.,1.));
#13662 = DIRECTION('',(1.,0.,-0.));
#13663 = ORIENTED_EDGE('',*,*,#13647,.F.);
#13664 = ORIENTED_EDGE('',*,*,#13665,.F.);
#13665 = EDGE_CURVE('',#13648,#13648,#13666,.T.);
#13666 = CIRCLE('',#13667,3.);
#13667 = AXIS2_PLACEMENT_3D('',#13668,#13669,#13670);
#13668 = CARTESIAN_POINT('',(0.,0.,0.));
#13669 = DIRECTION('',(0.,0.,1.));
#13670 = DIRECTION('',(1.,0.,-0.));
#13671 = CYLINDRICAL_SURFACE('',#13672,3.);
#13672 = AXIS2_PLACEMENT_3D('',#13673,#13674,#13675);
#13673 = CARTESIAN_POINT('',(0.,0.,0.));
#13674 = DIRECTION('',(-0.,-0.,-1.));
#13675 = DIRECTION('',(1.,0.,-0.));
#13676 = ADVANCED_FACE('',(#13677),#13680,.F.);
#13677 = FACE_BOUND('',#13678,.T.);
#13678 = EDGE_LOOP('',(#13679));
#13679 = ORIENTED_EDGE('',*,*,#13665,.F.);
#13680 = PLANE('',#13681);
#13681 = AXIS2_PLACEMENT_3D('',#13682,#13683,#13684);
#13682 = CARTESIAN_POINT('',(0.,0.,0.));
#13683 = DIRECTION('',(0.,0.,1.));
#13684 = DIRECTION('',(1.,0.,-0.));
#13685 = ADVANCED_FACE('',(#13686),#13689,.T.);
#13686 = FACE_BOUND('',#13687,.F.);
#13687 = EDGE_LOOP('',(#13688));
#13688 = ORIENTED_EDGE('',*,*,#13657,.F.);
#13689 = PLANE('',#13690);
#13690 = AXIS2_PLACEMENT_3D('',#13691,#13692,#13693);
#13691 = CARTESIAN_POINT('',(0.,0.,21.));
#13692 = DIRECTION('',(0.,0.,1.));
#13693 = DIRECTION('',(1.,0.,-0.));
#13694 = ( GEOMETRIC_REPRESENTATION_CONTEXT(3) 
GLOBAL_UNCERTAINTY_ASSIGNED_CONTEXT((#13698)) 
GLOBAL_UNIT_ASSIGNED_CONTEXT((#13695,#13696,#13697)) 
REPRESENTATION_CONTEXT('Context #1',
  '3D Context with UNIT and UNCERTAINTY') );
#13695 = ( LENGTH_UNIT() NAMED_UNIT(*) SI_UNIT(.MILLI.,.METRE.) );
#13696 = ( NAMED_UNIT(*) PLANE_ANGLE_UNIT() SI_UNIT($,.RADIAN.) );
#13697 = ( NAMED_UNIT(*) SI_UNIT($,.STERADIAN.) SOLID_ANGLE_UNIT() );
#13698 = UNCERTAINTY_MEASURE_WITH_UNIT(LENGTH_MEASURE(1.E-07),#13695,
  'distance_accuracy_value','confusion accuracy');
#13699 = CONTEXT_DEPENDENT_SHAPE_REPRESENTATION(#13700,#13702);
#13700 = ( REPRESENTATION_RELATIONSHIP('','',#13640,#8160) 
REPRESENTATION_RELATIONSHIP_WITH_TRANSFORMATION(#13701) 
SHAPE_REPRESENTATION_RELATIONSHIP() );
#13701 = ITEM_DEFINED_TRANSFORMATION('','',#11,#8321);
#13702 = PRODUCT_DEFINITION_SHAPE('Placement','Placement of an item',
  #13703);
#13703 = NEXT_ASSEMBLY_USAGE_OCCURRENCE('102','Linerbolzen_DRA','',#8155
  ,#13635,$);
#13704 = PRODUCT_RELATED_PRODUCT_CATEGORY('part',$,(#13637));
#13705 = SHAPE_DEFINITION_REPRESENTATION(#13706,#13712);
#13706 = PRODUCT_DEFINITION_SHAPE('','',#13707);
#13707 = PRODUCT_DEFINITION('design','',#13708,#13711);
#13708 = PRODUCT_DEFINITION_FORMATION('','',#13709);
#13709 = PRODUCT('Linerbolzen_DLB','Linerbolzen_DLB','',(#13710));
#13710 = PRODUCT_CONTEXT('',#2,'mechanical');
#13711 = PRODUCT_DEFINITION_CONTEXT('part definition',#2,'design');
#13712 = ADVANCED_BREP_SHAPE_REPRESENTATION('',(#11,#13713),#13766);
#13713 = MANIFOLD_SOLID_BREP('',#13714);
#13714 = CLOSED_SHELL('',(#13715,#13748,#13757));
#13715 = ADVANCED_FACE('',(#13716),#13743,.T.);
#13716 = FACE_BOUND('',#13717,.F.);
#13717 = EDGE_LOOP('',(#13718,#13728,#13735,#13736));
#13718 = ORIENTED_EDGE('',*,*,#13719,.T.);
#13719 = EDGE_CURVE('',#13720,#13722,#13724,.T.);
#13720 = VERTEX_POINT('',#13721);
#13721 = CARTESIAN_POINT('',(3.,-7.347880794884E-16,0.));
#13722 = VERTEX_POINT('',#13723);
#13723 = CARTESIAN_POINT('',(3.,-7.347880794884E-16,21.));
#13724 = LINE('',#13725,#13726);
#13725 = CARTESIAN_POINT('',(3.,-7.347880794884E-16,0.));
#13726 = VECTOR('',#13727,1.);
#13727 = DIRECTION('',(0.,0.,1.));
#13728 = ORIENTED_EDGE('',*,*,#13729,.T.);
#13729 = EDGE_CURVE('',#13722,#13722,#13730,.T.);
#13730 = CIRCLE('',#13731,3.);
#13731 = AXIS2_PLACEMENT_3D('',#13732,#13733,#13734);
#13732 = CARTESIAN_POINT('',(0.,0.,21.));
#13733 = DIRECTION('',(0.,0.,1.));
#13734 = DIRECTION('',(1.,0.,-0.));
#13735 = ORIENTED_EDGE('',*,*,#13719,.F.);
#13736 = ORIENTED_EDGE('',*,*,#13737,.F.);
#13737 = EDGE_CURVE('',#13720,#13720,#13738,.T.);
#13738 = CIRCLE('',#13739,3.);
#13739 = AXIS2_PLACEMENT_3D('',#13740,#13741,#13742);
#13740 = CARTESIAN_POINT('',(0.,0.,0.));
#13741 = DIRECTION('',(0.,0.,1.));
#13742 = DIRECTION('',(1.,0.,-0.));
#13743 = CYLINDRICAL_SURFACE('',#13744,3.);
#13744 = AXIS2_PLACEMENT_3D('',#13745,#13746,#13747);
#13745 = CARTESIAN_POINT('',(0.,0.,0.));
#13746 = DIRECTION('',(-0.,-0.,-1.));
#13747 = DIRECTION('',(1.,0.,-0.));
#13748 = ADVANCED_FACE('',(#13749),#13752,.F.);
#13749 = FACE_BOUND('',#13750,.T.);
#13750 = EDGE_LOOP('',(#13751));
#13751 = ORIENTED_EDGE('',*,*,#13737,.F.);
#13752 = PLANE('',#13753);
#13753 = AXIS2_PLACEMENT_3D('',#13754,#13755,#13756);
#13754 = CARTESIAN_POINT('',(0.,0.,0.));
#13755 = DIRECTION('',(0.,0.,1.));
#13756 = DIRECTION('',(1.,0.,-0.));
#13757 = ADVANCED_FACE('',(#13758),#13761,.T.);
#13758 = FACE_BOUND('',#13759,.F.);
#13759 = EDGE_LOOP('',(#13760));
#13760 = ORIENTED_EDGE('',*,*,#13729,.F.);
#13761 = PLANE('',#13762);
#13762 = AXIS2_PLACEMENT_3D('',#13763,#13764,#13765);
#13763 = CARTESIAN_POINT('',(0.,0.,21.));
#13764 = DIRECTION('',(0.,0.,1.));
#13765 = DIRECTION('',(1.,0.,-0.));
#13766 = ( GEOMETRIC_REPRESENTATION_CONTEXT(3) 
GLOBAL_UNCERTAINTY_ASSIGNED_CONTEXT((#13770)) 
GLOBAL_UNIT_ASSIGNED_CONTEXT((#13767,#13768,#13769)) 
REPRESENTATION_CONTEXT('Context #1',
  '3D Context with UNIT and UNCERTAINTY') );
#13767 = ( LENGTH_UNIT() NAMED_UNIT(*) SI_UNIT(.MILLI.,.METRE.) );
#13768 = ( NAMED_UNIT(*) PLANE_ANGLE_UNIT() SI_UNIT($,.RADIAN.) );
#13769 = ( NAMED_UNIT(*) SI_UNIT($,.STERADIAN.) SOLID_ANGLE_UNIT() );
#13770 = UNCERTAINTY_MEASURE_WITH_UNIT(LENGTH_MEASURE(1.E-07),#13767,
  'distance_accuracy_value','confusion accuracy');
#13771 = CONTEXT_DEPENDENT_SHAPE_REPRESENTATION(#13772,#13774);
#13772 = ( REPRESENTATION_RELATIONSHIP('','',#13712,#8160) 
REPRESENTATION_RELATIONSHIP_WITH_TRANSFORMATION(#13773) 
SHAPE_REPRESENTATION_RELATIONSHIP() );
#13773 = ITEM_DEFINED_TRANSFORMATION('','',#11,#8325);
#13774 = PRODUCT_DEFINITION_SHAPE('Placement','Placement of an item',
  #13775);
#13775 = NEXT_ASSEMBLY_USAGE_OCCURRENCE('103','Linerbolzen_DLB','',#8155
  ,#13707,$);
#13776 = PRODUCT_RELATED_PRODUCT_CATEGORY('part',$,(#13709));
#13777 = SHAPE_DEFINITION_REPRESENTATION(#13778,#13784);
#13778 = PRODUCT_DEFINITION_SHAPE('','',#13779);
#13779 = PRODUCT_DEFINITION('design','',#13780,#13783);
#13780 = PRODUCT_DEFINITION_FORMATION('','',#13781);
#13781 = PRODUCT('Linerbolzen_DRB','Linerbolzen_DRB','',(#13782));
#13782 = PRODUCT_CONTEXT('',#2,'mechanical');
#13783 = PRODUCT_DEFINITION_CONTEXT('part definition',#2,'design');
#13784 = ADVANCED_BREP_SHAPE_REPRESENTATION('',(#11,#13785),#13838);
#13785 = MANIFOLD_SOLID_BREP('',#13786);
#13786 = CLOSED_SHELL('',(#13787,#13820,#13829));
#13787 = ADVANCED_FACE('',(#13788),#13815,.T.);
#13788 = FACE_BOUND('',#13789,.F.);
#13789 = EDGE_LOOP('',(#13790,#13800,#13807,#13808));
#13790 = ORIENTED_EDGE('',*,*,#13791,.T.);
#13791 = EDGE_CURVE('',#13792,#13794,#13796,.T.);
#13792 = VERTEX_POINT('',#13793);
#13793 = CARTESIAN_POINT('',(3.,-7.347880794884E-16,0.));
#13794 = VERTEX_POINT('',#13795);
#13795 = CARTESIAN_POINT('',(3.,-7.347880794884E-16,21.));
#13796 = LINE('',#13797,#13798);
#13797 = CARTESIAN_POINT('',(3.,-7.347880794884E-16,0.));
#13798 = VECTOR('',#13799,1.);
#13799 = DIRECTION('',(0.,0.,1.));
#13800 = ORIENTED_EDGE('',*,*,#13801,.T.);
#13801 = EDGE_CURVE('',#13794,#13794,#13802,.T.);
#13802 = CIRCLE('',#13803,3.);
#13803 = AXIS2_PLACEMENT_3D('',#13804,#13805,#13806);
#13804 = CARTESIAN_POINT('',(0.,0.,21.));
#13805 = DIRECTION('',(0.,0.,1.));
#13806 = DIRECTION('',(1.,0.,-0.));
#13807 = ORIENTED_EDGE('',*,*,#13791,.F.);
#13808 = ORIENTED_EDGE('',*,*,#13809,.F.);
#13809 = EDGE_CURVE('',#13792,#13792,#13810,.T.);
#13810 = CIRCLE('',#13811,3.);
#13811 = AXIS2_PLACEMENT_3D('',#13812,#13813,#13814);
#13812 = CARTESIAN_POINT('',(0.,0.,0.));
#13813 = DIRECTION('',(0.,0.,1.));
#13814 = DIRECTION('',(1.,0.,-0.));
#13815 = CYLINDRICAL_SURFACE('',#13816,3.);
#13816 = AXIS2_PLACEMENT_3D('',#13817,#13818,#13819);
#13817 = CARTESIAN_POINT('',(0.,0.,0.));
#13818 = DIRECTION('',(-0.,-0.,-1.));
#13819 = DIRECTION('',(1.,0.,-0.));
#13820 = ADVANCED_FACE('',(#13821),#13824,.F.);
#13821 = FACE_BOUND('',#13822,.T.);
#13822 = EDGE_LOOP('',(#13823));
#13823 = ORIENTED_EDGE('',*,*,#13809,.F.);
#13824 = PLANE('',#13825);
#13825 = AXIS2_PLACEMENT_3D('',#13826,#13827,#13828);
#13826 = CARTESIAN_POINT('',(0.,0.,0.));
#13827 = DIRECTION('',(0.,0.,1.));
#13828 = DIRECTION('',(1.,0.,-0.));
#13829 = ADVANCED_FACE('',(#13830),#13833,.T.);
#13830 = FACE_BOUND('',#13831,.F.);
#13831 = EDGE_LOOP('',(#13832));
#13832 = ORIENTED_EDGE('',*,*,#13801,.F.);
#13833 = PLANE('',#13834);
#13834 = AXIS2_PLACEMENT_3D('',#13835,#13836,#13837);
#13835 = CARTESIAN_POINT('',(0.,0.,21.));
#13836 = DIRECTION('',(0.,0.,1.));
#13837 = DIRECTION('',(1.,0.,-0.));
#13838 = ( GEOMETRIC_REPRESENTATION_CONTEXT(3) 
GLOBAL_UNCERTAINTY_ASSIGNED_CONTEXT((#13842)) 
GLOBAL_UNIT_ASSIGNED_CONTEXT((#13839,#13840,#13841)) 
REPRESENTATION_CONTEXT('Context #1',
  '3D Context with UNIT and UNCERTAINTY') );
#13839 = ( LENGTH_UNIT() NAMED_UNIT(*) SI_UNIT(.MILLI.,.METRE.) );
#13840 = ( NAMED_UNIT(*) PLANE_ANGLE_UNIT() SI_UNIT($,.RADIAN.) );
#13841 = ( NAMED_UNIT(*) SI_UNIT($,.STERADIAN.) SOLID_ANGLE_UNIT() );
#13842 = UNCERTAINTY_MEASURE_WITH_UNIT(LENGTH_MEASURE(1.E-07),#13839,
  'distance_accuracy_value','confusion accuracy');
#13843 = CONTEXT_DEPENDENT_SHAPE_REPRESENTATION(#13844,#13846);
#13844 = ( REPRESENTATION_RELATIONSHIP('','',#13784,#8160) 
REPRESENTATION_RELATIONSHIP_WITH_TRANSFORMATION(#13845) 
SHAPE_REPRESENTATION_RELATIONSHIP() );
#13845 = ITEM_DEFINED_TRANSFORMATION('','',#11,#8329);
#13846 = PRODUCT_DEFINITION_SHAPE('Placement','Placement of an item',
  #13847);
#13847 = NEXT_ASSEMBLY_USAGE_OCCURRENCE('104','Linerbolzen_DRB','',#8155
  ,#13779,$);
#13848 = PRODUCT_RELATED_PRODUCT_CATEGORY('part',$,(#13781));
#13849 = SHAPE_DEFINITION_REPRESENTATION(#13850,#13856);
#13850 = PRODUCT_DEFINITION_SHAPE('','',#13851);
#13851 = PRODUCT_DEFINITION('design','',#13852,#13855);
#13852 = PRODUCT_DEFINITION_FORMATION('','',#13853);
#13853 = PRODUCT('Tuerdichtung','Tuerdichtung','',(#13854));
#13854 = PRODUCT_CONTEXT('',#2,'mechanical');
#13855 = PRODUCT_DEFINITION_CONTEXT('part definition',#2,'design');
#13856 = ADVANCED_BREP_SHAPE_REPRESENTATION('',(#11,#13857),#14143);
#13857 = MANIFOLD_SOLID_BREP('',#13858);
#13858 = CLOSED_SHELL('',(#13859,#13899,#13964,#13988,#14046,#14063,
    #14075,#14097,#14114,#14131));
#13859 = ADVANCED_FACE('',(#13860),#13894,.F.);
#13860 = FACE_BOUND('',#13861,.F.);
#13861 = EDGE_LOOP('',(#13862,#13872,#13880,#13888));
#13862 = ORIENTED_EDGE('',*,*,#13863,.F.);
#13863 = EDGE_CURVE('',#13864,#13866,#13868,.T.);
#13864 = VERTEX_POINT('',#13865);
#13865 = CARTESIAN_POINT('',(14.,-4.,14.));
#13866 = VERTEX_POINT('',#13867);
#13867 = CARTESIAN_POINT('',(14.,-4.,370.));
#13868 = LINE('',#13869,#13870);
#13869 = CARTESIAN_POINT('',(14.,-4.,14.));
#13870 = VECTOR('',#13871,1.);
#13871 = DIRECTION('',(0.,0.,1.));
#13872 = ORIENTED_EDGE('',*,*,#13873,.T.);
#13873 = EDGE_CURVE('',#13864,#13874,#13876,.T.);
#13874 = VERTEX_POINT('',#13875);
#13875 = CARTESIAN_POINT('',(14.,0.,14.));
#13876 = LINE('',#13877,#13878);
#13877 = CARTESIAN_POINT('',(14.,-4.,14.));
#13878 = VECTOR('',#13879,1.);
#13879 = DIRECTION('',(0.,1.,0.));
#13880 = ORIENTED_EDGE('',*,*,#13881,.T.);
#13881 = EDGE_CURVE('',#13874,#13882,#13884,.T.);
#13882 = VERTEX_POINT('',#13883);
#13883 = CARTESIAN_POINT('',(14.,0.,370.));
#13884 = LINE('',#13885,#13886);
#13885 = CARTESIAN_POINT('',(14.,0.,14.));
#13886 = VECTOR('',#13887,1.);
#13887 = DIRECTION('',(0.,0.,1.));
#13888 = ORIENTED_EDGE('',*,*,#13889,.F.);
#13889 = EDGE_CURVE('',#13866,#13882,#13890,.T.);
#13890 = LINE('',#13891,#13892);
#13891 = CARTESIAN_POINT('',(14.,-4.,370.));
#13892 = VECTOR('',#13893,1.);
#13893 = DIRECTION('',(0.,1.,0.));
#13894 = PLANE('',#13895);
#13895 = AXIS2_PLACEMENT_3D('',#13896,#13897,#13898);
#13896 = CARTESIAN_POINT('',(14.,-4.,14.));
#13897 = DIRECTION('',(1.,0.,0.));
#13898 = DIRECTION('',(0.,0.,1.));
#13899 = ADVANCED_FACE('',(#13900,#13925),#13959,.F.);
#13900 = FACE_BOUND('',#13901,.F.);
#13901 = EDGE_LOOP('',(#13902,#13910,#13911,#13919));
#13902 = ORIENTED_EDGE('',*,*,#13903,.F.);
#13903 = EDGE_CURVE('',#13864,#13904,#13906,.T.);
#13904 = VERTEX_POINT('',#13905);
#13905 = CARTESIAN_POINT('',(434.,-4.,14.));
#13906 = LINE('',#13907,#13908);
#13907 = CARTESIAN_POINT('',(14.,-4.,14.));
#13908 = VECTOR('',#13909,1.);
#13909 = DIRECTION('',(1.,0.,0.));
#13910 = ORIENTED_EDGE('',*,*,#13863,.T.);
#13911 = ORIENTED_EDGE('',*,*,#13912,.T.);
#13912 = EDGE_CURVE('',#13866,#13913,#13915,.T.);
#13913 = VERTEX_POINT('',#13914);
#13914 = CARTESIAN_POINT('',(434.,-4.,370.));
#13915 = LINE('',#13916,#13917);
#13916 = CARTESIAN_POINT('',(14.,-4.,370.));
#13917 = VECTOR('',#13918,1.);
#13918 = DIRECTION('',(1.,0.,0.));
#13919 = ORIENTED_EDGE('',*,*,#13920,.F.);
#13920 = EDGE_CURVE('',#13904,#13913,#13921,.T.);
#13921 = LINE('',#13922,#13923);
#13922 = CARTESIAN_POINT('',(434.,-4.,14.));
#13923 = VECTOR('',#13924,1.);
#13924 = DIRECTION('',(0.,0.,1.));
#13925 = FACE_BOUND('',#13926,.F.);
#13926 = EDGE_LOOP('',(#13927,#13937,#13945,#13953));
#13927 = ORIENTED_EDGE('',*,*,#13928,.F.);
#13928 = EDGE_CURVE('',#13929,#13931,#13933,.T.);
#13929 = VERTEX_POINT('',#13930);
#13930 = CARTESIAN_POINT('',(22.,-4.,22.));
#13931 = VERTEX_POINT('',#13932);
#13932 = CARTESIAN_POINT('',(22.,-4.,362.));
#13933 = LINE('',#13934,#13935);
#13934 = CARTESIAN_POINT('',(22.,-4.,22.));
#13935 = VECTOR('',#13936,1.);
#13936 = DIRECTION('',(0.,0.,1.));
#13937 = ORIENTED_EDGE('',*,*,#13938,.T.);
#13938 = EDGE_CURVE('',#13929,#13939,#13941,.T.);
#13939 = VERTEX_POINT('',#13940);
#13940 = CARTESIAN_POINT('',(426.,-4.,22.));
#13941 = LINE('',#13942,#13943);
#13942 = CARTESIAN_POINT('',(22.,-4.,22.));
#13943 = VECTOR('',#13944,1.);
#13944 = DIRECTION('',(1.,0.,0.));
#13945 = ORIENTED_EDGE('',*,*,#13946,.T.);
#13946 = EDGE_CURVE('',#13939,#13947,#13949,.T.);
#13947 = VERTEX_POINT('',#13948);
#13948 = CARTESIAN_POINT('',(426.,-4.,362.));
#13949 = LINE('',#13950,#13951);
#13950 = CARTESIAN_POINT('',(426.,-4.,22.));
#13951 = VECTOR('',#13952,1.);
#13952 = DIRECTION('',(0.,0.,1.));
#13953 = ORIENTED_EDGE('',*,*,#13954,.F.);
#13954 = EDGE_CURVE('',#13931,#13947,#13955,.T.);
#13955 = LINE('',#13956,#13957);
#13956 = CARTESIAN_POINT('',(22.,-4.,362.));
#13957 = VECTOR('',#13958,1.);
#13958 = DIRECTION('',(1.,0.,0.));
#13959 = PLANE('',#13960);
#13960 = AXIS2_PLACEMENT_3D('',#13961,#13962,#13963);
#13961 = CARTESIAN_POINT('',(14.,-4.,14.));
#13962 = DIRECTION('',(0.,1.,0.));
#13963 = DIRECTION('',(0.,0.,1.));
#13964 = ADVANCED_FACE('',(#13965),#13983,.T.);
#13965 = FACE_BOUND('',#13966,.T.);
#13966 = EDGE_LOOP('',(#13967,#13968,#13969,#13977));
#13967 = ORIENTED_EDGE('',*,*,#13889,.F.);
#13968 = ORIENTED_EDGE('',*,*,#13912,.T.);
#13969 = ORIENTED_EDGE('',*,*,#13970,.T.);
#13970 = EDGE_CURVE('',#13913,#13971,#13973,.T.);
#13971 = VERTEX_POINT('',#13972);
#13972 = CARTESIAN_POINT('',(434.,0.,370.));
#13973 = LINE('',#13974,#13975);
#13974 = CARTESIAN_POINT('',(434.,-4.,370.));
#13975 = VECTOR('',#13976,1.);
#13976 = DIRECTION('',(0.,1.,0.));
#13977 = ORIENTED_EDGE('',*,*,#13978,.F.);
#13978 = EDGE_CURVE('',#13882,#13971,#13979,.T.);
#13979 = LINE('',#13980,#13981);
#13980 = CARTESIAN_POINT('',(14.,0.,370.));
#13981 = VECTOR('',#13982,1.);
#13982 = DIRECTION('',(1.,0.,0.));
#13983 = PLANE('',#13984);
#13984 = AXIS2_PLACEMENT_3D('',#13985,#13986,#13987);
#13985 = CARTESIAN_POINT('',(14.,-4.,370.));
#13986 = DIRECTION('',(0.,0.,1.));
#13987 = DIRECTION('',(1.,0.,0.));
#13988 = ADVANCED_FACE('',(#13989,#14007),#14041,.T.);
#13989 = FACE_BOUND('',#13990,.T.);
#13990 = EDGE_LOOP('',(#13991,#13999,#14000,#14001));
#13991 = ORIENTED_EDGE('',*,*,#13992,.F.);
#13992 = EDGE_CURVE('',#13874,#13993,#13995,.T.);
#13993 = VERTEX_POINT('',#13994);
#13994 = CARTESIAN_POINT('',(434.,0.,14.));
#13995 = LINE('',#13996,#13997);
#13996 = CARTESIAN_POINT('',(14.,0.,14.));
#13997 = VECTOR('',#13998,1.);
#13998 = DIRECTION('',(1.,0.,0.));
#13999 = ORIENTED_EDGE('',*,*,#13881,.T.);
#14000 = ORIENTED_EDGE('',*,*,#13978,.T.);
#14001 = ORIENTED_EDGE('',*,*,#14002,.F.);
#14002 = EDGE_CURVE('',#13993,#13971,#14003,.T.);
#14003 = LINE('',#14004,#14005);
#14004 = CARTESIAN_POINT('',(434.,0.,14.));
#14005 = VECTOR('',#14006,1.);
#14006 = DIRECTION('',(0.,0.,1.));
#14007 = FACE_BOUND('',#14008,.T.);
#14008 = EDGE_LOOP('',(#14009,#14019,#14027,#14035));
#14009 = ORIENTED_EDGE('',*,*,#14010,.F.);
#14010 = EDGE_CURVE('',#14011,#14013,#14015,.T.);
#14011 = VERTEX_POINT('',#14012);
#14012 = CARTESIAN_POINT('',(22.,0.,22.));
#14013 = VERTEX_POINT('',#14014);
#14014 = CARTESIAN_POINT('',(22.,0.,362.));
#14015 = LINE('',#14016,#14017);
#14016 = CARTESIAN_POINT('',(22.,0.,22.));
#14017 = VECTOR('',#14018,1.);
#14018 = DIRECTION('',(0.,0.,1.));
#14019 = ORIENTED_EDGE('',*,*,#14020,.T.);
#14020 = EDGE_CURVE('',#14011,#14021,#14023,.T.);
#14021 = VERTEX_POINT('',#14022);
#14022 = CARTESIAN_POINT('',(426.,0.,22.));
#14023 = LINE('',#14024,#14025);
#14024 = CARTESIAN_POINT('',(22.,0.,22.));
#14025 = VECTOR('',#14026,1.);
#14026 = DIRECTION('',(1.,0.,0.));
#14027 = ORIENTED_EDGE('',*,*,#14028,.T.);
#14028 = EDGE_CURVE('',#14021,#14029,#14031,.T.);
#14029 = VERTEX_POINT('',#14030);
#14030 = CARTESIAN_POINT('',(426.,0.,362.));
#14031 = LINE('',#14032,#14033);
#14032 = CARTESIAN_POINT('',(426.,0.,22.));
#14033 = VECTOR('',#14034,1.);
#14034 = DIRECTION('',(0.,0.,1.));
#14035 = ORIENTED_EDGE('',*,*,#14036,.F.);
#14036 = EDGE_CURVE('',#14013,#14029,#14037,.T.);
#14037 = LINE('',#14038,#14039);
#14038 = CARTESIAN_POINT('',(22.,0.,362.));
#14039 = VECTOR('',#14040,1.);
#14040 = DIRECTION('',(1.,0.,0.));
#14041 = PLANE('',#14042);
#14042 = AXIS2_PLACEMENT_3D('',#14043,#14044,#14045);
#14043 = CARTESIAN_POINT('',(14.,0.,14.));
#14044 = DIRECTION('',(0.,1.,0.));
#14045 = DIRECTION('',(0.,0.,1.));
#14046 = ADVANCED_FACE('',(#14047),#14058,.F.);
#14047 = FACE_BOUND('',#14048,.F.);
#14048 = EDGE_LOOP('',(#14049,#14050,#14051,#14057));
#14049 = ORIENTED_EDGE('',*,*,#13873,.F.);
#14050 = ORIENTED_EDGE('',*,*,#13903,.T.);
#14051 = ORIENTED_EDGE('',*,*,#14052,.T.);
#14052 = EDGE_CURVE('',#13904,#13993,#14053,.T.);
#14053 = LINE('',#14054,#14055);
#14054 = CARTESIAN_POINT('',(434.,-4.,14.));
#14055 = VECTOR('',#14056,1.);
#14056 = DIRECTION('',(0.,1.,0.));
#14057 = ORIENTED_EDGE('',*,*,#13992,.F.);
#14058 = PLANE('',#14059);
#14059 = AXIS2_PLACEMENT_3D('',#14060,#14061,#14062);
#14060 = CARTESIAN_POINT('',(14.,-4.,14.));
#14061 = DIRECTION('',(0.,0.,1.));
#14062 = DIRECTION('',(1.,0.,0.));
#14063 = ADVANCED_FACE('',(#14064),#14070,.T.);
#14064 = FACE_BOUND('',#14065,.T.);
#14065 = EDGE_LOOP('',(#14066,#14067,#14068,#14069));
#14066 = ORIENTED_EDGE('',*,*,#13920,.F.);
#14067 = ORIENTED_EDGE('',*,*,#14052,.T.);
#14068 = ORIENTED_EDGE('',*,*,#14002,.T.);
#14069 = ORIENTED_EDGE('',*,*,#13970,.F.);
#14070 = PLANE('',#14071);
#14071 = AXIS2_PLACEMENT_3D('',#14072,#14073,#14074);
#14072 = CARTESIAN_POINT('',(434.,-4.,14.));
#14073 = DIRECTION('',(1.,0.,0.));
#14074 = DIRECTION('',(0.,0.,1.));
#14075 = ADVANCED_FACE('',(#14076),#14092,.T.);
#14076 = FACE_BOUND('',#14077,.T.);
#14077 = EDGE_LOOP('',(#14078,#14079,#14085,#14086));
#14078 = ORIENTED_EDGE('',*,*,#13928,.F.);
#14079 = ORIENTED_EDGE('',*,*,#14080,.T.);
#14080 = EDGE_CURVE('',#13929,#14011,#14081,.T.);
#14081 = LINE('',#14082,#14083);
#14082 = CARTESIAN_POINT('',(22.,-4.,22.));
#14083 = VECTOR('',#14084,1.);
#14084 = DIRECTION('',(0.,1.,0.));
#14085 = ORIENTED_EDGE('',*,*,#14010,.T.);
#14086 = ORIENTED_EDGE('',*,*,#14087,.F.);
#14087 = EDGE_CURVE('',#13931,#14013,#14088,.T.);
#14088 = LINE('',#14089,#14090);
#14089 = CARTESIAN_POINT('',(22.,-4.,362.));
#14090 = VECTOR('',#14091,1.);
#14091 = DIRECTION('',(0.,1.,0.));
#14092 = PLANE('',#14093);
#14093 = AXIS2_PLACEMENT_3D('',#14094,#14095,#14096);
#14094 = CARTESIAN_POINT('',(22.,-4.,22.));
#14095 = DIRECTION('',(1.,0.,0.));
#14096 = DIRECTION('',(0.,0.,1.));
#14097 = ADVANCED_FACE('',(#14098),#14109,.F.);
#14098 = FACE_BOUND('',#14099,.F.);
#14099 = EDGE_LOOP('',(#14100,#14101,#14102,#14108));
#14100 = ORIENTED_EDGE('',*,*,#14087,.F.);
#14101 = ORIENTED_EDGE('',*,*,#13954,.T.);
#14102 = ORIENTED_EDGE('',*,*,#14103,.T.);
#14103 = EDGE_CURVE('',#13947,#14029,#14104,.T.);
#14104 = LINE('',#14105,#14106);
#14105 = CARTESIAN_POINT('',(426.,-4.,362.));
#14106 = VECTOR('',#14107,1.);
#14107 = DIRECTION('',(0.,1.,0.));
#14108 = ORIENTED_EDGE('',*,*,#14036,.F.);
#14109 = PLANE('',#14110);
#14110 = AXIS2_PLACEMENT_3D('',#14111,#14112,#14113);
#14111 = CARTESIAN_POINT('',(22.,-4.,362.));
#14112 = DIRECTION('',(0.,0.,1.));
#14113 = DIRECTION('',(1.,0.,0.));
#14114 = ADVANCED_FACE('',(#14115),#14126,.F.);
#14115 = FACE_BOUND('',#14116,.F.);
#14116 = EDGE_LOOP('',(#14117,#14118,#14124,#14125));
#14117 = ORIENTED_EDGE('',*,*,#13946,.F.);
#14118 = ORIENTED_EDGE('',*,*,#14119,.T.);
#14119 = EDGE_CURVE('',#13939,#14021,#14120,.T.);
#14120 = LINE('',#14121,#14122);
#14121 = CARTESIAN_POINT('',(426.,-4.,22.));
#14122 = VECTOR('',#14123,1.);
#14123 = DIRECTION('',(0.,1.,0.));
#14124 = ORIENTED_EDGE('',*,*,#14028,.T.);
#14125 = ORIENTED_EDGE('',*,*,#14103,.F.);
#14126 = PLANE('',#14127);
#14127 = AXIS2_PLACEMENT_3D('',#14128,#14129,#14130);
#14128 = CARTESIAN_POINT('',(426.,-4.,22.));
#14129 = DIRECTION('',(1.,0.,0.));
#14130 = DIRECTION('',(0.,0.,1.));
#14131 = ADVANCED_FACE('',(#14132),#14138,.T.);
#14132 = FACE_BOUND('',#14133,.T.);
#14133 = EDGE_LOOP('',(#14134,#14135,#14136,#14137));
#14134 = ORIENTED_EDGE('',*,*,#14080,.F.);
#14135 = ORIENTED_EDGE('',*,*,#13938,.T.);
#14136 = ORIENTED_EDGE('',*,*,#14119,.T.);
#14137 = ORIENTED_EDGE('',*,*,#14020,.F.);
#14138 = PLANE('',#14139);
#14139 = AXIS2_PLACEMENT_3D('',#14140,#14141,#14142);
#14140 = CARTESIAN_POINT('',(22.,-4.,22.));
#14141 = DIRECTION('',(0.,0.,1.));
#14142 = DIRECTION('',(1.,0.,0.));
#14143 = ( GEOMETRIC_REPRESENTATION_CONTEXT(3) 
GLOBAL_UNCERTAINTY_ASSIGNED_CONTEXT((#14147)) 
GLOBAL_UNIT_ASSIGNED_CONTEXT((#14144,#14145,#14146)) 
REPRESENTATION_CONTEXT('Context #1',
  '3D Context with UNIT and UNCERTAINTY') );
#14144 = ( LENGTH_UNIT() NAMED_UNIT(*) SI_UNIT(.MILLI.,.METRE.) );
#14145 = ( NAMED_UNIT(*) PLANE_ANGLE_UNIT() SI_UNIT($,.RADIAN.) );
#14146 = ( NAMED_UNIT(*) SI_UNIT($,.STERADIAN.) SOLID_ANGLE_UNIT() );
#14147 = UNCERTAINTY_MEASURE_WITH_UNIT(LENGTH_MEASURE(1.E-07),#14144,
  'distance_accuracy_value','confusion accuracy');
#14148 = CONTEXT_DEPENDENT_SHAPE_REPRESENTATION(#14149,#14151);
#14149 = ( REPRESENTATION_RELATIONSHIP('','',#13856,#8160) 
REPRESENTATION_RELATIONSHIP_WITH_TRANSFORMATION(#14150) 
SHAPE_REPRESENTATION_RELATIONSHIP() );
#14150 = ITEM_DEFINED_TRANSFORMATION('','',#11,#8333);
#14151 = PRODUCT_DEFINITION_SHAPE('Placement','Placement of an item',
  #14152);
#14152 = NEXT_ASSEMBLY_USAGE_OCCURRENCE('105','Tuerdichtung','',#8155,
  #13851,$);
#14153 = PRODUCT_RELATED_PRODUCT_CATEGORY('part',$,(#13853));
#14154 = SHAPE_DEFINITION_REPRESENTATION(#14155,#14161);
#14155 = PRODUCT_DEFINITION_SHAPE('','',#14156);
#14156 = PRODUCT_DEFINITION('design','',#14157,#14160);
#14157 = PRODUCT_DEFINITION_FORMATION('','',#14158);
#14158 = PRODUCT('Scharnier_unten','Scharnier_unten','',(#14159));
#14159 = PRODUCT_CONTEXT('',#2,'mechanical');
#14160 = PRODUCT_DEFINITION_CONTEXT('part definition',#2,'design');
#14161 = ADVANCED_BREP_SHAPE_REPRESENTATION('',(#11,#14162),#14215);
#14162 = MANIFOLD_SOLID_BREP('',#14163);
#14163 = CLOSED_SHELL('',(#14164,#14197,#14206));
#14164 = ADVANCED_FACE('',(#14165),#14192,.T.);
#14165 = FACE_BOUND('',#14166,.F.);
#14166 = EDGE_LOOP('',(#14167,#14177,#14184,#14185));
#14167 = ORIENTED_EDGE('',*,*,#14168,.T.);
#14168 = EDGE_CURVE('',#14169,#14171,#14173,.T.);
#14169 = VERTEX_POINT('',#14170);
#14170 = CARTESIAN_POINT('',(5.,-1.224646799147E-15,0.));
#14171 = VERTEX_POINT('',#14172);
#14172 = CARTESIAN_POINT('',(5.,-1.224646799147E-15,30.));
#14173 = LINE('',#14174,#14175);
#14174 = CARTESIAN_POINT('',(5.,-1.224646799147E-15,0.));
#14175 = VECTOR('',#14176,1.);
#14176 = DIRECTION('',(0.,0.,1.));
#14177 = ORIENTED_EDGE('',*,*,#14178,.T.);
#14178 = EDGE_CURVE('',#14171,#14171,#14179,.T.);
#14179 = CIRCLE('',#14180,5.);
#14180 = AXIS2_PLACEMENT_3D('',#14181,#14182,#14183);
#14181 = CARTESIAN_POINT('',(0.,0.,30.));
#14182 = DIRECTION('',(0.,0.,1.));
#14183 = DIRECTION('',(1.,0.,-0.));
#14184 = ORIENTED_EDGE('',*,*,#14168,.F.);
#14185 = ORIENTED_EDGE('',*,*,#14186,.F.);
#14186 = EDGE_CURVE('',#14169,#14169,#14187,.T.);
#14187 = CIRCLE('',#14188,5.);
#14188 = AXIS2_PLACEMENT_3D('',#14189,#14190,#14191);
#14189 = CARTESIAN_POINT('',(0.,0.,0.));
#14190 = DIRECTION('',(0.,0.,1.));
#14191 = DIRECTION('',(1.,0.,-0.));
#14192 = CYLINDRICAL_SURFACE('',#14193,5.);
#14193 = AXIS2_PLACEMENT_3D('',#14194,#14195,#14196);
#14194 = CARTESIAN_POINT('',(0.,0.,0.));
#14195 = DIRECTION('',(-0.,-0.,-1.));
#14196 = DIRECTION('',(1.,0.,-0.));
#14197 = ADVANCED_FACE('',(#14198),#14201,.F.);
#14198 = FACE_BOUND('',#14199,.T.);
#14199 = EDGE_LOOP('',(#14200));
#14200 = ORIENTED_EDGE('',*,*,#14186,.F.);
#14201 = PLANE('',#14202);
#14202 = AXIS2_PLACEMENT_3D('',#14203,#14204,#14205);
#14203 = CARTESIAN_POINT('',(0.,0.,0.));
#14204 = DIRECTION('',(0.,0.,1.));
#14205 = DIRECTION('',(1.,0.,-0.));
#14206 = ADVANCED_FACE('',(#14207),#14210,.T.);
#14207 = FACE_BOUND('',#14208,.F.);
#14208 = EDGE_LOOP('',(#14209));
#14209 = ORIENTED_EDGE('',*,*,#14178,.F.);
#14210 = PLANE('',#14211);
#14211 = AXIS2_PLACEMENT_3D('',#14212,#14213,#14214);
#14212 = CARTESIAN_POINT('',(0.,0.,30.));
#14213 = DIRECTION('',(0.,0.,1.));
#14214 = DIRECTION('',(1.,0.,-0.));
#14215 = ( GEOMETRIC_REPRESENTATION_CONTEXT(3) 
GLOBAL_UNCERTAINTY_ASSIGNED_CONTEXT((#14219)) 
GLOBAL_UNIT_ASSIGNED_CONTEXT((#14216,#14217,#14218)) 
REPRESENTATION_CONTEXT('Context #1',
  '3D Context with UNIT and UNCERTAINTY') );
#14216 = ( LENGTH_UNIT() NAMED_UNIT(*) SI_UNIT(.MILLI.,.METRE.) );
#14217 = ( NAMED_UNIT(*) PLANE_ANGLE_UNIT() SI_UNIT($,.RADIAN.) );
#14218 = ( NAMED_UNIT(*) SI_UNIT($,.STERADIAN.) SOLID_ANGLE_UNIT() );
#14219 = UNCERTAINTY_MEASURE_WITH_UNIT(LENGTH_MEASURE(1.E-07),#14216,
  'distance_accuracy_value','confusion accuracy');
#14220 = CONTEXT_DEPENDENT_SHAPE_REPRESENTATION(#14221,#14223);
#14221 = ( REPRESENTATION_RELATIONSHIP('','',#14161,#8160) 
REPRESENTATION_RELATIONSHIP_WITH_TRANSFORMATION(#14222) 
SHAPE_REPRESENTATION_RELATIONSHIP() );
#14222 = ITEM_DEFINED_TRANSFORMATION('','',#11,#8337);
#14223 = PRODUCT_DEFINITION_SHAPE('Placement','Placement of an item',
  #14224);
#14224 = NEXT_ASSEMBLY_USAGE_OCCURRENCE('106','Scharnier_unten','',#8155
  ,#14156,$);
#14225 = PRODUCT_RELATED_PRODUCT_CATEGORY('part',$,(#14158));
#14226 = SHAPE_DEFINITION_REPRESENTATION(#14227,#14233);
#14227 = PRODUCT_DEFINITION_SHAPE('','',#14228);
#14228 = PRODUCT_DEFINITION('design','',#14229,#14232);
#14229 = PRODUCT_DEFINITION_FORMATION('','',#14230);
#14230 = PRODUCT('Scharnier_oben','Scharnier_oben','',(#14231));
#14231 = PRODUCT_CONTEXT('',#2,'mechanical');
#14232 = PRODUCT_DEFINITION_CONTEXT('part definition',#2,'design');
#14233 = ADVANCED_BREP_SHAPE_REPRESENTATION('',(#11,#14234),#14287);
#14234 = MANIFOLD_SOLID_BREP('',#14235);
#14235 = CLOSED_SHELL('',(#14236,#14269,#14278));
#14236 = ADVANCED_FACE('',(#14237),#14264,.T.);
#14237 = FACE_BOUND('',#14238,.F.);
#14238 = EDGE_LOOP('',(#14239,#14249,#14256,#14257));
#14239 = ORIENTED_EDGE('',*,*,#14240,.T.);
#14240 = EDGE_CURVE('',#14241,#14243,#14245,.T.);
#14241 = VERTEX_POINT('',#14242);
#14242 = CARTESIAN_POINT('',(5.,-1.224646799147E-15,0.));
#14243 = VERTEX_POINT('',#14244);
#14244 = CARTESIAN_POINT('',(5.,-1.224646799147E-15,30.));
#14245 = LINE('',#14246,#14247);
#14246 = CARTESIAN_POINT('',(5.,-1.224646799147E-15,0.));
#14247 = VECTOR('',#14248,1.);
#14248 = DIRECTION('',(0.,0.,1.));
#14249 = ORIENTED_EDGE('',*,*,#14250,.T.);
#14250 = EDGE_CURVE('',#14243,#14243,#14251,.T.);
#14251 = CIRCLE('',#14252,5.);
#14252 = AXIS2_PLACEMENT_3D('',#14253,#14254,#14255);
#14253 = CARTESIAN_POINT('',(0.,0.,30.));
#14254 = DIRECTION('',(0.,0.,1.));
#14255 = DIRECTION('',(1.,0.,-0.));
#14256 = ORIENTED_EDGE('',*,*,#14240,.F.);
#14257 = ORIENTED_EDGE('',*,*,#14258,.F.);
#14258 = EDGE_CURVE('',#14241,#14241,#14259,.T.);
#14259 = CIRCLE('',#14260,5.);
#14260 = AXIS2_PLACEMENT_3D('',#14261,#14262,#14263);
#14261 = CARTESIAN_POINT('',(0.,0.,0.));
#14262 = DIRECTION('',(0.,0.,1.));
#14263 = DIRECTION('',(1.,0.,-0.));
#14264 = CYLINDRICAL_SURFACE('',#14265,5.);
#14265 = AXIS2_PLACEMENT_3D('',#14266,#14267,#14268);
#14266 = CARTESIAN_POINT('',(0.,0.,0.));
#14267 = DIRECTION('',(-0.,-0.,-1.));
#14268 = DIRECTION('',(1.,0.,-0.));
#14269 = ADVANCED_FACE('',(#14270),#14273,.F.);
#14270 = FACE_BOUND('',#14271,.T.);
#14271 = EDGE_LOOP('',(#14272));
#14272 = ORIENTED_EDGE('',*,*,#14258,.F.);
#14273 = PLANE('',#14274);
#14274 = AXIS2_PLACEMENT_3D('',#14275,#14276,#14277);
#14275 = CARTESIAN_POINT('',(0.,0.,0.));
#14276 = DIRECTION('',(0.,0.,1.));
#14277 = DIRECTION('',(1.,0.,-0.));
#14278 = ADVANCED_FACE('',(#14279),#14282,.T.);
#14279 = FACE_BOUND('',#14280,.F.);
#14280 = EDGE_LOOP('',(#14281));
#14281 = ORIENTED_EDGE('',*,*,#14250,.F.);
#14282 = PLANE('',#14283);
#14283 = AXIS2_PLACEMENT_3D('',#14284,#14285,#14286);
#14284 = CARTESIAN_POINT('',(0.,0.,30.));
#14285 = DIRECTION('',(0.,0.,1.));
#14286 = DIRECTION('',(1.,0.,-0.));
#14287 = ( GEOMETRIC_REPRESENTATION_CONTEXT(3) 
GLOBAL_UNCERTAINTY_ASSIGNED_CONTEXT((#14291)) 
GLOBAL_UNIT_ASSIGNED_CONTEXT((#14288,#14289,#14290)) 
REPRESENTATION_CONTEXT('Context #1',
  '3D Context with UNIT and UNCERTAINTY') );
#14288 = ( LENGTH_UNIT() NAMED_UNIT(*) SI_UNIT(.MILLI.,.METRE.) );
#14289 = ( NAMED_UNIT(*) PLANE_ANGLE_UNIT() SI_UNIT($,.RADIAN.) );
#14290 = ( NAMED_UNIT(*) SI_UNIT($,.STERADIAN.) SOLID_ANGLE_UNIT() );
#14291 = UNCERTAINTY_MEASURE_WITH_UNIT(LENGTH_MEASURE(1.E-07),#14288,
  'distance_accuracy_value','confusion accuracy');
#14292 = CONTEXT_DEPENDENT_SHAPE_REPRESENTATION(#14293,#14295);
#14293 = ( REPRESENTATION_RELATIONSHIP('','',#14233,#8160) 
REPRESENTATION_RELATIONSHIP_WITH_TRANSFORMATION(#14294) 
SHAPE_REPRESENTATION_RELATIONSHIP() );
#14294 = ITEM_DEFINED_TRANSFORMATION('','',#11,#8341);
#14295 = PRODUCT_DEFINITION_SHAPE('Placement','Placement of an item',
  #14296);
#14296 = NEXT_ASSEMBLY_USAGE_OCCURRENCE('107','Scharnier_oben','',#8155,
  #14228,$);
#14297 = PRODUCT_RELATED_PRODUCT_CATEGORY('part',$,(#14230));
#14298 = SHAPE_DEFINITION_REPRESENTATION(#14299,#14305);
#14299 = PRODUCT_DEFINITION_SHAPE('','',#14300);
#14300 = PRODUCT_DEFINITION('design','',#14301,#14304);
#14301 = PRODUCT_DEFINITION_FORMATION('','',#14302);
#14302 = PRODUCT('Verschluss','Verschluss','',(#14303));
#14303 = PRODUCT_CONTEXT('',#2,'mechanical');
#14304 = PRODUCT_DEFINITION_CONTEXT('part definition',#2,'design');
#14305 = ADVANCED_BREP_SHAPE_REPRESENTATION('',(#11,#14306),#14456);
#14306 = MANIFOLD_SOLID_BREP('',#14307);
#14307 = CLOSED_SHELL('',(#14308,#14348,#14388,#14410,#14432,#14444));
#14308 = ADVANCED_FACE('',(#14309),#14343,.F.);
#14309 = FACE_BOUND('',#14310,.F.);
#14310 = EDGE_LOOP('',(#14311,#14321,#14329,#14337));
#14311 = ORIENTED_EDGE('',*,*,#14312,.F.);
#14312 = EDGE_CURVE('',#14313,#14315,#14317,.T.);
#14313 = VERTEX_POINT('',#14314);
#14314 = CARTESIAN_POINT('',(0.,0.,0.));
#14315 = VERTEX_POINT('',#14316);
#14316 = CARTESIAN_POINT('',(0.,0.,60.));
#14317 = LINE('',#14318,#14319);
#14318 = CARTESIAN_POINT('',(0.,0.,0.));
#14319 = VECTOR('',#14320,1.);
#14320 = DIRECTION('',(0.,0.,1.));
#14321 = ORIENTED_EDGE('',*,*,#14322,.T.);
#14322 = EDGE_CURVE('',#14313,#14323,#14325,.T.);
#14323 = VERTEX_POINT('',#14324);
#14324 = CARTESIAN_POINT('',(0.,14.,0.));
#14325 = LINE('',#14326,#14327);
#14326 = CARTESIAN_POINT('',(0.,0.,0.));
#14327 = VECTOR('',#14328,1.);
#14328 = DIRECTION('',(-0.,1.,0.));
#14329 = ORIENTED_EDGE('',*,*,#14330,.T.);
#14330 = EDGE_CURVE('',#14323,#14331,#14333,.T.);
#14331 = VERTEX_POINT('',#14332);
#14332 = CARTESIAN_POINT('',(0.,14.,60.));
#14333 = LINE('',#14334,#14335);
#14334 = CARTESIAN_POINT('',(0.,14.,0.));
#14335 = VECTOR('',#14336,1.);
#14336 = DIRECTION('',(0.,0.,1.));
#14337 = ORIENTED_EDGE('',*,*,#14338,.F.);
#14338 = EDGE_CURVE('',#14315,#14331,#14339,.T.);
#14339 = LINE('',#14340,#14341);
#14340 = CARTESIAN_POINT('',(0.,0.,60.));
#14341 = VECTOR('',#14342,1.);
#14342 = DIRECTION('',(-0.,1.,0.));
#14343 = PLANE('',#14344);
#14344 = AXIS2_PLACEMENT_3D('',#14345,#14346,#14347);
#14345 = CARTESIAN_POINT('',(0.,0.,0.));
#14346 = DIRECTION('',(1.,0.,-0.));
#14347 = DIRECTION('',(0.,0.,1.));
#14348 = ADVANCED_FACE('',(#14349),#14383,.T.);
#14349 = FACE_BOUND('',#14350,.T.);
#14350 = EDGE_LOOP('',(#14351,#14361,#14369,#14377));
#14351 = ORIENTED_EDGE('',*,*,#14352,.F.);
#14352 = EDGE_CURVE('',#14353,#14355,#14357,.T.);
#14353 = VERTEX_POINT('',#14354);
#14354 = CARTESIAN_POINT('',(22.,0.,0.));
#14355 = VERTEX_POINT('',#14356);
#14356 = CARTESIAN_POINT('',(22.,0.,60.));
#14357 = LINE('',#14358,#14359);
#14358 = CARTESIAN_POINT('',(22.,0.,0.));
#14359 = VECTOR('',#14360,1.);
#14360 = DIRECTION('',(0.,0.,1.));
#14361 = ORIENTED_EDGE('',*,*,#14362,.T.);
#14362 = EDGE_CURVE('',#14353,#14363,#14365,.T.);
#14363 = VERTEX_POINT('',#14364);
#14364 = CARTESIAN_POINT('',(22.,14.,0.));
#14365 = LINE('',#14366,#14367);
#14366 = CARTESIAN_POINT('',(22.,0.,0.));
#14367 = VECTOR('',#14368,1.);
#14368 = DIRECTION('',(-0.,1.,0.));
#14369 = ORIENTED_EDGE('',*,*,#14370,.T.);
#14370 = EDGE_CURVE('',#14363,#14371,#14373,.T.);
#14371 = VERTEX_POINT('',#14372);
#14372 = CARTESIAN_POINT('',(22.,14.,60.));
#14373 = LINE('',#14374,#14375);
#14374 = CARTESIAN_POINT('',(22.,14.,0.));
#14375 = VECTOR('',#14376,1.);
#14376 = DIRECTION('',(0.,0.,1.));
#14377 = ORIENTED_EDGE('',*,*,#14378,.F.);
#14378 = EDGE_CURVE('',#14355,#14371,#14379,.T.);
#14379 = LINE('',#14380,#14381);
#14380 = CARTESIAN_POINT('',(22.,0.,60.));
#14381 = VECTOR('',#14382,1.);
#14382 = DIRECTION('',(-0.,1.,0.));
#14383 = PLANE('',#14384);
#14384 = AXIS2_PLACEMENT_3D('',#14385,#14386,#14387);
#14385 = CARTESIAN_POINT('',(22.,0.,0.));
#14386 = DIRECTION('',(1.,0.,-0.));
#14387 = DIRECTION('',(0.,0.,1.));
#14388 = ADVANCED_FACE('',(#14389),#14405,.F.);
#14389 = FACE_BOUND('',#14390,.F.);
#14390 = EDGE_LOOP('',(#14391,#14397,#14398,#14404));
#14391 = ORIENTED_EDGE('',*,*,#14392,.F.);
#14392 = EDGE_CURVE('',#14313,#14353,#14393,.T.);
#14393 = LINE('',#14394,#14395);
#14394 = CARTESIAN_POINT('',(0.,0.,0.));
#14395 = VECTOR('',#14396,1.);
#14396 = DIRECTION('',(1.,0.,-0.));
#14397 = ORIENTED_EDGE('',*,*,#14312,.T.);
#14398 = ORIENTED_EDGE('',*,*,#14399,.T.);
#14399 = EDGE_CURVE('',#14315,#14355,#14400,.T.);
#14400 = LINE('',#14401,#14402);
#14401 = CARTESIAN_POINT('',(0.,0.,60.));
#14402 = VECTOR('',#14403,1.);
#14403 = DIRECTION('',(1.,0.,-0.));
#14404 = ORIENTED_EDGE('',*,*,#14352,.F.);
#14405 = PLANE('',#14406);
#14406 = AXIS2_PLACEMENT_3D('',#14407,#14408,#14409);
#14407 = CARTESIAN_POINT('',(0.,0.,0.));
#14408 = DIRECTION('',(-0.,1.,0.));
#14409 = DIRECTION('',(0.,0.,1.));
#14410 = ADVANCED_FACE('',(#14411),#14427,.T.);
#14411 = FACE_BOUND('',#14412,.T.);
#14412 = EDGE_LOOP('',(#14413,#14419,#14420,#14426));
#14413 = ORIENTED_EDGE('',*,*,#14414,.F.);
#14414 = EDGE_CURVE('',#14323,#14363,#14415,.T.);
#14415 = LINE('',#14416,#14417);
#14416 = CARTESIAN_POINT('',(0.,14.,0.));
#14417 = VECTOR('',#14418,1.);
#14418 = DIRECTION('',(1.,0.,-0.));
#14419 = ORIENTED_EDGE('',*,*,#14330,.T.);
#14420 = ORIENTED_EDGE('',*,*,#14421,.T.);
#14421 = EDGE_CURVE('',#14331,#14371,#14422,.T.);
#14422 = LINE('',#14423,#14424);
#14423 = CARTESIAN_POINT('',(0.,14.,60.));
#14424 = VECTOR('',#14425,1.);
#14425 = DIRECTION('',(1.,0.,-0.));
#14426 = ORIENTED_EDGE('',*,*,#14370,.F.);
#14427 = PLANE('',#14428);
#14428 = AXIS2_PLACEMENT_3D('',#14429,#14430,#14431);
#14429 = CARTESIAN_POINT('',(0.,14.,0.));
#14430 = DIRECTION('',(-0.,1.,0.));
#14431 = DIRECTION('',(0.,0.,1.));
#14432 = ADVANCED_FACE('',(#14433),#14439,.F.);
#14433 = FACE_BOUND('',#14434,.F.);
#14434 = EDGE_LOOP('',(#14435,#14436,#14437,#14438));
#14435 = ORIENTED_EDGE('',*,*,#14322,.F.);
#14436 = ORIENTED_EDGE('',*,*,#14392,.T.);
#14437 = ORIENTED_EDGE('',*,*,#14362,.T.);
#14438 = ORIENTED_EDGE('',*,*,#14414,.F.);
#14439 = PLANE('',#14440);
#14440 = AXIS2_PLACEMENT_3D('',#14441,#14442,#14443);
#14441 = CARTESIAN_POINT('',(0.,0.,0.));
#14442 = DIRECTION('',(0.,0.,1.));
#14443 = DIRECTION('',(1.,0.,-0.));
#14444 = ADVANCED_FACE('',(#14445),#14451,.T.);
#14445 = FACE_BOUND('',#14446,.T.);
#14446 = EDGE_LOOP('',(#14447,#14448,#14449,#14450));
#14447 = ORIENTED_EDGE('',*,*,#14338,.F.);
#14448 = ORIENTED_EDGE('',*,*,#14399,.T.);
#14449 = ORIENTED_EDGE('',*,*,#14378,.T.);
#14450 = ORIENTED_EDGE('',*,*,#14421,.F.);
#14451 = PLANE('',#14452);
#14452 = AXIS2_PLACEMENT_3D('',#14453,#14454,#14455);
#14453 = CARTESIAN_POINT('',(0.,0.,60.));
#14454 = DIRECTION('',(0.,0.,1.));
#14455 = DIRECTION('',(1.,0.,-0.));
#14456 = ( GEOMETRIC_REPRESENTATION_CONTEXT(3) 
GLOBAL_UNCERTAINTY_ASSIGNED_CONTEXT((#14460)) 
GLOBAL_UNIT_ASSIGNED_CONTEXT((#14457,#14458,#14459)) 
REPRESENTATION_CONTEXT('Context #1',
  '3D Context with UNIT and UNCERTAINTY') );
#14457 = ( LENGTH_UNIT() NAMED_UNIT(*) SI_UNIT(.MILLI.,.METRE.) );
#14458 = ( NAMED_UNIT(*) PLANE_ANGLE_UNIT() SI_UNIT($,.RADIAN.) );
#14459 = ( NAMED_UNIT(*) SI_UNIT($,.STERADIAN.) SOLID_ANGLE_UNIT() );
#14460 = UNCERTAINTY_MEASURE_WITH_UNIT(LENGTH_MEASURE(1.E-07),#14457,
  'distance_accuracy_value','confusion accuracy');
#14461 = CONTEXT_DEPENDENT_SHAPE_REPRESENTATION(#14462,#14464);
#14462 = ( REPRESENTATION_RELATIONSHIP('','',#14305,#8160) 
REPRESENTATION_RELATIONSHIP_WITH_TRANSFORMATION(#14463) 
SHAPE_REPRESENTATION_RELATIONSHIP() );
#14463 = ITEM_DEFINED_TRANSFORMATION('','',#11,#8345);
#14464 = PRODUCT_DEFINITION_SHAPE('Placement','Placement of an item',
  #14465);
#14465 = NEXT_ASSEMBLY_USAGE_OCCURRENCE('108','Verschluss','',#8155,
  #14300,$);
#14466 = PRODUCT_RELATED_PRODUCT_CATEGORY('part',$,(#14302));
#14467 = SHAPE_DEFINITION_REPRESENTATION(#14468,#14474);
#14468 = PRODUCT_DEFINITION_SHAPE('','',#14469);
#14469 = PRODUCT_DEFINITION('design','',#14470,#14473);
#14470 = PRODUCT_DEFINITION_FORMATION('','',#14471);
#14471 = PRODUCT('Schiene_1_links','Schiene_1_links','',(#14472));
#14472 = PRODUCT_CONTEXT('',#2,'mechanical');
#14473 = PRODUCT_DEFINITION_CONTEXT('part definition',#2,'design');
#14474 = ADVANCED_BREP_SHAPE_REPRESENTATION('',(#11,#14475),#14757);
#14475 = MANIFOLD_SOLID_BREP('',#14476);
#14476 = CLOSED_SHELL('',(#14477,#14517,#14580,#14604,#14660,#14677,
    #14694,#14711,#14728,#14745));
#14477 = ADVANCED_FACE('',(#14478),#14512,.F.);
#14478 = FACE_BOUND('',#14479,.F.);
#14479 = EDGE_LOOP('',(#14480,#14490,#14498,#14506));
#14480 = ORIENTED_EDGE('',*,*,#14481,.F.);
#14481 = EDGE_CURVE('',#14482,#14484,#14486,.T.);
#14482 = VERTEX_POINT('',#14483);
#14483 = CARTESIAN_POINT('',(47.,22.,59.));
#14484 = VERTEX_POINT('',#14485);
#14485 = CARTESIAN_POINT('',(47.,22.,74.));
#14486 = LINE('',#14487,#14488);
#14487 = CARTESIAN_POINT('',(47.,22.,59.));
#14488 = VECTOR('',#14489,1.);
#14489 = DIRECTION('',(0.,0.,1.));
#14490 = ORIENTED_EDGE('',*,*,#14491,.T.);
#14491 = EDGE_CURVE('',#14482,#14492,#14494,.T.);
#14492 = VERTEX_POINT('',#14493);
#14493 = CARTESIAN_POINT('',(47.,400.,59.));
#14494 = LINE('',#14495,#14496);
#14495 = CARTESIAN_POINT('',(47.,22.,59.));
#14496 = VECTOR('',#14497,1.);
#14497 = DIRECTION('',(0.,1.,0.));
#14498 = ORIENTED_EDGE('',*,*,#14499,.T.);
#14499 = EDGE_CURVE('',#14492,#14500,#14502,.T.);
#14500 = VERTEX_POINT('',#14501);
#14501 = CARTESIAN_POINT('',(47.,400.,74.));
#14502 = LINE('',#14503,#14504);
#14503 = CARTESIAN_POINT('',(47.,400.,59.));
#14504 = VECTOR('',#14505,1.);
#14505 = DIRECTION('',(0.,0.,1.));
#14506 = ORIENTED_EDGE('',*,*,#14507,.F.);
#14507 = EDGE_CURVE('',#14484,#14500,#14508,.T.);
#14508 = LINE('',#14509,#14510);
#14509 = CARTESIAN_POINT('',(47.,22.,74.));
#14510 = VECTOR('',#14511,1.);
#14511 = DIRECTION('',(0.,1.,0.));
#14512 = PLANE('',#14513);
#14513 = AXIS2_PLACEMENT_3D('',#14514,#14515,#14516);
#14514 = CARTESIAN_POINT('',(47.,22.,59.));
#14515 = DIRECTION('',(1.,0.,0.));
#14516 = DIRECTION('',(0.,0.,1.));
#14517 = ADVANCED_FACE('',(#14518),#14575,.F.);
#14518 = FACE_BOUND('',#14519,.F.);
#14519 = EDGE_LOOP('',(#14520,#14528,#14529,#14537,#14545,#14553,#14561,
    #14569));
#14520 = ORIENTED_EDGE('',*,*,#14521,.F.);
#14521 = EDGE_CURVE('',#14482,#14522,#14524,.T.);
#14522 = VERTEX_POINT('',#14523);
#14523 = CARTESIAN_POINT('',(48.,22.,59.));
#14524 = LINE('',#14525,#14526);
#14525 = CARTESIAN_POINT('',(47.,22.,59.));
#14526 = VECTOR('',#14527,1.);
#14527 = DIRECTION('',(1.,0.,0.));
#14528 = ORIENTED_EDGE('',*,*,#14481,.T.);
#14529 = ORIENTED_EDGE('',*,*,#14530,.T.);
#14530 = EDGE_CURVE('',#14484,#14531,#14533,.T.);
#14531 = VERTEX_POINT('',#14532);
#14532 = CARTESIAN_POINT('',(55.,22.,74.));
#14533 = LINE('',#14534,#14535);
#14534 = CARTESIAN_POINT('',(47.,22.,74.));
#14535 = VECTOR('',#14536,1.);
#14536 = DIRECTION('',(1.,0.,0.));
#14537 = ORIENTED_EDGE('',*,*,#14538,.F.);
#14538 = EDGE_CURVE('',#14539,#14531,#14541,.T.);
#14539 = VERTEX_POINT('',#14540);
#14540 = CARTESIAN_POINT('',(55.,22.,59.));
#14541 = LINE('',#14542,#14543);
#14542 = CARTESIAN_POINT('',(55.,22.,59.));
#14543 = VECTOR('',#14544,1.);
#14544 = DIRECTION('',(0.,0.,1.));
#14545 = ORIENTED_EDGE('',*,*,#14546,.F.);
#14546 = EDGE_CURVE('',#14547,#14539,#14549,.T.);
#14547 = VERTEX_POINT('',#14548);
#14548 = CARTESIAN_POINT('',(54.,22.,59.));
#14549 = LINE('',#14550,#14551);
#14550 = CARTESIAN_POINT('',(47.,22.,59.));
#14551 = VECTOR('',#14552,1.);
#14552 = DIRECTION('',(1.,0.,0.));
#14553 = ORIENTED_EDGE('',*,*,#14554,.T.);
#14554 = EDGE_CURVE('',#14547,#14555,#14557,.T.);
#14555 = VERTEX_POINT('',#14556);
#14556 = CARTESIAN_POINT('',(54.,22.,73.));
#14557 = LINE('',#14558,#14559);
#14558 = CARTESIAN_POINT('',(54.,22.,59.));
#14559 = VECTOR('',#14560,1.);
#14560 = DIRECTION('',(0.,0.,1.));
#14561 = ORIENTED_EDGE('',*,*,#14562,.F.);
#14562 = EDGE_CURVE('',#14563,#14555,#14565,.T.);
#14563 = VERTEX_POINT('',#14564);
#14564 = CARTESIAN_POINT('',(48.,22.,73.));
#14565 = LINE('',#14566,#14567);
#14566 = CARTESIAN_POINT('',(48.,22.,73.));
#14567 = VECTOR('',#14568,1.);
#14568 = DIRECTION('',(1.,0.,0.));
#14569 = ORIENTED_EDGE('',*,*,#14570,.F.);
#14570 = EDGE_CURVE('',#14522,#14563,#14571,.T.);
#14571 = LINE('',#14572,#14573);
#14572 = CARTESIAN_POINT('',(48.,22.,59.));
#14573 = VECTOR('',#14574,1.);
#14574 = DIRECTION('',(0.,0.,1.));
#14575 = PLANE('',#14576);
#14576 = AXIS2_PLACEMENT_3D('',#14577,#14578,#14579);
#14577 = CARTESIAN_POINT('',(47.,22.,59.));
#14578 = DIRECTION('',(0.,1.,0.));
#14579 = DIRECTION('',(0.,0.,1.));
#14580 = ADVANCED_FACE('',(#14581),#14599,.T.);
#14581 = FACE_BOUND('',#14582,.T.);
#14582 = EDGE_LOOP('',(#14583,#14584,#14585,#14593));
#14583 = ORIENTED_EDGE('',*,*,#14507,.F.);
#14584 = ORIENTED_EDGE('',*,*,#14530,.T.);
#14585 = ORIENTED_EDGE('',*,*,#14586,.T.);
#14586 = EDGE_CURVE('',#14531,#14587,#14589,.T.);
#14587 = VERTEX_POINT('',#14588);
#14588 = CARTESIAN_POINT('',(55.,400.,74.));
#14589 = LINE('',#14590,#14591);
#14590 = CARTESIAN_POINT('',(55.,22.,74.));
#14591 = VECTOR('',#14592,1.);
#14592 = DIRECTION('',(0.,1.,0.));
#14593 = ORIENTED_EDGE('',*,*,#14594,.F.);
#14594 = EDGE_CURVE('',#14500,#14587,#14595,.T.);
#14595 = LINE('',#14596,#14597);
#14596 = CARTESIAN_POINT('',(47.,400.,74.));
#14597 = VECTOR('',#14598,1.);
#14598 = DIRECTION('',(1.,0.,0.));
#14599 = PLANE('',#14600);
#14600 = AXIS2_PLACEMENT_3D('',#14601,#14602,#14603);
#14601 = CARTESIAN_POINT('',(47.,22.,74.));
#14602 = DIRECTION('',(0.,0.,1.));
#14603 = DIRECTION('',(1.,0.,0.));
#14604 = ADVANCED_FACE('',(#14605),#14655,.T.);
#14605 = FACE_BOUND('',#14606,.T.);
#14606 = EDGE_LOOP('',(#14607,#14615,#14616,#14617,#14625,#14633,#14641,
    #14649));
#14607 = ORIENTED_EDGE('',*,*,#14608,.F.);
#14608 = EDGE_CURVE('',#14492,#14609,#14611,.T.);
#14609 = VERTEX_POINT('',#14610);
#14610 = CARTESIAN_POINT('',(48.,400.,59.));
#14611 = LINE('',#14612,#14613);
#14612 = CARTESIAN_POINT('',(47.,400.,59.));
#14613 = VECTOR('',#14614,1.);
#14614 = DIRECTION('',(1.,0.,0.));
#14615 = ORIENTED_EDGE('',*,*,#14499,.T.);
#14616 = ORIENTED_EDGE('',*,*,#14594,.T.);
#14617 = ORIENTED_EDGE('',*,*,#14618,.F.);
#14618 = EDGE_CURVE('',#14619,#14587,#14621,.T.);
#14619 = VERTEX_POINT('',#14620);
#14620 = CARTESIAN_POINT('',(55.,400.,59.));
#14621 = LINE('',#14622,#14623);
#14622 = CARTESIAN_POINT('',(55.,400.,59.));
#14623 = VECTOR('',#14624,1.);
#14624 = DIRECTION('',(0.,0.,1.));
#14625 = ORIENTED_EDGE('',*,*,#14626,.F.);
#14626 = EDGE_CURVE('',#14627,#14619,#14629,.T.);
#14627 = VERTEX_POINT('',#14628);
#14628 = CARTESIAN_POINT('',(54.,400.,59.));
#14629 = LINE('',#14630,#14631);
#14630 = CARTESIAN_POINT('',(47.,400.,59.));
#14631 = VECTOR('',#14632,1.);
#14632 = DIRECTION('',(1.,0.,0.));
#14633 = ORIENTED_EDGE('',*,*,#14634,.T.);
#14634 = EDGE_CURVE('',#14627,#14635,#14637,.T.);
#14635 = VERTEX_POINT('',#14636);
#14636 = CARTESIAN_POINT('',(54.,400.,73.));
#14637 = LINE('',#14638,#14639);
#14638 = CARTESIAN_POINT('',(54.,400.,59.));
#14639 = VECTOR('',#14640,1.);
#14640 = DIRECTION('',(0.,0.,1.));
#14641 = ORIENTED_EDGE('',*,*,#14642,.F.);
#14642 = EDGE_CURVE('',#14643,#14635,#14645,.T.);
#14643 = VERTEX_POINT('',#14644);
#14644 = CARTESIAN_POINT('',(48.,400.,73.));
#14645 = LINE('',#14646,#14647);
#14646 = CARTESIAN_POINT('',(48.,400.,73.));
#14647 = VECTOR('',#14648,1.);
#14648 = DIRECTION('',(1.,0.,0.));
#14649 = ORIENTED_EDGE('',*,*,#14650,.F.);
#14650 = EDGE_CURVE('',#14609,#14643,#14651,.T.);
#14651 = LINE('',#14652,#14653);
#14652 = CARTESIAN_POINT('',(48.,400.,59.));
#14653 = VECTOR('',#14654,1.);
#14654 = DIRECTION('',(0.,0.,1.));
#14655 = PLANE('',#14656);
#14656 = AXIS2_PLACEMENT_3D('',#14657,#14658,#14659);
#14657 = CARTESIAN_POINT('',(47.,400.,59.));
#14658 = DIRECTION('',(0.,1.,0.));
#14659 = DIRECTION('',(0.,0.,1.));
#14660 = ADVANCED_FACE('',(#14661),#14672,.F.);
#14661 = FACE_BOUND('',#14662,.F.);
#14662 = EDGE_LOOP('',(#14663,#14664,#14665,#14666));
#14663 = ORIENTED_EDGE('',*,*,#14608,.F.);
#14664 = ORIENTED_EDGE('',*,*,#14491,.F.);
#14665 = ORIENTED_EDGE('',*,*,#14521,.T.);
#14666 = ORIENTED_EDGE('',*,*,#14667,.T.);
#14667 = EDGE_CURVE('',#14522,#14609,#14668,.T.);
#14668 = LINE('',#14669,#14670);
#14669 = CARTESIAN_POINT('',(48.,22.,59.));
#14670 = VECTOR('',#14671,1.);
#14671 = DIRECTION('',(0.,1.,0.));
#14672 = PLANE('',#14673);
#14673 = AXIS2_PLACEMENT_3D('',#14674,#14675,#14676);
#14674 = CARTESIAN_POINT('',(47.,22.,59.));
#14675 = DIRECTION('',(0.,0.,1.));
#14676 = DIRECTION('',(1.,0.,0.));
#14677 = ADVANCED_FACE('',(#14678),#14689,.T.);
#14678 = FACE_BOUND('',#14679,.T.);
#14679 = EDGE_LOOP('',(#14680,#14681,#14682,#14683));
#14680 = ORIENTED_EDGE('',*,*,#14570,.F.);
#14681 = ORIENTED_EDGE('',*,*,#14667,.T.);
#14682 = ORIENTED_EDGE('',*,*,#14650,.T.);
#14683 = ORIENTED_EDGE('',*,*,#14684,.F.);
#14684 = EDGE_CURVE('',#14563,#14643,#14685,.T.);
#14685 = LINE('',#14686,#14687);
#14686 = CARTESIAN_POINT('',(48.,22.,73.));
#14687 = VECTOR('',#14688,1.);
#14688 = DIRECTION('',(0.,1.,0.));
#14689 = PLANE('',#14690);
#14690 = AXIS2_PLACEMENT_3D('',#14691,#14692,#14693);
#14691 = CARTESIAN_POINT('',(48.,22.,59.));
#14692 = DIRECTION('',(1.,0.,0.));
#14693 = DIRECTION('',(0.,0.,1.));
#14694 = ADVANCED_FACE('',(#14695),#14706,.F.);
#14695 = FACE_BOUND('',#14696,.F.);
#14696 = EDGE_LOOP('',(#14697,#14698,#14699,#14705));
#14697 = ORIENTED_EDGE('',*,*,#14684,.F.);
#14698 = ORIENTED_EDGE('',*,*,#14562,.T.);
#14699 = ORIENTED_EDGE('',*,*,#14700,.T.);
#14700 = EDGE_CURVE('',#14555,#14635,#14701,.T.);
#14701 = LINE('',#14702,#14703);
#14702 = CARTESIAN_POINT('',(54.,22.,73.));
#14703 = VECTOR('',#14704,1.);
#14704 = DIRECTION('',(0.,1.,0.));
#14705 = ORIENTED_EDGE('',*,*,#14642,.F.);
#14706 = PLANE('',#14707);
#14707 = AXIS2_PLACEMENT_3D('',#14708,#14709,#14710);
#14708 = CARTESIAN_POINT('',(48.,22.,73.));
#14709 = DIRECTION('',(0.,0.,1.));
#14710 = DIRECTION('',(1.,0.,0.));
#14711 = ADVANCED_FACE('',(#14712),#14723,.F.);
#14712 = FACE_BOUND('',#14713,.F.);
#14713 = EDGE_LOOP('',(#14714,#14715,#14721,#14722));
#14714 = ORIENTED_EDGE('',*,*,#14554,.F.);
#14715 = ORIENTED_EDGE('',*,*,#14716,.T.);
#14716 = EDGE_CURVE('',#14547,#14627,#14717,.T.);
#14717 = LINE('',#14718,#14719);
#14718 = CARTESIAN_POINT('',(54.,22.,59.));
#14719 = VECTOR('',#14720,1.);
#14720 = DIRECTION('',(0.,1.,0.));
#14721 = ORIENTED_EDGE('',*,*,#14634,.T.);
#14722 = ORIENTED_EDGE('',*,*,#14700,.F.);
#14723 = PLANE('',#14724);
#14724 = AXIS2_PLACEMENT_3D('',#14725,#14726,#14727);
#14725 = CARTESIAN_POINT('',(54.,22.,59.));
#14726 = DIRECTION('',(1.,0.,0.));
#14727 = DIRECTION('',(0.,0.,1.));
#14728 = ADVANCED_FACE('',(#14729),#14740,.F.);
#14729 = FACE_BOUND('',#14730,.F.);
#14730 = EDGE_LOOP('',(#14731,#14732,#14733,#14734));
#14731 = ORIENTED_EDGE('',*,*,#14626,.F.);
#14732 = ORIENTED_EDGE('',*,*,#14716,.F.);
#14733 = ORIENTED_EDGE('',*,*,#14546,.T.);
#14734 = ORIENTED_EDGE('',*,*,#14735,.T.);
#14735 = EDGE_CURVE('',#14539,#14619,#14736,.T.);
#14736 = LINE('',#14737,#14738);
#14737 = CARTESIAN_POINT('',(55.,22.,59.));
#14738 = VECTOR('',#14739,1.);
#14739 = DIRECTION('',(0.,1.,0.));
#14740 = PLANE('',#14741);
#14741 = AXIS2_PLACEMENT_3D('',#14742,#14743,#14744);
#14742 = CARTESIAN_POINT('',(47.,22.,59.));
#14743 = DIRECTION('',(0.,0.,1.));
#14744 = DIRECTION('',(1.,0.,0.));
#14745 = ADVANCED_FACE('',(#14746),#14752,.T.);
#14746 = FACE_BOUND('',#14747,.T.);
#14747 = EDGE_LOOP('',(#14748,#14749,#14750,#14751));
#14748 = ORIENTED_EDGE('',*,*,#14538,.F.);
#14749 = ORIENTED_EDGE('',*,*,#14735,.T.);
#14750 = ORIENTED_EDGE('',*,*,#14618,.T.);
#14751 = ORIENTED_EDGE('',*,*,#14586,.F.);
#14752 = PLANE('',#14753);
#14753 = AXIS2_PLACEMENT_3D('',#14754,#14755,#14756);
#14754 = CARTESIAN_POINT('',(55.,22.,59.));
#14755 = DIRECTION('',(1.,0.,0.));
#14756 = DIRECTION('',(0.,0.,1.));
#14757 = ( GEOMETRIC_REPRESENTATION_CONTEXT(3) 
GLOBAL_UNCERTAINTY_ASSIGNED_CONTEXT((#14761)) 
GLOBAL_UNIT_ASSIGNED_CONTEXT((#14758,#14759,#14760)) 
REPRESENTATION_CONTEXT('Context #1',
  '3D Context with UNIT and UNCERTAINTY') );
#14758 = ( LENGTH_UNIT() NAMED_UNIT(*) SI_UNIT(.MILLI.,.METRE.) );
#14759 = ( NAMED_UNIT(*) PLANE_ANGLE_UNIT() SI_UNIT($,.RADIAN.) );
#14760 = ( NAMED_UNIT(*) SI_UNIT($,.STERADIAN.) SOLID_ANGLE_UNIT() );
#14761 = UNCERTAINTY_MEASURE_WITH_UNIT(LENGTH_MEASURE(1.E-07),#14758,
  'distance_accuracy_value','confusion accuracy');
#14762 = CONTEXT_DEPENDENT_SHAPE_REPRESENTATION(#14763,#14765);
#14763 = ( REPRESENTATION_RELATIONSHIP('','',#14474,#8160) 
REPRESENTATION_RELATIONSHIP_WITH_TRANSFORMATION(#14764) 
SHAPE_REPRESENTATION_RELATIONSHIP() );
#14764 = ITEM_DEFINED_TRANSFORMATION('','',#11,#8349);
#14765 = PRODUCT_DEFINITION_SHAPE('Placement','Placement of an item',
  #14766);
#14766 = NEXT_ASSEMBLY_USAGE_OCCURRENCE('109','Schiene_1_links','',#8155
  ,#14469,$);
#14767 = PRODUCT_RELATED_PRODUCT_CATEGORY('part',$,(#14471));
#14768 = SHAPE_DEFINITION_REPRESENTATION(#14769,#14775);
#14769 = PRODUCT_DEFINITION_SHAPE('','',#14770);
#14770 = PRODUCT_DEFINITION('design','',#14771,#14774);
#14771 = PRODUCT_DEFINITION_FORMATION('','',#14772);
#14772 = PRODUCT('Schiene_2_mitte','Schiene_2_mitte','',(#14773));
#14773 = PRODUCT_CONTEXT('',#2,'mechanical');
#14774 = PRODUCT_DEFINITION_CONTEXT('part definition',#2,'design');
#14775 = ADVANCED_BREP_SHAPE_REPRESENTATION('',(#11,#14776),#15058);
#14776 = MANIFOLD_SOLID_BREP('',#14777);
#14777 = CLOSED_SHELL('',(#14778,#14818,#14881,#14905,#14961,#14978,
    #14995,#15012,#15029,#15046));
#14778 = ADVANCED_FACE('',(#14779),#14813,.F.);
#14779 = FACE_BOUND('',#14780,.F.);
#14780 = EDGE_LOOP('',(#14781,#14791,#14799,#14807));
#14781 = ORIENTED_EDGE('',*,*,#14782,.F.);
#14782 = EDGE_CURVE('',#14783,#14785,#14787,.T.);
#14783 = VERTEX_POINT('',#14784);
#14784 = CARTESIAN_POINT('',(215.,22.,59.));
#14785 = VERTEX_POINT('',#14786);
#14786 = CARTESIAN_POINT('',(215.,22.,74.));
#14787 = LINE('',#14788,#14789);
#14788 = CARTESIAN_POINT('',(215.,22.,59.));
#14789 = VECTOR('',#14790,1.);
#14790 = DIRECTION('',(0.,0.,1.));
#14791 = ORIENTED_EDGE('',*,*,#14792,.T.);
#14792 = EDGE_CURVE('',#14783,#14793,#14795,.T.);
#14793 = VERTEX_POINT('',#14794);
#14794 = CARTESIAN_POINT('',(215.,400.,59.));
#14795 = LINE('',#14796,#14797);
#14796 = CARTESIAN_POINT('',(215.,22.,59.));
#14797 = VECTOR('',#14798,1.);
#14798 = DIRECTION('',(0.,1.,0.));
#14799 = ORIENTED_EDGE('',*,*,#14800,.T.);
#14800 = EDGE_CURVE('',#14793,#14801,#14803,.T.);
#14801 = VERTEX_POINT('',#14802);
#14802 = CARTESIAN_POINT('',(215.,400.,74.));
#14803 = LINE('',#14804,#14805);
#14804 = CARTESIAN_POINT('',(215.,400.,59.));
#14805 = VECTOR('',#14806,1.);
#14806 = DIRECTION('',(0.,0.,1.));
#14807 = ORIENTED_EDGE('',*,*,#14808,.F.);
#14808 = EDGE_CURVE('',#14785,#14801,#14809,.T.);
#14809 = LINE('',#14810,#14811);
#14810 = CARTESIAN_POINT('',(215.,22.,74.));
#14811 = VECTOR('',#14812,1.);
#14812 = DIRECTION('',(0.,1.,0.));
#14813 = PLANE('',#14814);
#14814 = AXIS2_PLACEMENT_3D('',#14815,#14816,#14817);
#14815 = CARTESIAN_POINT('',(215.,22.,59.));
#14816 = DIRECTION('',(1.,0.,0.));
#14817 = DIRECTION('',(0.,0.,1.));
#14818 = ADVANCED_FACE('',(#14819),#14876,.F.);
#14819 = FACE_BOUND('',#14820,.F.);
#14820 = EDGE_LOOP('',(#14821,#14829,#14830,#14838,#14846,#14854,#14862,
    #14870));
#14821 = ORIENTED_EDGE('',*,*,#14822,.F.);
#14822 = EDGE_CURVE('',#14783,#14823,#14825,.T.);
#14823 = VERTEX_POINT('',#14824);
#14824 = CARTESIAN_POINT('',(216.,22.,59.));
#14825 = LINE('',#14826,#14827);
#14826 = CARTESIAN_POINT('',(215.,22.,59.));
#14827 = VECTOR('',#14828,1.);
#14828 = DIRECTION('',(1.,0.,0.));
#14829 = ORIENTED_EDGE('',*,*,#14782,.T.);
#14830 = ORIENTED_EDGE('',*,*,#14831,.T.);
#14831 = EDGE_CURVE('',#14785,#14832,#14834,.T.);
#14832 = VERTEX_POINT('',#14833);
#14833 = CARTESIAN_POINT('',(233.,22.,74.));
#14834 = LINE('',#14835,#14836);
#14835 = CARTESIAN_POINT('',(215.,22.,74.));
#14836 = VECTOR('',#14837,1.);
#14837 = DIRECTION('',(1.,0.,0.));
#14838 = ORIENTED_EDGE('',*,*,#14839,.F.);
#14839 = EDGE_CURVE('',#14840,#14832,#14842,.T.);
#14840 = VERTEX_POINT('',#14841);
#14841 = CARTESIAN_POINT('',(233.,22.,59.));
#14842 = LINE('',#14843,#14844);
#14843 = CARTESIAN_POINT('',(233.,22.,59.));
#14844 = VECTOR('',#14845,1.);
#14845 = DIRECTION('',(0.,0.,1.));
#14846 = ORIENTED_EDGE('',*,*,#14847,.F.);
#14847 = EDGE_CURVE('',#14848,#14840,#14850,.T.);
#14848 = VERTEX_POINT('',#14849);
#14849 = CARTESIAN_POINT('',(232.,22.,59.));
#14850 = LINE('',#14851,#14852);
#14851 = CARTESIAN_POINT('',(215.,22.,59.));
#14852 = VECTOR('',#14853,1.);
#14853 = DIRECTION('',(1.,0.,0.));
#14854 = ORIENTED_EDGE('',*,*,#14855,.T.);
#14855 = EDGE_CURVE('',#14848,#14856,#14858,.T.);
#14856 = VERTEX_POINT('',#14857);
#14857 = CARTESIAN_POINT('',(232.,22.,73.));
#14858 = LINE('',#14859,#14860);
#14859 = CARTESIAN_POINT('',(232.,22.,59.));
#14860 = VECTOR('',#14861,1.);
#14861 = DIRECTION('',(0.,0.,1.));
#14862 = ORIENTED_EDGE('',*,*,#14863,.F.);
#14863 = EDGE_CURVE('',#14864,#14856,#14866,.T.);
#14864 = VERTEX_POINT('',#14865);
#14865 = CARTESIAN_POINT('',(216.,22.,73.));
#14866 = LINE('',#14867,#14868);
#14867 = CARTESIAN_POINT('',(216.,22.,73.));
#14868 = VECTOR('',#14869,1.);
#14869 = DIRECTION('',(1.,0.,0.));
#14870 = ORIENTED_EDGE('',*,*,#14871,.F.);
#14871 = EDGE_CURVE('',#14823,#14864,#14872,.T.);
#14872 = LINE('',#14873,#14874);
#14873 = CARTESIAN_POINT('',(216.,22.,59.));
#14874 = VECTOR('',#14875,1.);
#14875 = DIRECTION('',(0.,0.,1.));
#14876 = PLANE('',#14877);
#14877 = AXIS2_PLACEMENT_3D('',#14878,#14879,#14880);
#14878 = CARTESIAN_POINT('',(215.,22.,59.));
#14879 = DIRECTION('',(0.,1.,0.));
#14880 = DIRECTION('',(0.,0.,1.));
#14881 = ADVANCED_FACE('',(#14882),#14900,.T.);
#14882 = FACE_BOUND('',#14883,.T.);
#14883 = EDGE_LOOP('',(#14884,#14885,#14886,#14894));
#14884 = ORIENTED_EDGE('',*,*,#14808,.F.);
#14885 = ORIENTED_EDGE('',*,*,#14831,.T.);
#14886 = ORIENTED_EDGE('',*,*,#14887,.T.);
#14887 = EDGE_CURVE('',#14832,#14888,#14890,.T.);
#14888 = VERTEX_POINT('',#14889);
#14889 = CARTESIAN_POINT('',(233.,400.,74.));
#14890 = LINE('',#14891,#14892);
#14891 = CARTESIAN_POINT('',(233.,22.,74.));
#14892 = VECTOR('',#14893,1.);
#14893 = DIRECTION('',(0.,1.,0.));
#14894 = ORIENTED_EDGE('',*,*,#14895,.F.);
#14895 = EDGE_CURVE('',#14801,#14888,#14896,.T.);
#14896 = LINE('',#14897,#14898);
#14897 = CARTESIAN_POINT('',(215.,400.,74.));
#14898 = VECTOR('',#14899,1.);
#14899 = DIRECTION('',(1.,0.,0.));
#14900 = PLANE('',#14901);
#14901 = AXIS2_PLACEMENT_3D('',#14902,#14903,#14904);
#14902 = CARTESIAN_POINT('',(215.,22.,74.));
#14903 = DIRECTION('',(0.,0.,1.));
#14904 = DIRECTION('',(1.,0.,0.));
#14905 = ADVANCED_FACE('',(#14906),#14956,.T.);
#14906 = FACE_BOUND('',#14907,.T.);
#14907 = EDGE_LOOP('',(#14908,#14916,#14917,#14918,#14926,#14934,#14942,
    #14950));
#14908 = ORIENTED_EDGE('',*,*,#14909,.F.);
#14909 = EDGE_CURVE('',#14793,#14910,#14912,.T.);
#14910 = VERTEX_POINT('',#14911);
#14911 = CARTESIAN_POINT('',(216.,400.,59.));
#14912 = LINE('',#14913,#14914);
#14913 = CARTESIAN_POINT('',(215.,400.,59.));
#14914 = VECTOR('',#14915,1.);
#14915 = DIRECTION('',(1.,0.,0.));
#14916 = ORIENTED_EDGE('',*,*,#14800,.T.);
#14917 = ORIENTED_EDGE('',*,*,#14895,.T.);
#14918 = ORIENTED_EDGE('',*,*,#14919,.F.);
#14919 = EDGE_CURVE('',#14920,#14888,#14922,.T.);
#14920 = VERTEX_POINT('',#14921);
#14921 = CARTESIAN_POINT('',(233.,400.,59.));
#14922 = LINE('',#14923,#14924);
#14923 = CARTESIAN_POINT('',(233.,400.,59.));
#14924 = VECTOR('',#14925,1.);
#14925 = DIRECTION('',(0.,0.,1.));
#14926 = ORIENTED_EDGE('',*,*,#14927,.F.);
#14927 = EDGE_CURVE('',#14928,#14920,#14930,.T.);
#14928 = VERTEX_POINT('',#14929);
#14929 = CARTESIAN_POINT('',(232.,400.,59.));
#14930 = LINE('',#14931,#14932);
#14931 = CARTESIAN_POINT('',(215.,400.,59.));
#14932 = VECTOR('',#14933,1.);
#14933 = DIRECTION('',(1.,0.,0.));
#14934 = ORIENTED_EDGE('',*,*,#14935,.T.);
#14935 = EDGE_CURVE('',#14928,#14936,#14938,.T.);
#14936 = VERTEX_POINT('',#14937);
#14937 = CARTESIAN_POINT('',(232.,400.,73.));
#14938 = LINE('',#14939,#14940);
#14939 = CARTESIAN_POINT('',(232.,400.,59.));
#14940 = VECTOR('',#14941,1.);
#14941 = DIRECTION('',(0.,0.,1.));
#14942 = ORIENTED_EDGE('',*,*,#14943,.F.);
#14943 = EDGE_CURVE('',#14944,#14936,#14946,.T.);
#14944 = VERTEX_POINT('',#14945);
#14945 = CARTESIAN_POINT('',(216.,400.,73.));
#14946 = LINE('',#14947,#14948);
#14947 = CARTESIAN_POINT('',(216.,400.,73.));
#14948 = VECTOR('',#14949,1.);
#14949 = DIRECTION('',(1.,0.,0.));
#14950 = ORIENTED_EDGE('',*,*,#14951,.F.);
#14951 = EDGE_CURVE('',#14910,#14944,#14952,.T.);
#14952 = LINE('',#14953,#14954);
#14953 = CARTESIAN_POINT('',(216.,400.,59.));
#14954 = VECTOR('',#14955,1.);
#14955 = DIRECTION('',(0.,0.,1.));
#14956 = PLANE('',#14957);
#14957 = AXIS2_PLACEMENT_3D('',#14958,#14959,#14960);
#14958 = CARTESIAN_POINT('',(215.,400.,59.));
#14959 = DIRECTION('',(0.,1.,0.));
#14960 = DIRECTION('',(0.,0.,1.));
#14961 = ADVANCED_FACE('',(#14962),#14973,.F.);
#14962 = FACE_BOUND('',#14963,.F.);
#14963 = EDGE_LOOP('',(#14964,#14965,#14966,#14967));
#14964 = ORIENTED_EDGE('',*,*,#14909,.F.);
#14965 = ORIENTED_EDGE('',*,*,#14792,.F.);
#14966 = ORIENTED_EDGE('',*,*,#14822,.T.);
#14967 = ORIENTED_EDGE('',*,*,#14968,.T.);
#14968 = EDGE_CURVE('',#14823,#14910,#14969,.T.);
#14969 = LINE('',#14970,#14971);
#14970 = CARTESIAN_POINT('',(216.,22.,59.));
#14971 = VECTOR('',#14972,1.);
#14972 = DIRECTION('',(0.,1.,0.));
#14973 = PLANE('',#14974);
#14974 = AXIS2_PLACEMENT_3D('',#14975,#14976,#14977);
#14975 = CARTESIAN_POINT('',(215.,22.,59.));
#14976 = DIRECTION('',(0.,0.,1.));
#14977 = DIRECTION('',(1.,0.,0.));
#14978 = ADVANCED_FACE('',(#14979),#14990,.T.);
#14979 = FACE_BOUND('',#14980,.T.);
#14980 = EDGE_LOOP('',(#14981,#14982,#14983,#14984));
#14981 = ORIENTED_EDGE('',*,*,#14871,.F.);
#14982 = ORIENTED_EDGE('',*,*,#14968,.T.);
#14983 = ORIENTED_EDGE('',*,*,#14951,.T.);
#14984 = ORIENTED_EDGE('',*,*,#14985,.F.);
#14985 = EDGE_CURVE('',#14864,#14944,#14986,.T.);
#14986 = LINE('',#14987,#14988);
#14987 = CARTESIAN_POINT('',(216.,22.,73.));
#14988 = VECTOR('',#14989,1.);
#14989 = DIRECTION('',(0.,1.,0.));
#14990 = PLANE('',#14991);
#14991 = AXIS2_PLACEMENT_3D('',#14992,#14993,#14994);
#14992 = CARTESIAN_POINT('',(216.,22.,59.));
#14993 = DIRECTION('',(1.,0.,0.));
#14994 = DIRECTION('',(0.,0.,1.));
#14995 = ADVANCED_FACE('',(#14996),#15007,.F.);
#14996 = FACE_BOUND('',#14997,.F.);
#14997 = EDGE_LOOP('',(#14998,#14999,#15000,#15006));
#14998 = ORIENTED_EDGE('',*,*,#14985,.F.);
#14999 = ORIENTED_EDGE('',*,*,#14863,.T.);
#15000 = ORIENTED_EDGE('',*,*,#15001,.T.);
#15001 = EDGE_CURVE('',#14856,#14936,#15002,.T.);
#15002 = LINE('',#15003,#15004);
#15003 = CARTESIAN_POINT('',(232.,22.,73.));
#15004 = VECTOR('',#15005,1.);
#15005 = DIRECTION('',(0.,1.,0.));
#15006 = ORIENTED_EDGE('',*,*,#14943,.F.);
#15007 = PLANE('',#15008);
#15008 = AXIS2_PLACEMENT_3D('',#15009,#15010,#15011);
#15009 = CARTESIAN_POINT('',(216.,22.,73.));
#15010 = DIRECTION('',(0.,0.,1.));
#15011 = DIRECTION('',(1.,0.,0.));
#15012 = ADVANCED_FACE('',(#15013),#15024,.F.);
#15013 = FACE_BOUND('',#15014,.F.);
#15014 = EDGE_LOOP('',(#15015,#15016,#15022,#15023));
#15015 = ORIENTED_EDGE('',*,*,#14855,.F.);
#15016 = ORIENTED_EDGE('',*,*,#15017,.T.);
#15017 = EDGE_CURVE('',#14848,#14928,#15018,.T.);
#15018 = LINE('',#15019,#15020);
#15019 = CARTESIAN_POINT('',(232.,22.,59.));
#15020 = VECTOR('',#15021,1.);
#15021 = DIRECTION('',(0.,1.,0.));
#15022 = ORIENTED_EDGE('',*,*,#14935,.T.);
#15023 = ORIENTED_EDGE('',*,*,#15001,.F.);
#15024 = PLANE('',#15025);
#15025 = AXIS2_PLACEMENT_3D('',#15026,#15027,#15028);
#15026 = CARTESIAN_POINT('',(232.,22.,59.));
#15027 = DIRECTION('',(1.,0.,0.));
#15028 = DIRECTION('',(0.,0.,1.));
#15029 = ADVANCED_FACE('',(#15030),#15041,.F.);
#15030 = FACE_BOUND('',#15031,.F.);
#15031 = EDGE_LOOP('',(#15032,#15033,#15034,#15035));
#15032 = ORIENTED_EDGE('',*,*,#14927,.F.);
#15033 = ORIENTED_EDGE('',*,*,#15017,.F.);
#15034 = ORIENTED_EDGE('',*,*,#14847,.T.);
#15035 = ORIENTED_EDGE('',*,*,#15036,.T.);
#15036 = EDGE_CURVE('',#14840,#14920,#15037,.T.);
#15037 = LINE('',#15038,#15039);
#15038 = CARTESIAN_POINT('',(233.,22.,59.));
#15039 = VECTOR('',#15040,1.);
#15040 = DIRECTION('',(0.,1.,0.));
#15041 = PLANE('',#15042);
#15042 = AXIS2_PLACEMENT_3D('',#15043,#15044,#15045);
#15043 = CARTESIAN_POINT('',(215.,22.,59.));
#15044 = DIRECTION('',(0.,0.,1.));
#15045 = DIRECTION('',(1.,0.,0.));
#15046 = ADVANCED_FACE('',(#15047),#15053,.T.);
#15047 = FACE_BOUND('',#15048,.T.);
#15048 = EDGE_LOOP('',(#15049,#15050,#15051,#15052));
#15049 = ORIENTED_EDGE('',*,*,#14839,.F.);
#15050 = ORIENTED_EDGE('',*,*,#15036,.T.);
#15051 = ORIENTED_EDGE('',*,*,#14919,.T.);
#15052 = ORIENTED_EDGE('',*,*,#14887,.F.);
#15053 = PLANE('',#15054);
#15054 = AXIS2_PLACEMENT_3D('',#15055,#15056,#15057);
#15055 = CARTESIAN_POINT('',(233.,22.,59.));
#15056 = DIRECTION('',(1.,0.,0.));
#15057 = DIRECTION('',(0.,0.,1.));
#15058 = ( GEOMETRIC_REPRESENTATION_CONTEXT(3) 
GLOBAL_UNCERTAINTY_ASSIGNED_CONTEXT((#15062)) 
GLOBAL_UNIT_ASSIGNED_CONTEXT((#15059,#15060,#15061)) 
REPRESENTATION_CONTEXT('Context #1',
  '3D Context with UNIT and UNCERTAINTY') );
#15059 = ( LENGTH_UNIT() NAMED_UNIT(*) SI_UNIT(.MILLI.,.METRE.) );
#15060 = ( NAMED_UNIT(*) PLANE_ANGLE_UNIT() SI_UNIT($,.RADIAN.) );
#15061 = ( NAMED_UNIT(*) SI_UNIT($,.STERADIAN.) SOLID_ANGLE_UNIT() );
#15062 = UNCERTAINTY_MEASURE_WITH_UNIT(LENGTH_MEASURE(1.E-07),#15059,
  'distance_accuracy_value','confusion accuracy');
#15063 = CONTEXT_DEPENDENT_SHAPE_REPRESENTATION(#15064,#15066);
#15064 = ( REPRESENTATION_RELATIONSHIP('','',#14775,#8160) 
REPRESENTATION_RELATIONSHIP_WITH_TRANSFORMATION(#15065) 
SHAPE_REPRESENTATION_RELATIONSHIP() );
#15065 = ITEM_DEFINED_TRANSFORMATION('','',#11,#8353);
#15066 = PRODUCT_DEFINITION_SHAPE('Placement','Placement of an item',
  #15067);
#15067 = NEXT_ASSEMBLY_USAGE_OCCURRENCE('110','Schiene_2_mitte','',#8155
  ,#14770,$);
#15068 = PRODUCT_RELATED_PRODUCT_CATEGORY('part',$,(#14772));
#15069 = SHAPE_DEFINITION_REPRESENTATION(#15070,#15076);
#15070 = PRODUCT_DEFINITION_SHAPE('','',#15071);
#15071 = PRODUCT_DEFINITION('design','',#15072,#15075);
#15072 = PRODUCT_DEFINITION_FORMATION('','',#15073);
#15073 = PRODUCT('Schiene_3_rechts','Schiene_3_rechts','',(#15074));
#15074 = PRODUCT_CONTEXT('',#2,'mechanical');
#15075 = PRODUCT_DEFINITION_CONTEXT('part definition',#2,'design');
#15076 = ADVANCED_BREP_SHAPE_REPRESENTATION('',(#11,#15077),#15359);
#15077 = MANIFOLD_SOLID_BREP('',#15078);
#15078 = CLOSED_SHELL('',(#15079,#15119,#15182,#15206,#15262,#15279,
    #15296,#15313,#15330,#15347));
#15079 = ADVANCED_FACE('',(#15080),#15114,.F.);
#15080 = FACE_BOUND('',#15081,.F.);
#15081 = EDGE_LOOP('',(#15082,#15092,#15100,#15108));
#15082 = ORIENTED_EDGE('',*,*,#15083,.F.);
#15083 = EDGE_CURVE('',#15084,#15086,#15088,.T.);
#15084 = VERTEX_POINT('',#15085);
#15085 = CARTESIAN_POINT('',(393.,22.,59.));
#15086 = VERTEX_POINT('',#15087);
#15087 = CARTESIAN_POINT('',(393.,22.,74.));
#15088 = LINE('',#15089,#15090);
#15089 = CARTESIAN_POINT('',(393.,22.,59.));
#15090 = VECTOR('',#15091,1.);
#15091 = DIRECTION('',(0.,0.,1.));
#15092 = ORIENTED_EDGE('',*,*,#15093,.T.);
#15093 = EDGE_CURVE('',#15084,#15094,#15096,.T.);
#15094 = VERTEX_POINT('',#15095);
#15095 = CARTESIAN_POINT('',(393.,400.,59.));
#15096 = LINE('',#15097,#15098);
#15097 = CARTESIAN_POINT('',(393.,22.,59.));
#15098 = VECTOR('',#15099,1.);
#15099 = DIRECTION('',(0.,1.,0.));
#15100 = ORIENTED_EDGE('',*,*,#15101,.T.);
#15101 = EDGE_CURVE('',#15094,#15102,#15104,.T.);
#15102 = VERTEX_POINT('',#15103);
#15103 = CARTESIAN_POINT('',(393.,400.,74.));
#15104 = LINE('',#15105,#15106);
#15105 = CARTESIAN_POINT('',(393.,400.,59.));
#15106 = VECTOR('',#15107,1.);
#15107 = DIRECTION('',(0.,0.,1.));
#15108 = ORIENTED_EDGE('',*,*,#15109,.F.);
#15109 = EDGE_CURVE('',#15086,#15102,#15110,.T.);
#15110 = LINE('',#15111,#15112);
#15111 = CARTESIAN_POINT('',(393.,22.,74.));
#15112 = VECTOR('',#15113,1.);
#15113 = DIRECTION('',(0.,1.,0.));
#15114 = PLANE('',#15115);
#15115 = AXIS2_PLACEMENT_3D('',#15116,#15117,#15118);
#15116 = CARTESIAN_POINT('',(393.,22.,59.));
#15117 = DIRECTION('',(1.,0.,0.));
#15118 = DIRECTION('',(0.,0.,1.));
#15119 = ADVANCED_FACE('',(#15120),#15177,.F.);
#15120 = FACE_BOUND('',#15121,.F.);
#15121 = EDGE_LOOP('',(#15122,#15130,#15131,#15139,#15147,#15155,#15163,
    #15171));
#15122 = ORIENTED_EDGE('',*,*,#15123,.F.);
#15123 = EDGE_CURVE('',#15084,#15124,#15126,.T.);
#15124 = VERTEX_POINT('',#15125);
#15125 = CARTESIAN_POINT('',(394.,22.,59.));
#15126 = LINE('',#15127,#15128);
#15127 = CARTESIAN_POINT('',(393.,22.,59.));
#15128 = VECTOR('',#15129,1.);
#15129 = DIRECTION('',(1.,0.,0.));
#15130 = ORIENTED_EDGE('',*,*,#15083,.T.);
#15131 = ORIENTED_EDGE('',*,*,#15132,.T.);
#15132 = EDGE_CURVE('',#15086,#15133,#15135,.T.);
#15133 = VERTEX_POINT('',#15134);
#15134 = CARTESIAN_POINT('',(401.,22.,74.));
#15135 = LINE('',#15136,#15137);
#15136 = CARTESIAN_POINT('',(393.,22.,74.));
#15137 = VECTOR('',#15138,1.);
#15138 = DIRECTION('',(1.,0.,0.));
#15139 = ORIENTED_EDGE('',*,*,#15140,.F.);
#15140 = EDGE_CURVE('',#15141,#15133,#15143,.T.);
#15141 = VERTEX_POINT('',#15142);
#15142 = CARTESIAN_POINT('',(401.,22.,59.));
#15143 = LINE('',#15144,#15145);
#15144 = CARTESIAN_POINT('',(401.,22.,59.));
#15145 = VECTOR('',#15146,1.);
#15146 = DIRECTION('',(0.,0.,1.));
#15147 = ORIENTED_EDGE('',*,*,#15148,.F.);
#15148 = EDGE_CURVE('',#15149,#15141,#15151,.T.);
#15149 = VERTEX_POINT('',#15150);
#15150 = CARTESIAN_POINT('',(400.,22.,59.));
#15151 = LINE('',#15152,#15153);
#15152 = CARTESIAN_POINT('',(393.,22.,59.));
#15153 = VECTOR('',#15154,1.);
#15154 = DIRECTION('',(1.,0.,0.));
#15155 = ORIENTED_EDGE('',*,*,#15156,.T.);
#15156 = EDGE_CURVE('',#15149,#15157,#15159,.T.);
#15157 = VERTEX_POINT('',#15158);
#15158 = CARTESIAN_POINT('',(400.,22.,73.));
#15159 = LINE('',#15160,#15161);
#15160 = CARTESIAN_POINT('',(400.,22.,59.));
#15161 = VECTOR('',#15162,1.);
#15162 = DIRECTION('',(0.,0.,1.));
#15163 = ORIENTED_EDGE('',*,*,#15164,.F.);
#15164 = EDGE_CURVE('',#15165,#15157,#15167,.T.);
#15165 = VERTEX_POINT('',#15166);
#15166 = CARTESIAN_POINT('',(394.,22.,73.));
#15167 = LINE('',#15168,#15169);
#15168 = CARTESIAN_POINT('',(394.,22.,73.));
#15169 = VECTOR('',#15170,1.);
#15170 = DIRECTION('',(1.,0.,0.));
#15171 = ORIENTED_EDGE('',*,*,#15172,.F.);
#15172 = EDGE_CURVE('',#15124,#15165,#15173,.T.);
#15173 = LINE('',#15174,#15175);
#15174 = CARTESIAN_POINT('',(394.,22.,59.));
#15175 = VECTOR('',#15176,1.);
#15176 = DIRECTION('',(0.,0.,1.));
#15177 = PLANE('',#15178);
#15178 = AXIS2_PLACEMENT_3D('',#15179,#15180,#15181);
#15179 = CARTESIAN_POINT('',(393.,22.,59.));
#15180 = DIRECTION('',(0.,1.,0.));
#15181 = DIRECTION('',(0.,0.,1.));
#15182 = ADVANCED_FACE('',(#15183),#15201,.T.);
#15183 = FACE_BOUND('',#15184,.T.);
#15184 = EDGE_LOOP('',(#15185,#15186,#15187,#15195));
#15185 = ORIENTED_EDGE('',*,*,#15109,.F.);
#15186 = ORIENTED_EDGE('',*,*,#15132,.T.);
#15187 = ORIENTED_EDGE('',*,*,#15188,.T.);
#15188 = EDGE_CURVE('',#15133,#15189,#15191,.T.);
#15189 = VERTEX_POINT('',#15190);
#15190 = CARTESIAN_POINT('',(401.,400.,74.));
#15191 = LINE('',#15192,#15193);
#15192 = CARTESIAN_POINT('',(401.,22.,74.));
#15193 = VECTOR('',#15194,1.);
#15194 = DIRECTION('',(0.,1.,0.));
#15195 = ORIENTED_EDGE('',*,*,#15196,.F.);
#15196 = EDGE_CURVE('',#15102,#15189,#15197,.T.);
#15197 = LINE('',#15198,#15199);
#15198 = CARTESIAN_POINT('',(393.,400.,74.));
#15199 = VECTOR('',#15200,1.);
#15200 = DIRECTION('',(1.,0.,0.));
#15201 = PLANE('',#15202);
#15202 = AXIS2_PLACEMENT_3D('',#15203,#15204,#15205);
#15203 = CARTESIAN_POINT('',(393.,22.,74.));
#15204 = DIRECTION('',(0.,0.,1.));
#15205 = DIRECTION('',(1.,0.,0.));
#15206 = ADVANCED_FACE('',(#15207),#15257,.T.);
#15207 = FACE_BOUND('',#15208,.T.);
#15208 = EDGE_LOOP('',(#15209,#15217,#15218,#15219,#15227,#15235,#15243,
    #15251));
#15209 = ORIENTED_EDGE('',*,*,#15210,.F.);
#15210 = EDGE_CURVE('',#15094,#15211,#15213,.T.);
#15211 = VERTEX_POINT('',#15212);
#15212 = CARTESIAN_POINT('',(394.,400.,59.));
#15213 = LINE('',#15214,#15215);
#15214 = CARTESIAN_POINT('',(393.,400.,59.));
#15215 = VECTOR('',#15216,1.);
#15216 = DIRECTION('',(1.,0.,0.));
#15217 = ORIENTED_EDGE('',*,*,#15101,.T.);
#15218 = ORIENTED_EDGE('',*,*,#15196,.T.);
#15219 = ORIENTED_EDGE('',*,*,#15220,.F.);
#15220 = EDGE_CURVE('',#15221,#15189,#15223,.T.);
#15221 = VERTEX_POINT('',#15222);
#15222 = CARTESIAN_POINT('',(401.,400.,59.));
#15223 = LINE('',#15224,#15225);
#15224 = CARTESIAN_POINT('',(401.,400.,59.));
#15225 = VECTOR('',#15226,1.);
#15226 = DIRECTION('',(0.,0.,1.));
#15227 = ORIENTED_EDGE('',*,*,#15228,.F.);
#15228 = EDGE_CURVE('',#15229,#15221,#15231,.T.);
#15229 = VERTEX_POINT('',#15230);
#15230 = CARTESIAN_POINT('',(400.,400.,59.));
#15231 = LINE('',#15232,#15233);
#15232 = CARTESIAN_POINT('',(393.,400.,59.));
#15233 = VECTOR('',#15234,1.);
#15234 = DIRECTION('',(1.,0.,0.));
#15235 = ORIENTED_EDGE('',*,*,#15236,.T.);
#15236 = EDGE_CURVE('',#15229,#15237,#15239,.T.);
#15237 = VERTEX_POINT('',#15238);
#15238 = CARTESIAN_POINT('',(400.,400.,73.));
#15239 = LINE('',#15240,#15241);
#15240 = CARTESIAN_POINT('',(400.,400.,59.));
#15241 = VECTOR('',#15242,1.);
#15242 = DIRECTION('',(0.,0.,1.));
#15243 = ORIENTED_EDGE('',*,*,#15244,.F.);
#15244 = EDGE_CURVE('',#15245,#15237,#15247,.T.);
#15245 = VERTEX_POINT('',#15246);
#15246 = CARTESIAN_POINT('',(394.,400.,73.));
#15247 = LINE('',#15248,#15249);
#15248 = CARTESIAN_POINT('',(394.,400.,73.));
#15249 = VECTOR('',#15250,1.);
#15250 = DIRECTION('',(1.,0.,0.));
#15251 = ORIENTED_EDGE('',*,*,#15252,.F.);
#15252 = EDGE_CURVE('',#15211,#15245,#15253,.T.);
#15253 = LINE('',#15254,#15255);
#15254 = CARTESIAN_POINT('',(394.,400.,59.));
#15255 = VECTOR('',#15256,1.);
#15256 = DIRECTION('',(0.,0.,1.));
#15257 = PLANE('',#15258);
#15258 = AXIS2_PLACEMENT_3D('',#15259,#15260,#15261);
#15259 = CARTESIAN_POINT('',(393.,400.,59.));
#15260 = DIRECTION('',(0.,1.,0.));
#15261 = DIRECTION('',(0.,0.,1.));
#15262 = ADVANCED_FACE('',(#15263),#15274,.F.);
#15263 = FACE_BOUND('',#15264,.F.);
#15264 = EDGE_LOOP('',(#15265,#15266,#15267,#15268));
#15265 = ORIENTED_EDGE('',*,*,#15210,.F.);
#15266 = ORIENTED_EDGE('',*,*,#15093,.F.);
#15267 = ORIENTED_EDGE('',*,*,#15123,.T.);
#15268 = ORIENTED_EDGE('',*,*,#15269,.T.);
#15269 = EDGE_CURVE('',#15124,#15211,#15270,.T.);
#15270 = LINE('',#15271,#15272);
#15271 = CARTESIAN_POINT('',(394.,22.,59.));
#15272 = VECTOR('',#15273,1.);
#15273 = DIRECTION('',(0.,1.,0.));
#15274 = PLANE('',#15275);
#15275 = AXIS2_PLACEMENT_3D('',#15276,#15277,#15278);
#15276 = CARTESIAN_POINT('',(393.,22.,59.));
#15277 = DIRECTION('',(0.,0.,1.));
#15278 = DIRECTION('',(1.,0.,0.));
#15279 = ADVANCED_FACE('',(#15280),#15291,.T.);
#15280 = FACE_BOUND('',#15281,.T.);
#15281 = EDGE_LOOP('',(#15282,#15283,#15284,#15285));
#15282 = ORIENTED_EDGE('',*,*,#15172,.F.);
#15283 = ORIENTED_EDGE('',*,*,#15269,.T.);
#15284 = ORIENTED_EDGE('',*,*,#15252,.T.);
#15285 = ORIENTED_EDGE('',*,*,#15286,.F.);
#15286 = EDGE_CURVE('',#15165,#15245,#15287,.T.);
#15287 = LINE('',#15288,#15289);
#15288 = CARTESIAN_POINT('',(394.,22.,73.));
#15289 = VECTOR('',#15290,1.);
#15290 = DIRECTION('',(0.,1.,0.));
#15291 = PLANE('',#15292);
#15292 = AXIS2_PLACEMENT_3D('',#15293,#15294,#15295);
#15293 = CARTESIAN_POINT('',(394.,22.,59.));
#15294 = DIRECTION('',(1.,0.,0.));
#15295 = DIRECTION('',(0.,0.,1.));
#15296 = ADVANCED_FACE('',(#15297),#15308,.F.);
#15297 = FACE_BOUND('',#15298,.F.);
#15298 = EDGE_LOOP('',(#15299,#15300,#15301,#15307));
#15299 = ORIENTED_EDGE('',*,*,#15286,.F.);
#15300 = ORIENTED_EDGE('',*,*,#15164,.T.);
#15301 = ORIENTED_EDGE('',*,*,#15302,.T.);
#15302 = EDGE_CURVE('',#15157,#15237,#15303,.T.);
#15303 = LINE('',#15304,#15305);
#15304 = CARTESIAN_POINT('',(400.,22.,73.));
#15305 = VECTOR('',#15306,1.);
#15306 = DIRECTION('',(0.,1.,0.));
#15307 = ORIENTED_EDGE('',*,*,#15244,.F.);
#15308 = PLANE('',#15309);
#15309 = AXIS2_PLACEMENT_3D('',#15310,#15311,#15312);
#15310 = CARTESIAN_POINT('',(394.,22.,73.));
#15311 = DIRECTION('',(0.,0.,1.));
#15312 = DIRECTION('',(1.,0.,0.));
#15313 = ADVANCED_FACE('',(#15314),#15325,.F.);
#15314 = FACE_BOUND('',#15315,.F.);
#15315 = EDGE_LOOP('',(#15316,#15317,#15323,#15324));
#15316 = ORIENTED_EDGE('',*,*,#15156,.F.);
#15317 = ORIENTED_EDGE('',*,*,#15318,.T.);
#15318 = EDGE_CURVE('',#15149,#15229,#15319,.T.);
#15319 = LINE('',#15320,#15321);
#15320 = CARTESIAN_POINT('',(400.,22.,59.));
#15321 = VECTOR('',#15322,1.);
#15322 = DIRECTION('',(0.,1.,0.));
#15323 = ORIENTED_EDGE('',*,*,#15236,.T.);
#15324 = ORIENTED_EDGE('',*,*,#15302,.F.);
#15325 = PLANE('',#15326);
#15326 = AXIS2_PLACEMENT_3D('',#15327,#15328,#15329);
#15327 = CARTESIAN_POINT('',(400.,22.,59.));
#15328 = DIRECTION('',(1.,0.,0.));
#15329 = DIRECTION('',(0.,0.,1.));
#15330 = ADVANCED_FACE('',(#15331),#15342,.F.);
#15331 = FACE_BOUND('',#15332,.F.);
#15332 = EDGE_LOOP('',(#15333,#15334,#15335,#15336));
#15333 = ORIENTED_EDGE('',*,*,#15228,.F.);
#15334 = ORIENTED_EDGE('',*,*,#15318,.F.);
#15335 = ORIENTED_EDGE('',*,*,#15148,.T.);
#15336 = ORIENTED_EDGE('',*,*,#15337,.T.);
#15337 = EDGE_CURVE('',#15141,#15221,#15338,.T.);
#15338 = LINE('',#15339,#15340);
#15339 = CARTESIAN_POINT('',(401.,22.,59.));
#15340 = VECTOR('',#15341,1.);
#15341 = DIRECTION('',(0.,1.,0.));
#15342 = PLANE('',#15343);
#15343 = AXIS2_PLACEMENT_3D('',#15344,#15345,#15346);
#15344 = CARTESIAN_POINT('',(393.,22.,59.));
#15345 = DIRECTION('',(0.,0.,1.));
#15346 = DIRECTION('',(1.,0.,0.));
#15347 = ADVANCED_FACE('',(#15348),#15354,.T.);
#15348 = FACE_BOUND('',#15349,.T.);
#15349 = EDGE_LOOP('',(#15350,#15351,#15352,#15353));
#15350 = ORIENTED_EDGE('',*,*,#15140,.F.);
#15351 = ORIENTED_EDGE('',*,*,#15337,.T.);
#15352 = ORIENTED_EDGE('',*,*,#15220,.T.);
#15353 = ORIENTED_EDGE('',*,*,#15188,.F.);
#15354 = PLANE('',#15355);
#15355 = AXIS2_PLACEMENT_3D('',#15356,#15357,#15358);
#15356 = CARTESIAN_POINT('',(401.,22.,59.));
#15357 = DIRECTION('',(1.,0.,0.));
#15358 = DIRECTION('',(0.,0.,1.));
#15359 = ( GEOMETRIC_REPRESENTATION_CONTEXT(3) 
GLOBAL_UNCERTAINTY_ASSIGNED_CONTEXT((#15363)) 
GLOBAL_UNIT_ASSIGNED_CONTEXT((#15360,#15361,#15362)) 
REPRESENTATION_CONTEXT('Context #1',
  '3D Context with UNIT and UNCERTAINTY') );
#15360 = ( LENGTH_UNIT() NAMED_UNIT(*) SI_UNIT(.MILLI.,.METRE.) );
#15361 = ( NAMED_UNIT(*) PLANE_ANGLE_UNIT() SI_UNIT($,.RADIAN.) );
#15362 = ( NAMED_UNIT(*) SI_UNIT($,.STERADIAN.) SOLID_ANGLE_UNIT() );
#15363 = UNCERTAINTY_MEASURE_WITH_UNIT(LENGTH_MEASURE(1.E-07),#15360,
  'distance_accuracy_value','confusion accuracy');
#15364 = CONTEXT_DEPENDENT_SHAPE_REPRESENTATION(#15365,#15367);
#15365 = ( REPRESENTATION_RELATIONSHIP('','',#15076,#8160) 
REPRESENTATION_RELATIONSHIP_WITH_TRANSFORMATION(#15366) 
SHAPE_REPRESENTATION_RELATIONSHIP() );
#15366 = ITEM_DEFINED_TRANSFORMATION('','',#11,#8357);
#15367 = PRODUCT_DEFINITION_SHAPE('Placement','Placement of an item',
  #15368);
#15368 = NEXT_ASSEMBLY_USAGE_OCCURRENCE('111','Schiene_3_rechts','',
  #8155,#15071,$);
#15369 = PRODUCT_RELATED_PRODUCT_CATEGORY('part',$,(#15073));
#15370 = SHAPE_DEFINITION_REPRESENTATION(#15371,#15377);
#15371 = PRODUCT_DEFINITION_SHAPE('','',#15372);
#15372 = PRODUCT_DEFINITION('design','',#15373,#15376);
#15373 = PRODUCT_DEFINITION_FORMATION('','',#15374);
#15374 = PRODUCT('Quertraeger_vorn','Quertraeger_vorn','',(#15375));
#15375 = PRODUCT_CONTEXT('',#2,'mechanical');
#15376 = PRODUCT_DEFINITION_CONTEXT('part definition',#2,'design');
#15377 = ADVANCED_BREP_SHAPE_REPRESENTATION('',(#11,#15378),#15660);
#15378 = MANIFOLD_SOLID_BREP('',#15379);
#15379 = CLOSED_SHELL('',(#15380,#15452,#15483,#15507,#15531,#15555,
    #15579,#15603,#15627,#15644));
#15380 = ADVANCED_FACE('',(#15381),#15447,.F.);
#15381 = FACE_BOUND('',#15382,.F.);
#15382 = EDGE_LOOP('',(#15383,#15393,#15401,#15409,#15417,#15425,#15433,
    #15441));
#15383 = ORIENTED_EDGE('',*,*,#15384,.F.);
#15384 = EDGE_CURVE('',#15385,#15387,#15389,.T.);
#15385 = VERTEX_POINT('',#15386);
#15386 = CARTESIAN_POINT('',(22.,47.,59.));
#15387 = VERTEX_POINT('',#15388);
#15388 = CARTESIAN_POINT('',(22.,67.,59.));
#15389 = LINE('',#15390,#15391);
#15390 = CARTESIAN_POINT('',(22.,47.,59.));
#15391 = VECTOR('',#15392,1.);
#15392 = DIRECTION('',(0.,1.,0.));
#15393 = ORIENTED_EDGE('',*,*,#15394,.F.);
#15394 = EDGE_CURVE('',#15395,#15385,#15397,.T.);
#15395 = VERTEX_POINT('',#15396);
#15396 = CARTESIAN_POINT('',(22.,47.,44.));
#15397 = LINE('',#15398,#15399);
#15398 = CARTESIAN_POINT('',(22.,47.,44.));
#15399 = VECTOR('',#15400,1.);
#15400 = DIRECTION('',(0.,0.,1.));
#15401 = ORIENTED_EDGE('',*,*,#15402,.T.);
#15402 = EDGE_CURVE('',#15395,#15403,#15405,.T.);
#15403 = VERTEX_POINT('',#15404);
#15404 = CARTESIAN_POINT('',(22.,48.,44.));
#15405 = LINE('',#15406,#15407);
#15406 = CARTESIAN_POINT('',(22.,47.,44.));
#15407 = VECTOR('',#15408,1.);
#15408 = DIRECTION('',(0.,1.,0.));
#15409 = ORIENTED_EDGE('',*,*,#15410,.T.);
#15410 = EDGE_CURVE('',#15403,#15411,#15413,.T.);
#15411 = VERTEX_POINT('',#15412);
#15412 = CARTESIAN_POINT('',(22.,48.,58.));
#15413 = LINE('',#15414,#15415);
#15414 = CARTESIAN_POINT('',(22.,48.,44.));
#15415 = VECTOR('',#15416,1.);
#15416 = DIRECTION('',(0.,0.,1.));
#15417 = ORIENTED_EDGE('',*,*,#15418,.T.);
#15418 = EDGE_CURVE('',#15411,#15419,#15421,.T.);
#15419 = VERTEX_POINT('',#15420);
#15420 = CARTESIAN_POINT('',(22.,66.,58.));
#15421 = LINE('',#15422,#15423);
#15422 = CARTESIAN_POINT('',(22.,48.,58.));
#15423 = VECTOR('',#15424,1.);
#15424 = DIRECTION('',(0.,1.,0.));
#15425 = ORIENTED_EDGE('',*,*,#15426,.F.);
#15426 = EDGE_CURVE('',#15427,#15419,#15429,.T.);
#15427 = VERTEX_POINT('',#15428);
#15428 = CARTESIAN_POINT('',(22.,66.,44.));
#15429 = LINE('',#15430,#15431);
#15430 = CARTESIAN_POINT('',(22.,66.,44.));
#15431 = VECTOR('',#15432,1.);
#15432 = DIRECTION('',(0.,0.,1.));
#15433 = ORIENTED_EDGE('',*,*,#15434,.T.);
#15434 = EDGE_CURVE('',#15427,#15435,#15437,.T.);
#15435 = VERTEX_POINT('',#15436);
#15436 = CARTESIAN_POINT('',(22.,67.,44.));
#15437 = LINE('',#15438,#15439);
#15438 = CARTESIAN_POINT('',(22.,47.,44.));
#15439 = VECTOR('',#15440,1.);
#15440 = DIRECTION('',(0.,1.,0.));
#15441 = ORIENTED_EDGE('',*,*,#15442,.T.);
#15442 = EDGE_CURVE('',#15435,#15387,#15443,.T.);
#15443 = LINE('',#15444,#15445);
#15444 = CARTESIAN_POINT('',(22.,67.,44.));
#15445 = VECTOR('',#15446,1.);
#15446 = DIRECTION('',(0.,0.,1.));
#15447 = PLANE('',#15448);
#15448 = AXIS2_PLACEMENT_3D('',#15449,#15450,#15451);
#15449 = CARTESIAN_POINT('',(22.,47.,44.));
#15450 = DIRECTION('',(1.,0.,0.));
#15451 = DIRECTION('',(0.,0.,1.));
#15452 = ADVANCED_FACE('',(#15453),#15478,.T.);
#15453 = FACE_BOUND('',#15454,.T.);
#15454 = EDGE_LOOP('',(#15455,#15456,#15464,#15472));
#15455 = ORIENTED_EDGE('',*,*,#15384,.F.);
#15456 = ORIENTED_EDGE('',*,*,#15457,.T.);
#15457 = EDGE_CURVE('',#15385,#15458,#15460,.T.);
#15458 = VERTEX_POINT('',#15459);
#15459 = CARTESIAN_POINT('',(426.,47.,59.));
#15460 = LINE('',#15461,#15462);
#15461 = CARTESIAN_POINT('',(22.,47.,59.));
#15462 = VECTOR('',#15463,1.);
#15463 = DIRECTION('',(1.,0.,0.));
#15464 = ORIENTED_EDGE('',*,*,#15465,.T.);
#15465 = EDGE_CURVE('',#15458,#15466,#15468,.T.);
#15466 = VERTEX_POINT('',#15467);
#15467 = CARTESIAN_POINT('',(426.,67.,59.));
#15468 = LINE('',#15469,#15470);
#15469 = CARTESIAN_POINT('',(426.,47.,59.));
#15470 = VECTOR('',#15471,1.);
#15471 = DIRECTION('',(0.,1.,0.));
#15472 = ORIENTED_EDGE('',*,*,#15473,.F.);
#15473 = EDGE_CURVE('',#15387,#15466,#15474,.T.);
#15474 = LINE('',#15475,#15476);
#15475 = CARTESIAN_POINT('',(22.,67.,59.));
#15476 = VECTOR('',#15477,1.);
#15477 = DIRECTION('',(1.,0.,0.));
#15478 = PLANE('',#15479);
#15479 = AXIS2_PLACEMENT_3D('',#15480,#15481,#15482);
#15480 = CARTESIAN_POINT('',(22.,47.,59.));
#15481 = DIRECTION('',(0.,0.,1.));
#15482 = DIRECTION('',(1.,0.,0.));
#15483 = ADVANCED_FACE('',(#15484),#15502,.T.);
#15484 = FACE_BOUND('',#15485,.T.);
#15485 = EDGE_LOOP('',(#15486,#15494,#15495,#15496));
#15486 = ORIENTED_EDGE('',*,*,#15487,.F.);
#15487 = EDGE_CURVE('',#15435,#15488,#15490,.T.);
#15488 = VERTEX_POINT('',#15489);
#15489 = CARTESIAN_POINT('',(426.,67.,44.));
#15490 = LINE('',#15491,#15492);
#15491 = CARTESIAN_POINT('',(22.,67.,44.));
#15492 = VECTOR('',#15493,1.);
#15493 = DIRECTION('',(1.,0.,0.));
#15494 = ORIENTED_EDGE('',*,*,#15442,.T.);
#15495 = ORIENTED_EDGE('',*,*,#15473,.T.);
#15496 = ORIENTED_EDGE('',*,*,#15497,.F.);
#15497 = EDGE_CURVE('',#15488,#15466,#15498,.T.);
#15498 = LINE('',#15499,#15500);
#15499 = CARTESIAN_POINT('',(426.,67.,44.));
#15500 = VECTOR('',#15501,1.);
#15501 = DIRECTION('',(0.,0.,1.));
#15502 = PLANE('',#15503);
#15503 = AXIS2_PLACEMENT_3D('',#15504,#15505,#15506);
#15504 = CARTESIAN_POINT('',(22.,67.,44.));
#15505 = DIRECTION('',(0.,1.,0.));
#15506 = DIRECTION('',(0.,0.,1.));
#15507 = ADVANCED_FACE('',(#15508),#15526,.F.);
#15508 = FACE_BOUND('',#15509,.F.);
#15509 = EDGE_LOOP('',(#15510,#15511,#15519,#15525));
#15510 = ORIENTED_EDGE('',*,*,#15434,.F.);
#15511 = ORIENTED_EDGE('',*,*,#15512,.T.);
#15512 = EDGE_CURVE('',#15427,#15513,#15515,.T.);
#15513 = VERTEX_POINT('',#15514);
#15514 = CARTESIAN_POINT('',(426.,66.,44.));
#15515 = LINE('',#15516,#15517);
#15516 = CARTESIAN_POINT('',(22.,66.,44.));
#15517 = VECTOR('',#15518,1.);
#15518 = DIRECTION('',(1.,0.,0.));
#15519 = ORIENTED_EDGE('',*,*,#15520,.T.);
#15520 = EDGE_CURVE('',#15513,#15488,#15521,.T.);
#15521 = LINE('',#15522,#15523);
#15522 = CARTESIAN_POINT('',(426.,47.,44.));
#15523 = VECTOR('',#15524,1.);
#15524 = DIRECTION('',(0.,1.,0.));
#15525 = ORIENTED_EDGE('',*,*,#15487,.F.);
#15526 = PLANE('',#15527);
#15527 = AXIS2_PLACEMENT_3D('',#15528,#15529,#15530);
#15528 = CARTESIAN_POINT('',(22.,47.,44.));
#15529 = DIRECTION('',(0.,0.,1.));
#15530 = DIRECTION('',(1.,0.,0.));
#15531 = ADVANCED_FACE('',(#15532),#15550,.F.);
#15532 = FACE_BOUND('',#15533,.F.);
#15533 = EDGE_LOOP('',(#15534,#15535,#15536,#15544));
#15534 = ORIENTED_EDGE('',*,*,#15512,.F.);
#15535 = ORIENTED_EDGE('',*,*,#15426,.T.);
#15536 = ORIENTED_EDGE('',*,*,#15537,.T.);
#15537 = EDGE_CURVE('',#15419,#15538,#15540,.T.);
#15538 = VERTEX_POINT('',#15539);
#15539 = CARTESIAN_POINT('',(426.,66.,58.));
#15540 = LINE('',#15541,#15542);
#15541 = CARTESIAN_POINT('',(22.,66.,58.));
#15542 = VECTOR('',#15543,1.);
#15543 = DIRECTION('',(1.,0.,0.));
#15544 = ORIENTED_EDGE('',*,*,#15545,.F.);
#15545 = EDGE_CURVE('',#15513,#15538,#15546,.T.);
#15546 = LINE('',#15547,#15548);
#15547 = CARTESIAN_POINT('',(426.,66.,44.));
#15548 = VECTOR('',#15549,1.);
#15549 = DIRECTION('',(0.,0.,1.));
#15550 = PLANE('',#15551);
#15551 = AXIS2_PLACEMENT_3D('',#15552,#15553,#15554);
#15552 = CARTESIAN_POINT('',(22.,66.,44.));
#15553 = DIRECTION('',(0.,1.,0.));
#15554 = DIRECTION('',(0.,0.,1.));
#15555 = ADVANCED_FACE('',(#15556),#15574,.F.);
#15556 = FACE_BOUND('',#15557,.F.);
#15557 = EDGE_LOOP('',(#15558,#15559,#15567,#15573));
#15558 = ORIENTED_EDGE('',*,*,#15418,.F.);
#15559 = ORIENTED_EDGE('',*,*,#15560,.T.);
#15560 = EDGE_CURVE('',#15411,#15561,#15563,.T.);
#15561 = VERTEX_POINT('',#15562);
#15562 = CARTESIAN_POINT('',(426.,48.,58.));
#15563 = LINE('',#15564,#15565);
#15564 = CARTESIAN_POINT('',(22.,48.,58.));
#15565 = VECTOR('',#15566,1.);
#15566 = DIRECTION('',(1.,0.,0.));
#15567 = ORIENTED_EDGE('',*,*,#15568,.T.);
#15568 = EDGE_CURVE('',#15561,#15538,#15569,.T.);
#15569 = LINE('',#15570,#15571);
#15570 = CARTESIAN_POINT('',(426.,48.,58.));
#15571 = VECTOR('',#15572,1.);
#15572 = DIRECTION('',(0.,1.,0.));
#15573 = ORIENTED_EDGE('',*,*,#15537,.F.);
#15574 = PLANE('',#15575);
#15575 = AXIS2_PLACEMENT_3D('',#15576,#15577,#15578);
#15576 = CARTESIAN_POINT('',(22.,48.,58.));
#15577 = DIRECTION('',(0.,0.,1.));
#15578 = DIRECTION('',(1.,0.,0.));
#15579 = ADVANCED_FACE('',(#15580),#15598,.T.);
#15580 = FACE_BOUND('',#15581,.T.);
#15581 = EDGE_LOOP('',(#15582,#15590,#15591,#15592));
#15582 = ORIENTED_EDGE('',*,*,#15583,.F.);
#15583 = EDGE_CURVE('',#15403,#15584,#15586,.T.);
#15584 = VERTEX_POINT('',#15585);
#15585 = CARTESIAN_POINT('',(426.,48.,44.));
#15586 = LINE('',#15587,#15588);
#15587 = CARTESIAN_POINT('',(22.,48.,44.));
#15588 = VECTOR('',#15589,1.);
#15589 = DIRECTION('',(1.,0.,0.));
#15590 = ORIENTED_EDGE('',*,*,#15410,.T.);
#15591 = ORIENTED_EDGE('',*,*,#15560,.T.);
#15592 = ORIENTED_EDGE('',*,*,#15593,.F.);
#15593 = EDGE_CURVE('',#15584,#15561,#15594,.T.);
#15594 = LINE('',#15595,#15596);
#15595 = CARTESIAN_POINT('',(426.,48.,44.));
#15596 = VECTOR('',#15597,1.);
#15597 = DIRECTION('',(0.,0.,1.));
#15598 = PLANE('',#15599);
#15599 = AXIS2_PLACEMENT_3D('',#15600,#15601,#15602);
#15600 = CARTESIAN_POINT('',(22.,48.,44.));
#15601 = DIRECTION('',(0.,1.,0.));
#15602 = DIRECTION('',(0.,0.,1.));
#15603 = ADVANCED_FACE('',(#15604),#15622,.F.);
#15604 = FACE_BOUND('',#15605,.F.);
#15605 = EDGE_LOOP('',(#15606,#15607,#15615,#15621));
#15606 = ORIENTED_EDGE('',*,*,#15402,.F.);
#15607 = ORIENTED_EDGE('',*,*,#15608,.T.);
#15608 = EDGE_CURVE('',#15395,#15609,#15611,.T.);
#15609 = VERTEX_POINT('',#15610);
#15610 = CARTESIAN_POINT('',(426.,47.,44.));
#15611 = LINE('',#15612,#15613);
#15612 = CARTESIAN_POINT('',(22.,47.,44.));
#15613 = VECTOR('',#15614,1.);
#15614 = DIRECTION('',(1.,0.,0.));
#15615 = ORIENTED_EDGE('',*,*,#15616,.T.);
#15616 = EDGE_CURVE('',#15609,#15584,#15617,.T.);
#15617 = LINE('',#15618,#15619);
#15618 = CARTESIAN_POINT('',(426.,47.,44.));
#15619 = VECTOR('',#15620,1.);
#15620 = DIRECTION('',(0.,1.,0.));
#15621 = ORIENTED_EDGE('',*,*,#15583,.F.);
#15622 = PLANE('',#15623);
#15623 = AXIS2_PLACEMENT_3D('',#15624,#15625,#15626);
#15624 = CARTESIAN_POINT('',(22.,47.,44.));
#15625 = DIRECTION('',(0.,0.,1.));
#15626 = DIRECTION('',(1.,0.,0.));
#15627 = ADVANCED_FACE('',(#15628),#15639,.F.);
#15628 = FACE_BOUND('',#15629,.F.);
#15629 = EDGE_LOOP('',(#15630,#15631,#15632,#15633));
#15630 = ORIENTED_EDGE('',*,*,#15608,.F.);
#15631 = ORIENTED_EDGE('',*,*,#15394,.T.);
#15632 = ORIENTED_EDGE('',*,*,#15457,.T.);
#15633 = ORIENTED_EDGE('',*,*,#15634,.F.);
#15634 = EDGE_CURVE('',#15609,#15458,#15635,.T.);
#15635 = LINE('',#15636,#15637);
#15636 = CARTESIAN_POINT('',(426.,47.,44.));
#15637 = VECTOR('',#15638,1.);
#15638 = DIRECTION('',(0.,0.,1.));
#15639 = PLANE('',#15640);
#15640 = AXIS2_PLACEMENT_3D('',#15641,#15642,#15643);
#15641 = CARTESIAN_POINT('',(22.,47.,44.));
#15642 = DIRECTION('',(0.,1.,0.));
#15643 = DIRECTION('',(0.,0.,1.));
#15644 = ADVANCED_FACE('',(#15645),#15655,.T.);
#15645 = FACE_BOUND('',#15646,.T.);
#15646 = EDGE_LOOP('',(#15647,#15648,#15649,#15650,#15651,#15652,#15653,
    #15654));
#15647 = ORIENTED_EDGE('',*,*,#15465,.F.);
#15648 = ORIENTED_EDGE('',*,*,#15634,.F.);
#15649 = ORIENTED_EDGE('',*,*,#15616,.T.);
#15650 = ORIENTED_EDGE('',*,*,#15593,.T.);
#15651 = ORIENTED_EDGE('',*,*,#15568,.T.);
#15652 = ORIENTED_EDGE('',*,*,#15545,.F.);
#15653 = ORIENTED_EDGE('',*,*,#15520,.T.);
#15654 = ORIENTED_EDGE('',*,*,#15497,.T.);
#15655 = PLANE('',#15656);
#15656 = AXIS2_PLACEMENT_3D('',#15657,#15658,#15659);
#15657 = CARTESIAN_POINT('',(426.,47.,44.));
#15658 = DIRECTION('',(1.,0.,0.));
#15659 = DIRECTION('',(0.,0.,1.));
#15660 = ( GEOMETRIC_REPRESENTATION_CONTEXT(3) 
GLOBAL_UNCERTAINTY_ASSIGNED_CONTEXT((#15664)) 
GLOBAL_UNIT_ASSIGNED_CONTEXT((#15661,#15662,#15663)) 
REPRESENTATION_CONTEXT('Context #1',
  '3D Context with UNIT and UNCERTAINTY') );
#15661 = ( LENGTH_UNIT() NAMED_UNIT(*) SI_UNIT(.MILLI.,.METRE.) );
#15662 = ( NAMED_UNIT(*) PLANE_ANGLE_UNIT() SI_UNIT($,.RADIAN.) );
#15663 = ( NAMED_UNIT(*) SI_UNIT($,.STERADIAN.) SOLID_ANGLE_UNIT() );
#15664 = UNCERTAINTY_MEASURE_WITH_UNIT(LENGTH_MEASURE(1.E-07),#15661,
  'distance_accuracy_value','confusion accuracy');
#15665 = CONTEXT_DEPENDENT_SHAPE_REPRESENTATION(#15666,#15668);
#15666 = ( REPRESENTATION_RELATIONSHIP('','',#15377,#8160) 
REPRESENTATION_RELATIONSHIP_WITH_TRANSFORMATION(#15667) 
SHAPE_REPRESENTATION_RELATIONSHIP() );
#15667 = ITEM_DEFINED_TRANSFORMATION('','',#11,#8361);
#15668 = PRODUCT_DEFINITION_SHAPE('Placement','Placement of an item',
  #15669);
#15669 = NEXT_ASSEMBLY_USAGE_OCCURRENCE('112','Quertraeger_vorn','',
  #8155,#15372,$);
#15670 = PRODUCT_RELATED_PRODUCT_CATEGORY('part',$,(#15374));
#15671 = SHAPE_DEFINITION_REPRESENTATION(#15672,#15678);
#15672 = PRODUCT_DEFINITION_SHAPE('','',#15673);
#15673 = PRODUCT_DEFINITION('design','',#15674,#15677);
#15674 = PRODUCT_DEFINITION_FORMATION('','',#15675);
#15675 = PRODUCT('Quertraeger_hinten','Quertraeger_hinten','',(#15676));
#15676 = PRODUCT_CONTEXT('',#2,'mechanical');
#15677 = PRODUCT_DEFINITION_CONTEXT('part definition',#2,'design');
#15678 = ADVANCED_BREP_SHAPE_REPRESENTATION('',(#11,#15679),#15961);
#15679 = MANIFOLD_SOLID_BREP('',#15680);
#15680 = CLOSED_SHELL('',(#15681,#15753,#15784,#15808,#15832,#15856,
    #15880,#15904,#15928,#15945));
#15681 = ADVANCED_FACE('',(#15682),#15748,.F.);
#15682 = FACE_BOUND('',#15683,.F.);
#15683 = EDGE_LOOP('',(#15684,#15694,#15702,#15710,#15718,#15726,#15734,
    #15742));
#15684 = ORIENTED_EDGE('',*,*,#15685,.F.);
#15685 = EDGE_CURVE('',#15686,#15688,#15690,.T.);
#15686 = VERTEX_POINT('',#15687);
#15687 = CARTESIAN_POINT('',(22.,355.,59.));
#15688 = VERTEX_POINT('',#15689);
#15689 = CARTESIAN_POINT('',(22.,375.,59.));
#15690 = LINE('',#15691,#15692);
#15691 = CARTESIAN_POINT('',(22.,355.,59.));
#15692 = VECTOR('',#15693,1.);
#15693 = DIRECTION('',(0.,1.,0.));
#15694 = ORIENTED_EDGE('',*,*,#15695,.F.);
#15695 = EDGE_CURVE('',#15696,#15686,#15698,.T.);
#15696 = VERTEX_POINT('',#15697);
#15697 = CARTESIAN_POINT('',(22.,355.,44.));
#15698 = LINE('',#15699,#15700);
#15699 = CARTESIAN_POINT('',(22.,355.,44.));
#15700 = VECTOR('',#15701,1.);
#15701 = DIRECTION('',(0.,0.,1.));
#15702 = ORIENTED_EDGE('',*,*,#15703,.T.);
#15703 = EDGE_CURVE('',#15696,#15704,#15706,.T.);
#15704 = VERTEX_POINT('',#15705);
#15705 = CARTESIAN_POINT('',(22.,356.,44.));
#15706 = LINE('',#15707,#15708);
#15707 = CARTESIAN_POINT('',(22.,355.,44.));
#15708 = VECTOR('',#15709,1.);
#15709 = DIRECTION('',(0.,1.,0.));
#15710 = ORIENTED_EDGE('',*,*,#15711,.T.);
#15711 = EDGE_CURVE('',#15704,#15712,#15714,.T.);
#15712 = VERTEX_POINT('',#15713);
#15713 = CARTESIAN_POINT('',(22.,356.,58.));
#15714 = LINE('',#15715,#15716);
#15715 = CARTESIAN_POINT('',(22.,356.,44.));
#15716 = VECTOR('',#15717,1.);
#15717 = DIRECTION('',(0.,0.,1.));
#15718 = ORIENTED_EDGE('',*,*,#15719,.T.);
#15719 = EDGE_CURVE('',#15712,#15720,#15722,.T.);
#15720 = VERTEX_POINT('',#15721);
#15721 = CARTESIAN_POINT('',(22.,374.,58.));
#15722 = LINE('',#15723,#15724);
#15723 = CARTESIAN_POINT('',(22.,356.,58.));
#15724 = VECTOR('',#15725,1.);
#15725 = DIRECTION('',(0.,1.,0.));
#15726 = ORIENTED_EDGE('',*,*,#15727,.F.);
#15727 = EDGE_CURVE('',#15728,#15720,#15730,.T.);
#15728 = VERTEX_POINT('',#15729);
#15729 = CARTESIAN_POINT('',(22.,374.,44.));
#15730 = LINE('',#15731,#15732);
#15731 = CARTESIAN_POINT('',(22.,374.,44.));
#15732 = VECTOR('',#15733,1.);
#15733 = DIRECTION('',(0.,0.,1.));
#15734 = ORIENTED_EDGE('',*,*,#15735,.T.);
#15735 = EDGE_CURVE('',#15728,#15736,#15738,.T.);
#15736 = VERTEX_POINT('',#15737);
#15737 = CARTESIAN_POINT('',(22.,375.,44.));
#15738 = LINE('',#15739,#15740);
#15739 = CARTESIAN_POINT('',(22.,355.,44.));
#15740 = VECTOR('',#15741,1.);
#15741 = DIRECTION('',(0.,1.,0.));
#15742 = ORIENTED_EDGE('',*,*,#15743,.T.);
#15743 = EDGE_CURVE('',#15736,#15688,#15744,.T.);
#15744 = LINE('',#15745,#15746);
#15745 = CARTESIAN_POINT('',(22.,375.,44.));
#15746 = VECTOR('',#15747,1.);
#15747 = DIRECTION('',(0.,0.,1.));
#15748 = PLANE('',#15749);
#15749 = AXIS2_PLACEMENT_3D('',#15750,#15751,#15752);
#15750 = CARTESIAN_POINT('',(22.,355.,44.));
#15751 = DIRECTION('',(1.,0.,0.));
#15752 = DIRECTION('',(0.,0.,1.));
#15753 = ADVANCED_FACE('',(#15754),#15779,.T.);
#15754 = FACE_BOUND('',#15755,.T.);
#15755 = EDGE_LOOP('',(#15756,#15757,#15765,#15773));
#15756 = ORIENTED_EDGE('',*,*,#15685,.F.);
#15757 = ORIENTED_EDGE('',*,*,#15758,.T.);
#15758 = EDGE_CURVE('',#15686,#15759,#15761,.T.);
#15759 = VERTEX_POINT('',#15760);
#15760 = CARTESIAN_POINT('',(426.,355.,59.));
#15761 = LINE('',#15762,#15763);
#15762 = CARTESIAN_POINT('',(22.,355.,59.));
#15763 = VECTOR('',#15764,1.);
#15764 = DIRECTION('',(1.,0.,0.));
#15765 = ORIENTED_EDGE('',*,*,#15766,.T.);
#15766 = EDGE_CURVE('',#15759,#15767,#15769,.T.);
#15767 = VERTEX_POINT('',#15768);
#15768 = CARTESIAN_POINT('',(426.,375.,59.));
#15769 = LINE('',#15770,#15771);
#15770 = CARTESIAN_POINT('',(426.,355.,59.));
#15771 = VECTOR('',#15772,1.);
#15772 = DIRECTION('',(0.,1.,0.));
#15773 = ORIENTED_EDGE('',*,*,#15774,.F.);
#15774 = EDGE_CURVE('',#15688,#15767,#15775,.T.);
#15775 = LINE('',#15776,#15777);
#15776 = CARTESIAN_POINT('',(22.,375.,59.));
#15777 = VECTOR('',#15778,1.);
#15778 = DIRECTION('',(1.,0.,0.));
#15779 = PLANE('',#15780);
#15780 = AXIS2_PLACEMENT_3D('',#15781,#15782,#15783);
#15781 = CARTESIAN_POINT('',(22.,355.,59.));
#15782 = DIRECTION('',(0.,0.,1.));
#15783 = DIRECTION('',(1.,0.,0.));
#15784 = ADVANCED_FACE('',(#15785),#15803,.T.);
#15785 = FACE_BOUND('',#15786,.T.);
#15786 = EDGE_LOOP('',(#15787,#15795,#15796,#15797));
#15787 = ORIENTED_EDGE('',*,*,#15788,.F.);
#15788 = EDGE_CURVE('',#15736,#15789,#15791,.T.);
#15789 = VERTEX_POINT('',#15790);
#15790 = CARTESIAN_POINT('',(426.,375.,44.));
#15791 = LINE('',#15792,#15793);
#15792 = CARTESIAN_POINT('',(22.,375.,44.));
#15793 = VECTOR('',#15794,1.);
#15794 = DIRECTION('',(1.,0.,0.));
#15795 = ORIENTED_EDGE('',*,*,#15743,.T.);
#15796 = ORIENTED_EDGE('',*,*,#15774,.T.);
#15797 = ORIENTED_EDGE('',*,*,#15798,.F.);
#15798 = EDGE_CURVE('',#15789,#15767,#15799,.T.);
#15799 = LINE('',#15800,#15801);
#15800 = CARTESIAN_POINT('',(426.,375.,44.));
#15801 = VECTOR('',#15802,1.);
#15802 = DIRECTION('',(0.,0.,1.));
#15803 = PLANE('',#15804);
#15804 = AXIS2_PLACEMENT_3D('',#15805,#15806,#15807);
#15805 = CARTESIAN_POINT('',(22.,375.,44.));
#15806 = DIRECTION('',(0.,1.,0.));
#15807 = DIRECTION('',(0.,0.,1.));
#15808 = ADVANCED_FACE('',(#15809),#15827,.F.);
#15809 = FACE_BOUND('',#15810,.F.);
#15810 = EDGE_LOOP('',(#15811,#15812,#15820,#15826));
#15811 = ORIENTED_EDGE('',*,*,#15735,.F.);
#15812 = ORIENTED_EDGE('',*,*,#15813,.T.);
#15813 = EDGE_CURVE('',#15728,#15814,#15816,.T.);
#15814 = VERTEX_POINT('',#15815);
#15815 = CARTESIAN_POINT('',(426.,374.,44.));
#15816 = LINE('',#15817,#15818);
#15817 = CARTESIAN_POINT('',(22.,374.,44.));
#15818 = VECTOR('',#15819,1.);
#15819 = DIRECTION('',(1.,0.,0.));
#15820 = ORIENTED_EDGE('',*,*,#15821,.T.);
#15821 = EDGE_CURVE('',#15814,#15789,#15822,.T.);
#15822 = LINE('',#15823,#15824);
#15823 = CARTESIAN_POINT('',(426.,355.,44.));
#15824 = VECTOR('',#15825,1.);
#15825 = DIRECTION('',(0.,1.,0.));
#15826 = ORIENTED_EDGE('',*,*,#15788,.F.);
#15827 = PLANE('',#15828);
#15828 = AXIS2_PLACEMENT_3D('',#15829,#15830,#15831);
#15829 = CARTESIAN_POINT('',(22.,355.,44.));
#15830 = DIRECTION('',(0.,0.,1.));
#15831 = DIRECTION('',(1.,0.,0.));
#15832 = ADVANCED_FACE('',(#15833),#15851,.F.);
#15833 = FACE_BOUND('',#15834,.F.);
#15834 = EDGE_LOOP('',(#15835,#15836,#15837,#15845));
#15835 = ORIENTED_EDGE('',*,*,#15813,.F.);
#15836 = ORIENTED_EDGE('',*,*,#15727,.T.);
#15837 = ORIENTED_EDGE('',*,*,#15838,.T.);
#15838 = EDGE_CURVE('',#15720,#15839,#15841,.T.);
#15839 = VERTEX_POINT('',#15840);
#15840 = CARTESIAN_POINT('',(426.,374.,58.));
#15841 = LINE('',#15842,#15843);
#15842 = CARTESIAN_POINT('',(22.,374.,58.));
#15843 = VECTOR('',#15844,1.);
#15844 = DIRECTION('',(1.,0.,0.));
#15845 = ORIENTED_EDGE('',*,*,#15846,.F.);
#15846 = EDGE_CURVE('',#15814,#15839,#15847,.T.);
#15847 = LINE('',#15848,#15849);
#15848 = CARTESIAN_POINT('',(426.,374.,44.));
#15849 = VECTOR('',#15850,1.);
#15850 = DIRECTION('',(0.,0.,1.));
#15851 = PLANE('',#15852);
#15852 = AXIS2_PLACEMENT_3D('',#15853,#15854,#15855);
#15853 = CARTESIAN_POINT('',(22.,374.,44.));
#15854 = DIRECTION('',(0.,1.,0.));
#15855 = DIRECTION('',(0.,0.,1.));
#15856 = ADVANCED_FACE('',(#15857),#15875,.F.);
#15857 = FACE_BOUND('',#15858,.F.);
#15858 = EDGE_LOOP('',(#15859,#15860,#15868,#15874));
#15859 = ORIENTED_EDGE('',*,*,#15719,.F.);
#15860 = ORIENTED_EDGE('',*,*,#15861,.T.);
#15861 = EDGE_CURVE('',#15712,#15862,#15864,.T.);
#15862 = VERTEX_POINT('',#15863);
#15863 = CARTESIAN_POINT('',(426.,356.,58.));
#15864 = LINE('',#15865,#15866);
#15865 = CARTESIAN_POINT('',(22.,356.,58.));
#15866 = VECTOR('',#15867,1.);
#15867 = DIRECTION('',(1.,0.,0.));
#15868 = ORIENTED_EDGE('',*,*,#15869,.T.);
#15869 = EDGE_CURVE('',#15862,#15839,#15870,.T.);
#15870 = LINE('',#15871,#15872);
#15871 = CARTESIAN_POINT('',(426.,356.,58.));
#15872 = VECTOR('',#15873,1.);
#15873 = DIRECTION('',(0.,1.,0.));
#15874 = ORIENTED_EDGE('',*,*,#15838,.F.);
#15875 = PLANE('',#15876);
#15876 = AXIS2_PLACEMENT_3D('',#15877,#15878,#15879);
#15877 = CARTESIAN_POINT('',(22.,356.,58.));
#15878 = DIRECTION('',(0.,0.,1.));
#15879 = DIRECTION('',(1.,0.,0.));
#15880 = ADVANCED_FACE('',(#15881),#15899,.T.);
#15881 = FACE_BOUND('',#15882,.T.);
#15882 = EDGE_LOOP('',(#15883,#15891,#15892,#15893));
#15883 = ORIENTED_EDGE('',*,*,#15884,.F.);
#15884 = EDGE_CURVE('',#15704,#15885,#15887,.T.);
#15885 = VERTEX_POINT('',#15886);
#15886 = CARTESIAN_POINT('',(426.,356.,44.));
#15887 = LINE('',#15888,#15889);
#15888 = CARTESIAN_POINT('',(22.,356.,44.));
#15889 = VECTOR('',#15890,1.);
#15890 = DIRECTION('',(1.,0.,0.));
#15891 = ORIENTED_EDGE('',*,*,#15711,.T.);
#15892 = ORIENTED_EDGE('',*,*,#15861,.T.);
#15893 = ORIENTED_EDGE('',*,*,#15894,.F.);
#15894 = EDGE_CURVE('',#15885,#15862,#15895,.T.);
#15895 = LINE('',#15896,#15897);
#15896 = CARTESIAN_POINT('',(426.,356.,44.));
#15897 = VECTOR('',#15898,1.);
#15898 = DIRECTION('',(0.,0.,1.));
#15899 = PLANE('',#15900);
#15900 = AXIS2_PLACEMENT_3D('',#15901,#15902,#15903);
#15901 = CARTESIAN_POINT('',(22.,356.,44.));
#15902 = DIRECTION('',(0.,1.,0.));
#15903 = DIRECTION('',(0.,0.,1.));
#15904 = ADVANCED_FACE('',(#15905),#15923,.F.);
#15905 = FACE_BOUND('',#15906,.F.);
#15906 = EDGE_LOOP('',(#15907,#15908,#15916,#15922));
#15907 = ORIENTED_EDGE('',*,*,#15703,.F.);
#15908 = ORIENTED_EDGE('',*,*,#15909,.T.);
#15909 = EDGE_CURVE('',#15696,#15910,#15912,.T.);
#15910 = VERTEX_POINT('',#15911);
#15911 = CARTESIAN_POINT('',(426.,355.,44.));
#15912 = LINE('',#15913,#15914);
#15913 = CARTESIAN_POINT('',(22.,355.,44.));
#15914 = VECTOR('',#15915,1.);
#15915 = DIRECTION('',(1.,0.,0.));
#15916 = ORIENTED_EDGE('',*,*,#15917,.T.);
#15917 = EDGE_CURVE('',#15910,#15885,#15918,.T.);
#15918 = LINE('',#15919,#15920);
#15919 = CARTESIAN_POINT('',(426.,355.,44.));
#15920 = VECTOR('',#15921,1.);
#15921 = DIRECTION('',(0.,1.,0.));
#15922 = ORIENTED_EDGE('',*,*,#15884,.F.);
#15923 = PLANE('',#15924);
#15924 = AXIS2_PLACEMENT_3D('',#15925,#15926,#15927);
#15925 = CARTESIAN_POINT('',(22.,355.,44.));
#15926 = DIRECTION('',(0.,0.,1.));
#15927 = DIRECTION('',(1.,0.,0.));
#15928 = ADVANCED_FACE('',(#15929),#15940,.F.);
#15929 = FACE_BOUND('',#15930,.F.);
#15930 = EDGE_LOOP('',(#15931,#15932,#15933,#15934));
#15931 = ORIENTED_EDGE('',*,*,#15909,.F.);
#15932 = ORIENTED_EDGE('',*,*,#15695,.T.);
#15933 = ORIENTED_EDGE('',*,*,#15758,.T.);
#15934 = ORIENTED_EDGE('',*,*,#15935,.F.);
#15935 = EDGE_CURVE('',#15910,#15759,#15936,.T.);
#15936 = LINE('',#15937,#15938);
#15937 = CARTESIAN_POINT('',(426.,355.,44.));
#15938 = VECTOR('',#15939,1.);
#15939 = DIRECTION('',(0.,0.,1.));
#15940 = PLANE('',#15941);
#15941 = AXIS2_PLACEMENT_3D('',#15942,#15943,#15944);
#15942 = CARTESIAN_POINT('',(22.,355.,44.));
#15943 = DIRECTION('',(0.,1.,0.));
#15944 = DIRECTION('',(0.,0.,1.));
#15945 = ADVANCED_FACE('',(#15946),#15956,.T.);
#15946 = FACE_BOUND('',#15947,.T.);
#15947 = EDGE_LOOP('',(#15948,#15949,#15950,#15951,#15952,#15953,#15954,
    #15955));
#15948 = ORIENTED_EDGE('',*,*,#15766,.F.);
#15949 = ORIENTED_EDGE('',*,*,#15935,.F.);
#15950 = ORIENTED_EDGE('',*,*,#15917,.T.);
#15951 = ORIENTED_EDGE('',*,*,#15894,.T.);
#15952 = ORIENTED_EDGE('',*,*,#15869,.T.);
#15953 = ORIENTED_EDGE('',*,*,#15846,.F.);
#15954 = ORIENTED_EDGE('',*,*,#15821,.T.);
#15955 = ORIENTED_EDGE('',*,*,#15798,.T.);
#15956 = PLANE('',#15957);
#15957 = AXIS2_PLACEMENT_3D('',#15958,#15959,#15960);
#15958 = CARTESIAN_POINT('',(426.,355.,44.));
#15959 = DIRECTION('',(1.,0.,0.));
#15960 = DIRECTION('',(0.,0.,1.));
#15961 = ( GEOMETRIC_REPRESENTATION_CONTEXT(3) 
GLOBAL_UNCERTAINTY_ASSIGNED_CONTEXT((#15965)) 
GLOBAL_UNIT_ASSIGNED_CONTEXT((#15962,#15963,#15964)) 
REPRESENTATION_CONTEXT('Context #1',
  '3D Context with UNIT and UNCERTAINTY') );
#15962 = ( LENGTH_UNIT() NAMED_UNIT(*) SI_UNIT(.MILLI.,.METRE.) );
#15963 = ( NAMED_UNIT(*) PLANE_ANGLE_UNIT() SI_UNIT($,.RADIAN.) );
#15964 = ( NAMED_UNIT(*) SI_UNIT($,.STERADIAN.) SOLID_ANGLE_UNIT() );
#15965 = UNCERTAINTY_MEASURE_WITH_UNIT(LENGTH_MEASURE(1.E-07),#15962,
  'distance_accuracy_value','confusion accuracy');
#15966 = CONTEXT_DEPENDENT_SHAPE_REPRESENTATION(#15967,#15969);
#15967 = ( REPRESENTATION_RELATIONSHIP('','',#15678,#8160) 
REPRESENTATION_RELATIONSHIP_WITH_TRANSFORMATION(#15968) 
SHAPE_REPRESENTATION_RELATIONSHIP() );
#15968 = ITEM_DEFINED_TRANSFORMATION('','',#11,#8365);
#15969 = PRODUCT_DEFINITION_SHAPE('Placement','Placement of an item',
  #15970);
#15970 = NEXT_ASSEMBLY_USAGE_OCCURRENCE('113','Quertraeger_hinten','',
  #8155,#15673,$);
#15971 = PRODUCT_RELATED_PRODUCT_CATEGORY('part',$,(#15675));
#15972 = SHAPE_DEFINITION_REPRESENTATION(#15973,#15979);
#15973 = PRODUCT_DEFINITION_SHAPE('','',#15974);
#15974 = PRODUCT_DEFINITION('design','',#15975,#15978);
#15975 = PRODUCT_DEFINITION_FORMATION('','',#15976);
#15976 = PRODUCT('Modulboden','Modulboden','',(#15977));
#15977 = PRODUCT_CONTEXT('',#2,'mechanical');
#15978 = PRODUCT_DEFINITION_CONTEXT('part definition',#2,'design');
#15979 = ADVANCED_BREP_SHAPE_REPRESENTATION('',(#11,#15980),#16130);
#15980 = MANIFOLD_SOLID_BREP('',#15981);
#15981 = CLOSED_SHELL('',(#15982,#16022,#16062,#16084,#16106,#16118));
#15982 = ADVANCED_FACE('',(#15983),#16017,.F.);
#15983 = FACE_BOUND('',#15984,.F.);
#15984 = EDGE_LOOP('',(#15985,#15995,#16003,#16011));
#15985 = ORIENTED_EDGE('',*,*,#15986,.F.);
#15986 = EDGE_CURVE('',#15987,#15989,#15991,.T.);
#15987 = VERTEX_POINT('',#15988);
#15988 = CARTESIAN_POINT('',(0.,0.,0.));
#15989 = VERTEX_POINT('',#15990);
#15990 = CARTESIAN_POINT('',(0.,0.,1.));
#15991 = LINE('',#15992,#15993);
#15992 = CARTESIAN_POINT('',(0.,0.,0.));
#15993 = VECTOR('',#15994,1.);
#15994 = DIRECTION('',(0.,0.,1.));
#15995 = ORIENTED_EDGE('',*,*,#15996,.T.);
#15996 = EDGE_CURVE('',#15987,#15997,#15999,.T.);
#15997 = VERTEX_POINT('',#15998);
#15998 = CARTESIAN_POINT('',(0.,420.2560086055,0.));
#15999 = LINE('',#16000,#16001);
#16000 = CARTESIAN_POINT('',(0.,0.,0.));
#16001 = VECTOR('',#16002,1.);
#16002 = DIRECTION('',(-0.,1.,0.));
#16003 = ORIENTED_EDGE('',*,*,#16004,.T.);
#16004 = EDGE_CURVE('',#15997,#16005,#16007,.T.);
#16005 = VERTEX_POINT('',#16006);
#16006 = CARTESIAN_POINT('',(0.,420.2560086055,1.));
#16007 = LINE('',#16008,#16009);
#16008 = CARTESIAN_POINT('',(0.,420.2560086055,0.));
#16009 = VECTOR('',#16010,1.);
#16010 = DIRECTION('',(0.,0.,1.));
#16011 = ORIENTED_EDGE('',*,*,#16012,.F.);
#16012 = EDGE_CURVE('',#15989,#16005,#16013,.T.);
#16013 = LINE('',#16014,#16015);
#16014 = CARTESIAN_POINT('',(0.,0.,1.));
#16015 = VECTOR('',#16016,1.);
#16016 = DIRECTION('',(-0.,1.,0.));
#16017 = PLANE('',#16018);
#16018 = AXIS2_PLACEMENT_3D('',#16019,#16020,#16021);
#16019 = CARTESIAN_POINT('',(0.,0.,0.));
#16020 = DIRECTION('',(1.,0.,-0.));
#16021 = DIRECTION('',(0.,0.,1.));
#16022 = ADVANCED_FACE('',(#16023),#16057,.T.);
#16023 = FACE_BOUND('',#16024,.T.);
#16024 = EDGE_LOOP('',(#16025,#16035,#16043,#16051));
#16025 = ORIENTED_EDGE('',*,*,#16026,.F.);
#16026 = EDGE_CURVE('',#16027,#16029,#16031,.T.);
#16027 = VERTEX_POINT('',#16028);
#16028 = CARTESIAN_POINT('',(446.06793830758,0.,0.));
#16029 = VERTEX_POINT('',#16030);
#16030 = CARTESIAN_POINT('',(446.06793830758,0.,1.));
#16031 = LINE('',#16032,#16033);
#16032 = CARTESIAN_POINT('',(446.06793830758,0.,0.));
#16033 = VECTOR('',#16034,1.);
#16034 = DIRECTION('',(0.,0.,1.));
#16035 = ORIENTED_EDGE('',*,*,#16036,.T.);
#16036 = EDGE_CURVE('',#16027,#16037,#16039,.T.);
#16037 = VERTEX_POINT('',#16038);
#16038 = CARTESIAN_POINT('',(446.06793830758,420.2560086055,0.));
#16039 = LINE('',#16040,#16041);
#16040 = CARTESIAN_POINT('',(446.06793830758,0.,0.));
#16041 = VECTOR('',#16042,1.);
#16042 = DIRECTION('',(-0.,1.,0.));
#16043 = ORIENTED_EDGE('',*,*,#16044,.T.);
#16044 = EDGE_CURVE('',#16037,#16045,#16047,.T.);
#16045 = VERTEX_POINT('',#16046);
#16046 = CARTESIAN_POINT('',(446.06793830758,420.2560086055,1.));
#16047 = LINE('',#16048,#16049);
#16048 = CARTESIAN_POINT('',(446.06793830758,420.2560086055,0.));
#16049 = VECTOR('',#16050,1.);
#16050 = DIRECTION('',(0.,0.,1.));
#16051 = ORIENTED_EDGE('',*,*,#16052,.F.);
#16052 = EDGE_CURVE('',#16029,#16045,#16053,.T.);
#16053 = LINE('',#16054,#16055);
#16054 = CARTESIAN_POINT('',(446.06793830758,0.,1.));
#16055 = VECTOR('',#16056,1.);
#16056 = DIRECTION('',(-0.,1.,0.));
#16057 = PLANE('',#16058);
#16058 = AXIS2_PLACEMENT_3D('',#16059,#16060,#16061);
#16059 = CARTESIAN_POINT('',(446.06793830758,0.,0.));
#16060 = DIRECTION('',(1.,0.,-0.));
#16061 = DIRECTION('',(0.,0.,1.));
#16062 = ADVANCED_FACE('',(#16063),#16079,.F.);
#16063 = FACE_BOUND('',#16064,.F.);
#16064 = EDGE_LOOP('',(#16065,#16071,#16072,#16078));
#16065 = ORIENTED_EDGE('',*,*,#16066,.F.);
#16066 = EDGE_CURVE('',#15987,#16027,#16067,.T.);
#16067 = LINE('',#16068,#16069);
#16068 = CARTESIAN_POINT('',(0.,0.,0.));
#16069 = VECTOR('',#16070,1.);
#16070 = DIRECTION('',(1.,0.,-0.));
#16071 = ORIENTED_EDGE('',*,*,#15986,.T.);
#16072 = ORIENTED_EDGE('',*,*,#16073,.T.);
#16073 = EDGE_CURVE('',#15989,#16029,#16074,.T.);
#16074 = LINE('',#16075,#16076);
#16075 = CARTESIAN_POINT('',(0.,0.,1.));
#16076 = VECTOR('',#16077,1.);
#16077 = DIRECTION('',(1.,0.,-0.));
#16078 = ORIENTED_EDGE('',*,*,#16026,.F.);
#16079 = PLANE('',#16080);
#16080 = AXIS2_PLACEMENT_3D('',#16081,#16082,#16083);
#16081 = CARTESIAN_POINT('',(0.,0.,0.));
#16082 = DIRECTION('',(-0.,1.,0.));
#16083 = DIRECTION('',(0.,0.,1.));
#16084 = ADVANCED_FACE('',(#16085),#16101,.T.);
#16085 = FACE_BOUND('',#16086,.T.);
#16086 = EDGE_LOOP('',(#16087,#16093,#16094,#16100));
#16087 = ORIENTED_EDGE('',*,*,#16088,.F.);
#16088 = EDGE_CURVE('',#15997,#16037,#16089,.T.);
#16089 = LINE('',#16090,#16091);
#16090 = CARTESIAN_POINT('',(0.,420.2560086055,0.));
#16091 = VECTOR('',#16092,1.);
#16092 = DIRECTION('',(1.,0.,-0.));
#16093 = ORIENTED_EDGE('',*,*,#16004,.T.);
#16094 = ORIENTED_EDGE('',*,*,#16095,.T.);
#16095 = EDGE_CURVE('',#16005,#16045,#16096,.T.);
#16096 = LINE('',#16097,#16098);
#16097 = CARTESIAN_POINT('',(0.,420.2560086055,1.));
#16098 = VECTOR('',#16099,1.);
#16099 = DIRECTION('',(1.,0.,-0.));
#16100 = ORIENTED_EDGE('',*,*,#16044,.F.);
#16101 = PLANE('',#16102);
#16102 = AXIS2_PLACEMENT_3D('',#16103,#16104,#16105);
#16103 = CARTESIAN_POINT('',(0.,420.2560086055,0.));
#16104 = DIRECTION('',(-0.,1.,0.));
#16105 = DIRECTION('',(0.,0.,1.));
#16106 = ADVANCED_FACE('',(#16107),#16113,.F.);
#16107 = FACE_BOUND('',#16108,.F.);
#16108 = EDGE_LOOP('',(#16109,#16110,#16111,#16112));
#16109 = ORIENTED_EDGE('',*,*,#15996,.F.);
#16110 = ORIENTED_EDGE('',*,*,#16066,.T.);
#16111 = ORIENTED_EDGE('',*,*,#16036,.T.);
#16112 = ORIENTED_EDGE('',*,*,#16088,.F.);
#16113 = PLANE('',#16114);
#16114 = AXIS2_PLACEMENT_3D('',#16115,#16116,#16117);
#16115 = CARTESIAN_POINT('',(0.,0.,0.));
#16116 = DIRECTION('',(0.,0.,1.));
#16117 = DIRECTION('',(1.,0.,-0.));
#16118 = ADVANCED_FACE('',(#16119),#16125,.T.);
#16119 = FACE_BOUND('',#16120,.T.);
#16120 = EDGE_LOOP('',(#16121,#16122,#16123,#16124));
#16121 = ORIENTED_EDGE('',*,*,#16012,.F.);
#16122 = ORIENTED_EDGE('',*,*,#16073,.T.);
#16123 = ORIENTED_EDGE('',*,*,#16052,.T.);
#16124 = ORIENTED_EDGE('',*,*,#16095,.F.);
#16125 = PLANE('',#16126);
#16126 = AXIS2_PLACEMENT_3D('',#16127,#16128,#16129);
#16127 = CARTESIAN_POINT('',(0.,0.,1.));
#16128 = DIRECTION('',(0.,0.,1.));
#16129 = DIRECTION('',(1.,0.,-0.));
#16130 = ( GEOMETRIC_REPRESENTATION_CONTEXT(3) 
GLOBAL_UNCERTAINTY_ASSIGNED_CONTEXT((#16134)) 
GLOBAL_UNIT_ASSIGNED_CONTEXT((#16131,#16132,#16133)) 
REPRESENTATION_CONTEXT('Context #1',
  '3D Context with UNIT and UNCERTAINTY') );
#16131 = ( LENGTH_UNIT() NAMED_UNIT(*) SI_UNIT(.MILLI.,.METRE.) );
#16132 = ( NAMED_UNIT(*) PLANE_ANGLE_UNIT() SI_UNIT($,.RADIAN.) );
#16133 = ( NAMED_UNIT(*) SI_UNIT($,.STERADIAN.) SOLID_ANGLE_UNIT() );
#16134 = UNCERTAINTY_MEASURE_WITH_UNIT(LENGTH_MEASURE(1.E-07),#16131,
  'distance_accuracy_value','confusion accuracy');
#16135 = CONTEXT_DEPENDENT_SHAPE_REPRESENTATION(#16136,#16138);
#16136 = ( REPRESENTATION_RELATIONSHIP('','',#15979,#10) 
REPRESENTATION_RELATIONSHIP_WITH_TRANSFORMATION(#16137) 
SHAPE_REPRESENTATION_RELATIONSHIP() );
#16137 = ITEM_DEFINED_TRANSFORMATION('','',#11,#247);
#16138 = PRODUCT_DEFINITION_SHAPE('Placement','Placement of an item',
  #16139);
#16139 = NEXT_ASSEMBLY_USAGE_OCCURRENCE('115','Modulboden','',#5,#15974,
  $);
#16140 = PRODUCT_RELATED_PRODUCT_CATEGORY('part',$,(#15976));
#16141 = SHAPE_DEFINITION_REPRESENTATION(#8449,#16142);
#16142 = SHAPE_REPRESENTATION('',(#8161),#8441);
#16143 = INVISIBILITY((#16144));
#16144 = STYLED_ITEM('color',(#16145),#8388);
#16145 = PRESENTATION_STYLE_BY_CONTEXT((#16146,#16152),#16142);
#16146 = SURFACE_STYLE_USAGE(.BOTH.,#16147);
#16147 = SURFACE_SIDE_STYLE('',(#16148));
#16148 = SURFACE_STYLE_FILL_AREA(#16149);
#16149 = FILL_AREA_STYLE('',(#16150));
#16150 = FILL_AREA_STYLE_COLOUR('',#16151);
#16151 = COLOUR_RGB('',0.678431390124,0.709803936702,0.741176476869);
#16152 = CURVE_STYLE('',#16153,POSITIVE_LENGTH_MEASURE(0.1),#16151);
#16153 = DRAUGHTING_PRE_DEFINED_CURVE_FONT('continuous');
#16154 = SHAPE_DEFINITION_REPRESENTATION(#8449,#16155);
#16155 = SHAPE_REPRESENTATION('',(#8161),#8441);
#16156 = INVISIBILITY((#16157));
#16157 = STYLED_ITEM('color',(#16158),#8388);
#16158 = PRESENTATION_STYLE_BY_CONTEXT((#16159,#16165),#16155);
#16159 = SURFACE_STYLE_USAGE(.BOTH.,#16160);
#16160 = SURFACE_SIDE_STYLE('',(#16161));
#16161 = SURFACE_STYLE_FILL_AREA(#16162);
#16162 = FILL_AREA_STYLE('',(#16163));
#16163 = FILL_AREA_STYLE_COLOUR('',#16164);
#16164 = COLOUR_RGB('',0.678431390124,0.709803936702,0.741176476869);
#16165 = CURVE_STYLE('',#16166,POSITIVE_LENGTH_MEASURE(0.1),#16164);
#16166 = DRAUGHTING_PRE_DEFINED_CURVE_FONT('continuous');
#16167 = MECHANICAL_DESIGN_GEOMETRIC_PRESENTATION_REPRESENTATION('',(
    #16144,#16157),#8441);
ENDSEC;
END-ISO-10303-21;
